
DROP TABLE IF EXISTS "Cart";
CREATE TABLE "Cart" (
    "userId" int4 NOT NULL,
    "productId" int4 NOT NULL unique,
    "timeAddToCart" timestamp default CURRENT_TIMESTAMP,
    "quantity" int4
);

DROP TABLE IF EXISTS "Comment";
CREATE TABLE "Comment" (
    "commentId" serial NOT NULL,
    "productId" int4 NOT NULL,
    "name" character varying(100),
    "content" text,
    "date" date,
    "rate" int4 DEFAULT -1
);

DROP TABLE IF EXISTS "OrderDetail";
CREATE TABLE "OrderDetail" (
    "orderId" int4 NOT NULL,
    "productId" int4 NOT NULL,
    "timeAddToCart" timestamp,
    "quantity" int4
);

DROP TABLE IF EXISTS "Order";
CREATE TABLE "Order" (
    "orderId" serial NOT NULL,
    "userId" int4 NOT NULL,
    "address" character varying(255),
    "reciverName" character varying(255),
    "phoneNumber" character varying(255),
    "totalCost" integer,
    "isPayment" boolean DEFAULT false,
    "status" character varying(100),
    "timeOrder" timestamp default CURRENT_TIMESTAMP
);

DROP TABLE IF EXISTS "ProductDetail";
CREATE TABLE "ProductDetail" (
    "productId" int4 NOT NULL unique,
    "screen" character varying(255),
    "os" character varying(100),
    "cameraBehind" character varying(100),
    "cameraFront" character varying(100),
    "cpu" character varying(100),
    "ram" character varying(100),
    "rom" character varying(100),
    "battery" character varying(255),
    "sim" character varying(255)
);


DROP TABLE IF EXISTS "Product";
CREATE TABLE "Product" (
    "productId" serial NOT NULL,
    "name" character varying(255),
    "total" int4,
    "typeId" int4 NOT NULL,
    "image" character varying(255),
	"public_id" character varying(255) DEFAULT NULL,
    "active" boolean DEFAULT true,
    "cost" int4,
    "price" int4,
	"discount" float default 0,
	"rate" float default -1,
	"releaseDate" Date
);

DROP TABLE IF EXISTS "Slide";
CREATE TABLE "Slide" (
    "slideId" serial NOT NULL,
    "image" character varying(255),
	"public_id" character varying(255),
    "header" character varying(100),
    "content" text
);

DROP TABLE IF EXISTS "Type";
CREATE TABLE "Type" (
    "typeId" serial NOT NULL,
    "name" character varying(255) NOT NULL,
    "active" boolean DEFAULT true
);



DROP TABLE IF EXISTS "VerifyCode";
CREATE TABLE "VerifyCode" (
    "codeId" serial NOT NULL,
    "token" text NOT NULL
);

DROP TABLE IF EXISTS "ForgotCode";
CREATE TABLE "ForgotCode" (
    "codeId" serial NOT NULL,
    "code" text NOT NULL,
    "userId" int4 NOT NULL
);

DROP TABLE IF EXISTS "User";
CREATE TABLE "User" (
    "userId" serial NOT NULL,
    "name" character varying(255),
    "phoneNumber" character varying(15),
    email character varying(255) NOT NULL,
    password character varying(255) NOT NULL,
    avatar character varying(255),
	public_id character varying(255),
    gender boolean,
    role character varying(100) DEFAULT 'user' NOT NULL,
    active boolean default false 
);

ALTER TABLE "Cart" ADD CONSTRAINT "Cart_pkey" PRIMARY KEY ("userId", "productId");
ALTER TABLE "Comment" ADD CONSTRAINT "Commnet_pkey" PRIMARY KEY ("commentId");
ALTER TABLE "OrderDetail" ADD CONSTRAINT "OrderDetail_pkey" PRIMARY KEY ("orderId", "productId");
ALTER TABLE "Order" ADD CONSTRAINT "Order_pkey" PRIMARY KEY ("orderId");
ALTER TABLE "Product" ADD CONSTRAINT "Product_pkey" PRIMARY KEY ("productId");
ALTER TABLE "Slide" ADD CONSTRAINT "Slide_pkey" PRIMARY KEY ("slideId");
ALTER TABLE "Type" ADD CONSTRAINT "Type_pkey" PRIMARY KEY ("typeId");
ALTER TABLE "User" ADD CONSTRAINT "User_pkey" PRIMARY KEY ("userId");
ALTER TABLE "ForgotCode" ADD CONSTRAINT "ForgotCode_pkey" PRIMARY KEY ("codeId");
ALTER TABLE "VerifyCode" ADD CONSTRAINT "VerifyCode_pkey" PRIMARY KEY ("codeId");
--- 

ALTER TABLE "Cart" ADD CONSTRAINT "FK_Cart_Pro" 
	FOREIGN KEY ("productId") REFERENCES "Product" ("productId");
ALTER TABLE "Cart" ADD CONSTRAINT "FK_Cart_User" 
	FOREIGN KEY ("userId") REFERENCES "User" ("userId");

ALTER TABLE "Comment" ADD CONSTRAINT "FK_Comment_Pro" 
	FOREIGN KEY ("productId") REFERENCES "Product" ("productId");

ALTER TABLE "Order" ADD CONSTRAINT "FK_Order_User" 
	FOREIGN KEY ("userId") REFERENCES "User" ("userId");

ALTER TABLE "OrderDetail" ADD CONSTRAINT "FK_OrderDetail_User" 
	FOREIGN KEY ("orderId") REFERENCES "Order" ("orderId");
ALTER TABLE "OrderDetail" ADD CONSTRAINT "FK_OrderDetail_Pro" 
	FOREIGN KEY ("productId") REFERENCES "Product" ("productId");

ALTER TABLE "Product" ADD CONSTRAINT "FK_Product_Type" 
	FOREIGN KEY ("typeId") REFERENCES "Type" ("typeId");

ALTER TABLE "ProductDetail" ADD CONSTRAINT "FK_ProductDetail_Product" 
	FOREIGN KEY ("productId") REFERENCES "Product" ("productId");

ALTER TABLE "ForgotCode" ADD CONSTRAINT "FK_ForgotCode_User" 
	FOREIGN KEY ("userId") REFERENCES "User" ("userId");



----------------------------------------------------------------
---- Insert database
---------- Type
INSERT INTO "Type" ("typeId","name") VALUES (1,'Samsung'),(2,'iPhone'),(3,'Oppo'),(4,'Xiaomi'),(5,'Vivo'),(6,'realme'),(7,'Nokia');

INSERT INTO "Product" ("productId","total","typeId","image","cost","price","discount","rate","releaseDate","name") VALUES (1, 180, 1,'https://cdn.tgdd.vn/Products/Images/42/301608/samsung-galaxy-z-fold5-%20kem-600x600.jpg',36990000,40990000,7,4.0,'2019-12-06', N'Điện thoại Samsung Galaxy Z Fold5 5G 256GB');
INSERT INTO "ProductDetail" ("productId","screen","os","cameraBehind","cameraFront","cpu","ram","rom","battery","sim") VALUES (1,N'Dynamic AMOLED 2X, Chính 7.6" & Phụ 6.2", Quad HD+ (2K+)',N'Android 13',N'Chính 50 MP & Phụ 12 MP, 10 MP',N'10 MP & 4 MP',N'Snapdragon 8 Gen 2 for Galaxy', N'12 GB',N'256 GB',N'4400 mAh',N'2 Nano SIM hoặc 1 Nano SIM + 1 eSIM');
INSERT INTO "Comment"("productId","name","content","date","rate") VALUES (1,N'Nguyen',N'Dịch vụ tạm ổn','2020-09-26',3);
INSERT INTO "Comment"("productId","name","content","date","rate") VALUES (1,N'Lê Hồ Nam',N'Tốt','2020-03-22',5);
INSERT INTO "Comment"("productId","name","content","date","rate") VALUES (1,N'Nguyễn Như Đồng',N'Sp dùng rất tốt','2020-10-05',5);
INSERT INTO "Comment"("productId","name","content","date","rate") VALUES (1,N'Anh Nhân',N'Đang trải nghiệm nhưng cảm nhận ok','2023-10-09',4);
INSERT INTO "Comment"("productId","name","content","date","rate") VALUES (1,N'Nguyễn Đức Nhất',N'','2021-10-25',3);

INSERT INTO "Product" ("productId","total","typeId","image","cost","price","discount","rate","releaseDate","name") VALUES (2, 123, 1,'https://cdn.tgdd.vn/Products/Images/42/249948/samsung-galaxy-s23-ultra-thumb-xanh-600x600.jpg',30990000,31990000,3,4.5,'2020-03-22', N'Điện thoại Samsung Galaxy S23 Ultra 5G 256GB');
INSERT INTO "ProductDetail" ("productId","screen","os","cameraBehind","cameraFront","cpu","ram","rom","battery","sim") VALUES (2,N'Dynamic AMOLED 2X, 6.8", Quad HD+ (2K+)',N'Android 13',N'Chính 200 MP & Phụ 12 MP, 10 MP, 10 MP',N'12 MP',N'Snapdragon 8 Gen 2 for Galaxy', N'8 GB',N'256 GB',N'5000 mAh',N'2 Nano SIM hoặc 1 Nano SIM + 1 eSIM');
INSERT INTO "Comment"("productId","name","content","date","rate") VALUES (2,N'Luong son đông',N'Minh mới mua mấy tháng chưa bi rớt ma mang hình bi lắc ra hỏi thi bao tai minh làm cân mấy nói hang không bao hanh bao thấy mang hình thi mất 89tr lam thế ai giám sai','2021-11-12',1);
INSERT INTO "Comment"("productId","name","content","date","rate") VALUES (2,N'Duongseven',N'Mượt. Cam siêu nét. Hợp túi tiền','2023-01-08',5);
INSERT INTO "Comment"("productId","name","content","date","rate") VALUES (2,N'Phượng',N'Rất tốt với dòng sản phẩm này','2020-07-14',5);
INSERT INTO "Comment"("productId","name","content","date","rate") VALUES (2,N'Bùi Thị Thúy',N'Rất tốt','2020-09-27',5);
INSERT INTO "Comment"("productId","name","content","date","rate") VALUES (2,N'Anh Hùng',N'tốt','2021-09-22',4);
INSERT INTO "Comment"("productId","name","content","date","rate") VALUES (2,N'Phú Hào',N'Good','2022-06-05',5);
INSERT INTO "Comment"("productId","name","content","date","rate") VALUES (2,N'Hoài Nam',N'Máy rất tốt, đẹp, pin trâu, rất mượt','2020-04-16',5);
INSERT INTO "Comment"("productId","name","content","date","rate") VALUES (2,N'Tuấn',N'Tôi rất hài lòng về sản phẩm s23 ultra','2023-02-22',5);
INSERT INTO "Comment"("productId","name","content","date","rate") VALUES (2,N'Bằng',N'Pin nhanh hết,hay bị mất sóng,càng dùng càng dở','2022-11-09',1);
INSERT INTO "Comment"("productId","name","content","date","rate") VALUES (2,N'Hiền',N'Luôn luôn ủng hộ điện máy xanh.','2022-01-15',5);
INSERT INTO "Comment"("productId","name","content","date","rate") VALUES (2,N'Vũ Đình Đô',N'Tinh hoa công nghệ, đỉnh cao của điện thoại thông minh, tích hợp những công nghệ tối tân nhất vào trong một chiếc máy.Thiết kế sexy, cầm nắm đã tay, cảm giác mềm mại như làn da thiếu nữ vậy Màn hình đẹp, pin trâu, hiệu năng ổn định, chơi game tốt, đa nhiệm tuyệt vời, ứng dụng phong phú, khả năng tùy biến cao.Chụp ảnh đẹp, chụp xa, chụp gần gì cũng đều chụp rất tốt.Tuy nhiên vẫn hơi nặng tay, màn hình cong hơn chút thì đẹp hơn.Tổng kết lại thì mình vẫn vô cùng hài lòng với Samsung Galaxy s23 Ultra.','2023-08-07',5);
INSERT INTO "Comment"("productId","name","content","date","rate") VALUES (2,N'Trưng',N'Máy sài mượt nhưng chạy 2 sim thì sống 3g rất yếu','2020-10-30',4);
INSERT INTO "Comment"("productId","name","content","date","rate") VALUES (2,N'Đoàn Thanh Hải',N'Tốt','2021-03-08',5);
INSERT INTO "Comment"("productId","name","content","date","rate") VALUES (2,N'Hùng',N'Mới mua sử dụng được 1 tháng, mình cảm thấy máy cảm ứng mượt mà, pin sử dụng được 2 ngày quá OK.','2023-12-13',5);
INSERT INTO "Comment"("productId","name","content","date","rate") VALUES (2,N'Do Sang',N'Ok hết nha shop','2020-10-09',5);
INSERT INTO "Comment"("productId","name","content","date","rate") VALUES (2,N'Phạm Đức Thọ',N'Ngon bổ giá phải chăng','2022-04-03',5);
INSERT INTO "Comment"("productId","name","content","date","rate") VALUES (2,N'Tân',N'Máy bị lỗi cache sau khi cập nhật phần mềm, dùng rất khó chịu, kết nố wifi kém. Chức năng khác tốt','2021-10-04',2);
INSERT INTO "Comment"("productId","name","content","date","rate") VALUES (2,N'Đặng đình nguyên',N'Điện thoại e vừa mới mua được 1 tuần mà bin vỡ mặt sau thì giờ bán được bao nhiêu nhỉ','2022-03-17',5);
INSERT INTO "Comment"("productId","name","content","date","rate") VALUES (2,N'Chị Mộng',N'Tuyệt vời','2022-08-18',5);
INSERT INTO "Comment"("productId","name","content","date","rate") VALUES (2,N'Thật',N'Tôt','2021-09-16',4);
INSERT INTO "Comment"("productId","name","content","date","rate") VALUES (2,N'Chị Tuyền',N'Tốt 5 sao','2021-03-16',5);
INSERT INTO "Comment"("productId","name","content","date","rate") VALUES (2,N'Phạm Thanh Nguyên',N'Ok','2022-07-21',5);
INSERT INTO "Comment"("productId","name","content","date","rate") VALUES (2,N'Chị Hà',N'Sp ok','2022-02-05',5);
INSERT INTO "Comment"("productId","name","content","date","rate") VALUES (2,N'Chị Hà',N'Sp ok','2020-06-05',5);
INSERT INTO "Comment"("productId","name","content","date","rate") VALUES (2,N'Anh Hiệp',N'cảm ơn','2022-04-14',5);
INSERT INTO "Comment"("productId","name","content","date","rate") VALUES (2,N'Trịnh văn quân',N'Dùng ok','2021-02-24',5);
INSERT INTO "Comment"("productId","name","content","date","rate") VALUES (2,N'',N'Máy chỉ ngon khi dành cho người biết sử dụng ,có hiểu biết chuyên sâu sẽ tận dụng được hết chức năng của máy này Đánh giá máyMáy cầm nhẹ màn hình to chụp hình đẹp quay đẹp,đèn pin máy này sáng hơn iphone ,pin hẹo mau hết,màn hình 2k khó mua kính cường lực do thiết kế bo viền ,cầm máy siu nóng,OS samsung One UI mượt nhẹ tối ưu tốt,','2022-03-11',5);
INSERT INTO "Comment"("productId","name","content","date","rate") VALUES (2,N'Trinh',N'Máy Fold 4 bị lỗi bản lề và nguồn phải đi bảo hành nên mua thêm s23ultra để dùng cho công vievej. Mới mua 10 ngày mà giá đá giảm hơn 2 triệu, sạc 45w thì lỗi. Cảm thấy buồn cho Sam','2021-01-20',3);
INSERT INTO "Comment"("productId","name","content","date","rate") VALUES (2,N'Thien Kim',N'Vừa mua máy ngày 29/9 giá 23 triệu thì 3 ngày sau giảm còn 21tr790k lúc mua hỏi nhân viên thì bảo ko giảm thêm nữa. Đã từng mua gần trăm triệu và luôn tin tưởng tgdd nhưng từ nay về sau mình và gia đình sẽ ko ủng hộ tgdd vì làm ăn kì cục quá','2022-08-25',3);
INSERT INTO "Comment"("productId","name","content","date","rate") VALUES (2,N'Chị Vân',N'Nghe hơi nhỏ','2020-07-24',3);
INSERT INTO "Comment"("productId","name","content","date","rate") VALUES (2,N'Văn Toán',N'Máy rất ổn','2023-09-05',5);
INSERT INTO "Comment"("productId","name","content","date","rate") VALUES (2,N'Chị Trang',N'Máy hiện vẫn dùng tốt','2021-06-23',4);
INSERT INTO "Comment"("productId","name","content","date","rate") VALUES (2,N'Lam Nguyễn',N'Cho e hỏi là đc tặng 4 tháng youtube premium mà s e ko đc ạ','2023-03-17',3);
INSERT INTO "Comment"("productId","name","content","date","rate") VALUES (2,N'Thùy',N'Chẹp chẹp okla','2022-02-24',5);
INSERT INTO "Comment"("productId","name","content","date","rate") VALUES (2,N'Khôi',N'Camera trước chối éo chịu được. Mờ. Không bằng máy giá thấp hơn.','2023-09-09',4);
INSERT INTO "Comment"("productId","name","content","date","rate") VALUES (2,N'Vũ Tiến Thành Vũ Tiến Thành',N'Đã lần thứ 2 đi bảo hành và ko thành công giờ phải dùng máy hỏng của thế giới di động bán','2021-11-17',1);
INSERT INTO "Comment"("productId","name","content","date","rate") VALUES (2,N'Lê Nam Tiến',N'Sản phẩm dùng ổn định','2020-07-03',5);
INSERT INTO "Comment"("productId","name","content","date","rate") VALUES (2,N'Phan Ngọc Hưng',N'Oke tot','2021-05-18',5);
INSERT INTO "Comment"("productId","name","content","date","rate") VALUES (2,N'Nguyễn Văn có ',N'Thật tuyệt vời','2022-05-08',5);
INSERT INTO "Comment"("productId","name","content","date","rate") VALUES (2,N'Pham tan phuc',N'Đt dùng rất tốt, nhanh, mượt, pin ổn, màn hình đẹp. Đặc biệt hài lòng với thái độ của các nhân viên ở tgdd 386 lê lợi, tpvt','2020-09-21',5);
INSERT INTO "Comment"("productId","name","content","date","rate") VALUES (2,N'Nguyễn Hùng Quốc Dũng',N'Ok','2022-01-16',4);
INSERT INTO "Comment"("productId","name","content","date","rate") VALUES (2,N'VÕ ĐÌNH TRƯỜNG',N'Tuyet voi nha cac ban','2023-12-06',5);
INSERT INTO "Comment"("productId","name","content","date","rate") VALUES (2,N'Nguyen Thanh Tai',N'Tuyệt vời','2022-09-28',5);
INSERT INTO "Comment"("productId","name","content","date","rate") VALUES (2,N'Trần Văn Sơn',N'Cũng tốt mà cảm nhận màn hình vuốt ko mượt bằng note 10+','2022-08-26',5);
INSERT INTO "Comment"("productId","name","content","date","rate") VALUES (2,N'Bác Tiến Thơm',N'Hình ảnh còn mờ lắm','2023-11-28',3);
INSERT INTO "Comment"("productId","name","content","date","rate") VALUES (2,N'Nguyễn Ngọc Lan Hương',N'Tuyệt vời lắm ạ ❤️','2023-11-08',5);
INSERT INTO "Comment"("productId","name","content","date","rate") VALUES (2,N'Hoàng Nam',N'Tạm thời không có gì để chê','2022-09-03',5);
INSERT INTO "Comment"("productId","name","content","date","rate") VALUES (2,N'Nhung',N'Rất tốt','2021-08-18',5);
INSERT INTO "Comment"("productId","name","content","date","rate") VALUES (2,N'Đỗ Thị Lệ Hằng',N'Ok','2023-02-11',5);
INSERT INTO "Comment"("productId","name","content","date","rate") VALUES (2,N'Nguyễn phú minh tú',N'Ok','2023-03-18',5);
INSERT INTO "Comment"("productId","name","content","date","rate") VALUES (2,N'Trần Thanh Tùng',N'Máy dùng ok.','2023-05-15',5);
INSERT INTO "Comment"("productId","name","content","date","rate") VALUES (2,N'Tuấn',N'Ok','2021-02-06',5);
INSERT INTO "Comment"("productId","name","content","date","rate") VALUES (2,N'Phúc',N'Khả năng chống nước không như tiêu chuẩn đưa ra','2020-11-25',1);
INSERT INTO "Comment"("productId","name","content","date","rate") VALUES (2,N'Nho',N'sản phẩm tốt','2022-04-30',5);
INSERT INTO "Comment"("productId","name","content","date","rate") VALUES (2,N'Lê Trang Dũng',N'Dùng khá tốt, không chơi game chủ yếu nghe nhạc nên ổn áp. Note khá nhiều nhưng cây bút hay bị mất kết nối quá. Kết nối lại khá nhanh nên ổn.','2023-03-10',5);
INSERT INTO "Comment"("productId","name","content","date","rate") VALUES (2,N'Trọng',N'Mua mới 2 ngày tuột giá 1tr3
 Cay','2022-11-17',5);
INSERT INTO "Comment"("productId","name","content","date","rate") VALUES (2,N'Quan',N'Mới mua ngày 29/4 22tr990. Đến hôm nay 22tr390. Mà trước đó hỏi nhân viên bảo sang 1/5 hết khuyến mãi. Hóa ra hết km là giảm sâu hơn. Cảm giác khó chịu!!','2020-07-08',4);
INSERT INTO "Comment"("productId","name","content","date","rate") VALUES (2,N'C Hà Linh',N'Ok','2021-05-26',4);
INSERT INTO "Comment"("productId","name","content","date","rate") VALUES (2,N'Anh Thắng',N'Tiền nào của đó, tùy cảm nhận và sở thích mỗi người mọi thứ hiện tại về sản phẩm rất ok nên mua.','2021-12-10',4);
INSERT INTO "Comment"("productId","name","content","date","rate") VALUES (2,N'Đặng Văn Huỳnh',N'Zoom đỉnh','2021-02-28',5);
INSERT INTO "Comment"("productId","name","content","date","rate") VALUES (2,N'Đông',N'Hàng đẹp','2021-04-28',5);
INSERT INTO "Comment"("productId","name","content","date","rate") VALUES (2,N'Cô Vân Anh',N'Điện thoại dùng tốt....(cô đang sử dụng nhưng chưa thao tác hết các công dụng). Máy 0k 0k','2022-02-27',5);
INSERT INTO "Comment"("productId","name","content","date","rate") VALUES (2,N'LÒ VĂN TIẾN',N'Rất tốt','2020-04-06',5);
INSERT INTO "Comment"("productId","name","content","date","rate") VALUES (2,N'CÔNG TY TNHH HTC VINA TECH – CHI NHÁNH BẢO MINH TÂM',N'Sản phẩm tốt','2021-05-06',4);
INSERT INTO "Comment"("productId","name","content","date","rate") VALUES (2,N'Vinh',N'Đt tốt, nhanh, mượt ạ','2022-03-21',5);
INSERT INTO "Comment"("productId","name","content","date","rate") VALUES (2,N'Lan',N'Mình chưa khám phá hết các chức năng. Thấy tuyệt nhất là bút ghi chú, rất hợp với mong muốn của mình. Góp ý chút là cá nhân mình thấy cái nhận diện khuôn mặt hơi chậm, mình giơ mặt các kiểu mà nhiều khi ko nhận lại phải dùng mật khẩu để mở máy. Trc mình dùng Note 8 thấy cái nhận diện nhạy hơn.','2020-04-12',4);
INSERT INTO "Comment"("productId","name","content","date","rate") VALUES (2,N'Phạm Thế Phong',N'Máy OK lắm','2021-09-30',5);
INSERT INTO "Comment"("productId","name","content","date","rate") VALUES (2,N'A dar',N'ok','2020-12-26',5);
INSERT INTO "Comment"("productId","name","content","date","rate") VALUES (2,N'Anh Túc',N'ok','2022-10-24',4);
INSERT INTO "Comment"("productId","name","content","date","rate") VALUES (2,N'Tô Đức Thắng',N'ok','2021-09-16',5);
INSERT INTO "Comment"("productId","name","content","date","rate") VALUES (2,N'Phương Anh',N'Sản phẩm ok','2021-03-16',4);
INSERT INTO "Comment"("productId","name","content","date","rate") VALUES (2,N'Hương',N'Ok','2020-06-18',5);
INSERT INTO "Comment"("productId","name","content","date","rate") VALUES (2,N'137501 - Võ Văn Lượng',N',','2021-09-11',5);
INSERT INTO "Comment"("productId","name","content","date","rate") VALUES (2,N'Chị Sang',N'Mới mua S23 Ultra nguyên box, 3 ngày :(
 Thành thật khuyên các bạn không nên mua S23 Ultra vì dòng này bị lỗi kết nối Wifi cực tệ và cực chậm với Wifi4, Wifi5, dù cùng 1 mạng thì các máy Oppo, iphone  nhà mình vẫn kết nối ầm ầm. Chạy Speedtest thấy tốc độc thua hẳn so với Oppo, Iphone, có khi máy Oppo load được 30Mb thì S23 Ultra chỉ load được 2Mb =((
 Lỗi này trên mấy diễn đàn Reddit, Twitter họ cũng nói rồi nhưng Samsung vẫn chưa xử lý được. Mua máy mới tinh mà trong tháng đầu phải mất hẳn 20% khi trả máy, quá uổng tiền cho 1 chiếc điện thoại xịn ở giá này!
 Trên Reddit có đứa còn chế giễu là do Made in Vietnam cho nên chất lượng xuống hẳn. 
 https://www.reddit.com/r/samsung/comments/10w75wh/s23_ultra_wifi_issue/
 Nhân viên TGDĐ dễ thương, phục vụ tận tình nhưng cũng ko giúp gì được! Túm lại mọi người nên mua các dòng máy khác!','2020-12-03',1);
INSERT INTO "Comment"("productId","name","content","date","rate") VALUES (2,N'Vũ Quốc Huy',N'Good','2023-01-06',5);
INSERT INTO "Comment"("productId","name","content","date","rate") VALUES (2,N'TRẦN HỮU ĐẠT',N'Êm, đẹp, mượt, pin trâu, nhân viên nhiệt tình. Nên mua nha ...','2023-03-21',5);
INSERT INTO "Comment"("productId","name","content","date","rate") VALUES (2,N'VŨ CÔNG THÀNH',N'Mlem Mlem...','2020-04-27',5);
INSERT INTO "Comment"("productId","name","content","date","rate") VALUES (2,N'Thái',N'Mua hồi 17.2 mà tiếc chả bán phụ kiện ốp lưng s23 ultra hiệu spigen, với không có dán màn hình nữa chứ','2022-05-04',5);
INSERT INTO "Comment"("productId","name","content","date","rate") VALUES (2,N'Vdliem',N'Mới lấy 1 e s23u mà tiếc là bên tgdd chưa có dán màn nhỉ','2021-07-03',5);
INSERT INTO "Comment"("productId","name","content","date","rate") VALUES (2,N'Nguyễn Lê Trọng Phi',N'','2020-05-27',5);
INSERT INTO "Comment"("productId","name","content","date","rate") VALUES (2,N'Hiền',N'','2020-05-05',4);
INSERT INTO "Comment"("productId","name","content","date","rate") VALUES (2,N'Vì Văn Toàn',N'Là fan của ss, đã từng dùng sản phẩm của ss từ note 7 Fe, note 8, 9, 10, 20U đều thất về khoản pin nhanh hết, giờ dùng S23U Pin trâu hẳn.','2021-04-05',4);
INSERT INTO "Comment"("productId","name","content","date","rate") VALUES (2,N'Ngô Hoàng Khiêm',N'','2021-05-02',5);
INSERT INTO "Comment"("productId","name","content","date","rate") VALUES (2,N'NGUYỄN DANH HUY',N'','2023-04-28',5);
INSERT INTO "Comment"("productId","name","content","date","rate") VALUES (2,N'Anh Quang',N'','2022-01-27',5);
INSERT INTO "Comment"("productId","name","content","date","rate") VALUES (2,N'Phan Thị Diệu Chi',N'','2021-08-24',5);
INSERT INTO "Comment"("productId","name","content","date","rate") VALUES (2,N'Nguyễn Tuân',N'','2022-04-18',5);
INSERT INTO "Comment"("productId","name","content","date","rate") VALUES (2,N'Dũng',N'','2022-06-01',4);
INSERT INTO "Comment"("productId","name","content","date","rate") VALUES (2,N'Anh Mạnh',N'','2023-04-13',5);
INSERT INTO "Comment"("productId","name","content","date","rate") VALUES (2,N'Đoàn Ngọc Quỳnh',N'','2023-01-15',4);
INSERT INTO "Comment"("productId","name","content","date","rate") VALUES (2,N'bao',N'','2020-08-28',5);
INSERT INTO "Comment"("productId","name","content","date","rate") VALUES (2,N'Quynh',N'','2022-10-06',5);
INSERT INTO "Comment"("productId","name","content","date","rate") VALUES (2,N'Nguyễn Trung Trực',N'','2022-08-14',5);
INSERT INTO "Comment"("productId","name","content","date","rate") VALUES (2,N'Võ Diệt',N'','2021-12-29',5);
INSERT INTO "Comment"("productId","name","content","date","rate") VALUES (2,N'NGUYỄN PHI HÙNG',N'','2023-06-23',5);
INSERT INTO "Comment"("productId","name","content","date","rate") VALUES (2,N'Đặng Đức Toàn',N'','2023-05-14',5);
INSERT INTO "Comment"("productId","name","content","date","rate") VALUES (2,N'Anh Thư',N'','2023-07-18',5);
INSERT INTO "Comment"("productId","name","content","date","rate") VALUES (2,N'NGUYỄN ĐỨC HUỲNH',N'','2020-04-11',3);
INSERT INTO "Comment"("productId","name","content","date","rate") VALUES (2,N'NGUYỄN DUY HIẾU',N'','2021-07-10',5);
INSERT INTO "Comment"("productId","name","content","date","rate") VALUES (2,N'Linh',N'','2021-06-02',4);
INSERT INTO "Comment"("productId","name","content","date","rate") VALUES (2,N'Anh Hồng',N'','2020-04-07',5);
INSERT INTO "Comment"("productId","name","content","date","rate") VALUES (2,N'Công ty TNHH in ấn Thiết kế VietBrand',N'','2023-05-08',5);
INSERT INTO "Comment"("productId","name","content","date","rate") VALUES (2,N'Ngọc Răng',N'','2021-02-25',5);
INSERT INTO "Comment"("productId","name","content","date","rate") VALUES (2,N'Nguyễn Hồng Hạnh',N'','2021-01-13',5);
INSERT INTO "Comment"("productId","name","content","date","rate") VALUES (2,N'Tien',N'','2022-06-14',4);
INSERT INTO "Comment"("productId","name","content","date","rate") VALUES (2,N'Tú',N'','2020-09-06',5);
INSERT INTO "Comment"("productId","name","content","date","rate") VALUES (2,N'Trần Công Tín',N'','2020-09-18',4);
INSERT INTO "Comment"("productId","name","content","date","rate") VALUES (2,N'HOÀNG VIẾT THÀNH',N'','2021-01-06',3);
INSERT INTO "Comment"("productId","name","content","date","rate") VALUES (2,N'Quốc Khánh',N'','2021-06-18',5);
INSERT INTO "Comment"("productId","name","content","date","rate") VALUES (2,N'Linh',N'','2022-08-12',5);
INSERT INTO "Comment"("productId","name","content","date","rate") VALUES (2,N'Linh',N'','2022-08-20',4);
INSERT INTO "Comment"("productId","name","content","date","rate") VALUES (2,N'anh Thắng',N'','2020-10-02',5);
INSERT INTO "Comment"("productId","name","content","date","rate") VALUES (2,N'Anh Hiếu',N'','2020-08-09',4);
INSERT INTO "Comment"("productId","name","content","date","rate") VALUES (2,N'Anh Triều',N'','2023-01-12',5);

INSERT INTO "Product" ("productId","total","typeId","image","cost","price","discount","rate","releaseDate","name") VALUES (3, 51, 1,'https://cdn.tgdd.vn/Products/Images/42/250625/samsung-galaxy-z-fold4-kem-256gb-600x600.jpg',36990000,40990000,9,4.4,'2019-09-30', N'Điện thoại Samsung Galaxy Z Fold4 5G 256GB');
INSERT INTO "ProductDetail" ("productId","screen","os","cameraBehind","cameraFront","cpu","ram","rom","battery","sim") VALUES (3,N'Dynamic AMOLED 2X, Chính 7.6" & Phụ 6.2", Quad HD+ (2K+)',N'Android 12',N'Chính 50 MP & Phụ 12 MP, 10 MP',N'10 MP & 4 MP',N'Snapdragon 8+ Gen 1', N'12 GB',N'256 GB',N'4400 mAh',N'1 Nano SIM & 1 eSIM');
INSERT INTO "Comment"("productId","name","content","date","rate") VALUES (3,N'Trần Ngọc Quý',N'Hàng mới tốt, mẫu mã đẹp, sang trọng thiết kế lạ, rất tin tưởng khi mua hàng ở TGDD','2020-12-04',5);
INSERT INTO "Comment"("productId","name","content","date","rate") VALUES (3,N'Nguyễn Đình Tùng',N'Oke','2021-11-03',4);
INSERT INTO "Comment"("productId","name","content","date","rate") VALUES (3,N'Trí lê',N'Thay màng hình giá cao quá hơn 11tr ....','2021-04-05',3);
INSERT INTO "Comment"("productId","name","content","date","rate") VALUES (3,N'Ngô quang long',N'rất ok','2020-10-08',5);
INSERT INTO "Comment"("productId","name","content","date","rate") VALUES (3,N'HOÀNG QUÂN',N'Sản phẩm hoàn hảo , dịch vụ tốt','2021-11-01',5);
INSERT INTO "Comment"("productId","name","content","date","rate") VALUES (3,N'Hoàng',N'Dùng vẫn rất sướng. Giá quá tốt','2023-05-04',5);
INSERT INTO "Comment"("productId","name","content","date","rate") VALUES (3,N'Ngọc Anh',N'Oki','2021-09-03',5);
INSERT INTO "Comment"("productId","name","content","date","rate") VALUES (3,N'thanh lan',N'Rất thích','2022-06-05',5);
INSERT INTO "Comment"("productId","name","content","date","rate") VALUES (3,N'anh ĐỨC',N'Dung Được nhung bảo hành hơi lâu','2020-02-04',4);
INSERT INTO "Comment"("productId","name","content","date","rate") VALUES (3,N'Chị Hương',N'Đẹp xài rất ok','2020-11-06',5);
INSERT INTO "Comment"("productId","name","content","date","rate") VALUES (3,N'Trần kim anh',N'Miếng dán trong bị phồng. Kém quá. ĐT mới mua 10 ngày','2022-03-21',1);
INSERT INTO "Comment"("productId","name","content","date","rate") VALUES (3,N'Hồng',N'Rất tốt','2021-12-09',5);
INSERT INTO "Comment"("productId","name","content","date","rate") VALUES (3,N'Lê Đức Hậu',N'Mới mua được 3 ngày thì màn hình bị rộp 1 đường to như vậy. Đem đến thegioididong thì chỉ biết báo hãng, hãng báo 750k, trong khi máy mới mua chưa được 4 ngày, chưa rơi trầy xước móp méo gì, tưởng mua tgdd thì sẽ được đảm bảo khi có vấn đề. Nhưng chắc là khó','2022-01-25',1);
INSERT INTO "Comment"("productId","name","content","date","rate") VALUES (3,N'Khoa',N'sp dùng ok','2020-08-21',4);
INSERT INTO "Comment"("productId","name","content","date","rate") VALUES (3,N'Nguyễn duy duta',N'Quá tệ . Vừa mới mua song chưa đầy 2h đã sảy ra viết nứt tù giữ màn hình quá tệ không bh quay lại mua thêm cưa hàng 1 lần nữa','2023-10-17',1);
INSERT INTO "Comment"("productId","name","content","date","rate") VALUES (3,N'Tran Trung Truc',N'Miếng dàn màn hình trong mới 2 ngày đả bong ra thay thì dmx ttdd không có nha','2021-06-19',3);
INSERT INTO "Comment"("productId","name","content","date","rate") VALUES (3,N'Hai Le',N'Máy nóng phỏng tay hao pin quá','2023-04-06',2);
INSERT INTO "Comment"("productId","name","content","date","rate") VALUES (3,N'Nguyễn Trung Sang',N'Sản phẩm rất tốt.','2023-07-26',5);
INSERT INTO "Comment"("productId","name","content","date","rate") VALUES (3,N'Phan Minh Nhựt',N'Sử dụng rất mượt mà và thích lắm. Trên cả tuyệt vời.','2020-09-17',5);
INSERT INTO "Comment"("productId","name","content","date","rate") VALUES (3,N'Anh Dương',N'Thái độ phục vụ của nhân viên rất tốt, thân thiện, chu đáo','2020-04-10',5);
INSERT INTO "Comment"("productId","name","content","date","rate") VALUES (3,N'Anh Tùng',N'Tốt','2023-07-17',5);
INSERT INTO "Comment"("productId","name","content","date","rate") VALUES (3,N'Anh Chiến',N'1. Samsung Galaxy Z Fold 4 5G như 1 camera man luôn bên cạnh mọi lúc mọi nơi , tiện chụp sự kiện luôn có mình mà chẳng phiền ai. 
 2. Hội nghị trực tuyến online hiệu quả và chất lượng. 
 Thanks!','2023-02-08',5);
INSERT INTO "Comment"("productId","name","content","date","rate") VALUES (3,N'Anh Dũng',N'Nhân viên tư vấn nhiệt tình, chu đáo! Sản phẩm chất lượng tốt.','2021-09-01',5);
INSERT INTO "Comment"("productId","name","content","date","rate") VALUES (3,N'Nam đẹo trai',N'Máy ngon','2021-05-31',4);
INSERT INTO "Comment"("productId","name","content","date","rate") VALUES (3,N'Trần Quang Vũ',N'Máy đep , chip xử lí nhanh , quan trong là chup hình rõ , và đep','2022-04-22',5);
INSERT INTO "Comment"("productId","name","content","date","rate") VALUES (3,N'Hoàng',N'Camer trong ko tốt, chụp ko đẹp','2022-09-18',4);
INSERT INTO "Comment"("productId","name","content","date","rate") VALUES (3,N'Anh Trí',N'Rất tốt','2022-02-08',5);
INSERT INTO "Comment"("productId","name","content","date","rate") VALUES (3,N'NGUYÊN',N'Sản phẩm mới chất lượng/ dễ sử dụng/ màn hình to / rất hài lòng với Sản phẩm','2022-02-14',5);
INSERT INTO "Comment"("productId","name","content","date","rate") VALUES (3,N'Trương Quốc Toàn',N'Máy sử dụng tí là phát nhiệt nóng
 Thứ 2 là mau hết pin mới mua mà vậy sao 1 năm chất xạc trực tiếp luôn quá
 Máy mới ko có tặng phụ kiện như miếng dán cóc sạc...
 Th3 máy bắt sóng và wifi kém hơn máy khác.......
 .......','2023-03-14',3);
INSERT INTO "Comment"("productId","name","content","date","rate") VALUES (3,N'BÙI XUÂN KIÊN',N'Ok','2022-04-19',5);
INSERT INTO "Comment"("productId","name","content","date","rate") VALUES (3,N'Trần Thị Ánh Hồng.',N'Sản phẩm ok','2021-11-22',5);
INSERT INTO "Comment"("productId","name","content","date","rate") VALUES (3,N'TRẦN VĂN BÌNH',N'Tốt','2022-06-09',4);
INSERT INTO "Comment"("productId","name","content","date","rate") VALUES (3,N'Trần thái an',N'Quá ngon, tốc độ xử lý rất nhanh','2019-10-06',5);
INSERT INTO "Comment"("productId","name","content","date","rate") VALUES (3,N'Trọng',N'Ok','2023-05-05',4);
INSERT INTO "Comment"("productId","name","content","date","rate") VALUES (3,N'Nội thất hồng nhung gia nghĩa đak nonh',N'Sài thì ok hệ androi thì dễ sài.màn hình rộng khỏe măt. Gập mở sang chảnh.
 Nhưng mà pin bị xuống nhanh khủng khiếp mình mua tháng 10 2022.vậy có được bảo hành pin ko ạ','2021-08-22',5);
INSERT INTO "Comment"("productId","name","content","date","rate") VALUES (3,N'Trường Sinh',N'Máy cầm rất trơn, pin nhanh hết.
 Mở rộng ra hơi to so với tay.
 Thua em fold 1 đời đầu.','2019-12-27',4);
INSERT INTO "Comment"("productId","name","content","date","rate") VALUES (3,N'Minh phú',N'Ko','2020-02-08',2);
INSERT INTO "Comment"("productId","name","content","date","rate") VALUES (3,N'CÔNG TY CỔ PHẦN BẤT ĐỘNG SẢN HÀ MINH ANH',N'Sản phẩm rất tuyệt','2022-04-21',4);
INSERT INTO "Comment"("productId","name","content","date","rate") VALUES (3,N'HƯNG',N'Sản phẩm đáng giá','2021-05-25',4);
INSERT INTO "Comment"("productId","name","content","date","rate") VALUES (3,N'Cao Anh Tú',N'Sản phẩm tốt','2022-05-12',5);
INSERT INTO "Comment"("productId","name","content","date","rate") VALUES (3,N'TOÀN',N'Sản phẩm sử dụng tuyệt vời','2023-06-08',5);
INSERT INTO "Comment"("productId","name","content","date","rate") VALUES (3,N'HUYỀN',N'Sản phẩm tốt','2021-08-02',5);
INSERT INTO "Comment"("productId","name","content","date","rate") VALUES (3,N'HUY',N'Rất ok','2023-06-08',5);
INSERT INTO "Comment"("productId","name","content","date","rate") VALUES (3,N'HUY',N'Máy xài ổn áp mới 99% , rẻ hơn giá bán mới 10tr , quá tiết kiệm kinh phí , ai kinh phí ít muốn xài siêu phẩm thì lựa máy đã sử dụng quá ok','2022-07-23',5);
INSERT INTO "Comment"("productId","name","content","date","rate") VALUES (3,N'THỊNH',N'Ok gold','2020-10-23',5);
INSERT INTO "Comment"("productId","name","content","date","rate") VALUES (3,N'Nguyễn Đình Duy',N'Rất tốt','2022-08-06',5);
INSERT INTO "Comment"("productId","name","content","date","rate") VALUES (3,N'HÙNG',N'Quá tuyệt','2023-08-25',5);
INSERT INTO "Comment"("productId","name","content","date","rate") VALUES (3,N'HUY',N'Rất hài long và ok','2023-04-05',5);
INSERT INTO "Comment"("productId","name","content","date","rate") VALUES (3,N'TRẦN HOÀI THƯƠNG',N'Hao pin nóng may','2023-04-16',3);
INSERT INTO "Comment"("productId","name","content","date","rate") VALUES (3,N'KHÁNH',N'Không ý kiến','2020-01-02',4);
INSERT INTO "Comment"("productId","name","content","date","rate") VALUES (3,N'6165 - Nguyễn Tấn Phước',N'Máy đẹp','2021-07-22',5);
INSERT INTO "Comment"("productId","name","content","date","rate") VALUES (3,N'KHIẾU',N'Cảm thấy hài lòng','2020-03-24',4);
INSERT INTO "Comment"("productId","name","content","date","rate") VALUES (3,N'NGUY',N'Rất Tốt','2021-06-11',5);
INSERT INTO "Comment"("productId","name","content","date","rate") VALUES (3,N'Linh',N'Máy dùng thì cg ok đấy, nhưng kB sao lắp sim vào mà mạng kém quá.sim thì một ngày có 4gb mà toàn mạng E','2021-12-16',3);
INSERT INTO "Comment"("productId","name","content","date","rate") VALUES (3,N'Anh Dương',N'Sản phẩm tốt','2020-02-27',5);
INSERT INTO "Comment"("productId","name","content","date","rate") VALUES (3,N'Anh Linh',N'Rất tốt','2020-09-24',5);
INSERT INTO "Comment"("productId","name","content","date","rate") VALUES (3,N'Nguyễn Khánh Hoàng',N'Chụp ảnh mờ tịt','2021-04-21',3);
INSERT INTO "Comment"("productId","name","content","date","rate") VALUES (3,N'LÊ THỊ HẢI YẾN',N'Tốt','2020-12-26',5);
INSERT INTO "Comment"("productId","name","content","date","rate") VALUES (3,N'ĐỖ VĂN THIỆP',N'Ok','2022-10-28',5);
INSERT INTO "Comment"("productId","name","content","date","rate") VALUES (3,N'Anh Hiếu',N'Tốt.  Camer trong nhận diện khuôn mặt kém','2020-06-06',5);
INSERT INTO "Comment"("productId","name","content","date","rate") VALUES (3,N'Anh Thành',N'Pin hơi yếu','2022-04-09',4);
INSERT INTO "Comment"("productId","name","content","date","rate") VALUES (3,N'Anh hải',N'ok','2020-05-07',5);
INSERT INTO "Comment"("productId","name","content","date","rate") VALUES (3,N'Lưu Ngọc Xuyến',N'Đẹp','2019-11-05',5);
INSERT INTO "Comment"("productId","name","content","date","rate") VALUES (3,N'31663 - Đỗ Thúy Hằng',N'Ok','2023-10-23',5);
INSERT INTO "Comment"("productId","name","content","date","rate") VALUES (3,N'VĂN',N'Ok','2021-01-25',5);
INSERT INTO "Comment"("productId","name","content","date","rate") VALUES (3,N'190738 - Phạm Vũ Hiệp',N'Máy dùng rất tốt mượt mà','2022-04-16',5);
INSERT INTO "Comment"("productId","name","content","date","rate") VALUES (3,N'Chú Dương',N'quá tốt','2020-02-14',5);
INSERT INTO "Comment"("productId","name","content","date","rate") VALUES (3,N'Nguyễn Ngọc Vẽ',N'Tốt...ok','2021-08-25',5);
INSERT INTO "Comment"("productId","name","content","date","rate") VALUES (3,N'Anh Trường',N'','2023-08-03',5);
INSERT INTO "Comment"("productId","name","content","date","rate") VALUES (3,N'Anh Thế',N'','2021-01-27',4);
INSERT INTO "Comment"("productId","name","content","date","rate") VALUES (3,N'Vũ',N'dùng rất tốt','2023-08-31',5);
INSERT INTO "Comment"("productId","name","content","date","rate") VALUES (3,N'Thế',N'','2021-10-28',4);
INSERT INTO "Comment"("productId","name","content","date","rate") VALUES (3,N'Phong',N'','2021-07-31',5);
INSERT INTO "Comment"("productId","name","content","date","rate") VALUES (3,N'Quyền',N'','2023-05-31',5);
INSERT INTO "Comment"("productId","name","content","date","rate") VALUES (3,N'Cao Thanh Nam',N'','2023-08-31',4);
INSERT INTO "Comment"("productId","name","content","date","rate") VALUES (3,N'Đoàn Hồng Bàng',N'','2022-04-08',4);
INSERT INTO "Comment"("productId","name","content","date","rate") VALUES (3,N'Cao Thanh Nam',N'','2021-06-26',3);
INSERT INTO "Comment"("productId","name","content","date","rate") VALUES (3,N'Nguyễn Thành Công',N'','2022-05-04',5);
INSERT INTO "Comment"("productId","name","content","date","rate") VALUES (3,N'Anh Sang',N'','2021-08-01',5);
INSERT INTO "Comment"("productId","name","content","date","rate") VALUES (3,N'Trần Thanh Nhàn',N'','2022-11-03',4);
INSERT INTO "Comment"("productId","name","content","date","rate") VALUES (3,N'Trung',N'','2020-12-05',4);
INSERT INTO "Comment"("productId","name","content","date","rate") VALUES (3,N'Đức',N'','2021-10-11',5);
INSERT INTO "Comment"("productId","name","content","date","rate") VALUES (3,N'Điệu',N'','2019-11-01',4);
INSERT INTO "Comment"("productId","name","content","date","rate") VALUES (3,N'Anh Kiệt',N'','2020-06-17',5);
INSERT INTO "Comment"("productId","name","content","date","rate") VALUES (3,N'Nguyễn Gia Phát',N'','2020-08-17',5);
INSERT INTO "Comment"("productId","name","content","date","rate") VALUES (3,N'Chị Tuyền',N'','2021-03-05',4);
INSERT INTO "Comment"("productId","name","content","date","rate") VALUES (3,N'Quyên',N'','2020-06-19',5);
INSERT INTO "Comment"("productId","name","content","date","rate") VALUES (3,N'CÔNG TY LUẬT TNHH THƯỢNG TÔN CÔNG LÝ',N'Rất tốt','2021-10-30',5);
INSERT INTO "Comment"("productId","name","content","date","rate") VALUES (3,N'Lê Nguyên Châu',N'','2023-08-27',4);
INSERT INTO "Comment"("productId","name","content","date","rate") VALUES (3,N'Nguyễn Văn Thành',N'','2020-10-26',5);
INSERT INTO "Comment"("productId","name","content","date","rate") VALUES (3,N'Anh Nhất',N'','2022-03-02',3);
INSERT INTO "Comment"("productId","name","content","date","rate") VALUES (3,N'HƯNG',N'','2020-02-05',5);
INSERT INTO "Comment"("productId","name","content","date","rate") VALUES (3,N'HẬU',N'','2022-03-03',4);
INSERT INTO "Comment"("productId","name","content","date","rate") VALUES (3,N'PHAT',N'','2021-11-05',5);
INSERT INTO "Comment"("productId","name","content","date","rate") VALUES (3,N'QUYÊN',N'','2020-12-02',5);
INSERT INTO "Comment"("productId","name","content","date","rate") VALUES (3,N'HOÀI',N'','2021-04-21',4);
INSERT INTO "Comment"("productId","name","content","date","rate") VALUES (3,N'BUI TAN DAT',N'','2019-10-20',5);
INSERT INTO "Comment"("productId","name","content","date","rate") VALUES (3,N'KHÁNH',N'','2022-11-18',4);
INSERT INTO "Comment"("productId","name","content","date","rate") VALUES (3,N'19980 - Ngô Minh Hoàng',N'','2021-04-26',5);
INSERT INTO "Comment"("productId","name","content","date","rate") VALUES (3,N'TÙNG',N'','2020-07-02',5);
INSERT INTO "Comment"("productId","name","content","date","rate") VALUES (3,N'DIỄM',N'','2023-07-17',5);
INSERT INTO "Comment"("productId","name","content","date","rate") VALUES (3,N'TAN',N'','2023-07-16',3);
INSERT INTO "Comment"("productId","name","content","date","rate") VALUES (3,N'VŨ ĐỨC HUY',N'','2022-06-16',5);
INSERT INTO "Comment"("productId","name","content","date","rate") VALUES (3,N'Anh Sáng',N'','2021-09-07',4);
INSERT INTO "Comment"("productId","name","content","date","rate") VALUES (3,N'141539 - Đỗ Thị Hồng Ngọc',N'','2020-10-26',5);
INSERT INTO "Comment"("productId","name","content","date","rate") VALUES (3,N'NGUYỄN NGỌC TUYẾN',N'','2023-03-08',5);

INSERT INTO "Product" ("productId","total","typeId","image","cost","price","discount","rate","releaseDate","name") VALUES (4, 176, 1,'https://cdn.tgdd.vn/Products/Images/42/299250/samsung-galaxy-z-flip5-xanh-mint-thumb-600x600.jpg',24990000,25990000,3,4.2,'2021-11-16', N'Điện thoại Samsung Galaxy Z Flip5 5G 256GB');
INSERT INTO "ProductDetail" ("productId","screen","os","cameraBehind","cameraFront","cpu","ram","rom","battery","sim") VALUES (4,N'Chính: Dynamic AMOLED 2X, Phụ: Super AMOLED, Chính 6.7" & Phụ 3.4", Full HD+',N'Android 13',N'2 camera 12 MP',N'10 MP',N'Snapdragon 8 Gen 2 for Galaxy', N'8 GB',N'256 GB',N'3700 mAh',N'1 Nano SIM & 1 eSIM');
INSERT INTO "Comment"("productId","name","content","date","rate") VALUES (4,N'Minh Thư',N'Xài ok nhưng ốp lưng tặng kèm bị thiếu nút bấm tăng giảm âm lượng, đặt đến cái thứ 2 thấy có nút bấm mới biết cái đầu tiên là ốp lưng bị lỗi','2022-09-18',4);
INSERT INTO "Comment"("productId","name","content","date","rate") VALUES (4,N'Thol',N'Hài lòng','2021-12-06',4);
INSERT INTO "Comment"("productId","name","content","date","rate") VALUES (4,N'Hiep',N'tốt','2022-08-24',5);
INSERT INTO "Comment"("productId","name","content","date","rate") VALUES (4,N'Vũ Thị Thanh Thúy',N'Mới mua được 6 ngày, chụp hình camera sau khoảng 710 phút thì màn hình phụ rất nóng','2023-10-08',3);
INSERT INTO "Comment"("productId","name","content","date","rate") VALUES (4,N'Phan Phú Sĩ',N'Ok','2023-07-14',5);
INSERT INTO "Comment"("productId","name","content","date","rate") VALUES (4,N'Chị Yến',N'sp tốt','2023-01-05',4);
INSERT INTO "Comment"("productId","name","content","date","rate") VALUES (4,N'Chị Tứ',N'Cảm nhận được sự mới mẻ và phong cách khi dùng chiếc cell phone này.','2023-05-23',5);
INSERT INTO "Comment"("productId","name","content","date","rate") VALUES (4,N'Phamduong',N'Xài tốt','2023-07-28',5);
INSERT INTO "Comment"("productId","name","content","date","rate") VALUES (4,N'Phương Dư',N'','2023-08-06',4);
INSERT INTO "Comment"("productId","name","content","date","rate") VALUES (4,N'PHAN THI AI HAU',N'','2022-04-14',5);
INSERT INTO "Comment"("productId","name","content","date","rate") VALUES (4,N'Anh Bình',N'','2022-02-01',5);
INSERT INTO "Comment"("productId","name","content","date","rate") VALUES (4,N'Lý Nguyễn Khánh Linh',N'','2022-03-14',3);
INSERT INTO "Comment"("productId","name","content","date","rate") VALUES (4,N'Tu Xuan Truong',N'','2023-03-05',4);
INSERT INTO "Comment"("productId","name","content","date","rate") VALUES (4,N'Chị Huệ',N'','2022-11-16',3);
INSERT INTO "Comment"("productId","name","content","date","rate") VALUES (4,N'Nguyễn Phương Hồng Huệ',N'','2023-09-14',4);
INSERT INTO "Comment"("productId","name","content","date","rate") VALUES (4,N'Chị Nữ',N'','2023-12-08',4);
INSERT INTO "Comment"("productId","name","content","date","rate") VALUES (4,N'Trần Quốc Thắng(tham Gia Chương Trình Săn Galaxy Z Flip5 Giá 5k)',N'','2023-04-20',5);

INSERT INTO "Product" ("productId","total","typeId","image","cost","price","discount","rate","releaseDate","name") VALUES (5, 66, 1,'https://cdn.tgdd.vn/Products/Images/42/290829/samsung-galaxy-s23-plus-3-600x600.jpg',23990000,26990000,11,4.5,'2022-12-18', N'Điện thoại Samsung Galaxy S23+ 5G 256GB');
INSERT INTO "ProductDetail" ("productId","screen","os","cameraBehind","cameraFront","cpu","ram","rom","battery","sim") VALUES (5,N'Dynamic AMOLED 2X, 6.6", Full HD+',N'Android 13',N'Chính 50 MP & Phụ 12 MP, 10 MP',N'12 MP',N'Snapdragon 8 Gen 2 for Galaxy', N'8 GB',N'256 GB',N'4700 mAh',N'2 Nano SIM hoặc 1 Nano SIM + 1 eSIM');
INSERT INTO "Comment"("productId","name","content","date","rate") VALUES (5,N'Lê Thanh Phong',N'Thông minh tiện ích Samsung','2023-05-24',5);
INSERT INTO "Comment"("productId","name","content","date","rate") VALUES (5,N'võ văn thành',N'xài gần 1 thág cứ hay bị quảng cáo văng ra khi dùng ứng dụng khác . quảng cáo bên lazada là nhìu nhất dù đã gỡ lazada r . đem lại kỹ thuật viên thì kêu như v là bình thường máy nào cũg có','2023-11-17',3);
INSERT INTO "Comment"("productId","name","content","date","rate") VALUES (5,N'ĐOÀN DUY ĐẢM',N'Máy xài rất ổn định','2023-07-02',5);
INSERT INTO "Comment"("productId","name","content","date","rate") VALUES (5,N'Phương',N'Tạm','2023-02-11',5);
INSERT INTO "Comment"("productId","name","content","date","rate") VALUES (5,N'Dương Quang Hòa',N'Pin tốt màn hình đẹp tác vụ nhanh','2023-05-12',5);
INSERT INTO "Comment"("productId","name","content","date","rate") VALUES (5,N'Xiao',N'Pin khá là ổn','2023-02-15',5);
INSERT INTO "Comment"("productId","name","content","date","rate") VALUES (5,N'NGUYỄN PHƯỚC LUẬT',N'Tốt','2023-03-26',5);
INSERT INTO "Comment"("productId","name","content","date","rate") VALUES (5,N'Vũ',N'Điện thoại qua sử dụng giá hợp lý.Thanks TGDD','2023-03-17',4);
INSERT INTO "Comment"("productId","name","content","date","rate") VALUES (5,N'Lê Thị Lành',N'Video gửi qua zalo cho tất cả các máy đề  bị vỡ hình.','2023-03-20',3);
INSERT INTO "Comment"("productId","name","content","date","rate") VALUES (5,N'Anh Phương',N'Pin tốt, mượt, cầm chắc tay.','2023-01-23',5);
INSERT INTO "Comment"("productId","name","content","date","rate") VALUES (5,N'Dục',N'Dịch vụ tốt nhất tôi từng biết đến. Sẽ ủng hộ thế giới di dộng nhiều hơn nữa.','2023-08-06',5);
INSERT INTO "Comment"("productId","name","content","date","rate") VALUES (5,N'Thái Duy Linh',N'Nhân viên rất là nhiệt tình và chu đáo','2023-11-25',5);
INSERT INTO "Comment"("productId","name","content","date","rate") VALUES (5,N'C Hồng',N'Rất tốt','2023-07-07',5);
INSERT INTO "Comment"("productId","name","content","date","rate") VALUES (5,N'Pham Duy Doan',N'Máy ok','2023-08-08',4);
INSERT INTO "Comment"("productId","name","content","date","rate") VALUES (5,N'Anh Tuân',N'tốt','2023-08-20',5);
INSERT INTO "Comment"("productId","name","content","date","rate") VALUES (5,N'Bảo',N'Oke','2023-10-30',4);
INSERT INTO "Comment"("productId","name","content","date","rate") VALUES (5,N'Chị Yến',N'Hàng tốt đẹp lắm nếu được lần sau sẽ ủng hộ shop nửa','2023-04-11',5);
INSERT INTO "Comment"("productId","name","content","date","rate") VALUES (5,N'HUỲNH QUỐC VIỆT',N'Good','2023-05-02',5);
INSERT INTO "Comment"("productId","name","content","date","rate") VALUES (5,N'PHÁT',N'Xài được','2023-01-23',4);
INSERT INTO "Comment"("productId","name","content","date","rate") VALUES (5,N'Nguyễn Thị Trường Thanh',N'cũng tốt đấy','2023-06-24',4);
INSERT INTO "Comment"("productId","name","content","date","rate") VALUES (5,N'Chị Thơ',N'.','2023-02-26',4);
INSERT INTO "Comment"("productId","name","content","date","rate") VALUES (5,N'Nguyễn Thị Bích Ngọc',N'Ko có ye kiến','2023-07-10',4);
INSERT INTO "Comment"("productId","name","content","date","rate") VALUES (5,N'Le ha nam',N'Ok','2023-06-17',5);
INSERT INTO "Comment"("productId","name","content","date","rate") VALUES (5,N'Lê phan tấn',N'Máy s23plus xài tạm ổn. Pin đủ dùng ngày. Chơi game nhiều thì không đủ dùng ngày. Chơi game ấm ấm. Nói chung xài được','2023-02-04',4);
INSERT INTO "Comment"("productId","name","content","date","rate") VALUES (5,N'Elena',N'điện thoại và dịch vụ hoàn hảo','2023-07-17',5);
INSERT INTO "Comment"("productId","name","content","date","rate") VALUES (5,N'Nguyen Minh Duc',N'S23+ rất đầm tay, phù hợp với nam. chụp ảnh và màn hình đáp ứng quá tốt nhu cầu văn phòng của mình.','2023-11-14',5);
INSERT INTO "Comment"("productId","name","content","date","rate") VALUES (5,N'TRƯƠNG THỊ TRANG',N'0','2023-07-20',5);
INSERT INTO "Comment"("productId","name","content","date","rate") VALUES (5,N'Nguyen Tuan Kien',N'Nhanh. Mượt. Thiết kế ổn. Camera tốt. Cầm hơi bị cấn tay.','2023-12-15',4);
INSERT INTO "Comment"("productId","name","content","date","rate") VALUES (5,N'Toản',N'Mầu đẹp','2023-12-01',4);
INSERT INTO "Comment"("productId","name","content","date","rate") VALUES (5,N'Vũ Quốc Trung',N'Máy dùng tốt','2023-07-14',5);
INSERT INTO "Comment"("productId","name","content","date","rate") VALUES (5,N'Vũ Ngọc Khánh',N'Goog','2023-03-16',5);
INSERT INTO "Comment"("productId","name","content","date","rate") VALUES (5,N'Nguyễn Thanh Dung',N'Tot','2023-12-06',4);
INSERT INTO "Comment"("productId","name","content","date","rate") VALUES (5,N'Phạm xuân mỹ',N'Gọi điện xong mạng 4g lâu dùng được','2023-11-08',4);
INSERT INTO "Comment"("productId","name","content","date","rate") VALUES (5,N'Chú đức',N'Nhân viên rất nhiệt tình, vui vẻ, tư vấn chi tiết, lịch sự.','2023-02-04',5);
INSERT INTO "Comment"("productId","name","content","date","rate") VALUES (5,N'Phạm Văn Thắng ',N'Like','2023-01-24',5);
INSERT INTO "Comment"("productId","name","content","date","rate") VALUES (5,N'Phùng Chí Tâm',N'','2023-01-19',5);
INSERT INTO "Comment"("productId","name","content","date","rate") VALUES (5,N'LÊ THỊ NƯƠNG',N'','2022-12-27',5);
INSERT INTO "Comment"("productId","name","content","date","rate") VALUES (5,N'Huỳnh Tấn Phúc',N'','2023-03-25',5);
INSERT INTO "Comment"("productId","name","content","date","rate") VALUES (5,N'Hạnh',N'','2023-12-08',5);
INSERT INTO "Comment"("productId","name","content","date","rate") VALUES (5,N'Trần Văn Thạnh',N'','2023-10-10',3);
INSERT INTO "Comment"("productId","name","content","date","rate") VALUES (5,N'Vũ Linh',N'','2023-02-12',5);
INSERT INTO "Comment"("productId","name","content","date","rate") VALUES (5,N'TRUNG',N'','2023-04-22',4);
INSERT INTO "Comment"("productId","name","content","date","rate") VALUES (5,N'Cường',N'','2023-07-03',4);
INSERT INTO "Comment"("productId","name","content","date","rate") VALUES (5,N'Trần Quyết Thắng',N'','2023-05-11',5);
INSERT INTO "Comment"("productId","name","content","date","rate") VALUES (5,N'Hương',N'','2023-09-17',4);
INSERT INTO "Comment"("productId","name","content","date","rate") VALUES (5,N'Nhi',N'','2023-06-18',5);
INSERT INTO "Comment"("productId","name","content","date","rate") VALUES (5,N'Long',N'','2023-03-24',4);
INSERT INTO "Comment"("productId","name","content","date","rate") VALUES (5,N'Anh Đại',N'','2023-08-21',4);
INSERT INTO "Comment"("productId","name","content","date","rate") VALUES (5,N'Trinh Van Cuong',N'','2023-03-19',3);
INSERT INTO "Comment"("productId","name","content","date","rate") VALUES (5,N'Đoàn Pháp Nhựt',N'','2023-03-14',5);
INSERT INTO "Comment"("productId","name","content","date","rate") VALUES (5,N'-',N'','2023-05-02',3);
INSERT INTO "Comment"("productId","name","content","date","rate") VALUES (5,N'Hoàng Đặng Hải',N'','2023-09-07',5);
INSERT INTO "Comment"("productId","name","content","date","rate") VALUES (5,N'TRẦN HẰNG NGA',N'','2023-01-15',4);
INSERT INTO "Comment"("productId","name","content","date","rate") VALUES (5,N'Giản Quang Việt',N'','2023-04-02',5);

INSERT INTO "Product" ("productId","total","typeId","image","cost","price","discount","rate","releaseDate","name") VALUES (7, 112, 1,'https://cdn.tgdd.vn/Products/Images/42/264060/samsung-galaxy-s23-9-600x600.jpg',21990000,22990000,4,4.4,'2020-09-27', N'Điện thoại Samsung Galaxy S23 5G 128GB');
INSERT INTO "ProductDetail" ("productId","screen","os","cameraBehind","cameraFront","cpu","ram","rom","battery","sim") VALUES (7,N'Dynamic AMOLED 2X, 6.1", Full HD+',N'Android 13',N'Chính 50 MP & Phụ 12 MP, 10 MP',N'12 MP',N'Snapdragon 8 Gen 2 for Galaxy', N'8 GB',N'128 GB',N'3900 mAh',N'2 Nano SIM hoặc 1 Nano SIM + 1 eSIM');
INSERT INTO "Comment"("productId","name","content","date","rate") VALUES (7,N'Nguyen tien viet',N'Có ai bị như e k. Camera trc. Gọi video rất mờ','2023-04-17',3);
INSERT INTO "Comment"("productId","name","content","date","rate") VALUES (7,N'Quyền',N'Mình mua khoảng 2 tháng giờ muốn đổi máy khác được không','2023-09-16',4);
INSERT INTO "Comment"("productId","name","content","date","rate") VALUES (7,N'Phong Le',N'Lúc tui mua có 16trieu...ma hom nay bán 22 triệu .. Mọi người nên né ra','2021-06-07',2);
INSERT INTO "Comment"("productId","name","content","date","rate") VALUES (7,N'Vũ',N'Cũng ok ,ngoài hơi nhỏ ra tì mọi thứ đều tốt','2020-12-09',5);
INSERT INTO "Comment"("productId","name","content","date","rate") VALUES (7,N'Hồ bá cường',N'Mọi thứ rất tốt ko có điểm chê,pin 3900 mak trâu không tưởng,xài rất lâu.','2020-11-14',5);
INSERT INTO "Comment"("productId","name","content","date","rate") VALUES (7,N'Hiếu',N'Sao e mua máy k thấy ưu đải Youtube Premium vậy ad','2021-07-08',4);
INSERT INTO "Comment"("productId","name","content","date","rate") VALUES (7,N'Trương Thị Hiền',N'Tốt','2021-07-10',4);
INSERT INTO "Comment"("productId","name","content","date","rate") VALUES (7,N'Trịnh Văn An',N'Không biết dùng sau có bị sọc màn như đời cũ không biết nữa. Thôi cứ dùng tạm xem thế nào. Giá cũng hơi cao hơn so với các cửa hàng khác.','2023-06-01',3);
INSERT INTO "Comment"("productId","name","content","date","rate") VALUES (7,N'Anh Sơn',N'Pin nhanh hết. Máy dễ nóng.','2022-04-28',3);
INSERT INTO "Comment"("productId","name","content","date","rate") VALUES (7,N'Nguyễn Nhật',N'Máy đẹp rất mượt và hoạt động tốt thái độ phục vụ của nhân viên đỉnh của đỉnh luôn. Tuy TGDD bán đắt hơn bên ngoài nhưng bù lại dịch vụ cực tốt hỗ trợ khách hàng khi máy gặp lỗi tuyệt vời luôn. Mãi ủng hộ TDDD','2023-01-03',5);
INSERT INTO "Comment"("productId","name","content","date","rate") VALUES (7,N'Chị Thảo',N'Chụp hình rất đẹp nha. Màn hình rất mượt','2023-05-28',5);
INSERT INTO "Comment"("productId","name","content","date","rate") VALUES (7,N'Thanh',N'👍','2023-05-18',5);
INSERT INTO "Comment"("productId","name","content","date","rate") VALUES (7,N'Nguyễn Xuân Cường',N'Tốt','2022-10-31',5);
INSERT INTO "Comment"("productId","name","content","date","rate") VALUES (7,N'hà',N'Nếu còn lần sau ...không bao giờ mua bản độc quyền nữa 🤣 vì chất lượng nó thật sự tệ hơn.mua s21 độc quyền rồi s23 nó cho thấy 1 sự hụt hẫng thất vọng...','2021-09-09',2);
INSERT INTO "Comment"("productId","name","content","date","rate") VALUES (7,N'Vinh',N'Ok','2023-04-10',5);
INSERT INTO "Comment"("productId","name","content","date","rate") VALUES (7,N'Nguyễn Đức Mạnh',N'Mình khá ấn tượng về khả năng hiển thị màn hình ngoài trời ( dù ngay giữa nắng gắt ), loa của máy nghe nhạc rất đã.','2023-06-14',5);
INSERT INTO "Comment"("productId","name","content","date","rate") VALUES (7,N'Lý Diệp Tuấn',N'Điện thoại sử dụng rất tốt','2022-10-17',5);
INSERT INTO "Comment"("productId","name","content","date","rate") VALUES (7,N'Sơn',N'Mua được 1 tuần.  Mọi thứ đều ổn trừ cảm biến siêu âm   màn hình và nhận diện khuôn mặt không nhận diện tốt lắm. Độ trễ và sai số lớn so vs dòng máy khác','2022-08-29',4);
INSERT INTO "Comment"("productId","name","content","date","rate") VALUES (7,N'Anh Linh',N'Quá tuyệt vời, nhỏ gọn mượt mà. Chụp hình nhức nách. Pin 3900 mà khỏe cực kỳ. Chơi game lại không nóng nữa.','2021-05-07',5);
INSERT INTO "Comment"("productId","name","content","date","rate") VALUES (7,N'Phúc Ngô',N'Máy nhỏ gọn cầm rất thích tay.
 Viên pin chỉ 3900 mAh nhưng tối ưu rất tốt, on screen được hơn 8 tiếng cho các tác vụ hỗn hợp (chơi game nhẹ, lướt FB, xem Youtube)
 Chip Snapdragon 8 Gen 2 mượt + mát, không gặp tình trạng nóng máy như S21.
 Màn hình Samsung thì không có gì để chê. Màu sắc rực rỡ nhìn thích mắt + 120hz cho trải nghiệm lướt mượt mà.
 
 Nhìn chung thì máy phù hợp với những bạn thích màn hình nhỏ dễ cầm nắm, sử dụng cho công việc. Còn đối với những bạn thích màn hình to, thường chơi game nhiều thì nên xem xét những dòng máy khác.','2022-09-20',5);
INSERT INTO "Comment"("productId","name","content","date","rate") VALUES (7,N'Lý Chí Thành',N'Sản phẩm rất tốt','2022-12-19',5);
INSERT INTO "Comment"("productId","name","content","date","rate") VALUES (7,N'Chiến',N'Tuyệt vời','2022-08-22',5);
INSERT INTO "Comment"("productId","name","content","date","rate") VALUES (7,N'Nguyễn Thị Tuyết Linh',N'Thích hợp với những người thích đt nhỏ vì cầm rất chắc tay, dung lượng pin nhỏ nhưng đủ xài trong ngày với những tác vụ cơ bản, còn chơi game thì phải sạc 2 lần. Lúc xài cũng không quá nóng (nhưng chơi game thì tùy 
 thể loại game). Nói chung thì mình rất ưng cái đt này.','2022-11-21',5);
INSERT INTO "Comment"("productId","name","content","date","rate") VALUES (7,N'Chị Tuyết',N'Dùng tốt','2021-06-03',4);
INSERT INTO "Comment"("productId","name","content","date","rate") VALUES (7,N'Anh Nguyên',N'hiện tại vẫn ổn','2023-10-14',4);
INSERT INTO "Comment"("productId","name","content","date","rate") VALUES (7,N'Hồ Anh Tú',N'Tốt','2021-02-07',5);
INSERT INTO "Comment"("productId","name","content","date","rate") VALUES (7,N'Nguyễn Anh Phương',N'Máy màu xinhh, chụp rất đẹp','2022-11-07',5);
INSERT INTO "Comment"("productId","name","content","date","rate") VALUES (7,N'Huỳnh văn an',N'thời lượng sử dụng pin chưa ưng ý....nhanh xuông pin','2022-05-10',4);
INSERT INTO "Comment"("productId","name","content","date","rate") VALUES (7,N'Nguyễn Tri Phương',N'','2022-06-16',4);
INSERT INTO "Comment"("productId","name","content","date","rate") VALUES (7,N'Tiến',N'','2021-08-17',5);
INSERT INTO "Comment"("productId","name","content","date","rate") VALUES (7,N'Anh Hàng',N'','2021-02-16',5);
INSERT INTO "Comment"("productId","name","content","date","rate") VALUES (7,N'Trần Thị Hồng Nguyệt',N'','2020-11-26',4);
INSERT INTO "Comment"("productId","name","content","date","rate") VALUES (7,N'Đỗ Thanh Đang',N'','2022-11-06',5);
INSERT INTO "Comment"("productId","name","content","date","rate") VALUES (7,N'Hoang Son',N'','2023-07-17',4);
INSERT INTO "Comment"("productId","name","content","date","rate") VALUES (7,N'Bùi thanh tùng',N'','2023-10-09',5);
INSERT INTO "Comment"("productId","name","content","date","rate") VALUES (7,N'Linh',N'','2023-01-20',4);
INSERT INTO "Comment"("productId","name","content","date","rate") VALUES (7,N'Anh Quyền',N'','2021-04-01',5);
INSERT INTO "Comment"("productId","name","content","date","rate") VALUES (7,N'Lưu Thu Hằng',N'','2021-05-02',5);
INSERT INTO "Comment"("productId","name","content","date","rate") VALUES (7,N'Hà Hải Long',N'','2023-06-07',5);
INSERT INTO "Comment"("productId","name","content","date","rate") VALUES (7,N'Chị Hà',N'','2023-01-28',4);
INSERT INTO "Comment"("productId","name","content","date","rate") VALUES (7,N'Chú Hồng',N'','2022-03-15',5);
INSERT INTO "Comment"("productId","name","content","date","rate") VALUES (7,N'Nguyễn Phước Duy',N'','2020-10-23',4);
INSERT INTO "Comment"("productId","name","content","date","rate") VALUES (7,N'Anh Đông',N'','2023-03-16',4);

INSERT INTO "Product" ("productId","total","typeId","image","cost","price","discount","rate","releaseDate","name") VALUES (8, 162, 1,'https://cdn.tgdd.vn/Products/Images/42/258047/samsung-galaxy-z-flip4-5g-128gb-thumb-vang-600x600.jpg',21990000,23990000,8,4.3,'2019-06-23', N'Điện thoại Samsung Galaxy Z Flip4 5G 128GB');
INSERT INTO "ProductDetail" ("productId","screen","os","cameraBehind","cameraFront","cpu","ram","rom","battery","sim") VALUES (8,N'Chính: Dynamic AMOLED 2X, Phụ: Super AMOLED, Chính 6.7" & Phụ 1.9", Full HD+',N'Android 12',N'2 camera 12 MP',N'10 MP',N'Snapdragon 8+ Gen 1', N'8 GB',N'128 GB',N'3700 mAh',N'1 Nano SIM & 1 eSIM');
INSERT INTO "Comment"("productId","name","content","date","rate") VALUES (8,N'Nguyễn Hằng',N'Máy bắt wifi hoặc xài 3g rất lag , bắt wifi ko tốt , máy cứ load lâu khi vào mạng , có được bảo hành 1 đổi 1 trong vòng tháng đầu ko ạ','2023-11-28',3);
INSERT INTO "Comment"("productId","name","content","date","rate") VALUES (8,N'Nghĩa',N'Cam ơn','2019-07-03',5);
INSERT INTO "Comment"("productId","name","content","date","rate") VALUES (8,N'Phuc Nguyen',N'Sử dụng được 8 tháng còn bảo hành, màn hình khi gập vào thì tắt nguồn. Đem bảo hành họ không chịu nói máy bị trầy chút. Thực sự máy chưa bao giờ rớt, chuyện trầy do gắn tháo ốp là bình thường hãng từ chối bảo hành, báo giá thay màn hình 6,5tr. Mình đ về mãi mãi bỏ từ điện thoại Sam Sung ra khỏi danh sách. Nói thêm trước đó xài Flip 3 cũng chưa hết bảo hành rớt cách nền nhà 50cm hư màn hình, trước nữa sài Note 5, J7 để trên đầu gối rớt cách 50cm bể thay màn hình 6tr. Trong khi iphone 14 pro max rớt chạy trên đường không sao. Với màn hình dễ bể mà bảo hành luôn kiếm lý do từ chối thì sớm muộn cũng mất thị phần.','2023-03-22',1);
INSERT INTO "Comment"("productId","name","content","date","rate") VALUES (8,N'Trâm',N'thích ạ','2022-11-09',5);
INSERT INTO "Comment"("productId","name","content","date","rate") VALUES (8,N'To Van Ty',N'rất hài lòng','2022-10-25',5);
INSERT INTO "Comment"("productId","name","content","date","rate") VALUES (8,N'Tấn',N'Ok','2021-02-27',5);
INSERT INTO "Comment"("productId","name","content","date","rate") VALUES (8,N'Nguyễn Thế Hữu',N'Hàng ok ạ','2023-03-11',4);
INSERT INTO "Comment"("productId","name","content","date","rate") VALUES (8,N'Nguyễn Hậu Nguyên Khai',N'Mua máy 18.490.000 sử dụng đến tháng thứ 5 thì hỏng cáp đem đi bảo hành, sau bảo hành dùng chưa được 4 tháng lại hỏng cáp gập thập sự rất chán','2020-11-17',1);
INSERT INTO "Comment"("productId","name","content","date","rate") VALUES (8,N'Hương',N'Giảm giá ghê quá, 2 tháng trc mua 15tr . bây giờ còn 13tr, k tin dc, quá mất giá','2020-08-29',4);
INSERT INTO "Comment"("productId","name","content","date","rate") VALUES (8,N'Phạm Anh Quốc',N'Mau hết pin quá mặc dù ko chơi game','2019-10-09',3);
INSERT INTO "Comment"("productId","name","content","date","rate") VALUES (8,N'Đ.T. S',N'Đúng 11 tháng sử dụng máy bị hư màn hình. May còn 1 tháng bảo hành. Ko thì chắc phải tốn 7trieu.','2020-01-04',3);
INSERT INTO "Comment"("productId","name","content","date","rate") VALUES (8,N'Nguyễn Tam Tiến Danh',N'Rat tot nha','2021-12-05',5);
INSERT INTO "Comment"("productId","name","content","date","rate") VALUES (8,N'BÙI XUÂN MINH',N'pin nhanh hết','2020-10-24',3);
INSERT INTO "Comment"("productId","name","content","date","rate") VALUES (8,N'Tâm',N'Ok','2022-09-02',5);
INSERT INTO "Comment"("productId","name","content","date","rate") VALUES (8,N'Anh Thiện',N'Máy dùng tốt ạ','2019-07-08',5);
INSERT INTO "Comment"("productId","name","content","date","rate") VALUES (8,N'trần quan lớn',N'máy rất ok hiện tại chưa có gì để đánh giá 5 sao','2022-01-31',5);
INSERT INTO "Comment"("productId","name","content","date","rate") VALUES (8,N'Phạm Thị Thường',N'Tuyệt vời','2019-08-19',5);
INSERT INTO "Comment"("productId","name","content","date","rate") VALUES (8,N'CÔNG TY TNHH NGUYỄN GIA TRANG HỘI AN',N'Xài rất ổn định, tốc độ ok','2023-06-21',5);
INSERT INTO "Comment"("productId","name","content","date","rate") VALUES (8,N'Nguyễn Xuân Phong',N'Đẹp.','2023-11-16',5);
INSERT INTO "Comment"("productId","name","content","date","rate") VALUES (8,N'Nguyễn Đắc Tiến',N'Sản phẩm tốt . Nhân viên nhiệt tình , dể thương','2023-05-10',4);
INSERT INTO "Comment"("productId","name","content","date","rate") VALUES (8,N'Toàn',N'Tôi cảm thấy ok','2021-06-11',5);
INSERT INTO "Comment"("productId","name","content","date","rate") VALUES (8,N'phương',N'Xài khá ổn cho tới hiện tại, hơi bất tiện khi bỏ trong túi, chỉ phù hợp vs chị em, kiểu dáng đẹp, cam tốt, loa hơi nhỏ...ổn định trong tầm giá','2020-03-11',3);
INSERT INTO "Comment"("productId","name","content","date","rate") VALUES (8,N'Chị Hà',N'Dùng ok mỗi tội dùng lâu máy nóng','2019-12-17',5);
INSERT INTO "Comment"("productId","name","content","date","rate") VALUES (8,N'Hương',N'Mình rất hài lòng về sp, chụp hình đẹp hình sắc nét, gập gọn gàng','2021-01-25',4);
INSERT INTO "Comment"("productId","name","content","date","rate") VALUES (8,N'Nguyễn Tấn Vương',N'Mua điện thoại xong một cái f88 làm phiền liên tục . lúc mua nhờ nhân viên hủy sđt hứa đã giờ f88 ngày nào cũng gọi đt vay.','2022-05-27',2);
INSERT INTO "Comment"("productId","name","content","date","rate") VALUES (8,N'Chị Khánh',N'Máy đẹp , nhỏ gọn 
 Hiện tại mình dùng thì chưa thấy có vấn đề gì','2023-10-13',4);
INSERT INTO "Comment"("productId","name","content","date","rate") VALUES (8,N'BỐ NGUYỄN KIM LONG',N'Sản phẩm rất tốt,các bạn nv rất nhiệt tình','2021-10-10',5);
INSERT INTO "Comment"("productId","name","content","date","rate") VALUES (8,N'Nguyễn Thị Kim Oanh',N'ok','2022-03-18',5);
INSERT INTO "Comment"("productId","name","content","date","rate") VALUES (8,N'Em Hậu',N'ok','2019-08-23',4);
INSERT INTO "Comment"("productId","name","content","date","rate") VALUES (8,N'Lê Xuân Vinh',N'Tôi mua máy đã qua sử dụng, vết trầy rất ít, nhân viên TGDD hướng dẫn và hỗ trợ tôi kiểm tra máy rất kỹ. 
 Máy tuy đã qua sử dụng nhưng sử dụng rất tốt, không thấy lỗi, và máy rất đẹp
 Tôi rất thích cách mà nhân viên TGDD ứng xử với khách mua hàng, từ người mua iphone mới nhất đến người mua nokia rẻ nhất, vẫn được hướng dẫn, hỗ trợ như nhau','2022-04-20',5);
INSERT INTO "Comment"("productId","name","content","date","rate") VALUES (8,N'An',N'Ok','2021-08-20',5);
INSERT INTO "Comment"("productId","name","content","date","rate") VALUES (8,N'Chị Nhi',N'Máy hơi nóng khi xạc pin, hay bị treo ứng dụng messenger. Âm thanh ấm','2021-01-20',5);
INSERT INTO "Comment"("productId","name","content","date","rate") VALUES (8,N'Hiệp',N'Tot','2020-09-28',5);
INSERT INTO "Comment"("productId","name","content","date","rate") VALUES (8,N'Nguyễn Thị Hương Trầm',N'Đẹp. Sắc nét. Xứng đáng để mua!','2021-06-14',5);
INSERT INTO "Comment"("productId","name","content","date","rate") VALUES (8,N'Võ Trường Sơn',N'Mình chung sản phẩm chạy tốt, mượt,','2019-11-04',4);
INSERT INTO "Comment"("productId","name","content","date","rate") VALUES (8,N'BÙI VĂN LONG',N'Thao tác nhẹ nhàng khi gập mở, tính năng màn hình chia tự động nhạy','2021-03-08',5);
INSERT INTO "Comment"("productId","name","content","date","rate") VALUES (8,N'Đinh Ngọc Sơn',N'Máy ok nv bán hàng chu đáo phục vụ khách','2022-02-21',5);
INSERT INTO "Comment"("productId","name","content","date","rate") VALUES (8,N'Trương Thu Hà',N'Máy xinh, nhân viên nhiệt tình 5 sao an','2021-11-05',5);
INSERT INTO "Comment"("productId","name","content","date","rate") VALUES (8,N'Trân quoc toan',N'Moi mua nghe pin nhanh het,ai ngo pin rât trâu hên gê','2019-12-14',5);
INSERT INTO "Comment"("productId","name","content","date","rate") VALUES (8,N'Thương',N'Bình thường','2022-07-23',3);
INSERT INTO "Comment"("productId","name","content","date","rate") VALUES (8,N'MAI',N'Rat tốt','2023-01-09',4);
INSERT INTO "Comment"("productId","name","content","date","rate") VALUES (8,N'Nguyễn thị mai ',N'Điện thoại rất nhanh nóng.  Đặc biệt lúc xạc pin nóng như sắp nổ dt','2023-10-17',3);
INSERT INTO "Comment"("productId","name","content","date","rate") VALUES (8,N'LONG',N'Mới xài thấy rất OK','2020-03-25',4);
INSERT INTO "Comment"("productId","name","content","date","rate") VALUES (8,N'TUẤN',N'Máy bị lỗi khuôn mặt. Lúc nhận lúc không. 
 Lắp 2 sik vào thì bị đơ. Chậm','2020-05-20',2);
INSERT INTO "Comment"("productId","name","content","date","rate") VALUES (8,N'HÙNG',N'Tốt','2022-06-17',4);
INSERT INTO "Comment"("productId","name","content","date","rate") VALUES (8,N'THẮNG',N'Điện thoại cực nhah hết pin ngày xạc 2.3 lần','2023-05-14',2);
INSERT INTO "Comment"("productId","name","content","date","rate") VALUES (8,N'VÂN',N'Máy đẹp. Ốp đẹp. Không hết pin nhanh như mọi người nghĩ đâu.','2023-05-03',4);
INSERT INTO "Comment"("productId","name","content","date","rate") VALUES (8,N'LINH',N'Mình tháy dùng cũng đươc.thích kiêu gập và màu tím','2022-03-21',4);
INSERT INTO "Comment"("productId","name","content","date","rate") VALUES (8,N'TÙNG',N'Tôi muốn đặt thêm hai mấy. Có tặng đồng hồ','2022-06-28',5);
INSERT INTO "Comment"("productId","name","content","date","rate") VALUES (8,N'Nhân',N'Khá tốt nhưng bản lề hơi cứng','2019-11-21',5);
INSERT INTO "Comment"("productId","name","content","date","rate") VALUES (8,N'TRẦN THỊ THANH THÚY',N'Rất tot','2021-08-24',5);
INSERT INTO "Comment"("productId","name","content","date","rate") VALUES (8,N'TRANG',N'Rất tốt','2020-12-24',5);
INSERT INTO "Comment"("productId","name","content","date","rate") VALUES (8,N'HẢI',N'Hài long với cửa hàng, luôn có thái độ tốt với bất cứ khách nào vào cửa hàng, đều đc nv hỗ trợi nhiệt tình','2022-03-17',4);
INSERT INTO "Comment"("productId","name","content","date","rate") VALUES (8,N'Nguyễn như ân',N'Sản phẩm tốt . Bạn nhân viên tên Kha hỗ trợ nhiệt tình','2020-02-10',5);
INSERT INTO "Comment"("productId","name","content","date","rate") VALUES (8,N'Lê Thị Thúy Kiều',N'Mình dùng bản 128GB. MÀU Đẹp, thiết kế sang, lạ, độc đáo. Pin đủ dùng 24 tiếng. Đối với mình như vậy là quá tốt rồi.','2023-05-21',5);
INSERT INTO "Comment"("productId","name","content","date","rate") VALUES (8,N'Lý Anh Sang',N'Máy nhiều tiền mà sử dụng đc 10p là bị nóng đã đổi 1 lần rồi mà cũng vậy','2021-07-13',2);
INSERT INTO "Comment"("productId","name","content","date","rate") VALUES (8,N'MINH',N'Dùng sướng. Lên đời từ zflip3 thấy đáng đồng tiền lắm','2020-05-05',5);
INSERT INTO "Comment"("productId","name","content","date","rate") VALUES (8,N'TRANG',N'Good','2021-12-02',5);
INSERT INTO "Comment"("productId","name","content","date","rate") VALUES (8,N'Nguyễn Thảo',N'Nhỏ gọn, xài mướt chụp ảnh rõ nét đẹp, pin cucg khá ổn xài đc nữa ngày, nói chung là ok','2022-02-25',5);
INSERT INTO "Comment"("productId","name","content","date","rate") VALUES (8,N'TUYỀN',N'Đt đẹp','2020-04-19',5);
INSERT INTO "Comment"("productId","name","content","date","rate") VALUES (8,N'HAI',N'Tôt','2021-08-23',5);
INSERT INTO "Comment"("productId","name","content","date","rate") VALUES (8,N'NGUYÊN',N'Rất đẹp, mua được giá có nhiều khuyến mãi nên rất ưng ý.','2020-07-07',5);
INSERT INTO "Comment"("productId","name","content","date","rate") VALUES (8,N'HƯNG',N'Sản phẩm đẹp ạ','2022-03-23',5);
INSERT INTO "Comment"("productId","name","content","date","rate") VALUES (8,N'Hồ Thị Vui',N'OK hết','2021-09-28',5);
INSERT INTO "Comment"("productId","name","content","date","rate") VALUES (8,N'Văn',N'Good','2023-02-06',5);
INSERT INTO "Comment"("productId","name","content","date","rate") VALUES (8,N'Nguyễn Thị Sáng',N'Tạm thời máy dùng rất ổn, mượt, pin rất trâu, chụp ảnh đẹp','2022-10-04',4);
INSERT INTO "Comment"("productId","name","content","date","rate") VALUES (8,N'Nguyễn Thị Nha Trang',N'Điện  thoại  rất  đẹp gấp lại rất gọn rất ưng  ý','2022-09-21',5);
INSERT INTO "Comment"("productId","name","content","date","rate") VALUES (8,N'DƯƠNG THÙY TRANG',N'🥰🥰🥰🥰','2021-10-22',5);
INSERT INTO "Comment"("productId","name","content","date","rate") VALUES (8,N'PHAN THỊ LÊ',N'Tốt','2019-07-01',4);
INSERT INTO "Comment"("productId","name","content","date","rate") VALUES (8,N'NGUYỄN THÁI DƯƠNG',N'Trải nghiệm rất thú vị khi chuyển từ Iphone sang Samsung trên chiếc máy này !','2020-07-06',5);
INSERT INTO "Comment"("productId","name","content","date","rate") VALUES (8,N'Hà Nhật Mai',N'Thật sự sp rất đẹp và ổn áp. Đúng là như mọi người đã nói, pin tụt nhanh. Nhưng cũng dễ hiểu vì ss có quá nhiều chức năng, hình ảnh và hiển thị rất đa màu sắc nên tốn khá nhiều pin dù để không không sử dụng vẫn tụt. Nhưng chung quy thì vẫn là 1 sản phẩm tốt. Khuyến cáo ai chơi game không nên sử dụng l.','2021-04-23',4);
INSERT INTO "Comment"("productId","name","content","date","rate") VALUES (8,N'Lâm Nguyễn Phương Loan',N'Bạn nữ nào thích thì mua thôi, gọn, xinh, máy mượt, chụp ảnh ok, nét, nhiều cái hay hay. Với lại ra đường nhiều người chú ý dt gì lạ vậy','2021-02-18',5);
INSERT INTO "Comment"("productId","name","content","date","rate") VALUES (8,N'Trần Huyền Trang',N'Đẹp, mượt, linh hoạt','2022-10-12',5);
INSERT INTO "Comment"("productId","name","content","date","rate") VALUES (8,N'C Trần',N'Pin vẫn nhanh hết, dùng tỪ 7h đến 17h là hết rùi.','2022-04-11',3);
INSERT INTO "Comment"("productId","name","content","date","rate") VALUES (8,N'VÂN',N'','2023-05-19',3);
INSERT INTO "Comment"("productId","name","content","date","rate") VALUES (8,N'DƯƠNG THỊ QUỲNH',N'','2023-08-31',5);
INSERT INTO "Comment"("productId","name","content","date","rate") VALUES (8,N'A huân',N'','2020-11-06',3);
INSERT INTO "Comment"("productId","name","content","date","rate") VALUES (8,N'Nguyễn Thị Hà Tiên',N'','2019-09-27',3);
INSERT INTO "Comment"("productId","name","content","date","rate") VALUES (8,N'LÊ THỊ DUYÊN',N'','2023-10-21',4);
INSERT INTO "Comment"("productId","name","content","date","rate") VALUES (8,N'Bùi Minh Toàn',N'','2019-08-22',4);
INSERT INTO "Comment"("productId","name","content","date","rate") VALUES (8,N'Trần Văn Hùng',N'','2020-08-09',5);
INSERT INTO "Comment"("productId","name","content","date","rate") VALUES (8,N'A Thanh',N'','2023-11-06',5);
INSERT INTO "Comment"("productId","name","content","date","rate") VALUES (8,N'Phượng',N'','2023-01-09',3);
INSERT INTO "Comment"("productId","name","content","date","rate") VALUES (8,N'Anh Sáng',N'','2021-02-17',4);
INSERT INTO "Comment"("productId","name","content","date","rate") VALUES (8,N'Trương Thanh Đồng',N'','2022-03-09',5);
INSERT INTO "Comment"("productId","name","content","date","rate") VALUES (8,N'Nguyen Van Thanh',N'','2021-05-24',4);
INSERT INTO "Comment"("productId","name","content","date","rate") VALUES (8,N'Trương Thanh Đồng',N'','2022-08-24',5);
INSERT INTO "Comment"("productId","name","content","date","rate") VALUES (8,N'Anh Mạnh',N'','2020-08-31',5);
INSERT INTO "Comment"("productId","name","content","date","rate") VALUES (8,N'Nguyễn Quốc Hùng',N'','2019-08-18',5);
INSERT INTO "Comment"("productId","name","content","date","rate") VALUES (8,N'CAO DUY VƯƠNG',N'','2019-06-27',4);
INSERT INTO "Comment"("productId","name","content","date","rate") VALUES (8,N'Vo Minh Dat',N'Phu kiên khó mua','2019-10-06',3);
INSERT INTO "Comment"("productId","name","content","date","rate") VALUES (8,N'Xuyên',N'','2022-10-25',3);
INSERT INTO "Comment"("productId","name","content","date","rate") VALUES (8,N'Trương Mạnh Giang',N'','2020-04-19',4);
INSERT INTO "Comment"("productId","name","content","date","rate") VALUES (8,N'Em Diễm Phúc',N'','2020-10-08',5);
INSERT INTO "Comment"("productId","name","content","date","rate") VALUES (8,N'Hoàng Duy Khánh',N'','2023-01-14',5);
INSERT INTO "Comment"("productId","name","content","date","rate") VALUES (8,N'PHẠM THỊ NGỌC LAN',N'','2020-06-04',5);
INSERT INTO "Comment"("productId","name","content","date","rate") VALUES (8,N'Anh Lộc',N'','2023-09-08',4);
INSERT INTO "Comment"("productId","name","content","date","rate") VALUES (8,N'Nguyễn Mai Thư',N'','2022-10-28',3);
INSERT INTO "Comment"("productId","name","content","date","rate") VALUES (8,N'PHONG',N'','2022-11-05',5);
INSERT INTO "Comment"("productId","name","content","date","rate") VALUES (8,N'LỢI',N'','2022-12-29',4);
INSERT INTO "Comment"("productId","name","content","date","rate") VALUES (8,N'THÀNH',N'','2019-07-11',5);
INSERT INTO "Comment"("productId","name","content","date","rate") VALUES (8,N'HUYỀN',N'','2020-11-08',4);
INSERT INTO "Comment"("productId","name","content","date","rate") VALUES (8,N'TOÀN',N'','2020-09-04',5);
INSERT INTO "Comment"("productId","name","content","date","rate") VALUES (8,N'Chị Nga',N'','2021-06-20',4);
INSERT INTO "Comment"("productId","name","content","date","rate") VALUES (8,N'Cô Dung',N'','2022-08-19',5);
INSERT INTO "Comment"("productId","name","content","date","rate") VALUES (8,N'NHÀN',N'','2020-08-10',5);
INSERT INTO "Comment"("productId","name","content","date","rate") VALUES (8,N'NGUYỄN THỊ NHIÊN',N'','2023-04-02',4);
INSERT INTO "Comment"("productId","name","content","date","rate") VALUES (8,N'Mích',N'','2023-02-03',4);

INSERT INTO "Product" ("productId","total","typeId","image","cost","price","discount","rate","releaseDate","name") VALUES (9, 85, 1,'https://cdn.tgdd.vn/Products/Images/42/275953/samsung-galaxy-m54-bac-thumb-600x600.jpg',9990000,11990000,12,3.7,'2019-05-30', N'Điện thoại Samsung Galaxy M54 5G');
INSERT INTO "ProductDetail" ("productId","screen","os","cameraBehind","cameraFront","cpu","ram","rom","battery","sim") VALUES (9,N'Super AMOLED Plus, 6.7", Full HD+',N'Android 13',N'Chính 108 MP & Phụ 8 MP, 2 MP',N'32 MP',N'Exynos 1380 8 nhân', N'8 GB',N'256 GB',N'6000 mAh',N'2 Nano SIM (SIM 2 chung khe thẻ nhớ)');
INSERT INTO "Comment"("productId","name","content","date","rate") VALUES (9,N'Huy',N'máy chạy ổ định, pin tốt','2022-02-24',5);
INSERT INTO "Comment"("productId","name","content","date","rate") VALUES (9,N'luận',N'Máy dùng ổn tuy nhiên hay tự động tắt nguồn và không dùng ứng dụng gì cũng hao pin','2020-12-05',5);
INSERT INTO "Comment"("productId","name","content","date","rate") VALUES (9,N'Trần Thành',N'','2021-10-30',1);

INSERT INTO "Product" ("productId","total","typeId","image","cost","price","discount","rate","releaseDate","name") VALUES (10, 96, 1,'https://cdn.tgdd.vn/Products/Images/42/267211/Samsung-Galaxy-S21-FE-vang-1-2-600x600.jpg',8990000,12990000,26,3.5,'2021-01-10', N'Điện thoại Samsung Galaxy S21 FE 5G (6GB/128GB)');
INSERT INTO "ProductDetail" ("productId","screen","os","cameraBehind","cameraFront","cpu","ram","rom","battery","sim") VALUES (10,N'Dynamic AMOLED 2X, 6.4", Full HD+',N'Android 12',N'Chính 12 MP & Phụ 12 MP, 8 MP',N'32 MP',N'Exynos 2100', N'6 GB',N'128 GB',N'4500 mAh',N'2 Nano SIM');
INSERT INTO "Comment"("productId","name","content","date","rate") VALUES (10,N'Võ Thanh Tùng',N'Mới mua hôm qua dùng mới có 1 ngày mà cảm thấy quá tệ bỏ số tiền cũng kha khá . Máy chỉ dùng lướt facebook mà nóng quá nóng ko hiểu lý do gì , giờ cũng chẵng biết làm sao chẵng lẽ trả lại mất 20% phí mới dùng có 1 ngày sao trời . Máy cứ hễ cầm lên lướt facebook là đã nóng liền . Máy mới 1 ngày sạc tới 2 lần quá làng tệ quá tệ điện máy xanh ơi . Giờ có cách nào xử lý trường hợp này ko đây , chứ trời mùa lạnh mà nóng kiểu ni chắc mua hè máy nóng phỏng tay quá đi . Có ai hỗ trợ tui không','2023-02-05',1);
INSERT INTO "Comment"("productId","name","content","date","rate") VALUES (10,N'Hồ Tiến Tài',N'Nhanh hết pin quá','2022-05-19',2);
INSERT INTO "Comment"("productId","name","content","date","rate") VALUES (10,N'Diệp Sơn Đại',N'Mình mất lòng tin với samsung và tgdd từ sản phẩm S21 FE này','2022-12-30',1);
INSERT INTO "Comment"("productId","name","content","date","rate") VALUES (10,N'Trịnh Hồng Thái',N'Đánh giá máy rất rất rất tệ,xài giật lác,chưa gì hư camera phải đi bảo hành là ko vui rồi,rồi nay bị hở màn hình,bỏ ra số tiền như vậy ăn rồi đi sửa bảo hành ,đem trả lại mất phí cao giá thu lại quá bèo,nhắn tin thgdd nói chung chung chả giải quyết thỏa đáng,mà mình nhỏ bé chả làm gì được nên thôi coi như xui xẻo ,,,','2022-04-01',1);
INSERT INTO "Comment"("productId","name","content","date","rate") VALUES (10,N'Nguyên lâm',N'Máy trong trình trạng nóng máy, hao pin,treo máy nhiều khi mất sóng gọi không được, đem ra TGDD xử lí thì phải chịu mất phí, mọi người nên cân nhắc trước khi mua sản phẩm này','2022-02-05',1);
INSERT INTO "Comment"("productId","name","content","date","rate") VALUES (10,N'Tuan',N'Mua về chưa đầy  1 ngay máy lỗi ra tra lại trong khi siêu thị k có may nào tương tự để đổi máy thế là đành trả máy bị mất phí 10% lãng xẹt mua về không dùng được mà con bị máy hơn 800 trăm ngàn','2022-10-18',1);
INSERT INTO "Comment"("productId","name","content","date","rate") VALUES (10,N'Văn Trường',N'Con này mới mua về nó tuột Pin nhanh và nóng lắm, AE sài 45 tháng và thường cập nhật cho máy nó là khắc phục được 2 lỗi đó giờ mình thấy khá ổn','2023-05-26',4);
INSERT INTO "Comment"("productId","name","content","date","rate") VALUES (10,N'Tan',N'Mình dùng 1 ngày phải sạc hơn 2 lần, vào mạng thì cũng kém, thua cái oppo 3tr của mình lúc trước nữa.','2021-04-24',1);
INSERT INTO "Comment"("productId","name","content","date","rate") VALUES (10,N'Anh tài',N'Sản phẩm k đáng mua pin kém vào mạng kém.máy chỉ bằng máy tầm 5 đến 6 tr thôi.nên mua máy khác dùng tốt hơn','2022-09-26',2);
INSERT INTO "Comment"("productId","name","content","date","rate") VALUES (10,N'Lưu văn phong',N'Sp dùng ok','2021-02-06',5);
INSERT INTO "Comment"("productId","name","content","date","rate") VALUES (10,N'TRẦN VĂN ĐOÀN',N'Điện thoại dùng rất tốt với tầm giá.','2022-07-29',5);
INSERT INTO "Comment"("productId","name","content","date","rate") VALUES (10,N'Lê Trường',N'Tui mua sài cũng đã 2 tháng nay , trước khi mua cũng xem nhiều bình luận trái chiều , nhưng tui vẫn quyết định mua về sài , kết quả là chán thật , thua con A6 củ của tôi , không mượt mà chút nào , tui bán hàng online nên chỉ dùng nghe gọi , fb zalo , phần messenger thì chán vãi , khách nhắn tin không nhận được , mình nhắn khách thì máy cứ báo kết nối mạng , phải 1 hồi lâu thì , mới kết nối được với khách , cảm giác mua con dế gần 10 củ , thua máy đã sài rồi chán thật sự','2021-11-15',2);
INSERT INTO "Comment"("productId","name","content","date","rate") VALUES (10,N'Lê Phát',N'Sợ vãi, có tìm hiểu cái máy này rồi thấy nói nóng pin nhưng đọc thì chấp nhận điều đó, nhưng về lần đầu tiên sử dụng gọi zalo vọng tiếng đau hết cả óc, không bằng cái 1tr, chừa luôn.','2021-12-14',1);
INSERT INTO "Comment"("productId","name","content","date","rate") VALUES (10,N'Nguyễn luân',N'Sao 1 thág trãi ngiệm thì hơi thất vọg về bin e này xạc đầy sử dụg tác vụ thôg thườg k có chơi 1 tựa gem nào.bin trụ được 7.tới 8 tiếg..ngoài ra thiết kế đẹp.nhỏ gọn cầm rất chắc tay..loa nge ngac hay cam chụp đẹp ổn..xài chíp exynot 2100 xài lâu lâu hơi nóg nhẹ.củg có lag nhẹ..nói trug trog tầm giá 10 củ mà được cam chup đẹp ổn trog tác vụ hằg ngày hịu năg củg kha ok..được ip68 nửa hết nc chấm.ai khắc khe về gem quá thì k nên chọn e này','2023-06-23',4);
INSERT INTO "Comment"("productId","name","content","date","rate") VALUES (10,N'Nguyễn sỹ bắc',N'Máy chơi 1 chút nóng gây dậy lác','2023-02-01',1);
INSERT INTO "Comment"("productId","name","content","date","rate") VALUES (10,N'Huy',N'Tiền nào của đấy thoi','2023-11-25',3);
INSERT INTO "Comment"("productId","name","content","date","rate") VALUES (10,N'Pham Thi Mai Anh',N'Ra OK','2021-09-05',4);
INSERT INTO "Comment"("productId","name","content","date","rate") VALUES (10,N'Nguyên',N'điện thoại rất ổn, mượt mà, khóa vân tay trên màn hình nên mở khóa rất thoải mái, pin ổn, tắt đc hẳn mấy cái này nọ để không tốn pin. có điều là điện thoại chạy android 13 thành ra có nhiều cái không quen, khó chịu + nhiều cái bị OS hạn chế + nhiều cái app trên android 13 dở chứng bắt phải set bảo mật này nọ. tóm lại máy ngon, đáng đồng tiền nhưng xài không quen vì sống trong android 9 mấy năm rồi','2021-09-05',4);
INSERT INTO "Comment"("productId","name","content","date","rate") VALUES (10,N'Long truong',N'Dùng thấy nản vãi máy nhanh hết pin chơi game tý nóng máy giật lag tối sạc pin đầy ngủ sáng thấy tụt cả 10% pin haizzz','2021-03-21',1);
INSERT INTO "Comment"("productId","name","content","date","rate") VALUES (10,N'Đức Tài',N'Dùng được 6 tháng mình cảm thấy điện thoại không ổn định cho lắm cụ thể Bật tiktokfacebook...có âm thanh sau khi tắt ứng dụngxóa phần Ram ứng dụng máy vẫn treo tiếng âm thanh đó chạy ở đâu ầm ầm không biết Bật mỗi camera lên là nóng máy nhảy giựt lênnhiều lúc đang gọi messeger mà bật camera là tắt luôn cuộc gọi.Máy hay nóng giật langkhông ổn định.Không hiểu sao chất lượng nhựa ở sau lưng điện thoại ntn mà chỗ cạnh vát vát của camera lại nứt được.Bản Ram 6/128GB.Dùng Samsung cũng bản cận flaship mà bị lỗi như vậy.Ưu điểm. Gọn gàng Đẹp dễ thao tác Phù hợp với việc nghe gọi','2021-08-28',2);
INSERT INTO "Comment"("productId","name","content","date","rate") VALUES (10,N'Huỳnh Thị Bạch Tuyết',N'Mới mua nên cũng chưa biết sao. Tạm thời thì ổn đẹp gọn vừa tay cầm máy chạy mượt chỉ buồn cái là trên trang thế giới di động để giá 9790k còn mình mua tại cửa hàng thì 9990k.','2023-06-19',4);
INSERT INTO "Comment"("productId","name","content","date","rate") VALUES (10,N'Tô Thanh Đạm',N'điện thoại tốt nhưng khi sạc máy nóng nhanh quá','2021-09-27',5);
INSERT INTO "Comment"("productId","name","content","date","rate") VALUES (10,N'Lượm',N'Máy cả chục củ mà nóng máy nhanh hết pin.chơi game lagsạc thì chập chờn','2023-03-20',2);
INSERT INTO "Comment"("productId","name","content","date","rate") VALUES (10,N'nguyễn nam',N'pin tụt quá tụt luôn để qua đêm tụi cả chục % sợ thật','2021-10-22',3);
INSERT INTO "Comment"("productId","name","content","date","rate") VALUES (10,N'Phạm văn Dũng',N'Tôi đọc tài liệu trên S21 Fe ko thấymoir mắt như đọc trên máy tính và đt cũ. Màn hình thật tuyệt vời. Tôi kết nhất con máy này. Nó thật tuyệt vời','2022-03-09',4);
INSERT INTO "Comment"("productId","name","content","date","rate") VALUES (10,N'Nguyễn nghĩa sơn',N'Máy bin rất kém.ko nên mua','2021-03-04',2);
INSERT INTO "Comment"("productId","name","content","date","rate") VALUES (10,N'La Lan',N'Trc khi mua đọc nhiều bình luận k tích cực lắm. Đặc biệt nhiều ng kêu pin hết nhanh cứ nghĩ chắc chơi game hay xem phim liên tục mới hết nhanh vậy mà mình chỉ thi thoảng cầm lên xem tn zalo lướt fb... cũng chỉ đc 1 ngày là hết sạch pin. Mình gắn bó với đt ss gần 2 chục năm nay nhưng lần này mua thấy phát cáu k củ sạc k ốp k tai nghe k miếng dán màn hình luôn. Mua riêng củ sạc mất gần 400k ốp với miếng dán thì chạy vòng2 khắp nơi tìm mua k có luôn. Mua ốp theo sp thì cũng hơn 400k. Giá gì mà cắt cổ vậy trời','2021-07-05',3);
INSERT INTO "Comment"("productId","name","content","date","rate") VALUES (10,N'Nguyễn Mạnh An',N'Pin hao nhanh quá','2023-09-30',2);
INSERT INTO "Comment"("productId","name","content","date","rate") VALUES (10,N'Phúc',N'Sạc chậm chụp hình có lúc bị đơ và lag','2022-07-19',3);
INSERT INTO "Comment"("productId","name","content","date","rate") VALUES (10,N'Dương Thành Đạt',N'Máy mới dùng 2 ngày tuột pin quá nhanh bật điểm truy cập thì rất nóng và hay bị lag','2021-11-01',1);
INSERT INTO "Comment"("productId","name","content","date","rate") VALUES (10,N'Toàn nguyễn',N'Đúng phát ship mượt pin trâu','2021-01-26',5);
INSERT INTO "Comment"("productId","name","content","date","rate") VALUES (10,N'Nguyễn Văn Mừng',N'Ok','2022-08-14',5);
INSERT INTO "Comment"("productId","name","content","date","rate") VALUES (10,N'Phạm duy chiến',N'Máy dùng khá ổn so với giá.','2022-10-04',5);
INSERT INTO "Comment"("productId","name","content","date","rate") VALUES (10,N'THANH THẢO',N'Tôi mua máy tầm nửa tháng. Xài hao pin khủng khiếp chụp hình hay bị lag. Tôi muốn đổi sang dòng samsung khác với tình trạng máy cũ là không lỗi thì TGDD thu vào là 80% trị giá máy ban đầu fk ạ','2023-04-14',3);
INSERT INTO "Comment"("productId","name","content","date","rate") VALUES (10,N'Chính',N'Cho mình hỏi sao phiên bản này lại có giá cao hơn 8gb/128 có nhầm ko ad','2021-09-04',5);
INSERT INTO "Comment"("productId","name","content","date","rate") VALUES (10,N'Nguyen dong',N'Muốn xài ĐT thông minh thì phãi biết tối ưu hóa pin,  xài lâu hết thì vào cài đặc - chăm sóc pin và thiết bị- giới hạn ứng dụng và tích vào dấu cộng đễ thêm những ứng dụng k dùng đến . Chứ k bít xài rồi lại đổi phiền và phí.','2023-04-01',5);
INSERT INTO "Comment"("productId","name","content","date","rate") VALUES (10,N'LÊ THỊ HƯƠNG LIỄU',N'Điện thoại bị lỗi giác xạc cũng mang bán.. mua dt xong nản thiệt','2021-12-29',1);
INSERT INTO "Comment"("productId","name","content","date","rate") VALUES (10,N'Lam thanh ',N'Đt xài mau nóng  ít sử dụng hay không sd nhiều ứng dụng 1 lần. Nhưng khoảng 30phút thì nóng máy','2023-04-28',3);
INSERT INTO "Comment"("productId","name","content","date","rate") VALUES (10,N'Võ Duy Thông',N'Sản phẩm tôt','2022-07-09',5);
INSERT INTO "Comment"("productId","name","content","date","rate") VALUES (10,N'Nhung',N'Nhân viên nhiệt tình .','2021-02-10',4);
INSERT INTO "Comment"("productId","name","content","date","rate") VALUES (10,N'Trường Giang',N'Xài ổn trong tầm giá','2021-10-27',5);
INSERT INTO "Comment"("productId","name","content","date","rate") VALUES (10,N'Nguyễn Thị Hoài Phương',N'Vào liên quân màn hình tối đen mãi không vào được','2023-04-20',2);
INSERT INTO "Comment"("productId","name","content","date","rate") VALUES (10,N'Ngô Thị Kim Chi',N'Điện thoại mau hết pin quá. Xài lag và tự động tắt vài cái mình đã bật. Xài rất mất thời gian','2021-01-14',2);
INSERT INTO "Comment"("productId","name","content","date","rate") VALUES (10,N'Hà Cảnh Thiên',N'Trước tiên, như mọi khi thì nhân viên nhiệt tình và giúp đỡ chu đáo :)))
 Về tốt, có rất nhiều như: Mượt mà khi mát mẻ, chất lượng video cao khi quay, màn hình nét và 120hz với HDR, viền đẹp, sờ sướng, chạy sẵn Android 13 với One UI 5.1, cổng sạc nhanh 25W, và USB 3.0, có 5G nhưng chưa dùng đến, vuốt chạm cử chỉ nhanh, cài được nhiều app, khoẻ, mic tốt, loa tốt, cả 2 đều stereo,...
 Còn nhược điểm thì không kém cạnh: Máy rất nóng, rất nóng. Nóng vẫn mượt nhưng chạm vào bỏng tay. Pin 4500 hao nhanh hơn cả A03s tận 3h. Ứng dụng Camera rất lag, nhất là vào 1080p@120fps Pro và Slo-mo, không ưng được. Không có khay SD. Đôi lúc tốc độ máy chậm do máy nóng. Đèn flash không tắt hoàn toàn, nếu để ý kỹ khi ở nơi tối. Cảm biến tiệm cận ở vị trí khó hiểu. Cảm biến chạm nhầm không tốt. Nhiều cái không ưng ý cực kỳ, nhưng hơn máy cũ vẫn đỡ hơn. Nói chung là tạm không ưng.','2023-10-28',2);
INSERT INTO "Comment"("productId","name","content","date","rate") VALUES (10,N'Dũng',N'Máy dùng rất ok','2021-11-25',4);
INSERT INTO "Comment"("productId","name","content","date","rate") VALUES (10,N'TRẦN THỊ THÚY HẰNG',N'Màu hết  pin','2021-06-20',4);
INSERT INTO "Comment"("productId","name","content","date","rate") VALUES (10,N'Anh Trung',N'Điện thoại mau hết pin, máy đôi lúc nóng bất thường. Đem sản phẩm đến ĐMX muốn đổi or bán lại nhưng không được vì bảo sản phẩm bị trầy. Hứa không mua ở ĐMX or TGDĐ nữa','2021-08-10',2);
INSERT INTO "Comment"("productId","name","content","date","rate") VALUES (10,N'Anh Man',N'mỗi tội lúc dùng thì nóng máy','2023-05-25',3);
INSERT INTO "Comment"("productId","name","content","date","rate") VALUES (10,N'Nguyên hùng ',N'Máy dùng khá nóng  load nhiều cái chậm','2023-12-14',2);
INSERT INTO "Comment"("productId","name","content","date","rate") VALUES (10,N'Chu Đức Thành',N'Tạm thời thấy khá ổn .','2021-10-11',5);
INSERT INTO "Comment"("productId","name","content","date","rate") VALUES (10,N'Đặng Tú',N'ĐT mới mua được hơn 10 ngày, ko sử dụng,ko mạng ko WiFi,ko ứng dụng ngầm, bật tiết kiệm pin, 2 tiếng hao 6% là hao pin dữ ko ad?','2021-06-10',3);
INSERT INTO "Comment"("productId","name","content","date","rate") VALUES (10,N'Lò Văn Thanh',N'Các dịch vụ mọi thứ đều rất tốt','2023-05-25',5);
INSERT INTO "Comment"("productId","name","content","date","rate") VALUES (10,N'Nguyễn Anh Dũng ',N'mua về thì bảo hành hết 3 lần , máy thì yếu sài xíu nóng máy','2022-03-12',3);
INSERT INTO "Comment"("productId","name","content","date","rate") VALUES (10,N'Nguyễn Minh Mẫn',N'Sản phẩm sài rất oke','2023-07-13',5);
INSERT INTO "Comment"("productId","name","content","date","rate") VALUES (10,N'Trần Quốc Bảo',N'Sản phẩm dùng tốt trong tầm giá','2021-02-26',5);
INSERT INTO "Comment"("productId","name","content","date","rate") VALUES (10,N'Hoàng Thắng',N'Mới mua được 1 tuần cảm thấy pin rất nhanh hết qua đêm mất 6%. Dùng 1 tiếng mất 40% K biết có phải sam sung sản xuất kém chất lượng ở thị trường việt nam hay không. Đọc bình luận các dòng máy đa số pin kém cũng k biết đổi sang mã nào sam sung được. Có lẽ muốn mình đổ sang oppo đây','2022-10-09',1);
INSERT INTO "Comment"("productId","name","content","date","rate") VALUES (10,N'Lê tuấn anh',N'Máy đẹp như mới… nhân viên tư vấn nhiệt tình.','2021-10-27',5);
INSERT INTO "Comment"("productId","name","content","date","rate") VALUES (10,N'Trần Hiệp',N'Pin khá yếu, tầm 5 tiếng, các ứng dụng tối ưu kém, hay bị lỗi đơ màn hình khi dùng messenger. Chụp hình khá, máy nhanh nóng khi chơi game.','2023-04-25',3);
INSERT INTO "Comment"("productId","name","content","date","rate") VALUES (10,N'Cô Hương',N'Cảm tưởng mọi chức năng khá tốt trừ pin xuống mau và sạc hơi chậm.','2022-03-30',4);
INSERT INTO "Comment"("productId","name","content","date","rate") VALUES (10,N'Lý Nguyễn Xuân Vinh',N'Mới mua 2 ngày trả lại tgdd luôn vì máy nóng và mau hết pin. Lag kinh khủng','2021-11-14',1);
INSERT INTO "Comment"("productId","name","content","date","rate") VALUES (10,N'HỒ HỮU TÍNH',N'TVBH rất thân thiện nhiệt tình','2023-05-01',5);
INSERT INTO "Comment"("productId","name","content","date","rate") VALUES (10,N'Anh Cường',N'Dùng khá là ok','2022-10-20',4);
INSERT INTO "Comment"("productId","name","content","date","rate") VALUES (10,N'NÔNG VĂN TÂN',N'Pin yếu chơi game chậm giật lác','2022-12-30',2);
INSERT INTO "Comment"("productId","name","content","date","rate") VALUES (10,N'Vũ Hồng Sơn',N'Dùng tốt trong tầm giá','2021-10-18',5);
INSERT INTO "Comment"("productId","name","content","date","rate") VALUES (10,N'Chị Thoa',N'Bạn nhân viên nhiệt tình tư vấn, chu đáo, đt mới dùng cảm thấy ok','2023-10-05',4);
INSERT INTO "Comment"("productId","name","content","date","rate") VALUES (10,N'A Tuấn',N'tuyệt vời','2022-07-10',5);
INSERT INTO "Comment"("productId","name","content","date","rate") VALUES (10,N'Nguyễn Văn Quang',N'Tốt','2023-03-29',5);
INSERT INTO "Comment"("productId","name","content","date","rate") VALUES (10,N'Hoa',N'Máy sd tốt nhanh nhạy chưa bị lỗi pin bền.','2021-10-08',4);
INSERT INTO "Comment"("productId","name","content","date","rate") VALUES (10,N'Trần Tuấn Anh',N'Nv nhiệt tình, chu đáo','2023-07-06',4);
INSERT INTO "Comment"("productId","name","content","date","rate") VALUES (10,N'Nguyễn văn bằng',N'Máy mình mua mới. Nhưng tại sao khi sử dụng web (chomre) gồm gmail, face, outlock...đã có lưu đăng nhập của 1 tài khoản khac là sao nhỉ','2023-05-12',3);
INSERT INTO "Comment"("productId","name","content","date","rate") VALUES (10,N'Dũng',N'Mua cuối tháng 2/2023. Mua k có cường lực, k ốp lưng. Pin kém. Vừa sạc đầy rút ra mất ngay 1-2%. Xài bình thường, nghe chỉ nhắn tin thì chỉ đc 1 buổi là hết pin','2021-08-24',1);
INSERT INTO "Comment"("productId","name","content","date","rate") VALUES (10,N'Nguyễn thị thuý',N'Mua máy này k có củ sạc đi kèm hả shop? Ngồi sao lưu 1 chút thôi mà máy nóng nhanh quá','2023-01-08',3);
INSERT INTO "Comment"("productId","name","content","date","rate") VALUES (10,N'NGUYEN MINH TRI',N'Xài ok','2023-09-14',4);
INSERT INTO "Comment"("productId","name","content","date","rate") VALUES (10,N'VIETTEL',N'Đơ máy liên tục','2023-02-21',2);
INSERT INTO "Comment"("productId","name","content","date","rate") VALUES (10,N'NỮ',N'Không thích mấy vì hay cáp nhật phần mềm điện thoại.','2021-08-17',3);
INSERT INTO "Comment"("productId","name","content","date","rate") VALUES (10,N'LONG',N'Ơ kìa đang dùng cảm thấy rất oki','2023-06-01',4);
INSERT INTO "Comment"("productId","name","content","date","rate") VALUES (10,N'H%C0',N'Tốt','2021-05-25',4);
INSERT INTO "Comment"("productId","name","content","date","rate") VALUES (10,N'ĐỨC',N'Rất tốt','2022-07-06',5);
INSERT INTO "Comment"("productId","name","content","date","rate") VALUES (10,N'Ha',N'Máy dùng 4g vào fb rất nóng','2021-10-14',2);
INSERT INTO "Comment"("productId","name","content","date","rate") VALUES (10,N'Toàn',N'Điện thoại ok mà các bạn dán màn hình tệ quá, dán 3 lần, 2 lần đầu được 3 4 hôm là hở miếng dán, lầnba ko biết được bao lâu.','2023-07-06',4);
INSERT INTO "Comment"("productId","name","content","date","rate") VALUES (10,N'DUY',N'Mình ko may mắn cho lăm vì mình mua phải máy hơi gặp vẫn đề như máy ảnh, máy  tăng nhiệt nhanh, còn lại  những phần khác mượt mà, mọi kết nối nhanh ổn.','2023-09-28',4);
INSERT INTO "Comment"("productId","name","content","date","rate") VALUES (10,N'HẠNH',N'Pin nhanh hết','2022-07-03',3);
INSERT INTO "Comment"("productId","name","content","date","rate") VALUES (10,N'TUẤN',N'Tạm thời đang sử dung','2022-07-26',5);
INSERT INTO "Comment"("productId","name","content","date","rate") VALUES (10,N'NAM',N'Chơi game bị lag.thua s10.thất vọng','2021-06-07',3);
INSERT INTO "Comment"("productId","name","content","date","rate") VALUES (10,N'LONG',N'Sạc đầy không sử dụng vẫn tụt pin, đt mới mua dc 1 tuần, hỏi  xử lý thế nào, xin cám ơn ạ','2021-04-24',3);
INSERT INTO "Comment"("productId","name","content","date","rate") VALUES (10,N'HIỆU',N'Máy dùng 15 phút thấy nóng lắm bạn ạ. Pin xuống hơi nhanh. + đôi lúc vuốt màn hình có cảm giác giật giật','2022-03-28',4);
INSERT INTO "Comment"("productId","name","content","date","rate") VALUES (10,N'Nguyễn duy tùng',N'Máy xài ok
 Còn Pin quá tệ.mua chưa dc 1 tuần.mở 4g ko coi phim hay lướt Facebook 100% pin từ 8h sáng đến 12h còn 40%
 Pin 4500 mà còn thua pin 4000 máy A52 mình xài đã 2 năm','2023-07-27',2);
INSERT INTO "Comment"("productId","name","content","date","rate") VALUES (10,N'ẢNH',N'Dây xac tiếp xúc kém','2022-10-26',2);
INSERT INTO "Comment"("productId","name","content","date","rate") VALUES (10,N'DƯỠNG',N'Giá đắt','2022-07-15',2);
INSERT INTO "Comment"("productId","name","content","date","rate") VALUES (10,N'Trần Ra Nu Na',N'Máy sài ok mượt, chơi game ổn định loa to, chụp ảnh đẹp ko có gì để chơi với mức giá này thì rất đáng mua. Pin 4500 nên sử dụng 8 9 tiếng bth.','2022-08-01',5);
INSERT INTO "Comment"("productId","name","content","date","rate") VALUES (10,N'Vin',N'Sau khi sai được hơn 1 tháng máy mau tuột pin, lâu lâu bị đứng máy.
 Bỏ tiền ra mua máy mới nhưng k được bóc siu..','2023-07-16',3);
INSERT INTO "Comment"("productId","name","content","date","rate") VALUES (10,N'Trung',N'Bỏ mười mấy triệu mua con đt mà chỉ chơi liên quân thôi giực chực k chơi đc','2023-05-23',1);
INSERT INTO "Comment"("productId","name","content","date","rate") VALUES (10,N'Nguyễn sang',N'Pin tụt nhanh chóng, hàng thế giới Di Động cùi bắp lỗi nhiều giá chát sẽ giới thiệu cho tất cả người tôi quen biết không nên mua hàng tại đây','2021-09-26',3);
INSERT INTO "Comment"("productId","name","content","date","rate") VALUES (10,N'Lê Mai Phương',N'Mình mới mua máy đc 2 ngày. Cảm nhận của mình là, so với số tiền mình bỏ ra thì mình thấy không hài lòng lắm. Dùng cũng ổn nhưng pin tụt nhanh. Mua máy ngoài cái cáp sạc ra thì không có gì hết. Không có củ sạc, không có tai nghe. Jack tai nghe thì thiết kế kiểu khác nên không dùng đc tai nghe cũ. Phải bỏ thêm 1 chi phí không nhỏ để mua thêm những thứ đó. Chỉ hài lòng về nhân viên TGDD ở Hà Tĩnh và nhìn bề ngoài máy đẹp. Thế thôi. Tụt pin nhanh thế này không biết có đc đổi 1 đổi 1 không nhỉ?','2021-03-25',3);
INSERT INTO "Comment"("productId","name","content","date","rate") VALUES (10,N'Trung',N'chip exynos tuy nhanh thì có nhanh. mà cảm giác đôi lúc nó khựng khựng lại khó chịu thật.','2021-07-08',3);
INSERT INTO "Comment"("productId","name","content","date","rate") VALUES (10,N'Cảnh',N'Mới mua máy xài rất ok so với giá tiền hiện tại bỏ ra vậy là quá ngon quá rẽ, còn điểm chê là bin của máy của máy mau hết quá không xài gì tắt tất cả chế độ chạy ngầm của máy mà bin vẫn tụt nhanh chỉ có điểm này chưa ưng ý cho lắm,','2021-06-24',5);
INSERT INTO "Comment"("productId","name","content","date","rate") VALUES (10,N'TRAN VAN NGOC',N'Đánh giá chân thật   sạc pin đầy mới rút sạc vô fb 1 phát tụt liền 1 đến 2 % pin   lâu lâu máy bị giật lag ko hiểu nguyên nhân  cho hỏi có dc bảo hành ko vì mình còn bảo hành 1 đổi 1 trong 1 tháng','2023-09-11',3);
INSERT INTO "Comment"("productId","name","content","date","rate") VALUES (10,N'Nguyễn Đình',N'Mua bản 6g/128g Xài gần 1 tháng. Đt xài mau nóng. hay bị giựt lag rất khó chịu. chưa hài lòng','2022-12-11',3);
INSERT INTO "Comment"("productId","name","content","date","rate") VALUES (10,N'Nguyễn Thành Đạt',N'Thiết kế đẹp','2023-07-11',5);
INSERT INTO "Comment"("productId","name","content","date","rate") VALUES (10,N'Phạm Duy Anh Tú',N'Máy rất ổn và mượt, camera chụp đẹp không có gì để chê trong tầm giá, cảm giác cầm nắm sướng tay và nhẹ.','2023-07-02',5);
INSERT INTO "Comment"("productId","name","content","date","rate") VALUES (10,N'Kiên',N'Máy dùng rất nhanh và mượt, màn hình đẹp chụp ảnh ngon. Mình đặt hàng sớm nên được giảm giá nhiều nói chung là máy rất tốt trong tầm giá','2021-05-31',5);
INSERT INTO "Comment"("productId","name","content","date","rate") VALUES (10,N'Hạnh',N'Đẹp lắm mn. Kkkkkvgfgvvvjjkjjbggvbbbnnnnjf fzrix7zurzdzdkxkfxktcogciovlcocfixtutxtcg','2021-09-26',5);
INSERT INTO "Comment"("productId","name","content","date","rate") VALUES (10,N'Hiệp',N'','2023-10-24',5);
INSERT INTO "Comment"("productId","name","content","date","rate") VALUES (10,N'Anh Hải',N'','2022-04-02',4);
INSERT INTO "Comment"("productId","name","content","date","rate") VALUES (10,N'Đinh Xuân Tuấn',N'','2023-01-28',5);
INSERT INTO "Comment"("productId","name","content","date","rate") VALUES (10,N'A Hảo',N'','2023-04-24',4);
INSERT INTO "Comment"("productId","name","content","date","rate") VALUES (10,N'Anh Thi',N'','2021-06-02',5);
INSERT INTO "Comment"("productId","name","content","date","rate") VALUES (10,N'Chị Cúc',N'','2021-03-16',5);
INSERT INTO "Comment"("productId","name","content","date","rate") VALUES (10,N'Ngô Ngọc Thiện',N'','2023-03-08',4);
INSERT INTO "Comment"("productId","name","content","date","rate") VALUES (10,N'Anh Tèo',N'','2023-12-18',3);
INSERT INTO "Comment"("productId","name","content","date","rate") VALUES (10,N'Anh Dũng',N'','2021-05-31',4);
INSERT INTO "Comment"("productId","name","content","date","rate") VALUES (10,N'PHẠM THỊ ÁNH LOAN',N'','2023-11-04',3);
INSERT INTO "Comment"("productId","name","content","date","rate") VALUES (10,N'Chị Chi',N'','2023-03-27',3);
INSERT INTO "Comment"("productId","name","content","date","rate") VALUES (10,N'ANH TRỌNG',N'','2023-02-07',4);
INSERT INTO "Comment"("productId","name","content","date","rate") VALUES (10,N'Hương',N'','2023-02-24',5);
INSERT INTO "Comment"("productId","name","content","date","rate") VALUES (10,N'Tùng',N'','2021-01-14',4);
INSERT INTO "Comment"("productId","name","content","date","rate") VALUES (10,N'Rose Chan',N'','2023-09-01',5);
INSERT INTO "Comment"("productId","name","content","date","rate") VALUES (10,N'Tào Kim Xuân',N'','2023-05-17',4);
INSERT INTO "Comment"("productId","name","content","date","rate") VALUES (10,N'Cô Phương',N'','2022-09-20',4);
INSERT INTO "Comment"("productId","name","content","date","rate") VALUES (10,N'Lê Nguyễn Thùy Trang',N'','2022-05-17',5);
INSERT INTO "Comment"("productId","name","content","date","rate") VALUES (10,N'Nguyễn Ngọc Hiếu',N'','2022-03-15',5);
INSERT INTO "Comment"("productId","name","content","date","rate") VALUES (10,N'HUỲNH TẤN QUÂN',N'','2023-08-24',5);
INSERT INTO "Comment"("productId","name","content","date","rate") VALUES (10,N'Chú Tiến',N'','2022-12-17',5);
INSERT INTO "Comment"("productId","name","content","date","rate") VALUES (10,N'Xuân Hải',N'','2023-01-03',5);
INSERT INTO "Comment"("productId","name","content","date","rate") VALUES (10,N'Chị Huyền Diệu',N'','2023-02-09',3);
INSERT INTO "Comment"("productId","name","content","date","rate") VALUES (10,N'ĐUA',N'','2021-07-21',4);
INSERT INTO "Comment"("productId","name","content","date","rate") VALUES (10,N'Chú Nghĩa',N'','2021-09-28',4);

INSERT INTO "Product" ("productId","total","typeId","image","cost","price","discount","rate","releaseDate","name") VALUES (11, 182, 1,'https://cdn.tgdd.vn/Products/Images/42/303585/samsung-galaxy-a54-thumb-tim-600x600.jpg',9490000,10490000,9,4.1,'2021-05-12', N'Điện thoại Samsung Galaxy A54 5G 128GB');
INSERT INTO "ProductDetail" ("productId","screen","os","cameraBehind","cameraFront","cpu","ram","rom","battery","sim") VALUES (11,N'Super AMOLED, 6.4", Full HD+',N'Android 13',N'Chính 50 MP & Phụ 12 MP, 5 MP	',N'32 MP',N'Exynos 1380 8 nhân', N'8 GB',N'128 GB',N'5000 mAh',N'2 Nano SIM');
INSERT INTO "Comment"("productId","name","content","date","rate") VALUES (11,N'Bùi Ngọc Minh',N'Tốt','2021-12-11',5);
INSERT INTO "Comment"("productId","name","content","date","rate") VALUES (11,N'Lê Văn Kích',N'Mọi thứ đều ổn','2023-04-06',5);
INSERT INTO "Comment"("productId","name","content","date","rate") VALUES (11,N'Hiệp',N'Ok','2022-06-03',5);
INSERT INTO "Comment"("productId","name","content","date","rate") VALUES (11,N'Đinh Đức Trọng',N'A54 chạy tốt tuy nhiên khá hao pin.','2022-10-01',5);
INSERT INTO "Comment"("productId","name","content","date","rate") VALUES (11,N'Bá Quốc',N'Máy ok, dịch vụ tốt','2022-04-02',5);
INSERT INTO "Comment"("productId","name","content","date","rate") VALUES (11,N'Trần Văn Tuấn',N'OK','2022-12-28',4);
INSERT INTO "Comment"("productId","name","content","date","rate") VALUES (11,N'Khôi',N'Pin trâu, sạc lâu.. còn lại tất cả đều ổn, trừ camera gốc rộng chụp ko đc đẹp.. cam trc hơi xấu nếu ko có ap','2022-06-28',5);
INSERT INTO "Comment"("productId","name","content","date","rate") VALUES (11,N'BỮU',N'Ok','2023-06-16',5);
INSERT INTO "Comment"("productId","name","content","date","rate") VALUES (11,N'Phạm duy thanh',N'Tệ,,mới xài chưa dc 3 tháng,,bị treo logo,ko tắt mở gì dc,,gởi về hãng bảo hành,,bảo hành xong tiép tục ko cài dc vân tay,lại gởi đi bảo hành,,','2022-08-21',2);
INSERT INTO "Comment"("productId","name","content","date","rate") VALUES (11,N'Tâm',N'A54 máy sài ổn nhưng so với A34 thì nhanh hết pin hơn và chụp ảnh màu ảnh tối hơn A34','2023-02-25',5);
INSERT INTO "Comment"("productId","name","content","date","rate") VALUES (11,N'Anh Trí',N'Tốt nhưng hao pin','2023-07-19',4);
INSERT INTO "Comment"("productId","name","content","date","rate") VALUES (11,N'Hong ngoc',N'Điện thoại bị mất chế độ sạc siêu nhanh liên tục dù xài cục sạc chính hãng','2022-09-01',3);
INSERT INTO "Comment"("productId","name","content","date","rate") VALUES (11,N'Anh Chiến',N'Mặt lưng đẹp
 Câua hình ổn
 Camera ổn
 Có kháng nước ổn
 Màn hình hơi nhỏ','2022-10-25',4);
INSERT INTO "Comment"("productId","name","content","date","rate") VALUES (11,N'Trần ngọc chung',N'Sài ok lam','2022-02-01',5);
INSERT INTO "Comment"("productId","name","content","date","rate") VALUES (11,N'Lộc',N'Điện thoại xài rất chán tự động mất chế độ sạc nhanh camera thì chụp mờ mặc dù đã lau sạch cam. Chán với giá tiền trong phân khúc này','2022-07-21',1);
INSERT INTO "Comment"("productId","name","content","date","rate") VALUES (11,N'Tâm',N'Dùng được','2022-12-27',4);
INSERT INTO "Comment"("productId","name","content","date","rate") VALUES (11,N'Thức',N'máy hơn 10tr nhưng trải nghiệm tệ xài một chút chưa game nóng bị khựng giật trả mất 10% tiền mua','2022-12-24',2);
INSERT INTO "Comment"("productId","name","content","date","rate") VALUES (11,N'Thảo Nguyên',N'Máy nóng quá ạh nóng hơn nhiều so với con a10s mìk mới bỏ. Ko biết xài lâu thì có bền không','2021-11-05',3);
INSERT INTO "Comment"("productId","name","content","date","rate") VALUES (11,N'Nguyễn trường khánh',N'Nhân viên tư vân không nhiệt tình mình mua trả góp 0% mà tư vân trả góp bắt mua bảo hiểm phãi thêm mấy trăm nữa mới làm hồ sơ sông mình không chịu làm hồ sơ . Định đi nơi khác mua tính đứng lên . Cái nhân viên bảo anh ko mua bảo hiểm thì rớt hồ sơ em ko chịu . Mà ngộ trong khi hồ sơ mình ko có trể hạn hồ sơ uy tính cao . Mà đòi làm bảo hiểm điên thật đòi bỏ về mới chịu làm hồ sơ đúng chán nhân viên điện máy xanh','2022-06-25',5);
INSERT INTO "Comment"("productId","name","content","date","rate") VALUES (11,N'Huyền Trang',N'Pin tụt khá nhanhVà nóng máy','2022-06-20',3);
INSERT INTO "Comment"("productId","name","content","date","rate") VALUES (11,N'CAO THỊ NGỌC THU',N'Camera tệ qa','2023-03-05',2);
INSERT INTO "Comment"("productId","name","content","date","rate") VALUES (11,N'My',N'ĐT tạm ổn tụt pin khá nhanh dc cái sạc nhanh mượt màNhưng có 1 vấn đề mình k hài lòng nhân viên lúc tư vấn mình nói cần 1 con ĐT pin trâu để lướt fb chụp hình đẹp 1 xíu chắc lúc này nv tưởng mình mua ĐT giá 10may triệu nên sau khi nghe mình nói tầm 78 tr bạn ấy đã bật cười lên rồi bỏ mình chạy lại chỗ các bạn nv khác đang đứng phía sau làm các bạn ấy tò mò cứ hỏi chuyện gì vậy gì vậy rồi cả đám phì cười làm mình rất quê nha mình là con gái nên k am hiểu đồ điện tử cho lắm nhưng nếu mình nói sai thì bạn ấy có thể tìm 1 con pin khỏe trong tầm giá mình muốn mua là dc thật sự mình k hài lòng với nv ở đây','2021-09-06',3);
INSERT INTO "Comment"("productId","name","content","date","rate") VALUES (11,N'Nguyen kim ngan',N'Điện thoại tầm trung giá 10 triệu rất yếu rất là cùi bắp bấm nó cứ giật giật đơn máy không nhạy cái này chắc tầm 5 củ đúng giá máy mau nóng cả mặt kính sàu riết thấy hàng samsung vừa cùi vừa lại mau rớt giá','2023-10-10',2);
INSERT INTO "Comment"("productId","name","content","date","rate") VALUES (11,N'Thắng',N'ok','2021-12-15',5);
INSERT INTO "Comment"("productId","name","content","date","rate") VALUES (11,N'Thu',N'Sao màn hình trắng vàng v ạ chỉnh hoài vẫn ko sáng trắng được','2021-11-07',5);
INSERT INTO "Comment"("productId","name","content","date","rate") VALUES (11,N'Hiếu',N'Ok','2021-06-15',3);
INSERT INTO "Comment"("productId","name","content","date","rate") VALUES (11,N'Thi',N'Màu vỏ đẹp, sang. Cầm chắc tay, vừa vặn. Tính năng dễ sử dụng, màn hình đẹp. Sẽ giới thiệu cho bạn bè và người thân có nhu cầu.','2021-06-09',5);
INSERT INTO "Comment"("productId","name","content","date","rate") VALUES (11,N'Mùi Văn Thái',N'Mình mua máy ngày 17 tháng 6 mà xao dư liệu WiFi lại sự dụng từ ngày 31 tháng 5 vậy?','2023-06-17',4);
INSERT INTO "Comment"("productId","name","content","date","rate") VALUES (11,N'Anh Tài',N'Vẫn còn hơi lắc mà vẫn tối','2021-12-16',4);
INSERT INTO "Comment"("productId","name","content","date","rate") VALUES (11,N'Nguyễn Phước Long ',N'Máy dùng rất tốt','2021-07-14',5);
INSERT INTO "Comment"("productId","name","content","date","rate") VALUES (11,N'Công ty TNHH điện - điện tử - điện lạnh Hưng Thịnh',N'Đẹp','2021-05-24',5);
INSERT INTO "Comment"("productId","name","content","date","rate") VALUES (11,N'Chu Văn Toản',N'Máy dùng hay bị đơ ,pin 5000 mà dùng hao pin máy nonvs','2021-06-24',1);
INSERT INTO "Comment"("productId","name","content","date","rate") VALUES (11,N'Lê Thị Chung',N'May dùng ok mướt .nhanh, mẫu mã đẹp','2023-02-05',4);
INSERT INTO "Comment"("productId","name","content","date","rate") VALUES (11,N'A Dũng',N'Ok','2023-08-03',4);
INSERT INTO "Comment"("productId","name","content","date","rate") VALUES (11,N'Em Trường',N'tốt','2023-08-27',5);
INSERT INTO "Comment"("productId","name","content","date","rate") VALUES (11,N'Phuong Yen',N'Pin yếu, mình ít dùng điện thoại mà ngày rưỡi là hết pin rồi','2023-06-09',3);
INSERT INTO "Comment"("productId","name","content","date","rate") VALUES (11,N'Huỳnh Lê',N'Pin ko sài vẫn tụt','2022-06-07',3);
INSERT INTO "Comment"("productId","name","content","date","rate") VALUES (11,N'Nguyễn Thu Trang',N'Đã sd đc gần 2 tháng. Lúc đầu pin ngon mà dạo này tắt hết mạng r để qua đêm mà vẫn bị sụt 14-15%. Hơi chán và thất vọng','2021-09-13',3);
INSERT INTO "Comment"("productId","name","content","date","rate") VALUES (11,N'Anh Nguyên',N'Pin sụt hơi nhanh. Rút xạc ra ko dùng vẫn mất nhiều %','2023-07-09',3);
INSERT INTO "Comment"("productId","name","content","date","rate") VALUES (11,N'Trương Thị Tuyết Nhung',N'Tốt','2021-06-04',4);
INSERT INTO "Comment"("productId","name","content","date","rate") VALUES (11,N'Võ danh',N'Nhanh hết pin.để qua đêm mất 15_20% pin.nãn','2022-10-27',3);
INSERT INTO "Comment"("productId","name","content","date","rate") VALUES (11,N'Đoàn Quốc Huy',N'Phục vụ tận tình','2023-10-02',5);
INSERT INTO "Comment"("productId","name","content","date","rate") VALUES (11,N'Trần Phú Bình',N'Chạy mượt giá hợp lý','2022-10-09',4);
INSERT INTO "Comment"("productId","name","content","date","rate") VALUES (11,N'Chú Minh',N'Nhanh hết pin, dùng hay nóng máy. Khi bật 4g sim 1 thì sim 2 tự động bật (sim vina ko đăng ký mạng nên tự động trừ hết tiền. Đt trc ko bị thế). Vào office rất chậm. Giao diện tắt máy khó nhìn. Máy ảnh nổi gồ lên rất bất tiện. Không nên tự động tích hợp những ứng dụng ko cần thiết. Hãy để người dùng tự cài....','2022-04-04',1);
INSERT INTO "Comment"("productId","name","content","date","rate") VALUES (11,N'Kiều Vân',N'Tốt','2022-03-03',4);
INSERT INTO "Comment"("productId","name","content","date","rate") VALUES (11,N'Anh Toàn',N'Tư vấn tốt.','2021-10-16',5);
INSERT INTO "Comment"("productId","name","content","date","rate") VALUES (11,N'Thao ',N'Pin  ko sdung vẫn tut','2021-10-07',2);
INSERT INTO "Comment"("productId","name","content","date","rate") VALUES (11,N'Anh Tiệp',N'Rất  tốt','2023-06-14',5);
INSERT INTO "Comment"("productId","name","content","date","rate") VALUES (11,N'Nguyễn Văn Hoàng',N'Chạy mượt màn hình sáng... camera chưa tối ưu','2023-05-01',4);
INSERT INTO "Comment"("productId","name","content","date","rate") VALUES (11,N'Chú Hậu',N'Rất tốt','2022-03-01',5);
INSERT INTO "Comment"("productId","name","content","date","rate") VALUES (11,N'ĐÀO THỊ SEN',N'Màn hình mượt, tính năng nhanh nhạy, phong cách đẹp','2022-05-09',5);
INSERT INTO "Comment"("productId","name","content","date","rate") VALUES (11,N'Võ Tấn Phúc',N'máy nghe nhạc một hồi nóng lên nhanh thì bị gì vậy ạ','2023-03-09',3);
INSERT INTO "Comment"("productId","name","content","date","rate") VALUES (11,N'Tỵ AG',N'Tại sao ứng dụng liên quân mobole của mình không hiển thị trên điện thoại mình xài a54 này','2022-06-28',5);
INSERT INTO "Comment"("productId","name","content","date","rate") VALUES (11,N'Trần Văn Dũng',N'Sóng bắt chập chờn, vào app có lúc bị đẩy phải vào lại. Nói chung mh đã mất tiền oan cho sp này.','2021-10-05',3);
INSERT INTO "Comment"("productId","name","content","date","rate") VALUES (11,N'TRẦN THỊ HUỆ',N'Pin k đ lâu nhanh hết pin','2023-07-18',3);
INSERT INTO "Comment"("productId","name","content","date","rate") VALUES (11,N'Phạm Duy Quang',N'tốt','2023-09-20',5);
INSERT INTO "Comment"("productId","name","content","date","rate") VALUES (11,N'Nguyễn khánh ',N'A 54 công nhận pin trâu bò. Thiết kế đẹp. Màn hình sáng đẹp. Camera đủ chơi.  Hài lòng.','2021-06-18',4);
INSERT INTO "Comment"("productId","name","content","date","rate") VALUES (11,N'Đào Duy khánh',N'Màn hình viền quá giày. Màu sắc thì bình thường chứ không ngon như review. Pin tệ không xứng với thông số 5000 mAh.','2022-06-29',3);
INSERT INTO "Comment"("productId","name","content","date","rate") VALUES (11,N'Phạm Quốc Hưng',N'Sắc tím không đẹp như hình ảnh.','2022-03-05',5);
INSERT INTO "Comment"("productId","name","content","date","rate") VALUES (11,N'ĐẶNG ĐỨC CƯỜNG',N'Máy viết văn bản bàn phím không nhạy lắm. Xài máy hay bị nóng. Còn lại ok','2023-12-12',3);
INSERT INTO "Comment"("productId","name","content","date","rate") VALUES (11,N'Hoàng Quí Tình',N'Đẹp','2021-09-12',4);
INSERT INTO "Comment"("productId","name","content","date","rate") VALUES (11,N'Nguyên duy oanh',N'Bình thương  mà sóng hơi  yếu  toàn 1,2 cột chắc phải đi đổi.','2023-04-21',3);
INSERT INTO "Comment"("productId","name","content","date","rate") VALUES (11,N'Em Trường',N'Em không muốn đánh giá 2 sao đâu nhưng mà từ ngày 
 mua máy về và để qua đêm không hiểu tại sao tối rõ ràng còn 50% sáng dậy coi lại còn 32% và đêm nào cũng tụt 17% đến 18% xót ruột thật sự','2022-09-09',2);
INSERT INTO "Comment"("productId","name","content","date","rate") VALUES (11,N'Việt Anh',N'Máy tốt','2022-09-10',5);
INSERT INTO "Comment"("productId","name","content","date","rate") VALUES (11,N'Phạm văn thắng ',N'Đã mua .dùng rất ok đẹp','2022-05-04',5);
INSERT INTO "Comment"("productId","name","content","date","rate") VALUES (11,N'TRẦN TUẤN HẢI',N'Tốt','2022-02-08',5);
INSERT INTO "Comment"("productId","name","content","date","rate") VALUES (11,N'CAO THỊ MỸ CHÂU',N'Tôi rất hai long','2021-06-17',5);
INSERT INTO "Comment"("productId","name","content","date","rate") VALUES (11,N'Nguyễn Thị Huyền Trang',N'Dt thi qua ok cac ban nhan vien phuc vu cung ok luo','2022-07-26',5);
INSERT INTO "Comment"("productId","name","content","date","rate") VALUES (11,N'Vũ Đức Chung',N'Máy dùng ok','2023-01-04',5);
INSERT INTO "Comment"("productId","name","content","date","rate") VALUES (11,N'NGUYỄN THANH HẢI',N'ok','2021-11-12',5);
INSERT INTO "Comment"("productId","name","content","date","rate") VALUES (11,N'ĐINH VIẾT ĐIỆP',N'Mượt ,nhanh ,sạc ngoài hơi chậm chút ,nói chung là dùng ok','2021-08-22',5);
INSERT INTO "Comment"("productId","name","content","date","rate") VALUES (11,N'Phương Như',N'Tốt','2023-01-27',5);
INSERT INTO "Comment"("productId","name","content","date","rate") VALUES (11,N'Nguyễn Tiến Hiếu',N'Ưu điểm:
 - Màn đẹp, cam ổn, mặt sau nhìn khá sang chảnh, hiệu năng đủ dùng.
 Nhược điểm:
 - Sóng kém, xách dép mấy con Xiaomi tầm trung (đã test cùng điều kiện), đây là nhược điểm tôi cho là lớn nhất ở 1 cái máy giá niêm yết hơn 10 triệu.
 - Build viền quá dày, mép gờ quá cao, dán cường lực rồi mà vẫn cấn tay.','2022-01-22',3);
INSERT INTO "Comment"("productId","name","content","date","rate") VALUES (11,N'Lương Quang Huy',N'Mua cho bố dùng nên không biết.','2023-01-10',4);
INSERT INTO "Comment"("productId","name","content","date","rate") VALUES (11,N'TRẦN THỊ KIM YẾN',N'Sản phẩm rất đẹp .tính năng đa dạng và phù hợp với nhu cầu sử dụng','2022-01-14',4);
INSERT INTO "Comment"("productId","name","content","date","rate") VALUES (11,N'Nguyên Phin',N'Camera tối chụp hình không đẹp. Máy chạy  bình thường, ko có nhanh thấy khác biệt gì.  M51 hư, chạy ra mua con A54 này chán thật sự.','2022-03-02',2);
INSERT INTO "Comment"("productId","name","content","date","rate") VALUES (11,N'BẠCH MINH HỒNG PHÚC',N'Hiện tại thì sau 1 tuần mình thấy rất tốt.','2023-01-09',5);
INSERT INTO "Comment"("productId","name","content","date","rate") VALUES (11,N'NGÔ XUÂN HẢI',N'Rất tốt','2022-02-06',5);
INSERT INTO "Comment"("productId","name","content","date","rate") VALUES (11,N'Trần thị bích ngọc',N'Rất tốt. Chụp hình đẹp thiết kế cũng đẹp . Nói chung là mêêêêêê','2023-04-06',5);
INSERT INTO "Comment"("productId","name","content","date","rate") VALUES (11,N'Thanh',N'👌👍👍👍👍','2021-08-23',5);
INSERT INTO "Comment"("productId","name","content","date","rate") VALUES (11,N'PHAN VĂN HẸN',N'Tot','2022-09-26',4);
INSERT INTO "Comment"("productId","name","content","date","rate") VALUES (11,N'Anh mạnh',N'A54 này sử dụng rất ok luôn','2022-08-04',5);
INSERT INTO "Comment"("productId","name","content","date","rate") VALUES (11,N'Cô Oanh',N'Nhân viên tư vấn nhiệt tình , thân thiện cởi mợ. Điện thoại mới dùng nên chưa biết chất lượng, nhưng mẫu mã đẹp 😘 nói chung là bô, tặng 5 sao','2023-04-13',5);
INSERT INTO "Comment"("productId","name","content","date","rate") VALUES (11,N'Chú Vạn',N'Tôi rất hài lòng . Rất tuyệt','2021-11-01',5);
INSERT INTO "Comment"("productId","name","content","date","rate") VALUES (11,N'KHƯƠNG VĂN HỒ',N'ok','2023-02-08',4);
INSERT INTO "Comment"("productId","name","content","date","rate") VALUES (11,N'VÕ CÔNG THÌN',N'ok','2023-03-24',5);
INSERT INTO "Comment"("productId","name","content","date","rate") VALUES (11,N'Thảo',N'Tốt lắm ah','2022-01-09',5);
INSERT INTO "Comment"("productId","name","content","date","rate") VALUES (11,N'Đức',N'Mấy mới rất là nhay ro sáng màu rất là chuẩn tôi rất hài lòng với sang phẩm này','2023-07-06',5);
INSERT INTO "Comment"("productId","name","content","date","rate") VALUES (11,N'Lệ',N'tốt','2023-04-30',5);
INSERT INTO "Comment"("productId","name","content","date","rate") VALUES (11,N'Vỹ',N'Sản phẩm dùng tốt','2021-09-03',4);
INSERT INTO "Comment"("productId","name","content","date","rate") VALUES (11,N'LƯỜNG VĂN HOÀN',N'Mình mới mua con Samsung galaxy a54g. Dùng chẳng ra gì? Bỏ túi quần lúc  đi làm hay ở nhà nóng như muốn nổ','2023-07-18',2);
INSERT INTO "Comment"("productId","name","content","date","rate") VALUES (11,N'Chị Hằng',N'Sp xài rất mượt,  mà máy cũng nóng tuột pin hơi nhanh','2022-03-06',4);
INSERT INTO "Comment"("productId","name","content","date","rate") VALUES (11,N'VŨ THỊ DỊU',N'Nhiệt tình','2022-02-14',5);
INSERT INTO "Comment"("productId","name","content","date","rate") VALUES (11,N'DƯƠNG THANH ĐƯƠNG',N'máy hoạt động êm bình thường....màn hình rỏ nét.','2023-04-09',4);
INSERT INTO "Comment"("productId","name","content","date","rate") VALUES (11,N'Dương',N'Nhiều  chức năng chưa hợp lý','2023-09-24',3);
INSERT INTO "Comment"("productId","name","content","date","rate") VALUES (11,N'Nông Văn Nhất',N'Minh vua con galaxy A54 5G mua hom truoc hom sau giam gia luon, voi lai theo quang cao thi theo minh cam nhan pin dt cung binh thuong thoi k phai la pin trau lam dau','2023-09-04',3);
INSERT INTO "Comment"("productId","name","content","date","rate") VALUES (11,N'LÊ HỒNG NAM',N'Máy dùng cũng bình thường','2021-09-25',4);
INSERT INTO "Comment"("productId","name","content","date","rate") VALUES (11,N'NGUYỄN LÊ XUÂN DƯƠNG',N'Good job 👍👍','2022-01-01',5);
INSERT INTO "Comment"("productId","name","content","date","rate") VALUES (11,N'Chị Duyên',N'Nhiệt tình','2022-05-17',4);
INSERT INTO "Comment"("productId","name","content","date","rate") VALUES (11,N'TRẦN THỊ DUYÊN',N'Sạc máy rất nóng.  Camera chụp hình xấu.','2021-11-06',3);
INSERT INTO "Comment"("productId","name","content","date","rate") VALUES (11,N'Nguyễn Văn Thoảng',N'Dùng rất tốt mượt , pin trâu','2021-09-15',5);
INSERT INTO "Comment"("productId","name","content","date","rate") VALUES (11,N'PHAN THANH PHONG',N'Nhân viên tư vấn nhiêt tình','2022-08-10',5);
INSERT INTO "Comment"("productId","name","content","date","rate") VALUES (11,N'NGUYỄN VĂN RỚT',N'Sản phẩm tốt','2022-05-09',5);
INSERT INTO "Comment"("productId","name","content","date","rate") VALUES (11,N'HOÀNG VĂN HIẾU',N'Mấy sài tốt','2022-10-12',4);
INSERT INTO "Comment"("productId","name","content","date","rate") VALUES (11,N'HUỲNH TRỌNG TRAI',N'Rất tốt','2023-01-14',5);
INSERT INTO "Comment"("productId","name","content","date","rate") VALUES (11,N'Tai',N'Rất tốt','2023-08-16',5);
INSERT INTO "Comment"("productId","name","content","date","rate") VALUES (11,N'Nguyễn Tấn Hải ',N'Tốt','2023-09-03',4);
INSERT INTO "Comment"("productId","name","content","date","rate") VALUES (11,N'HUỲNH CHIẾN THẮNG',N'Tốt','2021-05-30',4);
INSERT INTO "Comment"("productId","name","content","date","rate") VALUES (11,N'Nguyen thi hien',N'Bạn ơi cho mình hỏi mình mới dùng nhưng máy rất nhanh bị nóng có vấn đề gì không ạ','2021-10-20',3);
INSERT INTO "Comment"("productId","name","content","date","rate") VALUES (11,N'Chị Ngân',N'Tốt','2022-09-04',4);
INSERT INTO "Comment"("productId","name","content","date","rate") VALUES (11,N'Nguyễn Thị Thanh Tâm',N'Tốt, chụp hình bao đẹp','2021-08-23',5);
INSERT INTO "Comment"("productId","name","content","date","rate") VALUES (11,N'NGUYỄN SƠN CA',N'Tôi thây rât tôt','2022-01-05',5);
INSERT INTO "Comment"("productId","name","content","date","rate") VALUES (11,N'NGUYỄN QUANG BÌNH',N'Lướt Web nhanh , game ko lag nhưng có ứng dụng vmospro thì ko dc tốt lắm hay bị văng game','2023-07-29',3);
INSERT INTO "Comment"("productId","name","content","date","rate") VALUES (11,N'Nguyễn Văn Lợi',N'Máy màn hình đẹp chế độ bảo hành tốt. Giá trừ quà đi là nhất trong tầm giá rồi','2022-02-07',5);
INSERT INTO "Comment"("productId","name","content","date","rate") VALUES (11,N'Nguyễn Đỉnh Yên',N'a54 Có miếng dán màn hình chưa?','2021-11-12',5);
INSERT INTO "Comment"("productId","name","content","date","rate") VALUES (11,N'Nguyễn Thị Ngọc Dung',N'👍','2021-11-20',5);
INSERT INTO "Comment"("productId","name","content","date","rate") VALUES (11,N'Kim The Cương',N'Ok','2022-10-23',5);
INSERT INTO "Comment"("productId","name","content","date","rate") VALUES (11,N'NGUYỄN MINH TRÍ',N'Cam gốc siêu rộng chụp xấu hơn thế hệ trước. Viền dầy, cằm nắm ko thoải mái, pin thua xa a52s','2022-03-25',2);
INSERT INTO "Comment"("productId","name","content","date","rate") VALUES (11,N'Anh Vượng',N'Tốt','2022-05-09',5);
INSERT INTO "Comment"("productId","name","content","date","rate") VALUES (11,N'Chị Xuân',N'tốt','2022-04-20',5);
INSERT INTO "Comment"("productId","name","content","date","rate") VALUES (11,N'Huy',N'Anh nhân viên Phú Sĩ rất nhiệt tình tư vấn!','2023-06-27',5);
INSERT INTO "Comment"("productId","name","content","date","rate") VALUES (11,N'Neáng Kim Sơn',N'Tận tình lịch sự vui vẻ','2021-06-01',5);
INSERT INTO "Comment"("productId","name","content","date","rate") VALUES (11,N'TRẦN PHƯỚC',N'oki','2022-12-13',3);
INSERT INTO "Comment"("productId","name","content","date","rate") VALUES (11,N'Nguyễn Văn Hồng Châu',N'Đẹp, truy cập mạng nhanh, nhiều tính năng tiện lợi','2023-03-19',4);
INSERT INTO "Comment"("productId","name","content","date","rate") VALUES (11,N'LÊ THỊ HOÀI NHIÊN',N'Hàng rất đẹp','2022-04-14',4);
INSERT INTO "Comment"("productId","name","content","date","rate") VALUES (11,N'Phiên',N'Mói sử dụng 5 ngày màn hình đẹp , pin cầm camera đẹp','2022-03-11',5);
INSERT INTO "Comment"("productId","name","content","date","rate") VALUES (11,N'Bùi Thị Mai Linh',N'ok','2022-04-20',4);
INSERT INTO "Comment"("productId","name","content","date","rate") VALUES (11,N'Chí Thiện',N'Sản phẩm tốt','2023-11-07',4);
INSERT INTO "Comment"("productId","name","content","date","rate") VALUES (11,N'anh Luyến',N'ok','2021-05-17',4);
INSERT INTO "Comment"("productId","name","content","date","rate") VALUES (11,N'LƯ NỮ NGỌC ĐOAN',N'Nhìn máy đẹp, đang trong thời gian trải nghiệm nên cjưa thể đánh giá cụ thể hơn được','2023-06-19',4);
INSERT INTO "Comment"("productId","name","content","date","rate") VALUES (11,N'Võ Thị Ngọc Bích',N'Xai thay rat tot','2023-11-03',4);
INSERT INTO "Comment"("productId","name","content","date","rate") VALUES (11,N'NGUYỄN THỊ HƯƠNG',N'Tốt','2023-09-07',5);
INSERT INTO "Comment"("productId","name","content","date","rate") VALUES (11,N'Lê Hữu Lộc',N'Hiện tại máy sử dụng tốt','2022-10-09',5);
INSERT INTO "Comment"("productId","name","content","date","rate") VALUES (11,N'Bùi Văn Chiến',N'ok','2021-10-11',5);
INSERT INTO "Comment"("productId","name","content","date","rate") VALUES (11,N'Hải Đăng',N'Ok','2021-09-30',4);
INSERT INTO "Comment"("productId","name","content","date","rate") VALUES (11,N'Nguyễn Chí Thiện',N'Ok','2023-02-26',5);
INSERT INTO "Comment"("productId","name","content","date","rate") VALUES (11,N'DƯƠNG THỊ NGA',N'👍👍💯💯','2021-06-18',5);
INSERT INTO "Comment"("productId","name","content","date","rate") VALUES (11,N'ĐÀO THỊ LAN',N'Chụp  hình  ko bị  bể 
 Khuyến mãi  lớn 
 Kiểu dang  đẹp 
 Chạy  êm','2022-11-27',4);
INSERT INTO "Comment"("productId","name","content","date","rate") VALUES (11,N'Quốc Anh',N'Ok','2021-08-03',4);
INSERT INTO "Comment"("productId","name","content","date","rate") VALUES (11,N'Diep Quoc Trung',N'Sữ dụng Ok','2022-04-07',5);
INSERT INTO "Comment"("productId","name","content","date","rate") VALUES (11,N'LƯƠNG THỊ NHƯ NGỌC',N'Good','2022-07-20',5);
INSERT INTO "Comment"("productId","name","content","date","rate") VALUES (11,N'Chị hoài',N'Tốt','2022-11-20',5);
INSERT INTO "Comment"("productId","name","content","date","rate") VALUES (11,N'NGUYỄN THÀNH NAM',N'Tốt','2023-05-21',5);
INSERT INTO "Comment"("productId","name","content","date","rate") VALUES (11,N'Huyền',N'Máy sử dụng nóng hơn các dòng máy khác','2023-04-05',3);
INSERT INTO "Comment"("productId","name","content","date","rate") VALUES (11,N'Anh Phú',N'Xài cũng được với giá tiền đó','2021-12-13',4);
INSERT INTO "Comment"("productId","name","content","date","rate") VALUES (11,N'Tran Thanh Trung',N'Ok','2022-05-16',3);
INSERT INTO "Comment"("productId","name","content","date","rate") VALUES (11,N'Luyến',N'','2021-10-15',4);
INSERT INTO "Comment"("productId","name","content","date","rate") VALUES (11,N'Son',N'Good','2022-10-29',4);
INSERT INTO "Comment"("productId","name","content","date","rate") VALUES (11,N'NGUYỄN TRUNG THÀNH',N'','2021-11-28',3);
INSERT INTO "Comment"("productId","name","content","date","rate") VALUES (11,N'Pham ngoc long',N'','2023-08-06',4);
INSERT INTO "Comment"("productId","name","content","date","rate") VALUES (11,N'Dương',N'','2023-08-28',3);
INSERT INTO "Comment"("productId","name","content","date","rate") VALUES (11,N'Đỗ Tấn Kiệt',N'','2022-08-25',3);
INSERT INTO "Comment"("productId","name","content","date","rate") VALUES (11,N'hạnh',N'','2023-05-12',5);
INSERT INTO "Comment"("productId","name","content","date","rate") VALUES (11,N'Chú Vinh',N'Rất tốt','2022-04-16',4);
INSERT INTO "Comment"("productId","name","content","date","rate") VALUES (11,N'Dương Quang Vũ',N'','2021-10-21',5);
INSERT INTO "Comment"("productId","name","content","date","rate") VALUES (11,N'DƯƠNG TẤN ĐỒNG',N'','2022-12-24',5);
INSERT INTO "Comment"("productId","name","content","date","rate") VALUES (11,N'Nguyễn Anh Hậu',N'','2022-09-03',5);
INSERT INTO "Comment"("productId","name","content","date","rate") VALUES (11,N'BÙI VĂN THANH',N'','2023-11-03',4);
INSERT INTO "Comment"("productId","name","content","date","rate") VALUES (11,N'Anh Danh',N'','2021-06-10',5);
INSERT INTO "Comment"("productId","name","content","date","rate") VALUES (11,N'Nguyễn Thị Nùng',N'','2022-09-22',4);
INSERT INTO "Comment"("productId","name","content","date","rate") VALUES (11,N'Hồ Thị Huệ',N'','2021-06-18',4);
INSERT INTO "Comment"("productId","name","content","date","rate") VALUES (11,N'LÂM THỊ KIM KHANH',N'','2022-02-08',4);
INSERT INTO "Comment"("productId","name","content","date","rate") VALUES (11,N'Việt',N'','2023-10-29',4);
INSERT INTO "Comment"("productId","name","content","date","rate") VALUES (11,N'Huỳnh Quốc Hưng',N'','2023-05-20',4);
INSERT INTO "Comment"("productId","name","content","date","rate") VALUES (11,N'Chị Kiều',N'','2021-11-01',3);
INSERT INTO "Comment"("productId","name","content","date","rate") VALUES (11,N'LÊ THỊ HÀ',N'','2022-10-02',5);
INSERT INTO "Comment"("productId","name","content","date","rate") VALUES (11,N'DIỆP MINH SƠN',N'','2023-03-09',3);
INSERT INTO "Comment"("productId","name","content","date","rate") VALUES (11,N'A Trí',N'','2022-04-25',4);
INSERT INTO "Comment"("productId","name","content","date","rate") VALUES (11,N'Chú Da',N'','2021-07-13',3);
INSERT INTO "Comment"("productId","name","content","date","rate") VALUES (11,N'Chị Hè',N'','2021-08-09',4);
INSERT INTO "Comment"("productId","name","content","date","rate") VALUES (11,N'Nguyễn Văn Thành',N'','2022-06-19',5);
INSERT INTO "Comment"("productId","name","content","date","rate") VALUES (11,N'LÝ THỊ HẠNH',N'','2023-04-18',5);
INSERT INTO "Comment"("productId","name","content","date","rate") VALUES (11,N'LÝ HỒNG PHÁT',N'','2022-05-05',5);
INSERT INTO "Comment"("productId","name","content","date","rate") VALUES (11,N'NGUYỄN THỊ HẠNH',N'','2023-01-16',4);
INSERT INTO "Comment"("productId","name","content","date","rate") VALUES (11,N'Pham Duc Phu',N'','2022-01-18',1);

INSERT INTO "Product" ("productId","total","typeId","image","cost","price","discount","rate","releaseDate","name") VALUES (12, 67, 1,'https://cdn.tgdd.vn/Products/Images/42/298377/samsung-galaxy-a34-thumb-bac-600x600.jpg',5490000,9490000,15,3.9,'2021-11-27', N'Điện thoại Samsung Galaxy A34 5G 256GB');
INSERT INTO "ProductDetail" ("productId","screen","os","cameraBehind","cameraFront","cpu","ram","rom","battery","sim") VALUES (12,N'Super AMOLED, 6.6", Full HD+',N'Android 13',N'Chính 48 MP & Phụ 8 MP, 5 MP',N'13 MP',N'MediaTek Dimensity 1080 8 nhân', N'8 GB',N'256 GB',N'5000 mAh',N'2 Nano SIM');
INSERT INTO "Comment"("productId","name","content","date","rate") VALUES (12,N'Tạ thị bích phương',N'Máy hao bin.bắt song yếu.mới mua.thấy hôi hận','2022-05-03',2);
INSERT INTO "Comment"("productId","name","content","date","rate") VALUES (12,N'Vương Đức Phong',N'Rất tốt','2023-05-20',5);
INSERT INTO "Comment"("productId","name","content","date","rate") VALUES (12,N'Ha Tri',N'Máy nóng bất thường nên hao pin. Bán không tu vấn. Kg nên mua dòng này','2022-04-29',2);
INSERT INTO "Comment"("productId","name","content","date","rate") VALUES (12,N'V',N'A very nice and fast device with a very good camera performance from the Goidingdong. Sellers were also very friendly and understanding to my requests and need. Welldone shop','2023-03-23',5);
INSERT INTO "Comment"("productId","name","content","date","rate") VALUES (12,N'Tran Thi Ngoan',N'Sài ổn. Pin thì cũng tạm thôi. Mới mua 7990K dc mấy ngày này giảm tiếp.','2022-12-14',4);
INSERT INTO "Comment"("productId","name","content","date","rate") VALUES (12,N'Nguyễn Ngọc Thi',N'Sản phẩm tốt Chất lượng','2022-01-25',4);
INSERT INTO "Comment"("productId","name","content","date","rate") VALUES (12,N'Lê Hoa',N'Máy mới thấy Tốt chạy mượt tầm tiền này là ok...sài thời gian nữa mới viết như nào...','2022-10-01',5);
INSERT INTO "Comment"("productId","name","content","date","rate") VALUES (12,N'Cô Mùi',N'Rất tốt và tin tưởng','2022-11-13',5);
INSERT INTO "Comment"("productId","name","content","date","rate") VALUES (12,N'Huy',N'Chán','2022-12-13',2);
INSERT INTO "Comment"("productId","name","content","date","rate") VALUES (12,N'Chú Thảo',N'Xai tôt','2022-12-22',4);
INSERT INTO "Comment"("productId","name","content","date","rate") VALUES (12,N'Hoang Dung Nguyên',N'Rất tốt cám ơn','2022-04-09',5);
INSERT INTO "Comment"("productId","name","content","date","rate") VALUES (12,N'Ck',N'Máy bắt wifi cực kỳ kém. Mất kết nối wifi liên tục. Bực thật sự.','2022-08-02',2);
INSERT INTO "Comment"("productId","name","content","date","rate") VALUES (12,N'Dũng',N'May tot va rat mượt','2022-06-28',5);
INSERT INTO "Comment"("productId","name","content","date","rate") VALUES (12,N'Triệu Hoàn',N'Máy đẹp cầm chắc tay pin ổn cammera chụp đepk màn hình sáng rực rỡ, tuy nhiên kết nối mạng thì quá Tệ Máy bắt sóng yếu rất yếu, kết nối WiFi cũng tệ thường xuyên bị truy cập từ chối WiFi, kết nối loa Bluetooth cũng kém kém xa so với con Huawei Y7 mình sài được 5 năm rồi cũng mua tại thế giới di động.','2022-08-05',3);
INSERT INTO "Comment"("productId","name","content","date","rate") VALUES (12,N'Trần Khánh Duy',N'Rất ok','2023-08-07',4);
INSERT INTO "Comment"("productId","name","content","date","rate") VALUES (12,N'Trần Tấn Việt',N'Các cả ứng dụng đều được nhưng hao pin lắm rồi thời gian chờ màn hình cũng hơi nhanh mình đc biết là dòng máy khác khoảng 2h thời gian chờ rồi dòng máy này thời gian chờ chỉ khoảng 1h301h50 rồi mình kịp làm gì đã hao pin về thời gian chờ máy','2022-03-11',2);
INSERT INTO "Comment"("productId","name","content","date","rate") VALUES (12,N'Nguyễn Xuân Lâm',N'Đổi lại đc ko','2023-06-07',1);
INSERT INTO "Comment"("productId","name","content","date","rate") VALUES (12,N'Nguyễn Văn Duyên',N'Máy bị mắt kết nối wifi lại siêu thị kiểm tra thì nói không bị gì về vẫn bị tiếp rồi nói phải gửi về hãng mới kiểm tra được vậy mà cam kết 1 đổi 1 hết tinh tưởng dmx tgdd','2023-05-02',1);
INSERT INTO "Comment"("productId","name","content","date","rate") VALUES (12,N'Võ Văn Cường',N'Hài lòng','2023-02-06',4);
INSERT INTO "Comment"("productId","name","content","date","rate") VALUES (12,N'Tuyền nguyễn',N'Máy bắt wifi lúc dc lúc ko đổi cái thứ 2 rồi vẫn bị như vậy giờ nói phải gửi máy lên hãng để kiểm tra lỗi mới cho đổi','2023-05-15',1);
INSERT INTO "Comment"("productId","name","content","date","rate") VALUES (12,N'Nguyen Van',N'Điện thoại bắt sóng yếuhao pin . Điện thoại bị lỗi mới mua hôm trước hôm sau đã gọi điện qua zalo rồi xem video tittoc không có tiếng phải tắt nguồn khỏi đông lại may thì mới nghe được tiếng','2022-01-15',2);
INSERT INTO "Comment"("productId","name","content","date","rate") VALUES (12,N'Nguyễn Trung Nhựt',N'Tôt','2022-10-25',5);
INSERT INTO "Comment"("productId","name","content","date","rate") VALUES (12,N'NGUYỄN VĂN HƯNG',N'Đã 2 tuần nay dùng tốt, hài lòng','2023-03-27',5);
INSERT INTO "Comment"("productId","name","content","date","rate") VALUES (12,N'Hoàng Thị Khánh Mai',N'Điện thoại luôn mất sóng, gọi hay nhắn tin đều thuê bao. Khởi động lại vẫn vậy. Tổng đài có hỏi trải nghiệm, mình nói mất tín hiệu như vậy, có khách nào xài a34 bị như vậy ko? Tổng đài báo chưa nghe khách nào nói tình trạng như vậy, đây là lần đầu tiên. 
 Mình lên xem đánh giá thì rất nhiều khách đã đánh giá là đt mất tín hiệu.  Tiếc là mình k đọc đánh giá sớm hơn.','2022-12-12',1);
INSERT INTO "Comment"("productId","name","content","date","rate") VALUES (12,N'Đức',N'Tốt','2023-09-21',4);
INSERT INTO "Comment"("productId","name","content","date","rate") VALUES (12,N'NGUYEN VAN HAI',N'Lỗi máy, tắt mở lại mới hết lỗi, âm lượng không về 0 được, có lúc mất tiếng, tắt đi mở lại thì có, viết đánh giá thì phải kiểm duyệt là sao nhỉ???? Vậy phải cho 5 sao mới duyệt à, cho 1 sao không duyệt đánh giá là sao ????','2023-08-23',1);
INSERT INTO "Comment"("productId","name","content","date","rate") VALUES (12,N'Anh Hoàng',N'Ok','2022-05-22',5);
INSERT INTO "Comment"("productId","name","content","date","rate") VALUES (12,N'Trinh',N'Máy hay bị lỗi phải tắt nguồn mở lại bất tiện quá','2023-10-10',1);
INSERT INTO "Comment"("productId","name","content","date","rate") VALUES (12,N'Trần Diễm Trinh',N'Bình thuong','2022-10-13',3);
INSERT INTO "Comment"("productId","name","content","date","rate") VALUES (12,N'Tín',N'Tuyệt vời','2022-04-10',5);
INSERT INTO "Comment"("productId","name","content","date","rate") VALUES (12,N'Lộc',N'Điện thoại của mình bị ám vàng nặng dù chỉnh sửa hoạt ảnh nhiều lần','2023-08-29',2);
INSERT INTO "Comment"("productId","name","content","date","rate") VALUES (12,N'Nguyễn Thị Cẫm Nhung',N'Ok','2023-09-06',4);
INSERT INTO "Comment"("productId","name","content","date","rate") VALUES (12,N'Chị Mai',N'Điện thoại Samsung dùng rất tuyệt','2023-04-18',5);
INSERT INTO "Comment"("productId","name","content","date","rate") VALUES (12,N'Sơn',N'Bị lổi tự gọi lại','2022-08-20',2);
INSERT INTO "Comment"("productId","name","content","date","rate") VALUES (12,N'BÙI THỊ THUÝ',N'Hiện tại mình dùng thấy rất tốt.  Nhất là dùng vân tay để thanh toán tài khoản qua điện thoại. Mình rất ok','2023-05-14',5);
INSERT INTO "Comment"("productId","name","content","date","rate") VALUES (12,N'Anh Lộc',N'Rất OK','2021-12-21',5);
INSERT INTO "Comment"("productId","name","content","date","rate") VALUES (12,N'Võ Thành Hương Thảo',N'Xài ok','2022-06-01',3);
INSERT INTO "Comment"("productId","name","content","date","rate") VALUES (12,N'Khánh ',N'Màn hình hiển thị đẹp sáng. 120hz mượt, camera đẹp, pin trâu. 256gb quá ngon','2023-06-02',4);
INSERT INTO "Comment"("productId","name","content","date","rate") VALUES (12,N'Mai Thị Hương',N'Màn hình cam ứng thao tac hoi chậm, co luc dung nhiu bi đứng man hình, chup hình ảnh hưởng khong sắc net lắm, khong đep,chua hài lòng ve sp','2023-08-25',3);
INSERT INTO "Comment"("productId","name","content","date","rate") VALUES (12,N'Nguyễn Thị Tư',N'Màn hình rộng chụp ảnh cũng nét máy dùng ok nhưng k biết mn dùng tn chứ máy mìn mới mua đã bị 2 lần lỏng sim phải tháo sim ra lắp lại thì mới nghe và nhận cuộc gọi đc. Bắt sóng k khỏe','2022-05-01',3);
INSERT INTO "Comment"("productId","name","content","date","rate") VALUES (12,N'Anh Cường,',N'Trước mắt cũng thấy mượt. Sau ko bt thế nào','2023-07-21',5);
INSERT INTO "Comment"("productId","name","content","date","rate") VALUES (12,N'CHI NHÁNH CÔNG TY TNHH PHÁT TRIỂN NGUỒN NHÂN LỰC GIA LONG MIỀN BẮC',N'Tốt','2023-11-22',4);
INSERT INTO "Comment"("productId","name","content","date","rate") VALUES (12,N'Lê Hoàng Thuận',N'Lướt mượt mà','2022-09-14',5);
INSERT INTO "Comment"("productId","name","content","date","rate") VALUES (12,N'HUỲNH KIM LOAN',N'Hình ảnh chân thật. Dữ liệu 256G nhiều,nói chung thì cũng được','2022-02-21',3);
INSERT INTO "Comment"("productId","name","content","date","rate") VALUES (12,N'THÁI MINH MẪN',N'Mọi thứ thấy ok . Chưa có gì đánh giá .','2023-12-18',5);
INSERT INTO "Comment"("productId","name","content","date","rate") VALUES (12,N'Chị Phương',N'Máy đẹp hình ảnh sắc nét ,lướt màn hình mướt mườn mượt  thiết kế đẹp','2023-01-10',5);
INSERT INTO "Comment"("productId","name","content","date","rate") VALUES (12,N'THẠCH THANH LIÊM',N'Ok ạ','2023-05-16',5);
INSERT INTO "Comment"("productId","name","content","date","rate") VALUES (12,N'LÊ VĂN TÂM',N'ok','2023-08-25',4);
INSERT INTO "Comment"("productId","name","content","date","rate") VALUES (12,N'VÕ THỊ THIÊN TRANG',N'Hàng ok lắm mua tặng nên k sử nhiều nên k biết diễn tả s nua','2023-10-10',3);
INSERT INTO "Comment"("productId","name","content","date","rate") VALUES (12,N'Cô Hiền',N'Mới dùng, chưa quen giao diện cũng đôi lúc gặp khó khăn...mon','2022-11-23',3);
INSERT INTO "Comment"("productId","name","content","date","rate") VALUES (12,N'PHẠM VĂN CẢNH',N'Rất tốt','2023-07-31',5);
INSERT INTO "Comment"("productId","name","content","date","rate") VALUES (12,N'Chị Huệ',N'Màu đẹp
 Máy chạy nhanh
 Bộ nhớ 258GB rất hữu ích','2022-06-18',5);
INSERT INTO "Comment"("productId","name","content","date","rate") VALUES (12,N'Chị Thơm',N'tốt','2023-03-06',5);
INSERT INTO "Comment"("productId","name","content","date","rate") VALUES (12,N'Anh Linh',N'sản phẩm tốt . lướt nhanh . nói chung là ok','2022-07-06',5);
INSERT INTO "Comment"("productId","name","content","date","rate") VALUES (12,N'Trương Hồ Hải Oanh',N'Nhân viên phục vụ tốt','2022-11-19',5);
INSERT INTO "Comment"("productId","name","content","date","rate") VALUES (12,N'HUỲNH CÔNG ĐẠO',N'Tốt','2022-12-27',5);
INSERT INTO "Comment"("productId","name","content","date","rate") VALUES (12,N'LÂM THỊ NHƯ',N'tốt','2023-05-26',5);
INSERT INTO "Comment"("productId","name","content","date","rate") VALUES (12,N'Anh Khoa',N'Ok','2023-06-03',5);
INSERT INTO "Comment"("productId","name","content","date","rate") VALUES (12,N'Võ Thị Kiều Hoa Nữ',N'Cũng chưa nhạy bén được...','2023-12-02',4);
INSERT INTO "Comment"("productId","name","content","date","rate") VALUES (12,N'TRẦN VĂN THẮNG',N'Phuc vụ tân tinh','2023-10-28',5);
INSERT INTO "Comment"("productId","name","content","date","rate") VALUES (12,N'Chị Phúc Lâm',N'Mình thây nhanh hết pin','2022-03-18',3);
INSERT INTO "Comment"("productId","name","content","date","rate") VALUES (12,N'Nguỵ Kim Long',N'Rat tot','2023-10-06',5);
INSERT INTO "Comment"("productId","name","content","date","rate") VALUES (12,N'NGUYỄN KIỀU DIỄM',N'Nhân viên rất nhiệt tình','2023-04-21',5);
INSERT INTO "Comment"("productId","name","content","date","rate") VALUES (12,N'LÊ THỊ KIM LOAN',N'Sản phẩm tốt','2023-09-26',4);
INSERT INTO "Comment"("productId","name","content","date","rate") VALUES (12,N'LÝ TÚ ANH',N'Hiện tại điện thoại Galaxy A34 5G 256GB sài rất OK.','2022-01-26',5);
INSERT INTO "Comment"("productId","name","content","date","rate") VALUES (12,N'Khánh trân',N'Tốt','2022-10-03',4);
INSERT INTO "Comment"("productId","name","content","date","rate") VALUES (12,N'Tình',N'Tot','2022-01-05',4);
INSERT INTO "Comment"("productId","name","content","date","rate") VALUES (12,N'Nguyễn Văn Thành',N'ok','2023-07-12',4);
INSERT INTO "Comment"("productId","name","content","date","rate") VALUES (12,N'ĐINH THỊ NHƯ NGỌC',N'Trên cả tuyệt vời','2022-02-10',5);
INSERT INTO "Comment"("productId","name","content","date","rate") VALUES (12,N'Bùi Xuân Hùng',N'Ok','2023-08-08',4);
INSERT INTO "Comment"("productId","name","content","date","rate") VALUES (12,N'NGUYỄN VĂN DŨNG',N'may cam nhe tay khong dam may,me nu ung dung kho su dung ma lai khong co cu sac,hoi chan','2022-04-13',3);
INSERT INTO "Comment"("productId","name","content","date","rate") VALUES (12,N'CÔNG TY 98 - CHI NHÁNH TỔNG CÔNG TY XÂY DỰNG TRƯỜNG SƠN',N'Rất tôt','2023-02-18',5);
INSERT INTO "Comment"("productId","name","content","date","rate") VALUES (12,N'LÊ THỊ THANH VÂN',N'Bình thường vì chưa dùng hết các tính năng','2022-05-18',3);
INSERT INTO "Comment"("productId","name","content","date","rate") VALUES (12,N'Nhi',N'tốt','2022-10-18',5);
INSERT INTO "Comment"("productId","name","content","date","rate") VALUES (12,N'Cô Thuận',N'Tiện lợi','2023-08-23',4);
INSERT INTO "Comment"("productId","name","content","date","rate") VALUES (12,N'NGUYỄN GIA ĐỊNH',N'Dùng tốt so với giá thành','2022-11-19',4);
INSERT INTO "Comment"("productId","name","content","date","rate") VALUES (12,N'Anh Dũng',N'Tốt','2023-06-10',4);
INSERT INTO "Comment"("productId","name","content","date","rate") VALUES (12,N'Đỗ Văn Hiếu',N'ok','2022-09-27',4);
INSERT INTO "Comment"("productId","name","content","date","rate") VALUES (12,N'Quang Khải',N'Đẹp, sang, nhưng cầm cảm giác hơi nặng tay.','2023-07-14',4);
INSERT INTO "Comment"("productId","name","content","date","rate") VALUES (12,N'PHẠM MINH KHÔI',N'Tốt','2022-04-19',4);
INSERT INTO "Comment"("productId","name","content","date","rate") VALUES (12,N'Anh Hổ',N'','2022-01-03',4);
INSERT INTO "Comment"("productId","name","content","date","rate") VALUES (12,N'Quyên',N'','2023-01-18',4);
INSERT INTO "Comment"("productId","name","content","date","rate") VALUES (12,N'Duy',N'','2023-11-02',4);
INSERT INTO "Comment"("productId","name","content","date","rate") VALUES (12,N'Phạm Ngọc Hưng',N'','2022-03-06',5);
INSERT INTO "Comment"("productId","name","content","date","rate") VALUES (12,N'Chị Thủy',N'','2022-11-23',5);
INSERT INTO "Comment"("productId","name","content","date","rate") VALUES (12,N'Tran Thanh Phu',N'','2023-08-22',4);
INSERT INTO "Comment"("productId","name","content","date","rate") VALUES (12,N'ĐÀO VĂN TÁM',N'','2023-01-31',5);
INSERT INTO "Comment"("productId","name","content","date","rate") VALUES (12,N'Nguyễn Thị Ân',N'','2023-01-16',4);
INSERT INTO "Comment"("productId","name","content","date","rate") VALUES (12,N'Vũ Tiến Hòa',N'','2023-04-07',4);
INSERT INTO "Comment"("productId","name","content","date","rate") VALUES (12,N'Thi',N'','2023-09-20',5);
INSERT INTO "Comment"("productId","name","content","date","rate") VALUES (12,N'Đoàn Văn Nhựt',N'','2023-06-23',5);
INSERT INTO "Comment"("productId","name","content","date","rate") VALUES (12,N'Anh Lộc',N'','2021-12-01',4);
INSERT INTO "Comment"("productId","name","content","date","rate") VALUES (12,N'NGUYỄN NGỌC THANH',N'','2022-01-11',5);
INSERT INTO "Comment"("productId","name","content","date","rate") VALUES (12,N'Chị Nguyệt',N'','2023-06-28',4);
INSERT INTO "Comment"("productId","name","content","date","rate") VALUES (12,N'Nguyễn Văn Nẳm',N'','2022-01-17',5);
INSERT INTO "Comment"("productId","name","content","date","rate") VALUES (12,N'Lực',N'','2022-07-01',3);
INSERT INTO "Comment"("productId","name","content","date","rate") VALUES (12,N'Như Trang',N'','2023-05-20',5);
INSERT INTO "Comment"("productId","name","content","date","rate") VALUES (12,N'HOÀNG VĂN THƯỜNG',N'','2023-12-16',3);
INSERT INTO "Comment"("productId","name","content","date","rate") VALUES (12,N'Dương Thị Bình',N'','2023-03-05',4);
INSERT INTO "Comment"("productId","name","content","date","rate") VALUES (12,N'Nguyễn Thị Thu Hương',N'Điện thoại dùng rất mượt,  nhiều chức năng mới. Tuy nhiên chưa hiểu vì sao mà thỉnh thoảng người khác gọi điện đến lại ko đc. 🤔','2022-11-03',4);
INSERT INTO "Comment"("productId","name","content","date","rate") VALUES (12,N'Phạm Văn Cường',N'','2023-07-29',3);
INSERT INTO "Comment"("productId","name","content","date","rate") VALUES (12,N'Thanh Vân',N'','2022-04-18',5);
INSERT INTO "Comment"("productId","name","content","date","rate") VALUES (12,N'Chú Hiển',N'','2022-04-12',3);
INSERT INTO "Comment"("productId","name","content","date","rate") VALUES (12,N'ĐỖ THANH SANG',N'Rất tốt','2022-04-01',4);
INSERT INTO "Comment"("productId","name","content","date","rate") VALUES (12,N'Phan Thị Ngọc Yến',N'','2022-06-16',3);
INSERT INTO "Comment"("productId","name","content","date","rate") VALUES (12,N'VÕ THỊ MINH TUYẾT',N'','2022-07-12',4);
INSERT INTO "Comment"("productId","name","content","date","rate") VALUES (12,N'PHẠM TRƯỜNG GIANG',N'Tốt','2022-02-24',5);
INSERT INTO "Comment"("productId","name","content","date","rate") VALUES (12,N'TRẦN PHƯƠNG DUY',N'','2023-04-11',4);
INSERT INTO "Comment"("productId","name","content","date","rate") VALUES (12,N'NGUYỄN MẠNH ĐIỀU',N'','2022-04-29',4);
INSERT INTO "Comment"("productId","name","content","date","rate") VALUES (12,N'LÊ THỊ HUYỀN',N'','2023-10-26',4);
INSERT INTO "Comment"("productId","name","content","date","rate") VALUES (12,N'LÊ THỊ HIẾU',N'','2023-01-19',4);
INSERT INTO "Comment"("productId","name","content","date","rate") VALUES (12,N'Hằng',N'','2022-02-06',4);

INSERT INTO "Product" ("productId","total","typeId","image","cost","price","discount","rate","releaseDate","name") VALUES (13, 91, 1,'https://cdn.tgdd.vn/Products/Images/42/309834/samsung-galaxy-m34-xanh-ngoc-thumb-600x600.jpg',4990000,7990000,10,3.7,'2021-08-21', N'Điện thoại Samsung Galaxy M34 5G');
INSERT INTO "ProductDetail" ("productId","screen","os","cameraBehind","cameraFront","cpu","ram","rom","battery","sim") VALUES (13,N'Super AMOLED, 6.5", Full HD+',N'Android 13',N'Chính 50 MP & Phụ 8 MP, 2 MP',N'13 MP',N'Exynos 1280', N'8 GB',N'128 GB',N'6000 mAh',N'2 Nano SIM (SIM 2 chung khe thẻ nhớ)');
INSERT INTO "Comment"("productId","name","content","date","rate") VALUES (13,N'Nguyễn Thành Sơn',N'Sử dụng rất tốt, nhưng vẫn có một số lỗi vật về đường truyền mạng, đã sử dụng đc 1 tháng','2022-01-04',5);
INSERT INTO "Comment"("productId","name","content","date","rate") VALUES (13,N'Cao thị thúy',N'Lỗi không nhận được cuộc gọi đã đổi máy mới về vẫn vậy ra đổi máy khác cửa hàng báo hết không có máy đổi','2021-09-14',2);
INSERT INTO "Comment"("productId","name","content","date","rate") VALUES (13,N'Nguyễn Trọng Tuấn',N'Rất tốt','2022-04-24',5);
INSERT INTO "Comment"("productId","name","content","date","rate") VALUES (13,N'Nguyễn Tấn Đạt',N'Ok','2022-11-22',4);
INSERT INTO "Comment"("productId","name","content","date","rate") VALUES (13,N'Lê Ngọc',N'Máy dùng hay bị lỗi khe sim thậm chí kafm cháy sim, thường xuyên mất sóng','2023-08-17',1);
INSERT INTO "Comment"("productId","name","content","date","rate") VALUES (13,N'Vũ Thị Hường',N'Màu ảnh chụp lên cứ vàng vàng,mắt đỏ đỏ,nói chung thất vọng','2021-12-18',2);
INSERT INTO "Comment"("productId","name","content","date","rate") VALUES (13,N'Tạ duy anh',N'Điện thoại đánh liên quân 20p nống ra mô hôi tayCui bấp con thua Cai A12 cua tui','2023-07-27',1);
INSERT INTO "Comment"("productId","name","content","date","rate") VALUES (13,N'phạm Thế Hùng',N'tạm thời đánh giá 4 . vì vài điểm trừ Khe sim 2 lắp lên thì mất thẻ . dung lượng bộ nhớ ít . vào cái tele mà quả kho phim thì 67Gb thì bộ nhớ máy còn nhiêu máy có 5G nhưng hạ tầng cơ sở có 5G đâu . tò tí te suốt . pin khá ok . nhưng cam chụp thì hơi chán .','2023-01-18',4);
INSERT INTO "Comment"("productId","name","content","date","rate") VALUES (13,N'Nguyễn Hoàng Vũ',N'Điện thoại Samsung Galaxy M34 rất khoái đen danh bạ cho vào sọt rác khi qua ngày khác . Cầm pin , PIN trâu .','2023-01-09',4);
INSERT INTO "Comment"("productId","name","content","date","rate") VALUES (13,N'Hào',N'','2021-11-01',5);
INSERT INTO "Comment"("productId","name","content","date","rate") VALUES (13,N'Nguyễn Thị Cẩm Vân',N'','2022-02-10',5);
INSERT INTO "Comment"("productId","name","content","date","rate") VALUES (13,N'Nguyễn Đức Anh',N'','2022-05-23',5);
INSERT INTO "Comment"("productId","name","content","date","rate") VALUES (13,N'Hà Ngọc Thuận',N'','2023-05-29',5);

INSERT INTO "Product" ("productId","total","typeId","image","cost","price","discount","rate","releaseDate","name") VALUES (14, 168, 1,'https://cdn.tgdd.vn/Products/Images/42/274018/samsung-galaxy-a24-black-thumb-600x600.jpg',5490000,6490000,15,4.1,'2020-05-11', N'Điện thoại Samsung Galaxy A24 6GB');
INSERT INTO "ProductDetail" ("productId","screen","os","cameraBehind","cameraFront","cpu","ram","rom","battery","sim") VALUES (14,N'Super AMOLED, 6.5", Full HD+',N'Android 13',N'Chính 50 MP & Phụ 5 MP, 2 MP',N'13 MP',N'MediaTek Helio G99', N'6 GB',N'128 GB',N'5000 mAh',N'2 Nano SIM');
INSERT INTO "Comment"("productId","name","content","date","rate") VALUES (14,N'Trần Văn Tuấn',N'K lên dc one ui 6.0 tệ quá','2022-09-28',1);
INSERT INTO "Comment"("productId","name","content","date","rate") VALUES (14,N'Nguyễn Thị Hồng Thắm',N'Mới mua hơn 1 tháng, nhưng sd rất khó chịu, bực bội vô cùng. Gọi bằng sim thì lúc được lúc không, 10 lần thì được cỡ 3, 4 lần. Cón bắt wifi cũng yếu, chập chờn miết, sử dụng 3G là coi như không bắt được mạng luôn, trong khi điện thoại A12 cũ thì sử dụng 3G rất tốt. Nhiều lúc công việc gấp mà k sử dụng được gì rất là bực bội, ức chế vô cùng. Hơn 15 năm nay toàn sử dụng samsung mà chưa bao giờ mua trúng điện thoại nào mà bực bội như mua cái A24 này.','2021-05-04',1);
INSERT INTO "Comment"("productId","name","content","date","rate") VALUES (14,N'Trường',N'Sau một tuần dùng thì sp tốt mọi thao tác nhanh không bị nóng máy pin trâu quá ok','2022-04-21',5);
INSERT INTO "Comment"("productId","name","content","date","rate") VALUES (14,N'Trần Văn Ngon',N'Sp ok','2023-09-20',5);
INSERT INTO "Comment"("productId","name","content","date","rate") VALUES (14,N'Lâm Trí Nhân',N'Hay bị đơ máy hay bị tắt màn hình và mở ko đucijw máy thì dễ nóng ,','2022-11-21',1);
INSERT INTO "Comment"("productId","name","content","date","rate") VALUES (14,N'Lê anh duy',N'Tôi mới mua máy xong nv k tư vấn mua buds tai nghe giảm giá 2tr.giờ tôi mua được k','2020-07-18',5);
INSERT INTO "Comment"("productId","name","content","date","rate") VALUES (14,N'ĐOÀN HỒNG NHIÊN',N'May dùng rất ok','2022-12-26',4);
INSERT INTO "Comment"("productId","name","content","date","rate") VALUES (14,N'AnhPhong',N'ok, rất tốt','2023-02-06',5);
INSERT INTO "Comment"("productId","name","content","date","rate") VALUES (14,N'Lê Xuân Thanh Khoa',N'Điện thoại rất mượt, an tâm dùng Samsung. Nhân viên tư vấn nhiệt tình, bé Samsung siêu dễ thương.','2022-11-05',5);
INSERT INTO "Comment"("productId","name","content","date","rate") VALUES (14,N'Hoàng Văn Nhất',N'Tốt','2023-08-11',5);
INSERT INTO "Comment"("productId","name","content","date","rate") VALUES (14,N'Hoàng Thanh Thảo',N'Em mua từ hồi tháng 5, cách đây 1 tuần thì nút âm lượng bị lỗi, ấn nút giảm xuống nó dính vào xong kéo hết âm lượng xuống luôn, phải ấn vào nút tăng thì nó mới bật lên lại, không biết là em đem đi bảo hành thì khoảng bao lâu là xong v ạ','2020-10-07',5);
INSERT INTO "Comment"("productId","name","content","date","rate") VALUES (14,N'NGUYỄN VĂN SANG',N'Cũng tạm ổn theo tầm giá','2021-02-09',3);
INSERT INTO "Comment"("productId","name","content","date","rate") VALUES (14,N'Như Quỳnh',N'Em mới mua hôm thứ 7 tuần rồi mà bây giờ máy không còn nhạy nữa, bấm 2 3 lần nó mới qua cái khác, ko bt có đc đổi sang máy khác không ạ','2022-04-30',3);
INSERT INTO "Comment"("productId","name","content","date","rate") VALUES (14,N'Phan Thị Hoài Hương',N'Màu sắc đẹp,sang','2023-05-12',5);
INSERT INTO "Comment"("productId","name","content","date","rate") VALUES (14,N'Tấn',N'.','2020-09-14',4);
INSERT INTO "Comment"("productId","name","content","date","rate") VALUES (14,N'Trần Minh Quang',N'Qua tốt','2021-05-25',5);
INSERT INTO "Comment"("productId","name","content","date","rate") VALUES (14,N'Lại Hợp Quang',N'Mới mua đc 1 tháng dùng khá ổn . Cho em hỏi em mua galaxy a24 này đc 1 tháng quay lại mua Tai nghe Bluetooth True Wireless Samsung Galaxy tai ngheBuds 2 R177N có đc giảm giá. 0 ạ','2023-06-15',5);
INSERT INTO "Comment"("productId","name","content","date","rate") VALUES (14,N'TRẦN NHẬT QUYẾT',N'Máy tốt rất ổn định','2021-06-25',5);
INSERT INTO "Comment"("productId","name","content","date","rate") VALUES (14,N'Phạm minh thiện',N'Cho em hỏi . E mua máy này trả góp chưa được 1 tháng . Giờ màn hình bị sọc. Có được đổi máy khác k .','2022-03-19',3);
INSERT INTO "Comment"("productId","name","content","date","rate") VALUES (14,N'Đào xuân trường',N'Máy rất kém.dùng chưa dc 1 tháng đã lỗi màn hình','2023-03-28',1);
INSERT INTO "Comment"("productId","name","content","date","rate") VALUES (14,N'Mai thi thảo',N'May nhanh tut pin .để tối đên sáng tụt 6 % pin .mặc dù Mình tắt wifi tắt bât chế độ máy bay rồi .bắt song wifi yếu .lướt fb hay đoc báo hay bi giât .','2020-05-21',3);
INSERT INTO "Comment"("productId","name","content","date","rate") VALUES (14,N'Nhi',N'Sau một tháng trải nghiệm thì thấy không ổn tí nào. Lướt bình luận thì bị giật lên không mượt Đặt xe công nghệ tài xế gọi tới thì chỉ thấy rung mà không thấy hiển thị cuộc gọi rồi sao bắt máy Camera trước thì mờ xấu. Thua cái điện thoại cũ sài 4 năm của tôi nữa. Hối hận khi mua','2023-11-29',2);
INSERT INTO "Comment"("productId","name","content","date","rate") VALUES (14,N'Diệp Chi',N'Ok','2022-10-04',5);
INSERT INTO "Comment"("productId","name","content","date","rate") VALUES (14,N'Trần Dũng',N'Máy tốt ổn trong tầm giá','2021-02-03',4);
INSERT INTO "Comment"("productId","name","content","date","rate") VALUES (14,N'Anh Hùng',N'Ok','2021-07-23',5);
INSERT INTO "Comment"("productId","name","content","date","rate") VALUES (14,N'HOÀNG MINH PHONG',N'Tốt','2021-01-04',4);
INSERT INTO "Comment"("productId","name","content","date","rate") VALUES (14,N'Ngô Mạnh Cường',N'Mwg26072023','2023-04-12',5);
INSERT INTO "Comment"("productId","name","content","date","rate") VALUES (14,N'Huong',N'Mình mới mua sp hôm qua. Sao màn hình nhìn kiểu màu sáng vàng chứ ko sáng trắng vậy ạ .','2023-10-22',3);
INSERT INTO "Comment"("productId","name","content","date","rate") VALUES (14,N'Tuấn',N'Tốt','2021-06-07',5);
INSERT INTO "Comment"("productId","name","content","date","rate") VALUES (14,N'Sương',N'Pin sạc 100% để 12h k dùng đến qa hôm sau tụt còn 88%. Trong khi mua chưa được 1 tháng. Mà cũng dùng đến điện thoại rất ít','2022-09-24',2);
INSERT INTO "Comment"("productId","name","content","date","rate") VALUES (14,N'Trần Xuân  Bách',N'Máy tốt, chất lượng','2022-11-16',5);
INSERT INTO "Comment"("productId","name","content","date","rate") VALUES (14,N'Hằng Đặng',N'Mới mua thấy hình thức khá ok.Trải nghiệm thử 1 tháng sau quay lại đánh giá. Nvien tư vấn nhiệt tình','2020-07-16',4);
INSERT INTO "Comment"("productId","name","content","date","rate") VALUES (14,N'An',N'Giao hành nhanh, nhân viên tận tình chu đáo','2022-05-22',5);
INSERT INTO "Comment"("productId","name","content","date","rate") VALUES (14,N'LIÊNG HÓT HA QUI',N'Ok đo','2023-10-18',4);
INSERT INTO "Comment"("productId","name","content","date","rate") VALUES (14,N'NGUYỄN THỊ TUYẾT NHUNG',N'Xài chưa duoc 1 tháng mà đã như màn hình','2020-10-03',2);
INSERT INTO "Comment"("productId","name","content","date","rate") VALUES (14,N'Sanh',N'Rất ok','2020-07-26',5);
INSERT INTO "Comment"("productId","name","content","date","rate") VALUES (14,N'Anh Hưng',N'Sảm phẩm rất tốt  tôi rất hài lòng','2021-09-12',5);
INSERT INTO "Comment"("productId","name","content","date","rate") VALUES (14,N'Chị Hà',N'Rất hài lòng','2020-07-15',5);
INSERT INTO "Comment"("productId","name","content","date","rate") VALUES (14,N'Nguyen Ngoc Thơ',N'Ok','2021-05-07',5);
INSERT INTO "Comment"("productId","name","content","date","rate") VALUES (14,N'Phong',N'Rất tốt , mượt , màn đẹp , cam tốt trong tầm giá , pin rất trâu','2022-05-19',5);
INSERT INTO "Comment"("productId","name","content","date","rate") VALUES (14,N'Nguyễn Ngọc Đức',N'Tốt','2020-09-23',5);
INSERT INTO "Comment"("productId","name","content","date","rate") VALUES (14,N'TRẦN KIỀU HƯNG',N'Sản phẩm tốt','2022-07-21',4);
INSERT INTO "Comment"("productId","name","content","date","rate") VALUES (14,N'Anh Trường',N'Đt tốt,pin rất lâu.Nhân viên shop nhiệt tình chu đáo','2022-04-18',5);
INSERT INTO "Comment"("productId","name","content","date","rate") VALUES (14,N'NGUYỄN THỊ PHƯỢNG',N'','2020-05-28',2);
INSERT INTO "Comment"("productId","name","content","date","rate") VALUES (14,N'Nguyễn Văn Sảnh',N'','2023-01-05',5);
INSERT INTO "Comment"("productId","name","content","date","rate") VALUES (14,N'Nguyễn Hoài Duy',N'','2021-10-31',5);
INSERT INTO "Comment"("productId","name","content","date","rate") VALUES (14,N'Anh Dũng',N'','2023-04-06',5);
INSERT INTO "Comment"("productId","name","content","date","rate") VALUES (14,N'Phượng',N'','2020-11-29',4);
INSERT INTO "Comment"("productId","name","content","date","rate") VALUES (14,N'Chị Phương',N'','2021-03-27',5);
INSERT INTO "Comment"("productId","name","content","date","rate") VALUES (14,N'Khoa',N'','2023-02-04',4);
INSERT INTO "Comment"("productId","name","content","date","rate") VALUES (14,N'Nam',N'','2021-04-24',5);
INSERT INTO "Comment"("productId","name","content","date","rate") VALUES (14,N'Anh Thuận',N'','2022-01-31',5);
INSERT INTO "Comment"("productId","name","content","date","rate") VALUES (14,N'VÕ THỊ THÚY NGUYỆT',N'','2022-05-20',5);
INSERT INTO "Comment"("productId","name","content","date","rate") VALUES (14,N'Do Van Chien',N'','2021-03-23',4);
INSERT INTO "Comment"("productId","name","content","date","rate") VALUES (14,N'Bùi Thị Huệ',N'','2022-05-29',5);
INSERT INTO "Comment"("productId","name","content","date","rate") VALUES (14,N'VÕ TẤN HOÁ',N'','2022-11-08',5);
INSERT INTO "Comment"("productId","name","content","date","rate") VALUES (14,N'Đào Quang Huy',N'','2021-02-25',5);
INSERT INTO "Comment"("productId","name","content","date","rate") VALUES (14,N'Chú Chín',N'','2022-04-30',2);
INSERT INTO "Comment"("productId","name","content","date","rate") VALUES (14,N'Chị Kiều',N'','2022-01-30',3);
INSERT INTO "Comment"("productId","name","content","date","rate") VALUES (14,N'Nguyễn Minh Triệu',N'','2020-10-08',4);

INSERT INTO "Product" ("productId","total","typeId","image","cost","price","discount","rate","releaseDate","name") VALUES (15, 185, 1,'https://cdn.tgdd.vn/Products/Images/42/271721/samsung-galaxy-a14-5g-thumb-nau-600x600.jpg',4190000,5190000,17,4.1,'2022-03-19', N'Điện thoại Samsung Galaxy A14 5G');
INSERT INTO "ProductDetail" ("productId","screen","os","cameraBehind","cameraFront","cpu","ram","rom","battery","sim") VALUES (15,N'PLS LCD, 6.6", Full HD+',N'Android 13',N'Chính 50 MP & Phụ 2 MP, 2 MP',N'13 MP',N'MediaTek Dimensity 700', N'4 GB',N'128 GB',N'5000 mAh',N'2 Nano SIM');
INSERT INTO "Comment"("productId","name","content","date","rate") VALUES (15,N'Kim Tuyết',N'Âm thanh không tự điều chỉnh được lúc to lúc nhỏ gọi điện hoặc call video nhiều khi người ta nghe không được','2023-12-15',3);
INSERT INTO "Comment"("productId","name","content","date","rate") VALUES (15,N'Thuý Vi',N'Nên mua','2022-07-19',5);
INSERT INTO "Comment"("productId","name","content","date","rate") VALUES (15,N'Ngo xuan oanh',N'Thi thoảng ứng dụng facebook hay đơ, ko tắt đc, pin hao nhanh, hay ko có mang dù 4g vẫn báo có sóng','2022-06-04',3);
INSERT INTO "Comment"("productId","name","content","date","rate") VALUES (15,N'Anh Hải',N'Samsung A14 5G sản phẩm sài khá tôt, mua 1 năm rồi sài vẫn ổn, hay mua hàng bên thegioididong vì ở đay có chế độ bảo hành rất tốt, nhân viên nhiệt tình khi tư vấn sản phẩm, tư vấn sản phẩm nào đó khong mua vẫn vui vẻ, cửa hàng chào đón khách nhiệt tình lể phép, mình dám chất không đau bán hàng vui vẻ bằng thegioididong. Gần đay nhất có mua một con loa kéo điện SUYANG X138 sài vẫn tốt tuy mua hàng trưng bày những sài rất tốt và sài nay được 5 tháng vẫn ổn chưa thấy vẫn đề gì, loa nghe nhạc hay và karaoke tuyệt đỉnh, riêng con loa kéo được 5 sao.','2022-12-21',4);
INSERT INTO "Comment"("productId","name","content","date","rate") VALUES (15,N'Thu',N'Tốt','2022-03-27',4);
INSERT INTO "Comment"("productId","name","content","date","rate") VALUES (15,N'Giàu',N'Máy sài mượt','2023-09-13',5);
INSERT INTO "Comment"("productId","name","content","date","rate") VALUES (15,N'Nguyen van tung',N'Toi khong thich bieu tuong tinh nhan no lam nhoe mat','2022-09-27',3);
INSERT INTO "Comment"("productId","name","content","date","rate") VALUES (15,N'Nguyên',N'Hang ok','2023-01-02',5);
INSERT INTO "Comment"("productId","name","content","date","rate") VALUES (15,N'Quang Mỹ',N'Điện thoại dùng rất tốt, nhưng có 1 lỗi mà Samsung A14 5g không có chức năng chiếu màng hình Điện thoại lên tivi.','2023-10-30',5);
INSERT INTO "Comment"("productId","name","content","date","rate") VALUES (15,N'Nguyễn Anh Tuấn',N'Tốt trong tầm giá','2022-11-28',5);
INSERT INTO "Comment"("productId","name","content","date","rate") VALUES (15,N'Thăng',N'sai rat ngoan','2022-07-22',5);
INSERT INTO "Comment"("productId","name","content","date","rate") VALUES (15,N'Anh Tùng',N'Tuyệt vời em ơi','2023-04-06',5);
INSERT INTO "Comment"("productId","name","content","date","rate") VALUES (15,N'Chú Thông',N'Tot','2023-06-23',4);
INSERT INTO "Comment"("productId","name","content","date","rate") VALUES (15,N'Hiếu',N'Pin mau tuột xài liên tục 6 tiếng sẽ hết. Nếu ít xài thì sẽ rất lâu. Sạc pin vô rất nhanh. màn hình ánh sáng quá chói. Chụp ảnh thì tạm được .màn hình kính thường nên không được đẹp. Bấm thì chạy nhanh nhưng có lúc cũng hơi lắc nhẹ. Đặc biệt là âm thanh nghe không được hay miro ghi âm cũng không được tốt .chỉ có âm thanh là không được như ý thôi nghe không được tốt thôi còn những cái khác chấp nhận được','2022-07-13',4);
INSERT INTO "Comment"("productId","name","content","date","rate") VALUES (15,N'A cường',N'Sạc pin không có sạc nhanh cắm cả buổi chiều được 75%','2023-11-07',3);
INSERT INTO "Comment"("productId","name","content","date","rate") VALUES (15,N'Nguyễn Thanh Tân',N'Âm lượng khi phát video tăng giảm bất thường. Trường hợp này mình làm sao ạ','2023-07-28',4);
INSERT INTO "Comment"("productId","name","content","date","rate") VALUES (15,N'Lê Hồng Phúc',N'màu sắc, thiết kế khá đẹp, các sp samsung giờ mẫu mã đa dạng, giá rẻ mà sở hữu chiếc đt quá xinh, mua cho mẹ chụp hình đăng fb thôi, mới xài nên tạm ổn... chưa thấy lỗi gì','2022-07-05',5);
INSERT INTO "Comment"("productId","name","content","date","rate") VALUES (15,N'Anh Lâm',N'Dùng rất ok chụp hình thì cảnh vật rất đẹp còn chụp người tạm được chơi game mượt','2022-08-21',5);
INSERT INTO "Comment"("productId","name","content","date","rate") VALUES (15,N'Cao Huỳnh Anh',N'Rất okTGDĐ hỗ trợ tốt','2023-05-20',5);
INSERT INTO "Comment"("productId","name","content","date","rate") VALUES (15,N'Thái kiệt',N'Mọi thứ đều ổn . Chỉ có âm thanh là auto lớn nhỏ','2023-08-08',3);
INSERT INTO "Comment"("productId","name","content","date","rate") VALUES (15,N'Hoàng Đức duy',N'Theo mình đang sử dụng thì  may lướt Wep khá mượt chụp ảnh thì  rõ nét  phóng to  ko bị  lòa chữ 
 Đây là  cá nhân mình  đánh giá  ở thời điểm hiện tại  đang sử dụng nha','2023-12-14',4);
INSERT INTO "Comment"("productId","name","content","date","rate") VALUES (15,N'Huỳnh Ngọc Tâm',N'Rất ok','2022-11-18',5);
INSERT INTO "Comment"("productId","name","content","date","rate") VALUES (15,N'Lan',N'Cho 5 sao','2023-07-14',5);
INSERT INTO "Comment"("productId","name","content","date","rate") VALUES (15,N'Anh Vàng',N'Tot','2022-11-16',5);
INSERT INTO "Comment"("productId","name","content","date","rate") VALUES (15,N'HỒ THỊ NGÂN LINH',N'Cũng ổn','2023-07-19',4);
INSERT INTO "Comment"("productId","name","content","date","rate") VALUES (15,N'Nguyễn Minh Linh',N'Ok tốt','2022-12-08',4);
INSERT INTO "Comment"("productId","name","content","date","rate") VALUES (15,N'Ca Hoài Phương',N'Chạy mượt mà, sắc nét','2022-11-09',4);
INSERT INTO "Comment"("productId","name","content","date","rate") VALUES (15,N'Anh Hải Đảo',N'Ok','2022-09-18',4);
INSERT INTO "Comment"("productId","name","content","date","rate") VALUES (15,N'Nguyễn Sĩ Đức',N'Ko có gì để chê, nhưng phải trải nghiệm một thời gian, tuy máy hiện nay chạy rất mượt mà ko còn thắc mắc gì','2022-06-02',4);
INSERT INTO "Comment"("productId","name","content","date","rate") VALUES (15,N'Đỗ Hữu Hùng',N'Tốt','2022-09-20',5);
INSERT INTO "Comment"("productId","name","content","date","rate") VALUES (15,N'Nguyễn hữu huy',N'Máy chạy mượt, tất cả các chức năng ổn','2023-01-13',5);
INSERT INTO "Comment"("productId","name","content","date","rate") VALUES (15,N'Đào Mạnh Tuấn',N'Tốt','2022-08-13',4);
INSERT INTO "Comment"("productId","name","content","date","rate") VALUES (15,N'Lê Phước Thành',N'Mua ko có kèm củ sạc,','2023-07-08',3);
INSERT INTO "Comment"("productId","name","content","date","rate") VALUES (15,N'VÕ THỊ TƯƠI',N'Mua đợt này  không tặng quà hơi buồn','2023-01-22',3);
INSERT INTO "Comment"("productId","name","content","date","rate") VALUES (15,N'Trần Hoài Phương',N'Hàng tôtd','2023-08-26',5);
INSERT INTO "Comment"("productId","name","content","date","rate") VALUES (15,N'Đặng Quang Vinh',N'Nhiệt tình','2022-09-23',5);
INSERT INTO "Comment"("productId","name","content","date","rate") VALUES (15,N'Phùng Kim Lương',N'Tốt','2023-05-31',4);
INSERT INTO "Comment"("productId","name","content","date","rate") VALUES (15,N'Dũng',N'N/v pbuc vụ rất tốt rất nhiệt tình mình rất hài lòng','2022-05-02',5);
INSERT INTO "Comment"("productId","name","content","date","rate") VALUES (15,N'Tran Tan Ngoc',N'thiết kế đẹp, hỗ trợ khách hàng quá ok','2023-09-09',5);
INSERT INTO "Comment"("productId","name","content","date","rate") VALUES (15,N'Đặng Văn Thành',N'Ok','2022-10-23',5);
INSERT INTO "Comment"("productId","name","content","date","rate") VALUES (15,N'Võ Huỳnh Đức',N'Mẫu mã đẹp pin xài lâu','2022-04-10',5);
INSERT INTO "Comment"("productId","name","content","date","rate") VALUES (15,N'Đỗ anh tuấn',N'Mình đọc comen vội nên đã mua , chứ dùng dc 3 ngày mà pin kém quá','2023-05-06',3);
INSERT INTO "Comment"("productId","name","content","date","rate") VALUES (15,N'LU HIEU HIEP',N'Ok','2023-12-03',5);
INSERT INTO "Comment"("productId","name","content","date","rate") VALUES (15,N'Đỗ Quốc Huy',N'Chụp màn hình khó vì phím cách nhau hơi xa, đánh giá 4 sao ****','2022-11-25',4);
INSERT INTO "Comment"("productId","name","content","date","rate") VALUES (15,N'Anh Linh',N'Pin 5000.sạc rất chậm.xài nhanh hết.khắc phục nhé','2023-05-04',2);
INSERT INTO "Comment"("productId","name","content","date","rate") VALUES (15,N'Nhi',N'Vỏ dày gần 1cm , mới sài mà phim nhấn lag nhẹ k nhạy , k sài j để k zj mà tụt pin nhanh sáng đến chiều những 10% mà mình k sài j để k  , cả k nhận đt hay tn j luôn như zj là bình thường hay có vấn đề zj mn . Còn camera nâng cấp như zj mà ngoài chụp đêm ok ra thì mình thay mua mí con ss S7-S8 ngày xưa mình sài luôn . Nhân viên tgdd thì rat nhiệt tình và chu đáo','2023-07-06',2);
INSERT INTO "Comment"("productId","name","content","date","rate") VALUES (15,N'NGUYỄN VĂN THIỆN',N'ok','2022-09-15',5);
INSERT INTO "Comment"("productId","name","content","date","rate") VALUES (15,N'Trần Xuân Huy',N'Máy tốt nên mua','2022-08-21',5);
INSERT INTO "Comment"("productId","name","content","date","rate") VALUES (15,N'Bình',N'Sản phẩm lỗi kết nối tai nghe','2022-06-25',1);
INSERT INTO "Comment"("productId","name","content","date","rate") VALUES (15,N'Thanh',N'Mình sd thấy giá phù hợp, máy chạy mượt,màu sắc màng hình đẹp. mình thích lắm','2023-05-10',4);
INSERT INTO "Comment"("productId","name","content","date","rate") VALUES (15,N'Hoàng',N'Hài lòng','2023-05-26',5);
INSERT INTO "Comment"("productId","name","content","date","rate") VALUES (15,N'Quàng Thị Ính',N'ok','2022-12-18',4);
INSERT INTO "Comment"("productId","name","content","date","rate") VALUES (15,N'Lê Hồng Nhựt',N'Sản phẩm tốt','2023-09-11',5);
INSERT INTO "Comment"("productId","name","content","date","rate") VALUES (15,N'ngọc',N'chụp hình quay phim xấu đau xấu đớn, xấu ko thể chấp nhận. lướt tiktok lag phải tải tiktok lite về dùng. mạng vào hơi yếu, sạc hơi chậm, loa khá to. pin tuột hơi nhanh. đt có vẻ không cứng cáp cho lắm. mua 5tr1 + bảo hành ốp này nọ lên thành 6tr3. Giờ nó giảm còn 4tr6 hic. dt này 4tr là ok.','2022-11-26',2);
INSERT INTO "Comment"("productId","name","content","date","rate") VALUES (15,N'Cô Bích',N'Các bạn giới thiệu rất nhiệt tình','2022-10-11',5);
INSERT INTO "Comment"("productId","name","content","date","rate") VALUES (15,N'Huỳnh Thị Kim Thoa',N'tốt','2022-10-17',5);
INSERT INTO "Comment"("productId","name","content","date","rate") VALUES (15,N'Nguyễn Tiến Long',N'NHẬN XÉT VÀ ĐÁNH GIÁ Thiết kế: Ổn Mặt lưng nhựa nhưng nhựa nổi vân hạn chế chống trầy xước, bám dấu vân tay, tuy nhiên vẫn cần phải mua ốp lưng để mặt lưng bền lâu. Màn hình: 6.6 inch, tấm nền cho chất lượng hiển thị khá, độ sắc nét khá Pin 5.000 mAh cho thời lượng sử dụng tốt khoảng 1.5 ngày 2 ngày. Hiệu năngTốt với những tác vụ hàng ngày nhưng về chơi game thì các bạn chỉ chơi game ở đồ họa vừa phải thôi nhé vì khi chơi ở đồ họa cao thì sản phẩm này sẽ không thể chơi được mượt mà.Camera Độ sắc nét tốt, chi tiết rõ ràng nhưng chất lượng ảnh thì hơi vỡ ảnh một chút. Khả năng/chất lượng kết nối. Tốc độ khi kết nối Wifi Nhanh, ổn định, ít độ trễ tùy vào môi trường sử dụng. Tốc độ khi kết nối 4G Rất nhanh, ổn định tùy vào môi trường sử dụng Có khả năng kết nối mạng 5G nên khi các bạn mua điện thoại này thì các bạn sẽ các sẽ chỉ cần đổi SIM 4G thành SIM 5G khi mạng 5G phát triển rộng rãi tại Việt Nam.Galaxy A14 5G vẫn xứng đáng là một thiết bị đáng mua trong phân khúc dưới 5 triệu.</span>','2023-06-22',4);
INSERT INTO "Comment"("productId","name","content","date","rate") VALUES (15,N'Bùi Văn Tâm',N'Đã  xài  hàng  chục cái  xiaomi  mới  quay lai Samsung  quá  thât vọng  quên  mk ,mới  3 lần  ghé  thế  giới  di đông  ko hô tro  ghé  tram bảo  hành  lấy  mk lại 150k vô li giống  như  ép  khách  hàng  lấy  tiền  để  người  ta từ  từ nhớ  lại mk chứ  ép  lấy  tiền  là  quá  đáng','2022-07-07',1);
INSERT INTO "Comment"("productId","name","content","date","rate") VALUES (15,N'Thao',N'Sau 1 tuần mua máy về,đánh giá máy tầm giá 5tr thì chả có vẹo gì ngon pin tuột rất nhanh,mặc dù đã hạ màn hình xuống 60hz bật riết kiệm pin,pin vẫn tuột ko phanh,bắt wifi khá kém,chip demencity 700 khá yếu để chơi game,chơi game khá nhẹ mà. Quá lag,đây là con máy samsung khá tệ mà mình từng sài,luu ý ai muốn mua thì cân nhắc,nếu ko chơi game thì cũng mượt,nhưng pin thì thua xa a23 về trâu lẫn sạc','2023-10-15',3);
INSERT INTO "Comment"("productId","name","content","date","rate") VALUES (15,N'Lê Ngọc',N'Loa điện thoại bị gì nhỉ? Phát nhạc thì âm thanh lúc to lúc nhỏ, âm thanh kiểu bị lên xuống . Tệ lắm luôn.
 Pin mau hết, loa thì rè rè. Máy 4gb mà 4.990.000 .','2022-09-10',3);
INSERT INTO "Comment"("productId","name","content","date","rate") VALUES (15,N'Đại hà tinh',N'Pin tụt nhanh','2022-05-05',2);
INSERT INTO "Comment"("productId","name","content","date","rate") VALUES (15,N'Dũng',N'Ko chơi game. Ko sử dụng liên tục. Nhưng rất hao pin','2023-03-23',3);
INSERT INTO "Comment"("productId","name","content","date","rate") VALUES (15,N'Tuấn Khanh',N'.','2022-11-25',4);
INSERT INTO "Comment"("productId","name","content","date","rate") VALUES (15,N'Yến',N'Xài ok lắm shop','2023-06-30',5);
INSERT INTO "Comment"("productId","name","content","date","rate") VALUES (15,N'Chị Liên',N'Hài lòng','2022-09-05',5);
INSERT INTO "Comment"("productId","name","content","date","rate") VALUES (15,N'Trần Hưng ',N'Đã mua. Tuyệt vời trong tầm giá.','2023-12-12',5);
INSERT INTO "Comment"("productId","name","content","date","rate") VALUES (15,N'LONG',N'Ok','2023-06-20',5);
INSERT INTO "Comment"("productId","name","content","date","rate") VALUES (15,N'Tuấn',N'Mua được 5 ngày rồi, dùng quá ok, máy mạnh, trong tầm giá thì quá ok, chiến game thì hết sảy, ae nên mua','2023-08-10',5);
INSERT INTO "Comment"("productId","name","content","date","rate") VALUES (15,N'ĐÔNG',N'Xem phim không được nét','2023-01-05',2);
INSERT INTO "Comment"("productId","name","content","date","rate") VALUES (15,N'Huy',N'Sản phẩm tốt, giá phải chăng. Dùng rất ngon so với tầm giá','2023-08-29',5);
INSERT INTO "Comment"("productId","name","content","date","rate") VALUES (15,N'Suy',N'Dùng được 1tuan mọi thứ đều ổn  nhưng pin chỉ đủ dùng 1ngay','2023-03-28',4);
INSERT INTO "Comment"("productId","name","content","date","rate") VALUES (15,N'Trà Minh Hiếu ',N'Máy dùng ngon.mượt vào mạng nhanh.chơi game bao ngon.nhân viên Điện Máy Xanh tư vấn nhiệt tình và cũng rất vui vẻ dễ thương.đánh giá 10 điểm cho chất lượng và cho nhân viên nhé!','2022-10-31',5);
INSERT INTO "Comment"("productId","name","content","date","rate") VALUES (15,N'Ngọc Bảo',N'','2022-07-07',5);
INSERT INTO "Comment"("productId","name","content","date","rate") VALUES (15,N'Hoàng Văn Phi',N'','2023-08-07',3);
INSERT INTO "Comment"("productId","name","content","date","rate") VALUES (15,N'Do duc nhu',N'','2023-04-09',5);
INSERT INTO "Comment"("productId","name","content","date","rate") VALUES (15,N'Ngô Đức Thành',N'','2023-01-26',5);
INSERT INTO "Comment"("productId","name","content","date","rate") VALUES (15,N'Lê Nguyên Hải',N'','2022-05-24',4);
INSERT INTO "Comment"("productId","name","content","date","rate") VALUES (15,N'Nguyen Thi Thanh Xuan',N'','2022-11-10',5);
INSERT INTO "Comment"("productId","name","content","date","rate") VALUES (15,N'Trương Thanh Sang',N'','2023-12-19',5);
INSERT INTO "Comment"("productId","name","content","date","rate") VALUES (15,N'Lê Minh Tuấn',N'','2022-09-26',5);
INSERT INTO "Comment"("productId","name","content","date","rate") VALUES (15,N'Phạm Hoàng Chương',N'','2022-12-28',3);
INSERT INTO "Comment"("productId","name","content","date","rate") VALUES (15,N'Tăng Quốc Trung',N'','2023-10-19',5);
INSERT INTO "Comment"("productId","name","content","date","rate") VALUES (15,N'A Dũng',N'','2022-12-02',4);
INSERT INTO "Comment"("productId","name","content","date","rate") VALUES (15,N'Phan Phú Cường',N'','2023-09-03',5);
INSERT INTO "Comment"("productId","name","content","date","rate") VALUES (15,N'Trần Quang Thái',N'','2023-07-26',4);
INSERT INTO "Comment"("productId","name","content","date","rate") VALUES (15,N'Lê Trung Toàn',N'','2023-10-11',3);
INSERT INTO "Comment"("productId","name","content","date","rate") VALUES (15,N'Nguyễn Công thanh',N'','2023-07-16',1);
INSERT INTO "Comment"("productId","name","content","date","rate") VALUES (15,N'Cô Liễu',N'','2022-06-26',4);
INSERT INTO "Comment"("productId","name","content","date","rate") VALUES (15,N'Nguyễn Vy',N'','2022-06-21',4);
INSERT INTO "Comment"("productId","name","content","date","rate") VALUES (15,N'Nguyễn Bá Tiến',N'','2023-04-03',4);
INSERT INTO "Comment"("productId","name","content","date","rate") VALUES (15,N'Gì Dung',N'','2023-03-04',2);
INSERT INTO "Comment"("productId","name","content","date","rate") VALUES (15,N'Phạm Thị Thanh Phương',N'','2022-09-23',5);
INSERT INTO "Comment"("productId","name","content","date","rate") VALUES (15,N'Trung Nghĩa',N'','2022-04-04',4);
INSERT INTO "Comment"("productId","name","content","date","rate") VALUES (15,N'Hảo',N'','2022-04-30',4);
INSERT INTO "Comment"("productId","name","content","date","rate") VALUES (15,N'Công ty TNHH Thương Mại Hóa Chất M',N'','2023-03-07',5);
INSERT INTO "Comment"("productId","name","content","date","rate") VALUES (15,N'A Sỹ',N'','2022-11-29',4);
INSERT INTO "Comment"("productId","name","content","date","rate") VALUES (15,N'TRẦN VĂN THÔNG',N'','2023-02-16',4);
INSERT INTO "Comment"("productId","name","content","date","rate") VALUES (15,N'Tuấn',N'','2022-06-29',4);

INSERT INTO "Product" ("productId","total","typeId","image","cost","price","discount","rate","releaseDate","name") VALUES (16, 142, 1,'https://cdn.tgdd.vn/Products/Images/42/317530/samsung-galaxy-a05s-sliver-thumb-600x600.jpeg',3490000,4490000,6,2.5,'2021-05-07', N'Điện thoại Samsung Galaxy A05s 6GB');
INSERT INTO "ProductDetail" ("productId","screen","os","cameraBehind","cameraFront","cpu","ram","rom","battery","sim") VALUES (16,N'PLS LCD, 6.7", Full HD+',N'Android 13',N'Chính 50 MP & Phụ 2 MP, 2 MP',N'13 MP',N'Snapdragon 680', N'6 GB',N'128 GB',N'5000 mAh',N'2 Nano SIM');
INSERT INTO "Comment"("productId","name","content","date","rate") VALUES (16,N'Le quoc buu',N'1 từ thất vọng...','2022-06-08',2);
INSERT INTO "Comment"("productId","name","content","date","rate") VALUES (16,N'Võ Phương',N'Mình mua máy dùng lúc đầu hơi chậm do phải cập nhật hệ điều hành và ứng dụng. Sau một thời gian thì ổn định, mát, pin ổn, nhẹ, cảm ứng mượt mà. Hài lòng với số tiền đã bỏ ra.','2023-09-06',5);
INSERT INTO "Comment"("productId","name","content","date","rate") VALUES (16,N'Mừng',N'mới mua được 1 tuần, thấy nhiều bạn comment về con chip tôi cũng tải phần mềm CPUZ về test thử thì con chip sam sung đang sử dụng cho dòng máy này là Snap 665, không giống như giới thiệu của TGDĐ là Snap 680, rất mong một lời giải thích từ TGDĐ, cái này là do TGDĐ nhầm lẫn hay cố tình đưa sai để bán hàng','2023-12-02',3);
INSERT INTO "Comment"("productId","name","content","date","rate") VALUES (16,N'Manh',N'Điện thoại mua được 3 tuần gặp 3 lần sạc pin qua đêm chỉ lên mấy % pin. Mình có sử dụng 2 sạc và cáp khác nhau mà lâu lâu sạc qua đêm dc có mấy %pin. Yêu cầu đổi mới đt mà dc chấp nhận','2023-11-21',1);
INSERT INTO "Comment"("productId","name","content","date","rate") VALUES (16,N'Nông mai',N'Ss đời mới không có ghi lại màn hình . Cũng k thể mở cửa sổ cạnh . Cần được giải đáp','2021-10-07',2);
INSERT INTO "Comment"("productId","name","content","date","rate") VALUES (16,N'Bùi Hoàng nghĩa',N'Điện thoại k như quảng cáo mau hết pin.. chạy chậm','2023-11-10',2);
INSERT INTO "Comment"("productId","name","content","date","rate") VALUES (16,N'Mai thanh long',N'Mình mới mua samsung a05s bản ram 6g ngày 12 tại tgdd long sơn vũng tàu.dt mới pim 5000mah mà mau hết pin lắm nha xài cảm giác như 3000mah...','2023-08-21',5);
INSERT INTO "Comment"("productId","name","content","date","rate") VALUES (16,N'Tĩnh',N'Sao trên gt là chip 680, mà về xem lại 665 vậy','2022-07-11',1);
INSERT INTO "Comment"("productId","name","content","date","rate") VALUES (16,N'Quang triệu',N'Mới mua bữa 08122023 trên Web thì chíp 680 về tét chíp 655 ,thường ss tét màn 0 máy này là 88 nó mới lên.nhân viên tư vấn nhiệt tình cần trả lời','2022-05-13',2);
INSERT INTO "Comment"("productId","name","content","date","rate") VALUES (16,N'Hienden',N'Trên trang wed thì để chip Snapdragon 680KHi test thì là chip Snapdragon 665','2023-05-07',1);
INSERT INTO "Comment"("productId","name","content","date","rate") VALUES (16,N'Nguyễn Đức Hạnh',N'Ok','2021-12-27',3);

INSERT INTO "Product" ("productId","total","typeId","image","cost","price","discount","rate","releaseDate","name") VALUES (18, 183, 2,'https://cdn.tgdd.vn/Products/Images/42/299033/iphone-15-pro-blue-thumbnew-600x600.jpg',27990000,28990000,2,4.9,'2022-10-28', N'Điện thoại iPhone 15 Pro 128GB');
INSERT INTO "ProductDetail" ("productId","screen","os","cameraBehind","cameraFront","cpu","ram","rom","battery","sim") VALUES (18,N'OLED, 6.1", Super Retina XDR',N'iOS 17',N'Chính 48 MP & Phụ 12 MP, 12 MP',N'12 MP',N'Apple A17 Pro 6 nhân', N'8 GB',N'128 GB',N'3274 mAh',N'1 Nano SIM & 1 eSIM');
INSERT INTO "Comment"("productId","name","content","date","rate") VALUES (18,N'mẫn',N'máy sử dụng rất OK , mượt mà, chạy nhanh, màn hình siêu nét, camera k có gì để chê. nếu mọi ng cần chụp gần thì nên mua 3 camera chứ đừng mua 2 camera của iphone, không chụp gần macro dc.','2023-01-31',5);
INSERT INTO "Comment"("productId","name","content","date","rate") VALUES (18,N'Bùi Viết Thoại',N'Trải nghiệm sau 1 tháng 15 Pro cảm thấy xứng đáng với đồng tiền bỏ ra. Mới đầu còn hơi xót pin do tụt nhanh quá, dùng đủ các tác vụ mạng xã hội, quay, chụp, youtube, mình bật luôn chế độ always on display... thì pin được hơn 6 tiếng đó là dùng liên tục, còn nếu dùng lúc vừa đi học, đi làm thì yên tâm là đủ sài cả ngày Nhưng dần dần với cái sạc nhanh 20w thì ngồi tầm 1 tiếng hơn là đầy pin lại rồi, nên chẳng còn vấn đề gì nữa. Máy siêu mượt, màn hình đẹp, 120hz, nhỏ gọn, mát, chỉ bị nóng khi quay chụp nhiều, nhưng công nhận 15 Pro quay video thì phải gọi là siêu đẹp.','2023-02-24',5);
INSERT INTO "Comment"("productId","name","content","date","rate") VALUES (18,N'Nguyễn uyên',N'Cũng được','2023-05-12',4);
INSERT INTO "Comment"("productId","name","content","date","rate") VALUES (18,N'Nghia',N'Máy dùng mượt, cầm vừa tay, màu titan tự nhiên rất đẹp, phân vân 15 pro max với 15 pro, nhưng khi cầm trên tay 15 pro max bị lớn quá.','2022-12-17',5);
INSERT INTO "Comment"("productId","name","content","date","rate") VALUES (18,N'Quà',N'Dùng oke, nhân viên tư vấn nhiệt tình','2023-11-04',5);
INSERT INTO "Comment"("productId","name","content","date","rate") VALUES (18,N'Cường',N'Dùng tốt','2023-11-27',5);
INSERT INTO "Comment"("productId","name","content","date","rate") VALUES (18,N'cảnh huy',N'ĐMX 235 , QL1 P4 , TP.Tân An Long An các bạn từ quản lí tới nhân viên tư vấn rất nhiệt tình vui vẻ mình rất hài lòng với cách phục vụ của các bạn ở chi nhánh này 10 điểm cho tất cả các bạn nv với ac quản lí ở đây ạ','2022-11-08',5);
INSERT INTO "Comment"("productId","name","content","date","rate") VALUES (18,N'Phong',N'','2023-09-08',5);

INSERT INTO "Product" ("productId","total","typeId","image","cost","price","discount","rate","releaseDate","name") VALUES (19, 181, 2,'https://cdn.tgdd.vn/Products/Images/42/281570/iphone-15-den-thumb-600x600.jpg',21990000,22990000,4,4.8,'2022-11-17', N'Điện thoại iPhone 15 128GB');
INSERT INTO "ProductDetail" ("productId","screen","os","cameraBehind","cameraFront","cpu","ram","rom","battery","sim") VALUES (19,N'OLED, 6.1", Super Retina XDR',N'iOS 17',N'Chính 48 MP & Phụ 12 MP',N'12 MP',N'Apple A16 Bionic', N'6 GB',N'128 GB',N'3349 mAh',N'1 Nano SIM & 1 eSIM');
INSERT INTO "Comment"("productId","name","content","date","rate") VALUES (19,N'Nark',N'Pin trâu, mượt, camera nét, ngoại hình cute. Rất okXứng với tầm giá','2023-10-23',5);
INSERT INTO "Comment"("productId","name","content","date","rate") VALUES (19,N'Hiếu',N'Máy đẹp dùng rất thích','2023-08-28',5);
INSERT INTO "Comment"("productId","name","content","date","rate") VALUES (19,N'Nguyễn Thành Long',N'Máy màu xịn xinh dã man10 cho bạn giao hàng nha Vui vẽ nhiệt tình , giao hàng xa như mà rất nhanh','2023-11-09',5);
INSERT INTO "Comment"("productId","name","content","date","rate") VALUES (19,N'Nguyên',N'','2023-11-09',5);
INSERT INTO "Comment"("productId","name","content","date","rate") VALUES (19,N'Anh Vịnh',N'','2023-10-25',4);
INSERT INTO "Comment"("productId","name","content","date","rate") VALUES (19,N'Hồng',N'','2023-07-17',5);

INSERT INTO "Product" ("productId","total","typeId","image","cost","price","discount","rate","releaseDate","name") VALUES (20, 167, 2,'https://cdn.tgdd.vn/Products/Images/42/251192/iphone-14-pro-max-tim-thumb-600x600.jpg',27490000,29490000,6,4.4,'2019-04-17', N'Điện thoại iPhone 14 Pro Max 128GB');
INSERT INTO "ProductDetail" ("productId","screen","os","cameraBehind","cameraFront","cpu","ram","rom","battery","sim") VALUES (20,N'OLED, 6.7", Super Retina XDR',N'iOS 16',N'Chính 48 MP & Phụ 12 MP, 12 MP',N'12 MP',N'Apple A16 Bionic', N'6 GB',N'128 GB',N'4323 mAh',N'1 Nano SIM & 1 eSIM');
INSERT INTO "Comment"("productId","name","content","date","rate") VALUES (20,N'Trần Minh Trí',N'Hiệu năng vẫn tốt không có thay đổi đáng kể so với 15 prm','2019-11-19',5);
INSERT INTO "Comment"("productId","name","content","date","rate") VALUES (20,N'iPhone 14 Pro Max',N'iPhone 14 Pro Max là chiếc smartphone đầu tiên mình sử dụng sau khi chuyển từ hệ điều hành Android qua iOS và mình cảm thấy rất hài lòng về độ mượt mà của dòng sản phẩm mà tập đoàn Apple Inc. sản xuất.','2020-10-21',5);
INSERT INTO "Comment"("productId","name","content","date","rate") VALUES (20,N'Duy',N'Máy gi sài sọc màng hình, mua máy mới giờ bung máy ra để thí nghiệm.','2021-02-22',1);
INSERT INTO "Comment"("productId","name","content","date","rate") VALUES (20,N'Lý Trà My',N'Máy dùng thích mà','2021-09-12',5);
INSERT INTO "Comment"("productId","name","content","date","rate") VALUES (20,N'Tân',N'Không ổn nghe, mua được gần sáu tháng, cập nhật lên ios mới, màn','2019-08-06',3);
INSERT INTO "Comment"("productId","name","content","date","rate") VALUES (20,N'Nguyễn Minh Luân',N'Ok','2021-05-31',5);
INSERT INTO "Comment"("productId","name","content","date","rate") VALUES (20,N'Huy',N'Mình mới mua chưa được 1,5 tháng sử dụng cũng bình thường mà sao giờ nó tuột còn 97% vậy Trước mình có sử dụng ip13 mà cả năm còn 99% không biết như này có bình thường không nhỉ','2021-01-31',2);
INSERT INTO "Comment"("productId","name","content","date","rate") VALUES (20,N'Anh Thông',N'Tốt','2020-10-18',4);
INSERT INTO "Comment"("productId","name","content","date","rate") VALUES (20,N'Phạm Hữu Dũng',N'Mới mua ngay , dùng tạm đc 27390k','2021-08-03',4);
INSERT INTO "Comment"("productId","name","content","date","rate") VALUES (20,N'Vũ Quốc Đại',N'OK','2023-05-12',5);
INSERT INTO "Comment"("productId","name","content","date","rate") VALUES (20,N'Nguyễn trọng nghĩa',N'Cực đỉnh mỗi tội e nhân viên bán hàng kiêu dữ add Zalo để hỗ trợ mà k thấy acep','2020-12-24',4);
INSERT INTO "Comment"("productId","name","content","date","rate") VALUES (20,N'Nguyen Xuan Nhi',N'Xài ok','2020-05-21',5);
INSERT INTO "Comment"("productId","name","content","date","rate") VALUES (20,N'Đỗ Thị Kim Uyên',N'Nhân viên tư vấn nhiệt tình , sạc nhanh dùng ít nên hơn một ngày mới sạc lại','2019-05-20',5);
INSERT INTO "Comment"("productId","name","content","date","rate") VALUES (20,N'Khánh',N'Mua điện thoại này vào ngày 30/9/2023 tới nay, sạc 1 ngày 1 lần mà vô kiểm tra còn 98% pin, pon dòng này kém chán thật sự','2020-10-30',3);
INSERT INTO "Comment"("productId","name","content","date","rate") VALUES (20,N'Hà',N'Mình mua máy khoảng 2 tuần, dùng nhanh nóng quá, mình không chơi game, chỉ facebook và zalo. Có được đổi không ạ','2021-12-30',3);
INSERT INTO "Comment"("productId","name","content","date","rate") VALUES (20,N'Hoàng Huy',N'Máy mình mới mua từ 3/2023 tới nay tầm 8 tháng. Vậy mà pin dùng 100%, giờ chai chỉ còn 91%, vậy là trung bình 1 tháng chai 1% sợ thật các dòng trước 1 năm chai có vài % 14pm năm ngoái tệ thật sự','2022-09-04',4);
INSERT INTO "Comment"("productId","name","content","date","rate") VALUES (20,N'Nguyễn Tiến Thịnh',N'Nể mấy cha mua hàng đổi trả trong Tgdd xong check ra hàng sửa chữa, đã là dt cũ thì phải có cái sửa, quan trọng là hàng đó bảo hành và thay thế linh kiện chính hãng, còn muốn ngon hẳn thì bỏ tiền ra khui hộp, mua cũ là rủi ro nên tìm hiểu trước khi mua hàng trả bảo hành, chứ tiền bỏ ít mà cứ đòi đồ ngon lấy đâu ra thế . Mua dt cũ mà k tìm hiểu xong lên chửi. Bó tay','2020-02-12',5);
INSERT INTO "Comment"("productId","name","content","date","rate") VALUES (20,N'Dương văn cường',N'Mua 4tháng bị 1 vệt ố trắng mặt lưng . Có được tính là lỗi của nhà sản xuất không','2019-04-22',3);
INSERT INTO "Comment"("productId","name","content","date","rate") VALUES (20,N'Toàn',N'Hãng apple bảo hành tệ, dịch vụ bảo hành của thê giới di động càng tệ, sữa bên thứ 3 cũng bắt mình chịu phí 2,2 triệu, mình ko đồng ý trả phí vậy là nhận lại máy về muốn làm gì làm, mình mua của đmx với tgdd từ tủ lạnh máy giạt điện thoại cho cả 2 nhà giờ cạch mặt ko bao giờ mua sản nào của chuổi này nữa, thua hệ thống bán nhỏ lẽ khác nhiều','2020-06-03',1);
INSERT INTO "Comment"("productId","name","content","date","rate") VALUES (20,N'Đào Yến',N'Điện thoại dùng mượt','2020-04-18',5);
INSERT INTO "Comment"("productId","name","content","date","rate") VALUES (20,N'Ngô Văn Cát',N'Tôi mua sản ip14prm 128gb hàng đã sử dụng tại Đmx và còn bảo hành hãng tới 10/2024. Tôi rất tin tưởng vào sản phẩm bên Đmx nên khi mua tôi đã ko check trên web tgdd là hàng đã đc gửi bảo hành hay chưa. Nay tình cờ tôi check thì thấy hàng tôi mua đã được gửi bảo hành rồi làm tôi thất vọng quá Bỏ ra cả đống tiền mà mua phải hàng sửa chữa. Trong khi với số tiền đó tôi mua hệ thống bên ngoài hàng còn nguyên seal chưa kích hoạt. Giờ tôi muốn Dmx hỗ trợ tôi đổi sang sản phẩm tương tự mà chưa gửi bảo hành có được ko Tôi sẽ bù trừ hợp lý. P/s tôi đã mua rất nhiều sản phẩm bên Dmx từ 2025 tới nay . Các bạn có thể check số điện thoại của tôi để biết.','2019-06-27',3);
INSERT INTO "Comment"("productId","name","content","date","rate") VALUES (20,N'Đỗ Xuân Lưu',N'Mới mua được 10 ngày dùng thấy rất ok còn về sau không biết sao nữa','2023-12-10',5);
INSERT INTO "Comment"("productId","name","content","date","rate") VALUES (20,N'Đặng Ngọc Quí',N'Xin chào. Tôi mua điện thoại ngày 24/05/2023 đến nay ngày 25/10/2023 thì bị lỗi xanh màn. Xin hỏi bị lỗi này sẽ được hộ trợ thế nào, xin liên hệ lại giúp sdt  xxxx773424. Cảm ơn.','2020-05-23',3);
INSERT INTO "Comment"("productId","name","content","date","rate") VALUES (20,N'Mã Cẩm Nhung',N'Dùng 4 tháng rồi , mượt pin vẫn 100%','2022-04-18',5);
INSERT INTO "Comment"("productId","name","content","date","rate") VALUES (20,N'Bùi Văn Thắng',N'Mua mới mua thấy ,xem youtube, fb .... Thấy màn bị ám vàng hình ảnh xem k sắc nét không biết có phải màn hình bị lỗi k qtv','2021-03-09',3);
INSERT INTO "Comment"("productId","name","content","date","rate") VALUES (20,N'Quang',N'Mình vừa mua đx 5 ngày giờ trả hàng thì mấy bao nhiêu tiền ạ','2021-10-27',5);
INSERT INTO "Comment"("productId","name","content","date","rate") VALUES (20,N'Thắng',N'Mình mới mua kiểm tra bảo hành sao k ra nhỉ','2021-01-17',4);
INSERT INTO "Comment"("productId","name","content","date","rate") VALUES (20,N'Anh Ly',N'mới mua chưa dc 1 tháng mà tụt pin rùi. nản','2020-11-03',3);
INSERT INTO "Comment"("productId","name","content","date","rate") VALUES (20,N'Ngô Quang Hải',N'Ngon','2020-12-10',5);
INSERT INTO "Comment"("productId","name","content","date","rate") VALUES (20,N'Nguyễn Thị Phương Thi',N'Xài ok','2023-07-13',5);
INSERT INTO "Comment"("productId","name","content","date","rate") VALUES (20,N'Nguyễn Khải',N'Sản Phẩm Dùng Rất Tốt','2019-05-27',4);
INSERT INTO "Comment"("productId","name","content","date","rate") VALUES (20,N'linh',N'thay mặt lưng có lấy liền trong ngày được không','2023-10-03',4);
INSERT INTO "Comment"("productId","name","content","date","rate") VALUES (20,N'Tuyển',N'Đang dùng tốt','2021-04-19',5);
INSERT INTO "Comment"("productId","name","content","date","rate") VALUES (20,N'Hồng Nguyên',N'Pin nhanh tuộc quá Chưa đầy tháng còn 99%','2020-07-05',4);
INSERT INTO "Comment"("productId","name","content","date","rate") VALUES (20,N'Hiếu',N'Máy dùng có gần tháng mà tụt còn 98% k hiểu','2020-01-09',4);
INSERT INTO "Comment"("productId","name","content","date","rate") VALUES (20,N'Chị Hằng',N'Dùng ok lắm nè','2021-07-01',5);
INSERT INTO "Comment"("productId","name","content","date","rate") VALUES (20,N'NGUYỄN PHẠM AN BẢO',N'Xài rất là ok','2019-05-08',5);
INSERT INTO "Comment"("productId","name","content","date","rate") VALUES (20,N'Nguyễn minh trí',N'Máy dùng để qua đêm tụt 6% mang ra quán thì nhân viên lại báo máy mới tụt như thế là bình thường dùng được 2 tháng thì pin còn 99% mua đập hộp','2020-07-11',1);
INSERT INTO "Comment"("productId","name","content","date","rate") VALUES (20,N'Đỗ Văn Tính',N'Mua tháng đầu tiên ra báo nút âm bị dính thì nhấn viên báo bình thường đến nay bị nặng hơn thì báo phải gửi bảo hành coi lỗi người dùng hay lỗi nhà sản xuất nếu lỗi nhà sản xuất thì phải thay nguyên cụm máy vậy mua máy mới cũng như máy cũ trong khi lỗi nhấn thử cũng biết quá tệ không nên mua chính sách quá tệ không biết nhân viên kĩ thuật bên tgdd có biết về kĩ thuật không lần đâu cũng như lần cuối Gọi tổng đài thì nhân viên từ chối cúp máy ngang','2022-02-03',1);
INSERT INTO "Comment"("productId","name","content","date","rate") VALUES (20,N'Ngjia',N'Hang tot','2020-11-19',5);
INSERT INTO "Comment"("productId","name","content","date","rate") VALUES (20,N'Hải Anh',N'Sản phẩm tốt','2021-01-05',5);
INSERT INTO "Comment"("productId","name","content","date","rate") VALUES (20,N'Ngoc',N'Ok','2020-08-21',5);
INSERT INTO "Comment"("productId","name","content","date","rate") VALUES (20,N'Phan xuân lam',N'Sản phẩm rất tốt','2020-06-18',5);
INSERT INTO "Comment"("productId","name","content","date","rate") VALUES (20,N'Phạm Hửu Nghĩa',N'Sản phẩm tốt.','2023-07-23',5);
INSERT INTO "Comment"("productId","name","content","date","rate") VALUES (20,N'Nguyễn Phát Khiêm',N'Hiện tại sử dụng rất okay','2022-07-10',5);
INSERT INTO "Comment"("productId","name","content","date","rate") VALUES (20,N'Khánh Toàn',N'Sau 2 tuần sử dụng điện thoại rất mượt dùng trong thời gian dài có phần hơi nóng ở mặt sau. Còn lại mọi thứ đều ổn định','2021-05-13',4);
INSERT INTO "Comment"("productId","name","content","date","rate") VALUES (20,N'Tan',N'Định mua ngay lê văn việt q9 gần ngã 3 mỹ thành . Mà nhân viên ở đó Phuc vụ kiểu khinh người. Cuối cùng về Nguyễn văn tăng q9 mua . Các bạn ở đó rất dễ thương. Cùng hệ thống nhưng có nhiều bạn nói chuyện rất khó chịu','2020-02-09',2);
INSERT INTO "Comment"("productId","name","content","date","rate") VALUES (20,N'hạnh',N'mình mua tháng 12 năm ngoái dùng đến tầm tháng 8 năm nay pin bắt đầu sút nhanh trong vòng hơn tháng mà còn 94 là sao ạ','2021-08-08',3);
INSERT INTO "Comment"("productId","name","content","date","rate") VALUES (20,N'Phạm Văn Thạo',N'Ad cho mình hỏi. Sinh ngày 23/02/2004 có thể mua trả góp được chưa ạ','2022-06-25',5);
INSERT INTO "Comment"("productId","name","content","date","rate") VALUES (20,N'Tín',N'Hmmm mua dùng hơn 1 tháng thì thấy khá ổn nhưng pin thì thấy như theo tâm trạng vậy đó lúc tụt nhanh lúc hong mà bạn nào hay chụp hình nhìu thì nên cân nhắc tại khi chụp nhìu máy khá nóng pin tụt khá nhanh tui mới chụp bài có vài tấm thôi mà nó tụt nhanh lắm. Dùng thì cũng mượt nhưng đôi lúc cái dynamic island nó hay lag kiểu vuốt spotify lên thì nó không hiển thị trên đó. Còn vài điểm nữa là khi dùng mes hay fb hoặc đọc truyện mà phóng to ảnh ra thì sẽ thấy hiện tượng nháy nháy này thì tui không biết như nào. Hmm tạm ổn nên 3 thôi tại cũng còn lỗi xanh màn','2022-02-12',3);
INSERT INTO "Comment"("productId","name","content","date","rate") VALUES (20,N'Tạ Thị Tuyết Nhung',N'rất tốt','2020-01-08',5);
INSERT INTO "Comment"("productId","name","content","date","rate") VALUES (20,N'hà linh',N'ổn ạ. không có vấn đề gì. dùng siêu ưng','2019-06-06',5);
INSERT INTO "Comment"("productId","name","content","date","rate") VALUES (20,N'vinh',N'mua xài được 4 tháng bị lỗi bấm thư thoại bị đơ phím tầm 7s . gửi lên bảo hành thì bắt nâng cấp ios khi nhận máy về thì xài đc 2 ngày bị xảy ra lỗi . mang ra lại TGDD 237 nguyễn an ninh  dĩ an thì toàn báo lên hãng fist lại lỗi mà mình hỏi nếu mang lên 1 lần nữa mà lỗi lại thì sao nhân viên không biết trả lời . toàn báo hỗ trợ đổi bù tầm 8 triệu lấy sản phẩm mới . anh em mua TGDD cẩn thận nhé rất nhiều cái lách khách hàng . quá tê','2022-01-28',1);
INSERT INTO "Comment"("productId","name","content","date","rate") VALUES (20,N'Lương Triệu Vy',N'unbox được 2 tuần rồi giờ mới đánh giá heheesiêu sang dùng siêu ưng.','2023-07-21',5);
INSERT INTO "Comment"("productId","name","content","date","rate") VALUES (20,N'Hằng',N'ok lắm','2023-10-23',5);
INSERT INTO "Comment"("productId","name","content","date","rate") VALUES (20,N'Nguyễn thị Thúy',N'Sp rất tốt','2022-09-29',5);
INSERT INTO "Comment"("productId","name","content","date","rate") VALUES (20,N'Lê ngọc hùng',N'Pin trâu chỉ dùng ứng dụng mạng xã hội và nghe gọi pin khoảng hơn 1 ngày mới cắm sạc camera đẹp tuyệt vời chụp xoá phông đẹp.','2020-08-01',5);
INSERT INTO "Comment"("productId","name","content","date","rate") VALUES (20,N'Linh',N'Mình mua đt được 3 tháng xuống còn 97% pin mặc dù không chơi game không sử dụng nhiều chỉ thao tác cơ bản trên điện thoại mà nó xuống pin kinh khủng chưa thấy con máy nào tệ như máy này con 13Prm mua 1 năm rồi mà vẫn còn 100% pin dù xài nhiều hơn con 14 mọi người cân nhắc trước khi mua','2022-12-24',1);
INSERT INTO "Comment"("productId","name","content","date","rate") VALUES (20,N'Võ Ngọc Tuấn',N'Rất tốt mới mua luôn nè','2023-02-16',5);
INSERT INTO "Comment"("productId","name","content","date","rate") VALUES (20,N'Trần thị quy',N'Sản phẩm tốt','2023-06-01',5);
INSERT INTO "Comment"("productId","name","content","date","rate") VALUES (20,N'Hoàng Thị Hoài Phương',N'Sản phẩm tốt','2022-04-26',5);
INSERT INTO "Comment"("productId","name","content","date","rate") VALUES (20,N'Nguyễn văn thắng',N'Cho mìh hỏi chút vấn đề 14 pro max của mk đã bật đèn flash để nháy khi có tn hoặc cuội gọi tới mà máy vẫn ko nháy là sao và cả khi quay bàn phím để gọi thì khi bám số máy đơ khoảng 3s sau đó ms bám đc như vậy là lỗi phần mềm hay sao mong phản hồi sớm cảm ơn','2020-09-11',4);
INSERT INTO "Comment"("productId","name","content","date","rate") VALUES (20,N'Nguyễn khánh linh',N'Mua được 1 tuần rồiXài ok phết','2022-01-16',5);
INSERT INTO "Comment"("productId","name","content","date","rate") VALUES (20,N'A trường',N'Mình mua máy chưa được 2 tháng màn bị lỗi 1 đường k đồng nhất màu có được bảo hành 1 đổi 1 k. Bị lâu rồi mà mình tưởng nó như vậy. Nay nhìn với 1 màu nó hiện rất rõ. Còn các màu khác rất khó đe Nhìn thấy khác biệt','2019-07-20',3);
INSERT INTO "Comment"("productId","name","content","date","rate") VALUES (20,N'Nguyễn duy khánh',N'Chăm sóc khách hàng không nhiệt tình.','2022-07-09',2);
INSERT INTO "Comment"("productId","name","content","date","rate") VALUES (20,N'Nguyễn hoàng phúc',N'Mua đâu thì mua không nên mua tại tgdd do mình mua hàng ở đây lúc đầu mua lời ngon tiếng ngọt nói mua hàng đã qua sử dụng rẻ hơn mua con iphone 14 pro max về mới bik màn dựng pin thay xong qua nói thì bắt bù 10% cay lắm ạ','2023-11-17',1);
INSERT INTO "Comment"("productId","name","content","date","rate") VALUES (20,N'Tung',N'Sản phẩm dùng rất tốt','2019-09-05',5);
INSERT INTO "Comment"("productId","name","content","date","rate") VALUES (20,N'Thao Suong',N'Rất tốt','2020-08-25',5);
INSERT INTO "Comment"("productId","name","content","date","rate") VALUES (20,N'Nguyen vy',N'Mua hồi cuối tháng 4 sài chưa đx nửa năm mà bh nó bị xanh màn hình','2021-09-26',2);
INSERT INTO "Comment"("productId","name","content","date","rate") VALUES (20,N'Nguyễn Việt Anh',N'Cực tốt','2023-10-01',5);
INSERT INTO "Comment"("productId","name","content","date","rate") VALUES (20,N'Hoàng',N'Rất tuyệt vời','2022-07-14',5);
INSERT INTO "Comment"("productId","name","content","date","rate") VALUES (20,N'nguyễn duy tâm',N'tÔI mua iphone 14 promax online qua hình thức trả góp..lại bị trừ tiền TK hơn 28tr.Nếu vậy tôi mua trả tiền mặt còn hơn..Đã khiếu nại ngân lượng TGDD','2021-12-03',1);
INSERT INTO "Comment"("productId","name","content","date","rate") VALUES (20,N'queeen',N'sản phẩm tốt','2020-10-26',5);
INSERT INTO "Comment"("productId","name","content","date","rate") VALUES (20,N'Tử Lâm',N'Nhân viên tại TGDD Gò Quao Kiên Giang rất dễ thương.Sản phẩm thì Ok đã sử dụng gần 1 tháng chưa có lỗi gì hết.','2023-11-15',5);
INSERT INTO "Comment"("productId","name","content","date","rate") VALUES (20,N'Lê văn vũ',N'Em mới mua đt tgdđ h muốn bán lại mất bao phí vậy adđ','2022-01-18',5);
INSERT INTO "Comment"("productId","name","content","date","rate") VALUES (20,N'Bích Hằng',N'Mình có mua màu tím vào ngày 13/7. Mọi thứ sử dụng đến nay đều ổn mượt. Chỉ có điều mình mới mua tối hôm 13/7 mà đến sáng 14/7 mở mắt ra đã thấy giá giảm 500khix. Mình mua để ghi hình phục vụ công việc cái XS hiện tại cũng rất đẹp rồi mình có dùng với gậy Smooth Q3 mua tại TGDD nhưng mình vẫn muốn nâng cấp thêm. Tuy nhiên 14 Pro max lại không tương thích với cây chống rung Smooth Q3 hay sao mà video rất xấu.Không rõ mình không biết cách sử dụng hay do 2 cái không tương thích. Nhờ TGDD tư vấn giúp mình hoặc mình có thể dùng app nào để video đẹp hơn không ạ','2021-07-27',5);
INSERT INTO "Comment"("productId","name","content","date","rate") VALUES (20,N'Vũ',N'Đt e đang xài tự nhiên nó xanh mh là sao thế ạ','2020-08-13',3);
INSERT INTO "Comment"("productId","name","content","date","rate") VALUES (20,N'Lê hữu hoè',N'Mình mới mua iphone 14 prmax 128gb. Mua ngày 15/72023 mình dung dc 1 tuần thi rat ko hài lòng về chất lượng pin đọc báo điện tử bằng wifi trong vong 20 phút đa tụt 5% pin con thua chiec 7 plus cua minh nua the gioi di đong ban hang kem chat luong qua','2020-10-26',3);
INSERT INTO "Comment"("productId","name","content","date","rate") VALUES (20,N'Thiên Nga',N'Máy xài hao pin cực kì nhanh máy để qua đêm không sử dụng ko bật mạng hay wifi gì mà sáng dậy cứ bị hao mất 67% pin đổi 1 lần rồi về cũng vậy máy mới xài được hơn 1 tháng đã có hiện tượng lag giật màn hình có lúc còn bị đơ cảm ứng mất 57 phút mới xài lại được đập hộp 2 con thì con nào cũng lỗi như nhau quá tệ','2020-11-11',1);
INSERT INTO "Comment"("productId","name","content","date","rate") VALUES (20,N'Anh Bưng',N'Sản phẩm rất ok giá lại rất ok luôn không cao hơn bên ngoài . Đặc biệt nhân viên rất nhiệt tình','2019-05-10',5);
INSERT INTO "Comment"("productId","name","content","date","rate") VALUES (20,N'Dương Đỉnh Khang',N'nhân viên nhiệt tình trải nghiệm rất tốt pin khá trâu','2023-03-21',5);
INSERT INTO "Comment"("productId","name","content","date","rate") VALUES (20,N'Nhung Phung',N'Máy mới mua chưa đc 1 tuần mà pin qua đêm tụt 6% dù để chế độ máy bay nguồn điện thấp là có bình thường ko ạ','2022-08-09',3);
INSERT INTO "Comment"("productId","name","content","date","rate") VALUES (20,N'Nguyễn Lâm Trường',N'Mua được hơn nửa năm không chơi game ngày sạc 1 lần dùng củ sạc chính hãng vẫn bị chai còn 97% pin. Khá là khó hiểu','2021-03-18',4);
INSERT INTO "Comment"("productId","name","content","date","rate") VALUES (20,N'Ngân',N'Mua 2/4 xài mới hơn 3 tháng mà đã tụt còn 98% pin. Ko chơi game 1 ngày sạc 1 lần. Pin tệ quá. Hàng đập hộp mà còn vậy','2022-09-18',1);
INSERT INTO "Comment"("productId","name","content","date","rate") VALUES (20,N'Hồ văn Phúc',N'sp rất tệ, dùng mấy tháng xanh màn hình..mất giá trị.Bảo hành thì lâu.(thời gian chờ k lẽ phải đi mua máy mới để sd) Khuyên mọi người không nên mua.','2020-02-08',1);
INSERT INTO "Comment"("productId","name","content","date","rate") VALUES (20,N'TRẦN THANH QUÍ',N'Mua hôm 22 thén 6 , lần đầu trải nghiệm ios thấy chưa quen:)) 
 Mọi thứ rất mượt nhanh, lên bảng ios 16.5.1 thì mau nóng máy, tụt pin nhanh? Nói chung là ổn màu đen mình thấy đẹp👌','2021-05-16',4);
INSERT INTO "Comment"("productId","name","content","date","rate") VALUES (20,N'NGUYỄN THỊ TRI',N'quá hài lòng, từ nhân viên đến điện thoại.','2019-11-24',5);
INSERT INTO "Comment"("productId","name","content","date","rate") VALUES (20,N'Nguyễn Huyền Trang',N'Sản phẩm rất tốt','2021-05-15',5);
INSERT INTO "Comment"("productId","name","content","date","rate") VALUES (20,N'Sang',N'Mình mua ở 222 yersin BD được giá ưu đãi (23/6)
 Nhân viên nhiệt tình,máy dùng mạnh mọi thứ ok','2020-08-25',5);
INSERT INTO "Comment"("productId","name","content","date","rate") VALUES (20,N'A Bảo',N'Điện thoại đẹp. Dich vụ & nhân viên tuyệt vời','2021-08-21',5);
INSERT INTO "Comment"("productId","name","content","date","rate") VALUES (20,N'Anh Huy',N'Rất tốt','2019-10-01',5);
INSERT INTO "Comment"("productId","name","content","date","rate") VALUES (20,N'Trần Tâm',N'Cho mk hỏi , máy mình mới mua mà mặt lưng bị 1 -2 chấm trắng kiểu như sơn k đều ý , thì có đổi lại đk k nhỉ ??','2022-08-31',3);
INSERT INTO "Comment"("productId","name","content","date","rate") VALUES (20,N'Lê Thị Bích Ngọc',N'Máy đẹp nhân viên nhiệt tình','2020-08-30',5);
INSERT INTO "Comment"("productId","name","content","date","rate") VALUES (20,N'Công',N'Giá cạnh tranh nv quá là OK','2022-12-11',5);
INSERT INTO "Comment"("productId","name","content","date","rate") VALUES (20,N'Định',N'màu tím ok nha, chưa thấy lỗi lầm hay bong tróc gì','2022-11-28',5);
INSERT INTO "Comment"("productId","name","content","date","rate") VALUES (20,N'Nguyễn Huyền Trân',N'Máy đẹp, nên mua!!! 
 Nhân viên phục vụ rất nhiệt tình, lúc sáng tổng đài gọi, mà bé mình nó quậy 😅 nó bấm số 1 nhầm vào không hài lòng !! không biết có ảnh hưởng gì nhân viên bán hàng không … Mình xin lỗi nhé!','2019-05-30',5);
INSERT INTO "Comment"("productId","name","content","date","rate") VALUES (20,N'Anh Táo',N'Thiết kế đẹp nhưng quá nặng. Mang đồ không được đẹp nên lúc mới vào nhân viên đùn đẩy nhau. Cảm giác họ chê kiểu gì ấy. Cuối cùng gọi cái cô có cảm giác chê mình lại và mua. Để cô ấy biết nên thay đổi thái độ','2019-06-15',4);
INSERT INTO "Comment"("productId","name","content","date","rate") VALUES (20,N'Tài',N'OK','2021-08-24',5);
INSERT INTO "Comment"("productId","name","content","date","rate") VALUES (20,N'Nông Bá Trường',N'Ok','2021-05-16',5);
INSERT INTO "Comment"("productId","name","content","date","rate") VALUES (20,N'Trinh',N'Rất tốt','2023-12-09',5);
INSERT INTO "Comment"("productId","name","content","date","rate") VALUES (20,N'Thanh Hương',N'mua màu tím về xài chưa được 1 tháng là viền trầy đốm đốm trắng rồi ! ko ngờ đt giá gần 30 triệu mà chất lượng kém như vậy','2022-07-05',2);
INSERT INTO "Comment"("productId","name","content","date","rate") VALUES (20,N'Nông trung kiên',N'Rất mượt, pin trâu','2023-11-13',5);
INSERT INTO "Comment"("productId","name","content","date","rate") VALUES (20,N'Anh Việt',N'Dung cũng bình thường','2022-04-10',3);
INSERT INTO "Comment"("productId","name","content","date","rate") VALUES (20,N'Huỳnh Thị Mai Hân',N'Nói chung rất thuận tiện phù hợp với tôi vừa hợp thời trang chất lượng ok','2022-11-10',5);
INSERT INTO "Comment"("productId","name","content","date","rate") VALUES (20,N'Hưng',N'Nhân viên hổ trợ nhiệt tình','2021-09-20',5);
INSERT INTO "Comment"("productId","name","content","date","rate") VALUES (20,N'Hồng',N'máy mua dc 3 ngày. cứ đang dùng là lại bị nóng máy bất thường. chỉ nóng nửa bên phải máy, trong khi bên trái vẫn lạnh. ra TGDD tìm kĩ thuật và quản lí thì pải gửi đi bảo hành vs thẩm định. Mua cái máy ms dùng chưa ấm tay đã pải gửi đi. cảm giác bực mình, ức chế.','2019-09-18',2);
INSERT INTO "Comment"("productId","name","content","date","rate") VALUES (20,N'Lê Thị Kim Lan',N'Rất ok','2022-12-07',5);
INSERT INTO "Comment"("productId","name","content","date","rate") VALUES (20,N'Vu Manh Hung',N'Máy tốt,dịch vụ tốt','2023-08-13',5);
INSERT INTO "Comment"("productId","name","content","date","rate") VALUES (20,N'Tân',N'Máy tốt. Nhân viên nhiệt tình','2023-07-24',5);
INSERT INTO "Comment"("productId","name","content","date","rate") VALUES (20,N'Chị Dung',N'Dc','2021-01-31',5);
INSERT INTO "Comment"("productId","name","content","date","rate") VALUES (20,N'Thin ',N'Màu đẹp mấy ok la ne','2023-02-26',5);
INSERT INTO "Comment"("productId","name","content","date","rate") VALUES (20,N'Anh Bằng',N'ok','2021-11-07',5);
INSERT INTO "Comment"("productId","name","content","date","rate") VALUES (20,N'Lê Xuân Vương',N'Điện thoại xài tốt, cầm đầm tay hơn iPhone 14 Plus, tính mua thêm 1 cái nữa màu Gold, chỉ thích màu Bạc và Gold thui.','2023-09-13',5);
INSERT INTO "Comment"("productId","name","content","date","rate") VALUES (20,N'Sơn',N'Với 2 sim vào chỗ không có sóng thì pin tụt nhah chút','2023-07-31',5);
INSERT INTO "Comment"("productId","name","content","date","rate") VALUES (20,N'mai Thị Nhài',N'Mua về Không kết nối wifi được, đặt mua hàng thành công số điện thoại trên online mà lại bán cho một khách hàng khác!','2021-08-20',1);
INSERT INTO "Comment"("productId","name","content","date","rate") VALUES (20,N'Nguyễn Văn Khải',N'Sản phẩm tuyệt vời','2020-04-24',5);
INSERT INTO "Comment"("productId","name","content","date","rate") VALUES (20,N'Cao thị chuyền',N'Mình là fan của samsung. Nay thấy iPhone giá rẻ nên quất luôn 2 con cho 2 vợ chồng. Mới đầu dùng chưa quen thấy hơi khó dùng. Khoảng 30p thì OK. Máy mượt dùng rất thích. Nv TGDD nhiệt tình','2019-06-13',5);
INSERT INTO "Comment"("productId","name","content","date","rate") VALUES (20,N'Phạm Văn Khoa',N'sẳn phẩm oke','2020-01-30',5);
INSERT INTO "Comment"("productId","name","content","date","rate") VALUES (20,N'Anh Đang',N'sản phẩm quá tốt','2019-10-13',5);
INSERT INTO "Comment"("productId","name","content","date","rate") VALUES (20,N'Tấn',N'Cam nét. Cảm ứng nhậy,cầm chắc tay.ngược điểm màn hình kg sáng bằng các đời trước.pin 2 ngày xạc 1 lần. Nhân viên tiếp đón nhiệt tình.','2023-03-18',5);
INSERT INTO "Comment"("productId","name","content","date","rate") VALUES (20,N'Thanh',N'Sản phẩm tốt','2021-10-27',5);
INSERT INTO "Comment"("productId","name","content","date","rate") VALUES (20,N'Anh Toàn',N'Pin khủng, ko lác, mượt mà, hơi nặng','2022-11-06',5);
INSERT INTO "Comment"("productId","name","content","date","rate") VALUES (20,N'Trần Mộng Thu',N'Điện thoại chạy mượt, tốt. Nhân viên hỗ trợ nhiệt tình, dễ thương.','2023-05-06',5);
INSERT INTO "Comment"("productId","name","content","date","rate") VALUES (20,N'ANH',N'Ngon bổ rẻ ! Tuyệt vời !','2022-09-11',5);
INSERT INTO "Comment"("productId","name","content","date","rate") VALUES (20,N'Huỳnh Thị Kim Thúy',N'Đt sử dụng tốt','2022-07-18',5);
INSERT INTO "Comment"("productId","name","content","date","rate") VALUES (20,N'Ngân',N'Rat hài long','2023-07-21',5);
INSERT INTO "Comment"("productId","name","content","date","rate") VALUES (20,N'Đào Anh Tú',N'Ok','2023-05-21',5);
INSERT INTO "Comment"("productId","name","content","date","rate") VALUES (20,N'Nguyễn Công Đỉnh',N'Rất tốt. Những sản phẩm cao cấp khi mua nên được tặng thêm miếng dán hay cường lực ốp lưng. Trong khi củ sạc đã phải mua thêm rồi','2021-08-26',5);
INSERT INTO "Comment"("productId","name","content","date","rate") VALUES (20,N'Anh Đạt',N'Máy mới nên chạy bình thường chưa thấy hiện tượng gì','2021-01-16',4);
INSERT INTO "Comment"("productId","name","content","date","rate") VALUES (20,N'Hoài',N'Rất hài lòng về cách phục vụ của điện máy xanh','2020-08-02',5);
INSERT INTO "Comment"("productId","name","content","date","rate") VALUES (20,N'Anh Bình',N'Rất tốt','2020-08-22',5);
INSERT INTO "Comment"("productId","name","content","date","rate") VALUES (20,N'Phạm Đinh Giang',N'Rất tốt','2020-05-14',5);
INSERT INTO "Comment"("productId","name","content","date","rate") VALUES (20,N'duy hưng',N'Máy mượt , pin trâu , mình rất ưng , nhân viên tư vấn nhiệt tình , cao hơn chỗ khác 1-2tr nhưng mình vẫn tin dùng tgdd','2021-12-04',5);
INSERT INTO "Comment"("productId","name","content","date","rate") VALUES (20,N'Nguyễn Văn Danh',N'ok','2023-08-31',4);
INSERT INTO "Comment"("productId","name","content","date","rate") VALUES (20,N'Hoàng Phú',N'Sản phẩm tốt, nhân viên chu đáo nhiệt tình','2019-11-26',5);
INSERT INTO "Comment"("productId","name","content","date","rate") VALUES (20,N'Sỹ Tiến',N'Dòng này khay sim ko có imei phải ko ạ','2022-11-28',5);
INSERT INTO "Comment"("productId","name","content","date","rate") VALUES (20,N'Phạm Văn Tuân',N'Xịn mịn','2020-05-17',5);
INSERT INTO "Comment"("productId","name","content","date","rate") VALUES (20,N'Phan thanh an',N'rất tốt tôi sẽ mua thêm','2023-12-03',5);
INSERT INTO "Comment"("productId","name","content","date","rate") VALUES (20,N'Phạm Đức Anh',N'tốt','2023-08-09',4);
INSERT INTO "Comment"("productId","name","content","date","rate") VALUES (20,N'Đoàn Thịnh',N'Máy rất đẹp. Pin khá trâu','2022-12-05',5);
INSERT INTO "Comment"("productId","name","content","date","rate") VALUES (20,N'Nguyễn Thị Hồng Hạnh',N'Rất đẹp và êm','2021-04-09',5);
INSERT INTO "Comment"("productId","name","content","date","rate") VALUES (20,N'Trịnh phượng',N'Mình mới mua được 10ngày mà thi thoảng máy bị nóng quá dù mình không hề sử dụng lâu
 Là vì sao ạ?','2021-05-05',5);
INSERT INTO "Comment"("productId","name","content","date","rate") VALUES (20,N'A Quang Anh',N'Nhân viên phục vụ chu đáo nhiệt tình
 Sản phẩm tốt. Chính hãng!','2023-10-13',5);
INSERT INTO "Comment"("productId","name","content","date","rate") VALUES (20,N'Nguyên',N'ok','2021-08-06',5);
INSERT INTO "Comment"("productId","name","content","date","rate") VALUES (20,N'văn tuấn',N'lúc đập hộp 32.490đ có dùng đc 3 tháng nay còn 27.290đ quá mất giá','2023-03-03',3);
INSERT INTO "Comment"("productId","name","content","date","rate") VALUES (20,N'Anh Đức',N'Tốt','2020-03-05',5);
INSERT INTO "Comment"("productId","name","content","date","rate") VALUES (20,N'Nguyễn ngô hà my',N'E đang sd 14 prm 128gb e mới mua đc gần 10 ngày thì bây giờ e muốn đổi lên 256gb thì có bù lỗ gì hk ạ bù thì bù bao nhiu nữa ạ','2023-08-08',4);
INSERT INTO "Comment"("productId","name","content","date","rate") VALUES (20,N'Kiều Anh',N'Ok','2022-06-06',5);
INSERT INTO "Comment"("productId","name","content","date","rate") VALUES (20,N'Anh Minh',N'Bị lỗi sim thỉnh thoảng k nhận sim','2023-03-12',3);
INSERT INTO "Comment"("productId","name","content","date","rate") VALUES (20,N'NGUYỄN HỮU DUY',N'nhân viên nhiệt tình chu đáo','2020-08-12',5);
INSERT INTO "Comment"("productId","name","content","date","rate") VALUES (20,N'Tran Van Giang',N'sản phẩm rất tốt','2022-07-26',5);
INSERT INTO "Comment"("productId","name","content","date","rate") VALUES (20,N'Đậu Đức Thanh',N'Ok','2021-02-13',5);
INSERT INTO "Comment"("productId","name","content","date","rate") VALUES (20,N'Hòa',N'Nhân viên rất nhiệt tình và tận tâm (TGDD 228 3/2 Q10)','2021-12-12',5);
INSERT INTO "Comment"("productId","name","content","date","rate") VALUES (20,N'Trang',N'Các bạn nhân viên rất nhiệt tình giúp tôi về mọi vấn đề','2020-01-20',5);
INSERT INTO "Comment"("productId","name","content","date","rate") VALUES (20,N'Chị Thùy',N'dùng ổn','2021-03-05',4);
INSERT INTO "Comment"("productId","name","content","date","rate") VALUES (20,N'Nguyễn kim',N'Máy dùng ok, nhưng do sở thích của riêng mình thì mình ko thích mắt cam to và hơi nồi.. máy hơi nặng mình đã bán và chuyển sang 12','2022-07-28',4);
INSERT INTO "Comment"("productId","name","content","date","rate") VALUES (20,N'MAI THANH KIM',N'Tôi rất hài lòng về sp . Chăm sóc khách hàng tốt','2019-11-19',5);
INSERT INTO "Comment"("productId","name","content","date","rate") VALUES (20,N'Trịnh Thị Quỳnh',N'Sản phẩm rất tốt','2022-11-19',5);
INSERT INTO "Comment"("productId","name","content","date","rate") VALUES (20,N'Vị',N'Máy dùng rất oke','2023-07-23',5);
INSERT INTO "Comment"("productId","name","content","date","rate") VALUES (20,N'Lạc',N'Máy có hiện tượng sọc ngang lúc unlock màn hình ! sau khi mở khóa lại bình thường, mua cái thứ 2 cũng bị y chang vậy cả 2 máy đều ios 16.2','2023-10-04',3);
INSERT INTO "Comment"("productId","name","content","date","rate") VALUES (20,N'Trung',N'Nhân viên nhiệt tình. Tuyệt vời nhưng thấy pin xài khong khác gì nhiều so với iphone 12pm.','2021-01-22',5);
INSERT INTO "Comment"("productId","name","content","date","rate") VALUES (20,N'Trần Ngọc Sơn',N'Vẫn thích sản phẩm của Apple nhất.','2021-02-05',5);
INSERT INTO "Comment"("productId","name","content","date","rate") VALUES (20,N'Lý đức nghĩa',N'Mới sắm em này được 4 ngày , khỏi phải bàn về ưu điểm và cảm nhận đi , nó chỉ 1 một chữ phê với chữ ê kéo dài 2-3km <img style="height: 18px;" src="http://www.thegioididong.com/commentnew/Content/images/icon-yahoo/24.gif" alt="" />) Nv tư vấn nhiệt tình','2022-08-06',5);
INSERT INTO "Comment"("productId","name","content","date","rate") VALUES (20,N'Nguyễn Ngọc Bùi',N'Good','2023-06-26',5);
INSERT INTO "Comment"("productId","name","content","date","rate") VALUES (20,N'Tran Minh Man',N'ok sản phẩm','2021-01-20',5);
INSERT INTO "Comment"("productId","name","content","date","rate") VALUES (20,N'Tân',N'Mua máy vào ngày 16/3 khi khui tets bị đơ, về nhà bị tụt bin nhanh, cam khi cb bị rơ hình ảnh đơ thêm 1 lần nữa.  17/3 Phản ánh hotline gọi lại kêu sài tg nữa xem sao. Đến 18/3 thấy k ổn ra TGDD thì nv báo gủi về hãng, về hãng ktra mới dc đổi. Rồi cuối cùng k đổi đc luôn, sao làm ăn kỳ z?','2019-07-14',1);
INSERT INTO "Comment"("productId","name","content","date","rate") VALUES (20,N'Hoàng ng phương',N'Máy mua mới mà đôi khi có cuộc gọi đến hay bị đơ cảm ứng, không vuốt trả lời được. Đợi hết chuông thì lại cảm ứng bình thường, hoặc bấm nút nguồn tắt đi gọi lại. nói chung không bằng con 11 mua mấy năm trc, chưa hề có lỗi, mỗi pin giảm','2021-11-06',3);
INSERT INTO "Comment"("productId","name","content","date","rate") VALUES (20,N'Hải',N'Mới mua 2 cái nói chung ok hết mõi tội màu tím k đẹp như mọi người nghĩ nhưng đã lỡ mua 2 cái màu tím rồi nên chịu thấy màu vàng mới là màu đẹp á','2020-01-23',5);
INSERT INTO "Comment"("productId","name","content","date","rate") VALUES (20,N'Nguyễn Thành Nam',N'Sản phẩm tốt','2021-07-17',5);
INSERT INTO "Comment"("productId","name","content","date","rate") VALUES (20,N'Ngọc Lợi',N'Tốt','2020-02-01',4);
INSERT INTO "Comment"("productId","name","content","date","rate") VALUES (20,N'Bui Viet Vu',N'Ok mà','2020-02-07',5);
INSERT INTO "Comment"("productId","name","content","date","rate") VALUES (20,N'Chị Tin',N'sản phẩm tốt','2023-10-07',5);
INSERT INTO "Comment"("productId","name","content","date","rate") VALUES (20,N'Chu Hào',N'Quá tuyệt vời, khen hết lời lời luôn, mình rất thích màu vàng','2022-07-09',5);
INSERT INTO "Comment"("productId","name","content","date","rate") VALUES (20,N'Lê Mạnh Cường',N'Máy sử dụng tốt','2019-08-06',5);
INSERT INTO "Comment"("productId","name","content","date","rate") VALUES (20,N'Le Nhat Truong',N'Tốt','2023-10-01',5);
INSERT INTO "Comment"("productId","name","content","date","rate") VALUES (20,N'Hoàng văn đông',N'Mới mua chưa được 1 tháng màu tím sài ốp cẩn thận mà đã có dấu hiệu tróc sơn','2022-02-17',1);
INSERT INTO "Comment"("productId","name","content","date","rate") VALUES (20,N'Hoàng Thị Hương',N'Hàng tốt, nhân viên rất nhiệt tình','2020-04-23',5);
INSERT INTO "Comment"("productId","name","content","date","rate") VALUES (20,N'Đặng Thị Hương Giang',N'Sp tuyệt vời ạ','2020-07-09',5);
INSERT INTO "Comment"("productId","name","content","date","rate") VALUES (20,N'Trần Quang Anh',N'Sao máy vừa dùng đc 1 ngày mà đã đó rồi ko ấn đc haizz','2020-04-08',3);
INSERT INTO "Comment"("productId","name","content","date","rate") VALUES (20,N'Mai Thi Thúy',N'ưng lắm nha','2021-05-02',5);
INSERT INTO "Comment"("productId","name","content","date","rate") VALUES (20,N'Võ Trong Đức Tài',N'nhân viên tốt','2020-03-24',5);
INSERT INTO "Comment"("productId","name","content","date","rate") VALUES (20,N'Nguyễn Thị Ngọc Lam',N'Iphone mua mới mà về dùng chưa đến 1 ngày đã phát hiện ra lỗi không thông báo tin nhắn văn bản (sms), khi tin nhắn đến máy không đổ chuông, không hiện thông báo! Tôi đã cầm máy đến tgdđ rồi nhưng vẫn không chữa được lỗi dứt điểm, tại cửa hàng thì không có nhân viên kỹ thuật, chỉ có nhân viên bán hàng cầm mây tôi xem rồi bấm loạn xạ không biết một cái gì hết, rồi nói do không chịu bật màn hình luôn sáng nên nó không thông báo :)? Ủa liên quan gì, bậy hay tắt tính năng màn hình luôn mở thì tin nhắn đến máy khác vẫn nhận thông báo bình thường thì máy tôi bị v là do bị lỗi máy! Máy mới mua mà đã bị lỗi v rồi :) thì tôi thật sự thất vọng, đến giờ máy tôi vẫn còn bị lỗi đó và ko nhận được thông báo khi có tin nhắn! Còn nhân viên tgdđ thì bảo thủ, không có nhân viên kỹ thuật khi tôi đến kiểm tra máy chỉ có nhân viên bán hàng rồi cầm máy bấm đến đại xong phán những câu vô tri, thái độ phục vụ không tốt! Yêu cầu TGDĐ xem lại vấn đề này cho tôi!','2019-05-13',2);
INSERT INTO "Comment"("productId","name","content","date","rate") VALUES (20,N'Ngô Nhật Trường',N'Máy ok','2023-06-30',5);
INSERT INTO "Comment"("productId","name","content","date","rate") VALUES (20,N'Nguyễn minh nhiều',N'Không có gì để nói thêm vì máy rất tốt','2020-01-13',5);
INSERT INTO "Comment"("productId","name","content","date","rate") VALUES (20,N'Trần Văn Thuận',N'Sản phẩm rất tốt. Nhân viên rất nhiệt tình','2021-02-17',5);
INSERT INTO "Comment"("productId","name","content","date","rate") VALUES (20,N'Dương Dũng',N'Good💳','2023-02-20',5);
INSERT INTO "Comment"("productId","name","content","date","rate") VALUES (20,N'Đức',N'Vừa mua hôm 28/01/2023, máy chạy rất ổn định, nhân tiện anh em nào muốn giao lưu đổi màu thì liên hệ 0792.54 56.58 nhé, :V <3','2022-06-23',5);
INSERT INTO "Comment"("productId","name","content","date","rate") VALUES (20,N'Nguyễn tiến anh',N'Dây sạc theo máy bị hỏng ko sạc được có đổi dc không','2021-10-07',5);
INSERT INTO "Comment"("productId","name","content","date","rate") VALUES (20,N'NHÂN',N'Mua cho vợ xài chứ khôg biết tốt dỡ sao, mà mắc thì chắv tốt rồi','2019-11-22',5);
INSERT INTO "Comment"("productId","name","content","date","rate") VALUES (20,N'OANH',N'Rất tốt','2022-10-25',5);
INSERT INTO "Comment"("productId","name","content","date","rate") VALUES (20,N'Trần Thị Vy',N'Máy sử dụng tốt,tốt nhất trong các loại máy chị sứ dụng . Chị cảm thấy rất hài lòng .','2023-02-20',4);
INSERT INTO "Comment"("productId","name","content","date","rate") VALUES (20,N'Tuyết ngân',N'Sản phẩm rất tốt, rất an tâm khi mua sp ở dmx','2020-12-10',5);
INSERT INTO "Comment"("productId","name","content","date","rate") VALUES (20,N'Bùi Thu Hiền',N'Em muốn đổi từ ip 14 pro max xuống ip 14. Bên mình có hỗ trợ không ạ ?','2023-02-10',5);
INSERT INTO "Comment"("productId","name","content","date","rate") VALUES (20,N'TRẦN XUÂN NGHĨA',N'Rất tốt!
 Các bạn vui lòng liên hệ zalo sdt  xxxx722815 để gửi hoá đơn dạng file điện tử giúp mình vì mình sau khi mua đã về lại Singapore cần hoá đơn điện tử để bảo hành ở nước ngoài! Vui lòng add zalo mình không gọi vì mình đang bên Sing','2020-10-22',5);
INSERT INTO "Comment"("productId","name","content","date","rate") VALUES (20,N'Anh Đạt',N'Ok','2022-04-15',5);
INSERT INTO "Comment"("productId","name","content","date","rate") VALUES (20,N'Liên Đinh',N'Máy pin yếu, hay bị nóng máy khi đang sử dụng','2022-08-12',2);
INSERT INTO "Comment"("productId","name","content","date","rate") VALUES (20,N'Xuân thành',N'1 sản phẩm đẹp giá tốt . Sẻ giới thiệu cho bạn bè .','2019-10-25',5);
INSERT INTO "Comment"("productId","name","content","date","rate") VALUES (20,N'Anh Hùng',N'Rất tốt','2023-02-10',5);
INSERT INTO "Comment"("productId","name","content","date","rate") VALUES (20,N'NGUYỄN VĂN THẾ',N'hàng ngon nhân viên nhiệt tình','2022-07-19',5);
INSERT INTO "Comment"("productId","name","content","date","rate") VALUES (20,N'Lê Văn Trung',N'sản phẩm chất lượng','2020-08-13',5);
INSERT INTO "Comment"("productId","name","content","date","rate") VALUES (20,N'Nguyen Phuong',N'Tính năng rất tốt, nhân viên bán hàng rất tốt tư vấn nhiệt tình, chỉ bị lỗi camera đo nhà sản xuất không kỹ để dính bụi trong kính phải gửi bảo hành mất khá nhiều thời gian, bỏ ra số tiền khá lớn mà sd được vài ngày là phải gửi đi bảo hành tận tới 30 ngày mới trả kết quả','2023-05-02',3);
INSERT INTO "Comment"("productId","name","content","date","rate") VALUES (20,N'Ty',N'Hàng OK lắm','2021-01-20',5);
INSERT INTO "Comment"("productId","name","content","date","rate") VALUES (20,N'Anh Đức',N'Rất tốt','2022-03-07',5);
INSERT INTO "Comment"("productId","name","content","date","rate") VALUES (20,N'DUC',N'Đẹp nhưng 13 prm có vẻ ok hơn, cảm giác thao tác trên màn ko mượt cho lắm','2021-07-22',5);
INSERT INTO "Comment"("productId","name","content","date","rate") VALUES (20,N'Nguyễn Mạnh Hà',N'Chất lượng dịch vụ của Thế Giới Di Động lúc nào cũng tốt nhất, uy tín nhất','2019-07-02',5);
INSERT INTO "Comment"("productId","name","content","date","rate") VALUES (20,N'Ngũ Toàn Thành',N'Xài rất tốt','2020-07-16',5);
INSERT INTO "Comment"("productId","name","content","date","rate") VALUES (20,N'Nông Văn Tuấn',N'nv thế giới dất nhiệt tình vv sản phẩm hiện dùng dất ok chỉ tội là đt để qua đêm bị tụt 3% pin không hiểu lý do gì máy đã tắt mạng vấn bị tụt','2019-11-16',5);
INSERT INTO "Comment"("productId","name","content","date","rate") VALUES (20,N'Uyên Nhi',N'Điện thoại mới mua đc 1 tháng mà giờ lướt fb thôi cũng nóng máy kinh khủng , là bth không ạ ??','2022-11-01',3);
INSERT INTO "Comment"("productId","name","content","date","rate") VALUES (20,N'Nguyễn Mạnh Dương',N'Pin trâu, máy mát','2020-08-06',4);
INSERT INTO "Comment"("productId","name","content","date","rate") VALUES (20,N'QUANG',N'Sao mới mua mà pin chỉ còn 99% thôi vậy mới chưa đầy 3 tháng , mua lúc 15/10/2022','2023-12-08',3);
INSERT INTO "Comment"("productId","name","content","date","rate") VALUES (20,N'Trịnh Đức Sơn',N'Mua hôm trước 32,5tr. Hai hôm sau còn 30,5tr. Như kiểu mất tiền oan. Trong khi với số tiền đó 2 hôm sau mua đc bản dung lượng cao hơn. Dùng đc 8 hôm thì chết rung, máy ko rung đc, may đi bảo hành đc đổi máy mới. Rút kinh nghiệm ko mua sớm làm gì.','2022-11-19',2);
INSERT INTO "Comment"("productId","name","content","date","rate") VALUES (20,N'Lê Hoàng Anh',N'Tgdd gần bến xe rạch sỏi phục vụ rất tốt. Điện thoại sang trọng, chất lượng','2023-01-25',5);
INSERT INTO "Comment"("productId","name","content","date","rate") VALUES (20,N'Đức Vũ',N'máy ok, chăm sóc tốt. sẽ còn mua hàng.','2021-07-25',4);
INSERT INTO "Comment"("productId","name","content","date","rate") VALUES (20,N'HƯƠNG',N'Rất tốt','2023-12-19',5);
INSERT INTO "Comment"("productId","name","content","date","rate") VALUES (20,N'Chị Thỏ',N'Hihi','2020-04-24',5);
INSERT INTO "Comment"("productId","name","content","date","rate") VALUES (20,N'Thảo',N'Sao mình quay clip cam trước lúc mờ lúc rõ, như là kiểu lấy nét không được ạ','2021-08-29',3);
INSERT INTO "Comment"("productId","name","content","date","rate") VALUES (20,N'Anh Phương',N'ok','2023-11-01',5);
INSERT INTO "Comment"("productId","name","content","date","rate") VALUES (20,N'Anh Dương',N'Good','2023-03-12',4);
INSERT INTO "Comment"("productId","name","content","date","rate") VALUES (20,N'Nguyễn văn Thuyết',N'Chị bán hàng tên thơm ở chi nhánh thành phố chí linh hải dương tư vấn rất nhiệt tình','2023-06-29',5);
INSERT INTO "Comment"("productId","name","content","date","rate") VALUES (20,N'Nguyễn Thành Nam',N'Tất cả đều ok','2019-04-23',5);
INSERT INTO "Comment"("productId","name","content","date","rate") VALUES (20,N'Huy',N'Máy quá mượt. Chụp ảnh đẹp, pin trâu. Nv tư vấn nhiệt tình','2023-10-23',5);
INSERT INTO "Comment"("productId","name","content","date","rate") VALUES (20,N'Hồ minh tài ',N'Tất cả đều ok chỉ có pin quá tệ sài tuột như thắng không phanh moi người nên cân nhắt lai khi mua','2021-05-26',3);
INSERT INTO "Comment"("productId","name","content","date","rate") VALUES (20,N'Tiến',N'Rất hài lòng','2021-10-04',5);
INSERT INTO "Comment"("productId","name","content","date","rate") VALUES (20,N'Bích Ngọc',N'Rất tốt','2022-05-23',5);
INSERT INTO "Comment"("productId","name","content","date","rate") VALUES (20,N'A Hiển',N'Sản phẩm đẹp, nhân viên tư vấn nhiệt tình, giao hàng nhanh.','2022-02-02',5);
INSERT INTO "Comment"("productId","name","content","date","rate") VALUES (20,N'Huy',N'Rất hài lòng','2023-12-08',5);
INSERT INTO "Comment"("productId","name","content","date","rate") VALUES (20,N'Nguyễn Văn Hậu',N'Cũng tốt dùng ổn','2023-12-19',5);
INSERT INTO "Comment"("productId","name","content","date","rate") VALUES (20,N'Chị Hoài',N'Máy dùng nhanh hết pin','2020-08-05',2);
INSERT INTO "Comment"("productId","name","content","date","rate") VALUES (20,N'Trịnh Tuấn Dương',N'Mình có thói quen giữ cổ phiếu hãng nào thì chỉ mua đồ hãng ấy. Mới đổi sang giữ MWG trong 2022 nên ms mua Ip 14 promax ở TGDĐ, thấy máy dùng cũng tốt mà nhân viên thì xinh vs nhiệt tình nói chuyện cũng dễ nghe. Mình quyết định mua vào thêm mấy ngàn cổ MWG hold to die luôn','2021-12-19',5);
INSERT INTO "Comment"("productId","name","content","date","rate") VALUES (20,N'Trần Duy Đan',N'Điện thoại dùng rất tốt.','2021-08-15',5);
INSERT INTO "Comment"("productId","name","content","date","rate") VALUES (20,N'Vũ Quốc Văn',N'mua sản phẩm khi xảy ra hỏng hóc phải bảo hành thì coi như hết trách nhiệm,phần thiệt vê phía người tiêu dùng,cực kỳ tệ','2020-02-03',1);
INSERT INTO "Comment"("productId","name","content","date","rate") VALUES (20,N'Nam',N'quá đẹp luôn ạ','2019-12-06',5);
INSERT INTO "Comment"("productId","name","content","date","rate") VALUES (20,N'Quỳnh',N'Máy dùng nhanh hết pin, mới mua được nửa tháng mở màn hình khoá lên bị sọc ngang mất 1 giây nhanh đến mức k kịp nhìn
 Bỏ 34tr9 mua k bằng con xs max cũ 2 năm trước mình mua lại 10tr','2023-01-28',2);
INSERT INTO "Comment"("productId","name","content","date","rate") VALUES (20,N'anh Cường',N'k bằng iphone 13,gọi video bi nhoè hình ảnh','2020-04-04',2);
INSERT INTO "Comment"("productId","name","content","date","rate") VALUES (20,N'Hải',N'Rất tuyệt vời','2021-06-05',5);
INSERT INTO "Comment"("productId","name","content","date","rate") VALUES (20,N'Hoang Mr.cuong',N'có ai gặp trường hợp chất lượng hình ảnh video mờ tịt khi gọi zalo, mesaenger kg? 
 trường hợp quay video khi di chuyển thì hình ảnh kg dc mượt nữa.
 chán tệ','2019-09-09',3);
INSERT INTO "Comment"("productId","name","content","date","rate") VALUES (20,N'- Trần Thanh Nga',N'Quá xịn. Nhân viên nhiệt tình. Giá tốt','2023-05-08',5);
INSERT INTO "Comment"("productId","name","content","date","rate") VALUES (20,N'Nguyễn Trung Hậu',N'Máy đẹp, đặt màu trắng nên nhận hàng từ 20/10 rồi :))','2021-01-27',5);
INSERT INTO "Comment"("productId","name","content","date","rate") VALUES (20,N'Lê Anh Tú',N'Ngoài cái nặng và cầm cấn tay ra không có gì phải chê nhất là pin, dù dùng 2 sim nhưng 1 ngày ko hết nổi kể cả 4g','2022-06-25',5);
INSERT INTO "Comment"("productId","name","content","date","rate") VALUES (20,N'Nguyễn văn sơn',N'Có ai sài mà mới được 2 tháng đã tụt % pin xuống còn 99% không . Mình chưa từng gặp con iphon nào mới mua được 2 tháng mà đã tụt 1% pin như ip14 promax này 
 Năm ngoái cũng mua iphon13 nhưng phải nửa năm mới chai được 1% pin','2020-12-01',3);
INSERT INTO "Comment"("productId","name","content","date","rate") VALUES (20,N'PLUS',N'Dùng ok. Rat thích','2023-01-28',4);
INSERT INTO "Comment"("productId","name","content","date","rate") VALUES (20,N'Quang',N'Mình muốn cài esim thì làm sao ạ','2022-11-02',3);
INSERT INTO "Comment"("productId","name","content","date","rate") VALUES (20,N'Làu Chăn Hầu',N'rất tốt','2021-08-06',5);
INSERT INTO "Comment"("productId","name","content","date","rate") VALUES (20,N'KHA',N'Dùng ok','2023-04-20',4);
INSERT INTO "Comment"("productId","name","content","date","rate") VALUES (20,N'CÔNG',N'Tôi rất hài lòng','2023-03-06',5);
INSERT INTO "Comment"("productId","name","content","date","rate") VALUES (20,N'NGOC',N'Tuyệt vời','2021-06-08',5);
INSERT INTO "Comment"("productId","name","content","date","rate") VALUES (20,N'TÂM',N'Sp tuyệt vời','2022-03-31',5);
INSERT INTO "Comment"("productId","name","content","date","rate") VALUES (20,N'KỲ',N'Phím Back trên bên trái 1 số ứng dụng bấm không được rất khó bấm như ứng dụng VssID, và vài ứng dụng có phím back nằm trên quá cao gần như không bấm được rất bựt mình, với mình mua trả góp theo như ban đầu là đóng 6 tháng mỗi tháng 5.598.333, h bên Home Credit thu thêm 403.080 phí chuyển trên mỗi tháng mình không đồng ý và sẽ không chọn gd trả góp này. Mong bên dmx có thể trả khuyến mãi lại cho khách hàng đúng với chương trình mua bằng tiền mặt ,đừng để Home Credit lợi dụng cty và khách hàng của mình xin cảm ơn!','2020-05-04',3);
INSERT INTO "Comment"("productId","name","content","date","rate") VALUES (20,N'TÚ',N'máy đẹp, màu tím rất ưng. giá mua được km nhiều . rất hài lòng','2022-10-11',5);
INSERT INTO "Comment"("productId","name","content","date","rate") VALUES (20,N'Hồ Văn Dũng',N'Ok','2019-06-03',5);
INSERT INTO "Comment"("productId","name","content","date","rate") VALUES (20,N'THO',N'Bền đẹp đầm chắc mượt xôi thịt ngon','2020-03-08',5);
INSERT INTO "Comment"("productId","name","content","date","rate") VALUES (20,N'Linh',N'san phẩm tốt.cấu hỉnh đỉnh chóp','2020-12-08',5);
INSERT INTO "Comment"("productId","name","content","date","rate") VALUES (20,N'TOAN',N'Rất tốt','2020-05-02',5);
INSERT INTO "Comment"("productId","name","content","date","rate") VALUES (20,N'PHUC',N'Máy tốt','2020-04-07',5);
INSERT INTO "Comment"("productId","name","content","date","rate") VALUES (20,N'THANH',N'Máy sử dụng ok','2021-05-06',5);
INSERT INTO "Comment"("productId","name","content","date","rate") VALUES (20,N'TH O',N'Cám ơn TGDĐ đã cho tôi được hưởng suất mua ưu đãi, nhờ vậy tôi mới có thể trải nghiệm iphone14 tuyệt vời như vậy.','2019-06-29',5);
INSERT INTO "Comment"("productId","name","content","date","rate") VALUES (20,N'PHÁT',N'Ok','2022-04-08',4);
INSERT INTO "Comment"("productId","name","content","date","rate") VALUES (20,N'ANH',N'Dùng cũng dc','2020-08-07',4);
INSERT INTO "Comment"("productId","name","content","date","rate") VALUES (20,N'MINH',N'Tuyệt vời','2021-04-19',5);
INSERT INTO "Comment"("productId","name","content","date","rate") VALUES (20,N'TÙNG',N'Tốt','2019-06-02',4);
INSERT INTO "Comment"("productId","name","content","date","rate") VALUES (20,N'DUY',N'Oke','2020-01-07',5);
INSERT INTO "Comment"("productId","name","content","date","rate") VALUES (20,N'LINH',N'Ok','2021-05-17',5);
INSERT INTO "Comment"("productId","name","content","date","rate") VALUES (20,N'ROY',N'mới toanh','2020-07-26',5);
INSERT INTO "Comment"("productId","name","content","date","rate") VALUES (20,N'TRUNG',N'Tốt','2021-09-13',4);
INSERT INTO "Comment"("productId","name","content","date","rate") VALUES (20,N'LAN',N'Ok ah','2022-06-06',4);
INSERT INTO "Comment"("productId","name","content","date","rate") VALUES (20,N'ANH',N'Tốt','2019-08-02',5);
INSERT INTO "Comment"("productId","name","content","date","rate") VALUES (20,N'CUONG',N'Tốt lắm,nhiệt tình','2023-05-16',5);
INSERT INTO "Comment"("productId","name","content","date","rate") VALUES (20,N'LAN',N'Tôi rất thích cách phục vụ của bạn,thân thiện vui vẻ nhiệt tình','2022-02-15',5);
INSERT INTO "Comment"("productId","name","content","date","rate") VALUES (20,N'SUA',N'Quá tuyệt vời.nv phục vụ rất tốt chu đáo.aex ủng hộ tiếp','2022-11-02',5);
INSERT INTO "Comment"("productId","name","content","date","rate") VALUES (20,N'NAM',N'Sản phẩm tốt,giao hàng nhanh','2022-10-19',5);
INSERT INTO "Comment"("productId","name","content","date","rate") VALUES (20,N'MANH',N'Ok','2022-02-24',5);
INSERT INTO "Comment"("productId","name","content","date","rate") VALUES (20,N'HUY',N'Rất tốt','2021-06-18',5);
INSERT INTO "Comment"("productId","name","content","date","rate") VALUES (20,N'LONG',N'Tốt','2022-11-12',4);
INSERT INTO "Comment"("productId","name","content","date","rate") VALUES (20,N'MI',N'Hài lòng ❤️','2023-01-02',5);
INSERT INTO "Comment"("productId","name","content","date","rate") VALUES (20,N'MINH',N'Tốt','2022-10-24',5);
INSERT INTO "Comment"("productId","name","content","date","rate") VALUES (20,N'AN',N'ngon','2023-05-03',5);
INSERT INTO "Comment"("productId","name","content","date","rate") VALUES (20,N'PHONG',N'Rất tốt','2023-11-11',5);
INSERT INTO "Comment"("productId","name","content","date","rate") VALUES (20,N'ANH',N'Sản phẩm đẹp- mượt','2021-11-12',5);
INSERT INTO "Comment"("productId","name","content","date","rate") VALUES (20,N'GIANG',N'iPhone 14 pro max rất tốt','2023-01-10',5);
INSERT INTO "Comment"("productId","name","content","date","rate") VALUES (20,N'AN',N'Tốt hơn mong đợi','2020-12-04',4);
INSERT INTO "Comment"("productId","name","content","date","rate") VALUES (20,N'TRUNG',N'Tốt','2022-09-26',4);
INSERT INTO "Comment"("productId","name","content","date","rate") VALUES (20,N'MAITHICO',N'Máy tốt','2022-01-22',5);
INSERT INTO "Comment"("productId","name","content","date","rate") VALUES (20,N'GIANG',N'Máy đẹp','2022-04-06',5);
INSERT INTO "Comment"("productId","name","content","date","rate") VALUES (20,N'AN',N'Hàng tốt','2022-02-22',5);
INSERT INTO "Comment"("productId","name","content","date","rate") VALUES (20,N'DUC',N'dùng được','2022-07-29',5);
INSERT INTO "Comment"("productId","name","content","date","rate") VALUES (20,N'Nguyên Béo',N'Sp oki. Dùng mượt. Cám ơn TGDD hỗ trợ cho nhận sớm.','2019-04-24',5);
INSERT INTO "Comment"("productId","name","content","date","rate") VALUES (20,N'KHA',N'Rất tốt','2020-02-15',5);
INSERT INTO "Comment"("productId","name","content","date","rate") VALUES (20,N'DUNG',N'Phần cài đặt hình nền lướt chọn ảnh hình nền liên tục bị không tải được ảnh phải
 Thoát ra bấm lại
 Bất tiện và không biết có cần mang ra store kiểm tra lại không','2020-04-14',3);
INSERT INTO "Comment"("productId","name","content","date","rate") VALUES (20,N'HOME',N'Good','2022-02-13',5);
INSERT INTO "Comment"("productId","name","content","date","rate") VALUES (20,N'LINH',N'Chinh tư vấn rất tốt','2020-06-19',5);
INSERT INTO "Comment"("productId","name","content","date","rate") VALUES (20,N'ANH',N'Vẫn cố lỗi','2023-11-27',4);
INSERT INTO "Comment"("productId","name","content","date","rate") VALUES (20,N'PHI',N'Hơi đơ lãnh','2020-12-05',3);
INSERT INTO "Comment"("productId","name","content","date","rate") VALUES (20,N'MAI',N'Máy chất lượng, giá tốt, bảo hành ok','2022-04-23',5);
INSERT INTO "Comment"("productId","name","content","date","rate") VALUES (20,N'HUYÊN',N'Rất tuyệt','2023-12-17',5);
INSERT INTO "Comment"("productId","name","content","date","rate") VALUES (20,N'MAI',N'Tốt nv nhiệt tình','2020-06-04',5);
INSERT INTO "Comment"("productId","name","content","date","rate") VALUES (20,N'MINH',N'sản phẩm tốt .','2023-11-12',5);
INSERT INTO "Comment"("productId","name","content","date","rate") VALUES (20,N'LUAN',N'So dùng rất oke.máy ngon','2019-08-23',5);
INSERT INTO "Comment"("productId","name","content","date","rate") VALUES (20,N'ĐÀO',N'Ok','2020-05-30',5);
INSERT INTO "Comment"("productId","name","content","date","rate") VALUES (20,N'AN',N'Rất tốt','2021-06-05',4);
INSERT INTO "Comment"("productId","name","content","date","rate") VALUES (20,N'MINH',N'Tốt','2023-06-01',5);
INSERT INTO "Comment"("productId","name","content","date","rate") VALUES (20,N'NA',N'Sản phẩm tốt nhân viên nhiệt tình','2021-01-29',5);
INSERT INTO "Comment"("productId","name","content","date","rate") VALUES (20,N'Nguyễn Phúc Thịnh',N'Máy nghe gọi tốt !','2020-05-26',5);
INSERT INTO "Comment"("productId","name","content","date","rate") VALUES (20,N'Phạm Hữu Tuyền',N'Máy đẹp','2022-04-14',5);
INSERT INTO "Comment"("productId","name","content","date","rate") VALUES (20,N'HUY',N'Máy sử dụng rất tốt','2022-12-26',5);
INSERT INTO "Comment"("productId","name","content","date","rate") VALUES (20,N'Đặng Trung Nghĩa',N'Màu chỉ đẹp khi đủ sáng, mình thấy màu vàng vẫn đẹp so màu tím
 Hiệu năng thì tốt. Đi kèm 3 viên trân châu bao nữa thì tuyệt với.','2021-01-11',5);
INSERT INTO "Comment"("productId","name","content","date","rate") VALUES (20,N'Châu Vân',N'Cảm ơn Nhân viên TGDD hổ trợ rất nhiệt tình. Mình đã mua được iPhone 14 Promax với sự hổ trợ nhiệt tình của bên cửa hàng 98 Hùng Vương, Tân An, Long An❤️','2019-07-17',5);
INSERT INTO "Comment"("productId","name","content","date","rate") VALUES (20,N'Ngô Đức Hải Bình',N'Tôi đã mua ở tgdd hơn 10 năm. Nói về CSKH của tgdd thì khỏi phải bàn. Rất tuyệt','2021-07-09',5);
INSERT INTO "Comment"("productId","name","content","date","rate") VALUES (20,N'Ngô Tài',N'Hơ hơ đẳng con nhà bà cấp.','2023-11-22',4);
INSERT INTO "Comment"("productId","name","content","date","rate") VALUES (20,N'NAM',N'Tốt','2023-12-20',5);
INSERT INTO "Comment"("productId","name","content","date","rate") VALUES (20,N'LUẬT',N'Sản phẩm tốt đáng để mua','2022-05-01',5);
INSERT INTO "Comment"("productId","name","content","date","rate") VALUES (20,N'CHINH',N'Very Good','2022-07-13',5);
INSERT INTO "Comment"("productId","name","content","date","rate") VALUES (20,N'PHÚC',N'Ok duyệt','2020-07-16',5);
INSERT INTO "Comment"("productId","name","content","date","rate") VALUES (20,N'HAI',N'rất hài lòng','2020-12-12',5);
INSERT INTO "Comment"("productId","name","content","date","rate") VALUES (20,N'KHẢI',N'Camera rất xịnn','2023-01-20',5);
INSERT INTO "Comment"("productId","name","content","date","rate") VALUES (20,N'NHẤT',N'OK','2023-02-15',5);
INSERT INTO "Comment"("productId","name","content","date","rate") VALUES (20,N'BÌNH',N'Oke','2020-06-18',5);
INSERT INTO "Comment"("productId","name","content","date","rate") VALUES (20,N'DƯƠNG',N'Ảnh chụp siêu đẹp, trải nghiệm tốt xứng đáng 10đ','2022-11-18',5);
INSERT INTO "Comment"("productId","name","content","date","rate") VALUES (20,N'VŨ',N'Ok','2022-10-14',5);
INSERT INTO "Comment"("productId","name","content","date","rate") VALUES (20,N'TUẤN',N'Tốt','2019-04-25',5);
INSERT INTO "Comment"("productId","name","content","date","rate") VALUES (20,N'DUNG',N'Rất tốt','2019-08-16',5);
INSERT INTO "Comment"("productId","name","content","date","rate") VALUES (20,N'BỬU',N'Rất ok','2022-11-24',5);
INSERT INTO "Comment"("productId","name","content","date","rate") VALUES (20,N'TUYẾT',N'Rất tốt','2022-06-06',5);
INSERT INTO "Comment"("productId","name","content","date","rate") VALUES (20,N'TIẾN',N'Mới sử dụng thấy ok','2022-12-02',4);
INSERT INTO "Comment"("productId","name","content","date","rate") VALUES (20,N'CHI',N'Siêu phẩm nhà Táo xịn xò, giao Pre nhanh, giá ngon','2023-04-18',5);
INSERT INTO "Comment"("productId","name","content","date","rate") VALUES (20,N'LẠC',N'Tốt','2020-07-10',5);
INSERT INTO "Comment"("productId","name","content","date","rate") VALUES (20,N'SANG',N'Quá ok','2021-09-05',5);
INSERT INTO "Comment"("productId","name","content","date","rate") VALUES (20,N'THY',N'Máy tốt. Nhân viên nhiệt tình','2022-10-24',5);
INSERT INTO "Comment"("productId","name","content","date","rate") VALUES (20,N'GIANG',N'Cskh rất tốt','2019-12-21',5);
INSERT INTO "Comment"("productId","name","content","date","rate") VALUES (20,N'PHUONG',N'Ok','2021-08-20',5);
INSERT INTO "Comment"("productId","name","content","date","rate") VALUES (20,N'HÙNG',N'Điện thoại chạy mượt, máy ảnh tốt','2021-10-10',4);
INSERT INTO "Comment"("productId","name","content","date","rate") VALUES (20,N'ANH',N'mới dùng thì cảm nhận cũng tốt nhưng k biết về sau có vấn đề gì sảy ra hay k','2023-06-22',4);
INSERT INTO "Comment"("productId","name","content","date","rate") VALUES (20,N'CƯỜNG',N'Phục vụ rất tốt','2022-11-30',5);
INSERT INTO "Comment"("productId","name","content","date","rate") VALUES (20,N'VINA',N'Rất hài lòng','2023-04-04',5);
INSERT INTO "Comment"("productId","name","content","date","rate") VALUES (20,N'HÙNG',N'Máy hao pin nhanh hết hơn 13 promax','2019-06-10',2);
INSERT INTO "Comment"("productId","name","content","date","rate") VALUES (20,N'HUY',N'Rất tốt !!!','2022-10-30',5);
INSERT INTO "Comment"("productId","name","content","date","rate") VALUES (20,N'LÊ VINH NHẤT',N'','2022-05-15',5);
INSERT INTO "Comment"("productId","name","content","date","rate") VALUES (20,N'Anh Lộc',N'','2021-11-29',5);
INSERT INTO "Comment"("productId","name","content","date","rate") VALUES (20,N'Lê Duy Hào',N'','2022-01-15',4);
INSERT INTO "Comment"("productId","name","content","date","rate") VALUES (20,N'Nguyễn văn kiên',N'','2022-06-10',5);
INSERT INTO "Comment"("productId","name","content","date","rate") VALUES (20,N'Len',N'','2022-05-28',5);
INSERT INTO "Comment"("productId","name","content","date","rate") VALUES (20,N'Bùi văn tùng',N'','2020-04-05',5);
INSERT INTO "Comment"("productId","name","content","date","rate") VALUES (20,N'Nguyễn Đức Kỳ',N'Máy TBH vẫn ok nhé ae','2022-09-06',5);
INSERT INTO "Comment"("productId","name","content","date","rate") VALUES (20,N'A Đủ',N'','2022-04-15',3);
INSERT INTO "Comment"("productId","name","content","date","rate") VALUES (20,N'Anh Nhân',N'','2020-01-31',5);
INSERT INTO "Comment"("productId","name","content","date","rate") VALUES (20,N'Lê Minh Chiến',N'','2019-05-08',5);
INSERT INTO "Comment"("productId","name","content","date","rate") VALUES (20,N'Phú',N'','2019-11-03',5);
INSERT INTO "Comment"("productId","name","content","date","rate") VALUES (20,N'Lê Thanh Thiên',N'','2022-10-01',1);
INSERT INTO "Comment"("productId","name","content","date","rate") VALUES (20,N'Anh khôi',N'','2019-05-16',4);
INSERT INTO "Comment"("productId","name","content","date","rate") VALUES (20,N'Thịnh',N'','2022-04-22',5);
INSERT INTO "Comment"("productId","name","content","date","rate") VALUES (20,N'Nguyễn Nhật Bảo Thy',N'','2019-10-18',5);
INSERT INTO "Comment"("productId","name","content","date","rate") VALUES (20,N'Cô Hoa',N'','2021-10-13',4);
INSERT INTO "Comment"("productId","name","content","date","rate") VALUES (20,N'Bui Duy Khoa',N'','2020-07-06',4);
INSERT INTO "Comment"("productId","name","content","date","rate") VALUES (20,N'Nguyễn Hoàng Phi Hổ',N'','2020-10-17',5);
INSERT INTO "Comment"("productId","name","content","date","rate") VALUES (20,N'TRẦN TRUNG HIẾU',N'','2020-02-28',5);
INSERT INTO "Comment"("productId","name","content","date","rate") VALUES (20,N'Chị Tú',N'','2022-01-09',5);
INSERT INTO "Comment"("productId","name","content","date","rate") VALUES (20,N'anh Quân',N'','2019-06-11',5);
INSERT INTO "Comment"("productId","name","content","date","rate") VALUES (20,N'Anh Thành',N'','2021-08-27',5);
INSERT INTO "Comment"("productId","name","content","date","rate") VALUES (20,N'Đặng Văn Dũng',N'','2022-08-16',5);
INSERT INTO "Comment"("productId","name","content","date","rate") VALUES (20,N'Anh Phúc',N'','2022-09-20',5);
INSERT INTO "Comment"("productId","name","content","date","rate") VALUES (20,N'Phạm Thị Yến Vi',N'','2020-02-11',5);
INSERT INTO "Comment"("productId","name","content","date","rate") VALUES (20,N'Anh Linh',N'','2020-07-24',4);
INSERT INTO "Comment"("productId","name","content","date","rate") VALUES (20,N'Hoàng Đức Quýnh',N'','2023-02-28',1);
INSERT INTO "Comment"("productId","name","content","date","rate") VALUES (20,N'Chị Lệ',N'','2021-08-17',4);
INSERT INTO "Comment"("productId","name","content","date","rate") VALUES (20,N'Quyết',N'','2020-05-10',5);
INSERT INTO "Comment"("productId","name","content","date","rate") VALUES (20,N'Tram',N'','2021-11-10',5);
INSERT INTO "Comment"("productId","name","content","date","rate") VALUES (20,N'Nguyễn Thanh Liêm',N'','2023-02-06',4);
INSERT INTO "Comment"("productId","name","content","date","rate") VALUES (20,N'Hằng',N'','2023-12-06',5);
INSERT INTO "Comment"("productId","name","content","date","rate") VALUES (20,N'Anh Chiến',N'','2022-12-25',5);
INSERT INTO "Comment"("productId","name","content","date","rate") VALUES (20,N'Khải',N'','2019-05-27',4);
INSERT INTO "Comment"("productId","name","content","date","rate") VALUES (20,N'Lê Thị Bích Thảo',N'','2020-01-18',5);
INSERT INTO "Comment"("productId","name","content","date","rate") VALUES (20,N'Su',N'','2019-10-07',5);
INSERT INTO "Comment"("productId","name","content","date","rate") VALUES (20,N'57616 - Hạp Tiến Thành',N'','2021-11-11',1);
INSERT INTO "Comment"("productId","name","content","date","rate") VALUES (20,N'Hà Huỳnh Hưng',N'','2021-12-09',5);
INSERT INTO "Comment"("productId","name","content","date","rate") VALUES (20,N'HỒ VĂN SINH',N'','2023-01-17',5);
INSERT INTO "Comment"("productId","name","content","date","rate") VALUES (20,N'65297 - Lê Thị Hoài',N'','2023-12-05',5);
INSERT INTO "Comment"("productId","name","content","date","rate") VALUES (20,N'Nguyễn Song Long',N'','2019-06-07',4);
INSERT INTO "Comment"("productId","name","content","date","rate") VALUES (20,N'HONG',N'Oke','2022-07-05',5);
INSERT INTO "Comment"("productId","name","content","date","rate") VALUES (20,N'Thắng',N'','2022-03-11',4);
INSERT INTO "Comment"("productId","name","content","date","rate") VALUES (20,N'Phan Phước Phương Nam',N'','2021-04-17',5);
INSERT INTO "Comment"("productId","name","content","date","rate") VALUES (20,N'Nguyen Viet Quy',N'','2019-12-11',5);
INSERT INTO "Comment"("productId","name","content","date","rate") VALUES (20,N'Anh Đức',N'','2019-08-09',5);
INSERT INTO "Comment"("productId","name","content","date","rate") VALUES (20,N'T%C0I',N'','2020-01-08',3);
INSERT INTO "Comment"("productId","name","content","date","rate") VALUES (20,N'Bùi chi tâm',N'','2020-09-21',3);
INSERT INTO "Comment"("productId","name","content","date","rate") VALUES (20,N'Chí',N'','2021-05-31',5);
INSERT INTO "Comment"("productId","name","content","date","rate") VALUES (20,N'Đào Trọng Điều',N'','2023-09-13',5);
INSERT INTO "Comment"("productId","name","content","date","rate") VALUES (20,N'Dat',N'','2021-08-01',1);
INSERT INTO "Comment"("productId","name","content","date","rate") VALUES (20,N'HOÀNG',N'','2020-12-01',5);
INSERT INTO "Comment"("productId","name","content","date","rate") VALUES (20,N'Từ Ngọc Phánh',N'','2021-08-26',4);
INSERT INTO "Comment"("productId","name","content","date","rate") VALUES (20,N'Nguyễn Thị Thu Nga',N'','2020-02-11',5);
INSERT INTO "Comment"("productId","name","content","date","rate") VALUES (20,N'DUY',N'','2021-12-23',5);
INSERT INTO "Comment"("productId","name","content","date","rate") VALUES (20,N'THI',N'','2023-03-19',4);
INSERT INTO "Comment"("productId","name","content","date","rate") VALUES (20,N'PH  NG',N'','2022-11-21',5);
INSERT INTO "Comment"("productId","name","content","date","rate") VALUES (20,N'HUY',N'','2019-09-01',4);
INSERT INTO "Comment"("productId","name","content","date","rate") VALUES (20,N'HIỂN',N'','2020-09-01',5);
INSERT INTO "Comment"("productId","name","content","date","rate") VALUES (20,N'NGA',N'','2019-07-30',5);
INSERT INTO "Comment"("productId","name","content","date","rate") VALUES (20,N'TRINH',N'','2020-10-11',5);
INSERT INTO "Comment"("productId","name","content","date","rate") VALUES (20,N'MINH',N'','2020-02-13',5);
INSERT INTO "Comment"("productId","name","content","date","rate") VALUES (20,N'HÙNG',N'Tốt','2022-11-05',5);
INSERT INTO "Comment"("productId","name","content","date","rate") VALUES (20,N'PHƯỚC',N'','2022-10-01',5);
INSERT INTO "Comment"("productId","name","content","date","rate") VALUES (20,N'VINA',N'Rt','2019-06-20',5);
INSERT INTO "Comment"("productId","name","content","date","rate") VALUES (20,N'ANH',N'','2022-08-14',5);
INSERT INTO "Comment"("productId","name","content","date","rate") VALUES (20,N'QUANG',N'','2022-09-15',5);
INSERT INTO "Comment"("productId","name","content","date","rate") VALUES (20,N'DINH',N'','2023-04-24',5);
INSERT INTO "Comment"("productId","name","content","date","rate") VALUES (20,N'NAM',N'','2021-09-23',3);
INSERT INTO "Comment"("productId","name","content","date","rate") VALUES (20,N'NHÂN',N'','2020-09-17',4);
INSERT INTO "Comment"("productId","name","content","date","rate") VALUES (20,N'GROUP',N'','2022-05-15',5);
INSERT INTO "Comment"("productId","name","content","date","rate") VALUES (20,N'HUE',N'','2023-11-28',5);
INSERT INTO "Comment"("productId","name","content","date","rate") VALUES (20,N'HTL',N'','2020-07-22',5);
INSERT INTO "Comment"("productId","name","content","date","rate") VALUES (20,N'NG',N'','2022-01-28',5);
INSERT INTO "Comment"("productId","name","content","date","rate") VALUES (20,N'LAN',N'','2021-10-30',4);
INSERT INTO "Comment"("productId","name","content","date","rate") VALUES (20,N'NGUYỄN THÀNH TRUNG',N'','2023-10-31',5);
INSERT INTO "Comment"("productId","name","content","date","rate") VALUES (20,N'Hồ Văn Nâng',N'','2020-12-03',5);
INSERT INTO "Comment"("productId","name","content","date","rate") VALUES (20,N'MINH',N'','2023-04-08',5);
INSERT INTO "Comment"("productId","name","content","date","rate") VALUES (20,N'LÀNH',N'','2020-04-01',5);
INSERT INTO "Comment"("productId","name","content","date","rate") VALUES (20,N'VINH',N'','2022-07-17',4);
INSERT INTO "Comment"("productId","name","content","date","rate") VALUES (20,N'OANH',N'Nhân viên tư vấn nhiệt tình v sản phẩm rất tốt','2020-06-13',5);
INSERT INTO "Comment"("productId","name","content","date","rate") VALUES (20,N'ĐẠM',N'','2020-01-20',5);
INSERT INTO "Comment"("productId","name","content","date","rate") VALUES (20,N'HUYỀN',N'','2020-07-14',5);
INSERT INTO "Comment"("productId","name","content","date","rate") VALUES (20,N'TRƯỜNG',N'','2021-12-13',5);
INSERT INTO "Comment"("productId","name","content","date","rate") VALUES (20,N'TRINH',N'','2022-02-20',5);
INSERT INTO "Comment"("productId","name","content","date","rate") VALUES (20,N'VINH',N'','2021-07-15',5);
INSERT INTO "Comment"("productId","name","content","date","rate") VALUES (20,N'PHAN THỊ TRANG',N'','2020-05-21',5);

INSERT INTO "Product" ("productId","total","typeId","image","cost","price","discount","rate","releaseDate","name") VALUES (21, 69, 2,'https://cdn.tgdd.vn/Products/Images/42/153856/iphone-xi-den-600x600.jpg',9790000,11790000,6,4.1,'2019-12-24', N'Điện thoại iPhone 11 64GB');
INSERT INTO "ProductDetail" ("productId","screen","os","cameraBehind","cameraFront","cpu","ram","rom","battery","sim") VALUES (21,N'IPS LCD, 6.1", Liquid Retina',N'iOS 15',N'2 camera 12 MP',N'12 MP',N'Apple A13 Bionic', N'4 GB',N'64 GB',N'3110 mAh',N'1 Nano SIM & 1 eSIM');
INSERT INTO "Comment"("productId","name","content","date","rate") VALUES (21,N'Thảo',N'alo sao điện thoại mình không kết nối được wifi dù đã reset lại cả điện thoại cả cục wifi','2020-09-15',3);
INSERT INTO "Comment"("productId","name","content","date","rate") VALUES (21,N'Hoàng Văn Thành',N'Tôi mua mới ko dùng cũng hao pin quá. Sản phẩm ko nên mua vì hao pin. Ko biết máy có lỗi ko','2023-01-09',2);
INSERT INTO "Comment"("productId","name","content","date","rate") VALUES (21,N'Phuong',N'M cảm thấy pin nhanh hết.bình thuong minh chỉ luot wed.nt thôi mà 1 ngày đã hết pin. Trong khi ko xem phim, chơi game hay j cả. Liệu vậy có sao ko nhỉ. Ko dc bền pin cho lắm.hơi thất vọng','2020-11-01',3);
INSERT INTO "Comment"("productId","name","content","date","rate") VALUES (21,N'Phạm Văn Tuấn',N'Máy mua lại nhưng sử dụng rất mượt, pin bền','2021-08-13',5);
INSERT INTO "Comment"("productId","name","content","date","rate") VALUES (21,N'Nguyễn thị Thái Ngân',N'Em mới mua từ ngày 4/11 xài chưa được 1 tháng nhưng mấy hôm gần đaay cứ để qua đêm là nó lại tụt xuống 10% pin, không hiểu sao lậy vậy ạ. Trả lời giúp e','2020-12-01',3);
INSERT INTO "Comment"("productId","name","content","date","rate") VALUES (21,N'LÊ THỊ HẠNH',N'Ok ban','2022-02-02',4);
INSERT INTO "Comment"("productId","name","content","date","rate") VALUES (21,N'Tran Đương',N'Mới dung chưa được 2thang ma tụt xuống 4% rồi','2023-06-23',3);
INSERT INTO "Comment"("productId","name","content","date","rate") VALUES (21,N'Ngô Hồng Quân',N'Ok','2021-01-11',4);
INSERT INTO "Comment"("productId","name","content","date","rate") VALUES (21,N'Cô Thuỷ',N'mới mua, xài ok lắm nhe','2020-07-30',5);
INSERT INTO "Comment"("productId","name","content","date","rate") VALUES (21,N'Nguyễn Thanh Thương',N'….!','2020-10-08',5);
INSERT INTO "Comment"("productId","name","content","date","rate") VALUES (21,N'Trần minh trung',N'Máy em mua ngày 12/10 đến nay ngày 3/11 chưa đầy 1 tháng mà pin đã tụt từ 100 xuống còn 99% thì có ổn không ạ','2023-01-10',4);
INSERT INTO "Comment"("productId","name","content","date","rate") VALUES (21,N'nam',N'Máy mượt chụp ảnh OK','2020-08-12',5);
INSERT INTO "Comment"("productId","name","content","date","rate") VALUES (21,N'Nguyễn Thành Công',N'Dùng rất tốt nhé','2020-09-15',5);
INSERT INTO "Comment"("productId","name","content","date","rate") VALUES (21,N'Long',N'Tốt','2020-09-17',4);
INSERT INTO "Comment"("productId","name","content","date","rate") VALUES (21,N'Thành',N'Tốt','2020-07-06',5);
INSERT INTO "Comment"("productId","name","content","date","rate") VALUES (21,N'HỒ THỊ KIM QUY',N'Rất tốt nhân viên tư vấn tận tình chu đáo','2022-11-20',5);
INSERT INTO "Comment"("productId","name","content","date","rate") VALUES (21,N'Văn',N'Sản phẩm tiền nào của nấy . Đáng giá nhất phân khúc hơn 10 củ . Androi thua 1 năm nếu tính độ lâu dài','2020-04-20',5);
INSERT INTO "Comment"("productId","name","content","date","rate") VALUES (21,N'Thành',N'Sản phẩm rất tốt. Hài lòng nhân viên phục vụ điện máy xanh','2020-01-04',5);
INSERT INTO "Comment"("productId","name","content","date","rate") VALUES (21,N'Dũng',N'Tốt','2023-05-24',4);
INSERT INTO "Comment"("productId","name","content","date","rate") VALUES (21,N'VĂN CÔNG HOÀI HẬN',N'Bắt sống yếu có tiếng đi trước hình','2021-10-10',3);
INSERT INTO "Comment"("productId","name","content","date","rate") VALUES (21,N'Hiển',N'Chào anh chị. Máy em dùng mọi chức năng đều tốt, chỉ có điều dùng rất nhanh bị nóng, xem youtube tải sẵn video, ko bật 4G mà hơn 10p đã thấy nóng hơn các máy khác rất nhiều. Máy em vẫn dùng bản iOS từ lúc mua là 15.7, mã 19H12. Theo em tìm hiểu thì đây là 1 bản Beta. Hiện tại nếu update thì có 2 lựa chọn 16.7.1 hoặc 17... Anh chị tư vấn giùm em với, em cám ơn nhiều','2021-10-09',5);
INSERT INTO "Comment"("productId","name","content","date","rate") VALUES (21,N'PHAM VU AN',N'Khỏi bàn quá êm nhanh gọn lẹ','2020-12-26',5);
INSERT INTO "Comment"("productId","name","content","date","rate") VALUES (21,N'Huy',N'Máy em ko dùng cũng tụt pin có việc j ko ak','2022-04-03',4);
INSERT INTO "Comment"("productId","name","content","date","rate") VALUES (21,N'Thủy',N'sản phẩm dùng ok nhé','2020-10-23',5);
INSERT INTO "Comment"("productId","name","content","date","rate") VALUES (21,N'Hằng',N'Em mua đc 3 ngày mà nay em sạc pin cứ tới mức 87% là pin ko tăng lên','2023-12-15',3);
INSERT INTO "Comment"("productId","name","content","date","rate") VALUES (21,N'Mai Văn Bảy',N'Điện thoại mới, seal zin, cảm ứng mượt, nhạy, pin lâu. Sử dụng tốt, chưa thấy có vấn đề gì. Rất hài lòng','2023-11-25',5);
INSERT INTO "Comment"("productId","name","content","date","rate") VALUES (21,N'Lê Đức',N'Exynos 2100 và Apple A13 chip nào game ok hơn ạh','2023-04-15',4);
INSERT INTO "Comment"("productId","name","content","date","rate") VALUES (21,N'Nguyễn Trang',N'Ad ơi, em mua điện thoại từ tháng 25/4/2023 vừa rồi, khoảng tháng 8 thì pin tụt xuống 99%, ngày 9/10 pin tụt xuống 98%, ngày 13/10 tụt xuống 97%, xong hôm qua ngày 14/10 em kiểm tra còn 96%. Tự dưng mấy hôm liền nhau mà tụt pin nhanh như vậy có sao không ạ','2020-04-20',3);
INSERT INTO "Comment"("productId","name","content","date","rate") VALUES (21,N'Vũ',N'Ok','2021-06-18',5);
INSERT INTO "Comment"("productId","name","content","date","rate") VALUES (21,N'nguyễn văn tân',N'mình mua cg lâu rồi pin còn 85% hk biết thế giới di động có thay pin hk','2020-02-01',5);
INSERT INTO "Comment"("productId","name","content","date","rate") VALUES (21,N'Đinh văn Hiếu',N'mua 6/9 về vài bữa lên ios 17 lỗi từa lưa..ko bật tắt dữ liệu di động ở cửa sổ..ko tắt dữ liệu di động từng ứng dụng..ko tắt bật đc dữ liệu nền','2020-09-05',2);
INSERT INTO "Comment"("productId","name","content","date","rate") VALUES (21,N'NGUYỄN THỊ THƠM',N'Thỉnh thoảng cảm ứng chậm,cùng sử dụng 2 đt cảm ứng nhưng iPhone mạng yếu hơn','2022-07-02',3);
INSERT INTO "Comment"("productId","name","content","date","rate") VALUES (21,N'Anh Lộc',N'quá đẹp','2020-05-13',5);
INSERT INTO "Comment"("productId","name","content","date","rate") VALUES (21,N'Lê Duy Tú',N'Sản Phẩn Dùng Rất Tốt','2023-03-16',5);
INSERT INTO "Comment"("productId","name","content","date","rate") VALUES (21,N'Nguyen Ngoc Nghia',N'Tốt','2021-07-10',5);
INSERT INTO "Comment"("productId","name","content","date","rate") VALUES (21,N'Đức',N'Nhân viên nhiệt tìnhlễ phépthái độ phục vụ khách hàng rất tốt máy tốt','2023-10-02',4);
INSERT INTO "Comment"("productId","name","content","date","rate") VALUES (21,N'Thái Minh Tân',N'sản phẩm rất tốt','2022-11-19',5);
INSERT INTO "Comment"("productId","name","content","date","rate") VALUES (21,N'Út',N'Ok','2023-09-11',5);
INSERT INTO "Comment"("productId","name","content","date","rate") VALUES (21,N'Chú Vũ',N'Sản phẩm mới sử dụng nên tạm thời chỉ đánh giá tốt. Riêng thái độ phục vụ thì rất tốt.','2020-04-02',4);
INSERT INTO "Comment"("productId","name","content","date","rate") VALUES (21,N'Nguyễn Đình Duy',N'Ok','2022-12-23',4);
INSERT INTO "Comment"("productId","name","content","date","rate") VALUES (21,N'Doãn Văn Quân',N'Tot','2021-12-17',4);
INSERT INTO "Comment"("productId","name","content","date","rate") VALUES (21,N'Đỗ Văn Tiên',N'Đã xài 2 năm không có gì để chê','2020-08-02',5);
INSERT INTO "Comment"("productId","name","content","date","rate") VALUES (21,N'Minh thuan',N'Mình mua được 1 năm còn rất mới muốn bán lại tgdd có thu lại k ak','2021-10-12',5);
INSERT INTO "Comment"("productId","name","content","date","rate") VALUES (21,N'Ngân',N'Đt chụp ảnh bị lỗi gửi lên trung tâm bảo hành thẩm định mất 10 ngày kêu không lỗi rồi gửi về tôi nhận lại đt chụp hình vài tấm đã thấy giật giật chế độ chân dung k chuyển cảnh mà tgdd kêu k bị lỗi. Lỗi sờ sờ mà k check ra thì đặt câu hỏi là tgdd có thẩm định hay không Hay chỉ làm thủ tục qua loa. Vĩnh viễn k bao giờ mua hàng ở tgdd nữa','2021-11-12',1);
INSERT INTO "Comment"("productId","name","content","date","rate") VALUES (21,N'Nguyễn Duy quyen',N'Sóng yếu','2020-12-03',3);
INSERT INTO "Comment"("productId","name","content","date","rate") VALUES (21,N'LAI',N'Rất tốt nên mua','2023-01-04',5);
INSERT INTO "Comment"("productId","name","content","date","rate") VALUES (21,N'Lê Dũng',N'Em mới mua được gần 2 tháng bên mình có thu lại không ạ','2020-10-13',4);
INSERT INTO "Comment"("productId","name","content","date","rate") VALUES (21,N'Tuấn',N'sản phẩm dùng gần 3 năm rồi tốt lắm','2020-10-07',5);
INSERT INTO "Comment"("productId","name","content","date","rate") VALUES (21,N'Nguyễn văn Giàu',N'tui mua điện thôi ơi thế giới di động độp họp luôn mà bị hở mắn hình rớt buồn . mua được 47 ngay . không có lam rớt . sai rất kỹ','2020-04-17',1);
INSERT INTO "Comment"("productId","name","content","date","rate") VALUES (21,N'Nguyễn Lợi',N'Ở thới giới di động có hổ trợ đổi e sim để Sài cho ip 11 ko ạ','2021-08-14',5);
INSERT INTO "Comment"("productId","name","content","date","rate") VALUES (21,N'Thế',N'Lỗi','2021-09-01',1);
INSERT INTO "Comment"("productId","name","content","date","rate") VALUES (21,N'Đức Châu',N'Sản phẩm sử dụng chưa được 10 tháng nữa mà hết dây cáp sạc bị lỗi rồi đến máy bị lỗi. Mõi cái đem đi bảo hành từ 714 ngày. Bó tay. Tôi rất buồn khi mua sản phẩm này.','2023-08-21',1);
INSERT INTO "Comment"("productId","name","content","date","rate") VALUES (21,N'Hồng Ngân',N'Nhân viên Huyền chăm sóc khách hàng rất tốt, tư vấn nhiệt tình lắm nha, mình mua tại Hòn Chồng, Nha Trang.','2023-02-11',5);
INSERT INTO "Comment"("productId","name","content","date","rate") VALUES (21,N'NGUYỄN NGỌC THÙY DUYÊN',N'Rất tốt','2023-12-12',5);
INSERT INTO "Comment"("productId","name","content","date","rate") VALUES (21,N'Trần văn bốn',N'Mua điện thoại xong lại k cho sạc
 Bắt người ta phải mua sạc bên ngoài','2023-06-04',2);
INSERT INTO "Comment"("productId","name","content","date","rate") VALUES (21,N'Nguyễn Thế Vân ',N'Điện thoại rất mượt và đẹp.','2023-07-23',5);
INSERT INTO "Comment"("productId","name","content","date","rate") VALUES (21,N'Tuyết Nhi',N'Đt mình mua 09/4 đến hôm nay 20/6 mà pin đã tuột 96% thì có vấn đề ở pin kh ạ cảm thấy hơi tuột lẹ, pin để qua đêm tuột tầm 4-5% dù đã tắt mạng và kh chạy ngầm ứng dụng nào ạ. Tầm 1 tháng pin về 99 thêm 10 ngày sau thì 98 là tiếp đó là 97 và 96 đến rất nhanh ạ :((( mình dùng không hẳn là quá nhiều chỉ để lướt fb zalo tik tok không chơi game  gì luôn. Tuột nhanh quá cảm thấy hơi hoang mang hiccc','2020-12-09',3);
INSERT INTO "Comment"("productId","name","content","date","rate") VALUES (21,N'Nguyễn Hồng Nhân',N'San phẩm Sài OK','2022-12-29',5);
INSERT INTO "Comment"("productId","name","content","date","rate") VALUES (21,N'Võ Như Ngọc',N'sài được 3 tháng mấy thì bị tụt 2 phần trăm pin với bị tróc sơn mặc dù không rơi rớt gì với còn thời gian bảo hành thì có được đổi máy mới hay bảo hành không ạ 
 điện buổi chiều giúp em sáng em đi học không tiện nghe máy','2021-06-01',3);
INSERT INTO "Comment"("productId","name","content","date","rate") VALUES (21,N'Nguyễn tuấn anh',N'Máy rất tốt cảm ứng mượt','2023-03-20',5);
INSERT INTO "Comment"("productId","name","content","date","rate") VALUES (21,N'Trang',N'Máy dùng mượt','2022-11-22',4);
INSERT INTO "Comment"("productId","name","content","date","rate") VALUES (21,N'Đặng Hữu Sang',N'San phẩm bt','2020-03-16',3);
INSERT INTO "Comment"("productId","name","content","date","rate") VALUES (21,N'Dương thị nữ ',N'Mới sài được 1th mà pin tuột còn 99%. 😭','2023-06-26',3);
INSERT INTO "Comment"("productId","name","content","date","rate") VALUES (21,N'The',N'Mua được gần 1 tuần theo đánh giá cá nhận trong tầm giá này không có đối thủ, pin dùng tốt được khoảng 1,5 ngày nếu','2022-01-18',5);
INSERT INTO "Comment"("productId","name","content","date","rate") VALUES (21,N'Nguyễn văn sơn',N'ms mua hôm qua 
 thấy ok 
 nv tư vấn phục vụ nhiệt tình','2022-11-04',5);
INSERT INTO "Comment"("productId","name","content","date","rate") VALUES (21,N'CHIUQUAYLAM ',N'Rất tốt','2022-03-18',5);
INSERT INTO "Comment"("productId","name","content","date","rate") VALUES (21,N'Trần thị đình đình',N'Rất tốt','2023-10-10',5);
INSERT INTO "Comment"("productId","name","content","date","rate") VALUES (21,N'Khánh Linh ',N'Rất tốt','2021-01-16',5);
INSERT INTO "Comment"("productId","name","content","date","rate") VALUES (21,N'Anh Lưu',N'Ok','2021-03-12',5);
INSERT INTO "Comment"("productId","name","content","date","rate") VALUES (21,N'Cường',N'Tốt','2021-12-11',5);
INSERT INTO "Comment"("productId","name","content","date","rate") VALUES (21,N'Ạnh Kiếm',N'Tốt','2020-05-06',4);
INSERT INTO "Comment"("productId","name","content","date","rate") VALUES (21,N'Nguyễn Tân',N'Sản phẩm sử dụng tốt mn nên mua nha','2021-01-09',5);
INSERT INTO "Comment"("productId","name","content","date","rate") VALUES (21,N'Trần Vũ Ngọc Trung',N'Tốt','2022-01-05',4);
INSERT INTO "Comment"("productId","name","content","date","rate") VALUES (21,N'DƯƠNG HỒNG QUÂN',N'RẤT TỐT','2022-12-12',5);
INSERT INTO "Comment"("productId","name","content","date","rate") VALUES (21,N'Châu',N'Sau 1 tháng sử dụng cảm thấy rất hài lòng','2021-10-28',5);
INSERT INTO "Comment"("productId","name","content","date","rate") VALUES (21,N'lê thi trang',N'rất tốt','2020-10-28',5);
INSERT INTO "Comment"("productId","name","content","date","rate") VALUES (21,N'Thanh Xuân',N'Màn hình hơi xấu. Còn lại thì ok hết nha','2022-01-18',4);
INSERT INTO "Comment"("productId","name","content","date","rate") VALUES (21,N'Thi',N'Đt ok','2020-03-08',5);
INSERT INTO "Comment"("productId","name","content","date","rate") VALUES (21,N'Hiền Lê',N'Ok','2023-05-05',5);
INSERT INTO "Comment"("productId","name","content","date","rate") VALUES (21,N'Bảo',N'RẤT TỐT','2021-12-06',5);
INSERT INTO "Comment"("productId","name","content","date","rate") VALUES (21,N'Lê Quân',N'Vẫn dùng rất tốt','2020-04-11',5);
INSERT INTO "Comment"("productId","name","content","date","rate") VALUES (21,N'Nguyễn Tiến Dũng ',N'Rất tốt','2020-08-15',5);
INSERT INTO "Comment"("productId","name","content","date","rate") VALUES (21,N'Xuân',N'Rất tốt','2021-03-03',5);
INSERT INTO "Comment"("productId","name","content","date","rate") VALUES (21,N'Anh Phương',N'Sản phẩm tốt bền,pin trâu','2023-02-07',5);
INSERT INTO "Comment"("productId","name","content","date","rate") VALUES (21,N'A Cảnh',N'❤️❤️','2021-09-24',5);
INSERT INTO "Comment"("productId","name","content","date","rate") VALUES (21,N'Trịnh Ngọc Thảo Nguyên',N'mới sử dụng nên chưa có j😁😁','2022-08-27',5);
INSERT INTO "Comment"("productId","name","content","date","rate") VALUES (21,N'Hoàng',N'Nvien nhiệt tình','2020-05-05',5);
INSERT INTO "Comment"("productId","name","content","date","rate") VALUES (21,N'Cuong',N'Tốt tuyệt vời','2021-11-11',5);
INSERT INTO "Comment"("productId","name","content","date","rate") VALUES (21,N'Luu Bao Thuc',N'Không biết nói sao! TGDD có thế mạnh về dịch vụ nhưng nhân viên biến tướng khi tư vấn bán hàng đổi trả, còn bảo hành. Cụ thể bắt người mua kí cam kết hàng không được đổi trả trong khi dịch vụ được cho phép. Có 2 lần mua, không biết tư vấn vớ vẩn gì yêu cầu khách hàng kí trên hoá đơn và họ chụp hình lại.','2020-07-07',1);
INSERT INTO "Comment"("productId","name","content","date","rate") VALUES (21,N'Nguyễn Quý Nam',N'Rất tốt','2021-12-16',5);
INSERT INTO "Comment"("productId","name","content","date","rate") VALUES (21,N'Lê Thị Xuân Mai',N'Ưng','2022-08-20',5);
INSERT INTO "Comment"("productId","name","content","date","rate") VALUES (21,N'Đỗ Xuân Hiếu',N'ok','2020-10-09',5);
INSERT INTO "Comment"("productId","name","content","date","rate") VALUES (21,N'Lê Hồng Thắng',N'Rất tốt','2020-10-05',5);
INSERT INTO "Comment"("productId","name","content","date","rate") VALUES (21,N'Vũ Quang Minh',N'Điện thoại iPhone 11 64GB dùng rất tốt ạ','2021-03-03',5);
INSERT INTO "Comment"("productId","name","content","date","rate") VALUES (21,N'Thi vinh',N'Bay h minh may biet tai sao moi người lai chọn iPhone cam nhan khi chuyen tu Samsung sang iphone cam nhan dau tien la nhanh muot camera chi tiet rất sac nét nhan vien thi rất OK cam on các b','2022-02-01',5);
INSERT INTO "Comment"("productId","name","content","date","rate") VALUES (21,N'Khánh duy ',N'Hiệu năng của iPhone 11 đỉnh nhưng ios cao ko mượt như iOS thấp như ios 15 được nhưng được một ưu điểm là xem được video 4k','2023-08-06',5);
INSERT INTO "Comment"("productId","name","content","date","rate") VALUES (21,N'lê hồng phong',N'sản phẩm rất tốt','2022-01-25',5);
INSERT INTO "Comment"("productId","name","content","date","rate") VALUES (21,N'Nguyễn Đạt',N'Quá ngon . Pin quá ngon . Giá tầm ntn mn mua hợp lý','2020-03-03',5);
INSERT INTO "Comment"("productId","name","content","date","rate") VALUES (21,N'Nguyen Long Thuan',N'Chất lượng dịch vụ của thế giới Di Động và bách hóa xanh không tốt . Thái độ xem thường khách hàng .','2023-04-09',1);
INSERT INTO "Comment"("productId","name","content","date","rate") VALUES (21,N'Nguyên',N'E có mua 1 con ip11 hàg đã qua sử pin 100% từ ngày 26/11/2022 tới hôm nay là ngày 26/3/2023 mới 4 thág pin đã tuột 8% tuột liên tục còn bảo hành Apple tới ngày 4/10/2023','2022-03-29',1);
INSERT INTO "Comment"("productId","name","content","date","rate") VALUES (21,N'Nguyễn Trinh ',N'Sản phẩm đẹp rất tốt','2021-11-03',5);
INSERT INTO "Comment"("productId","name","content","date","rate") VALUES (21,N'Khuê Tú ',N'OK','2022-12-20',4);
INSERT INTO "Comment"("productId","name","content","date","rate") VALUES (21,N'Nguyễn Công Kế',N'mới mua lần đầu mà gặp lỗi','2021-03-28',3);
INSERT INTO "Comment"("productId","name","content","date","rate") VALUES (21,N'TRẦN VĂN HOÀNG',N'Tốt,','2020-09-08',5);
INSERT INTO "Comment"("productId","name","content","date","rate") VALUES (21,N'Quỳnh',N'Mua máy cũ còn bảo hành hãng. Chức năng tốt, ngoại hình không đẹp lắm, bị xước rõ màn 🥲','2022-04-29',3);
INSERT INTO "Comment"("productId","name","content","date","rate") VALUES (21,N'Nguyễn Giáng Long',N'Rat tot','2023-07-07',5);
INSERT INTO "Comment"("productId","name","content","date","rate") VALUES (21,N'Hồng thắm ',N'Rất tốt','2022-01-30',5);
INSERT INTO "Comment"("productId","name","content","date","rate") VALUES (21,N'Hoàng',N'ok. nhân viên chu đáo, nhiệt tình','2021-08-23',5);
INSERT INTO "Comment"("productId","name","content","date","rate") VALUES (21,N'Lý Thị Bông',N'Tốt','2020-05-11',5);
INSERT INTO "Comment"("productId","name","content","date","rate") VALUES (21,N'LIÊU BÔ RINH',N'Tôi rất thích','2022-05-16',5);
INSERT INTO "Comment"("productId","name","content","date","rate") VALUES (21,N'Tri',N'sao hay bị vỡ kính cường lực nhỉ','2020-02-06',5);
INSERT INTO "Comment"("productId","name","content","date","rate") VALUES (21,N'Duc anh',N'Máy rất tốt','2021-05-31',5);
INSERT INTO "Comment"("productId","name","content","date","rate") VALUES (21,N'DŨNG',N'Rất ok','2020-08-01',5);
INSERT INTO "Comment"("productId","name","content","date","rate") VALUES (21,N'Chị Phương',N'Hiện tại dùng đến giờ vẫn rất ổn','2021-06-18',4);
INSERT INTO "Comment"("productId","name","content","date","rate") VALUES (21,N'GIANG',N'Hài lòng','2023-11-22',5);
INSERT INTO "Comment"("productId","name","content","date","rate") VALUES (21,N'Võ minh tân',N'Mua được 1 tháng lỗi chập chờn nói người khác không nghe , bảo hàng tận 56 ngày mới trả máy , dùng được 2 ngày thì lỗi lại tới TGDD thì bảo mang đi BH lại . Thôi đi sửa ngoài cho lành chứ bh tận 2 tháng thì ối dồi ơi','2021-05-31',1);
INSERT INTO "Comment"("productId","name","content","date","rate") VALUES (21,N'TRẦN MINH THUẬN',N'Sản phẩm tốt. Nhưng bị hạn chế một số tính năng của máy. K đa dạng như android','2022-11-10',5);
INSERT INTO "Comment"("productId","name","content","date","rate") VALUES (21,N'Huỳnh văn đoán',N'Rất tốt','2023-11-23',5);
INSERT INTO "Comment"("productId","name","content","date","rate") VALUES (21,N'Đỗ Xuân Nam',N'Mh có mua đt ip 11 tại tgdd, dùng hơn 1 tháng thì bị cháy led 1 góc, nhìn là biết lỗi từ phía nhà sản xuất. Đem đi bảo hành thì nhân viên đùn đẩy trách nhiệm từ người này sang cửa hàng khác, lúc đầu báo BH 15 ngày sau lại báo 30 ngày. Sao 1 hãng lớn thông tin BH lại không thống nhất vậy. Xong lúc đầu nv báo đổi máy mới mất 10%, sau vài hôm nv lại báo mất 20% đổi máy. Chán thật sự với cách giải quyết bảo hành cho KH, giờ KH không có máy dùng thì nv báo 1 có 1 cái máy nào cho KH sử dụng trong thời gian bảo hành. Tgdd bán 1 máy lỗi cho khách giờ không có 1 chút trách nhiệm với KH, giờ lại bắt KH chịu phí đổi máy chưa kể đem máy đi BH không có 1 cái tem niêm phong nào đảm bảo không rã máy khách trong quá trình thẩm định máy , chế độ BH không có 1 chút lợi ích gì cho KH, đùn đẩy trách nhiệm thông tin BH lại không thống nhất. Thật sự mà nói trước đây mình mua mọi thứ điện thoại, điện máy đều ở đây. Sau lần này sẽ không bao giờ quay lại nữa! Yêu cầu bên phía tgdd có trách nhiệm sau khi bán sp lỗi cho KH, chứ không phải tư vấn chỉ để bán hàng, xong thì không có trách nhiệm như vậy được!','2020-02-15',1);
INSERT INTO "Comment"("productId","name","content","date","rate") VALUES (21,N'Chú Lạc',N'nhân viên tư vấn rất ok','2023-08-25',5);
INSERT INTO "Comment"("productId","name","content","date","rate") VALUES (21,N'Trung hiếu Vũ',N'Nói chung xài cx tốt, màn hình to vs lo tốt pin thì đánh giá tầm trung thôi camera chụp phải nói rất đẹp, điểm trừ lớn nhất có lẽ là mặt lưng í dễ xước gây mất thẩm mĩ cực . Nói chung okay','2020-02-01',4);
INSERT INTO "Comment"("productId","name","content","date","rate") VALUES (21,N'CÔNG TY TNHH THƯƠNG MẠI DỊCH VỤ VẬN TẢI KHANG NGUYÊN',N'Hang tot. Dich vu tot','2021-12-02',5);
INSERT INTO "Comment"("productId","name","content","date","rate") VALUES (21,N'Xuong ',N'Mọi thứ đều tốt Pìn 3100 xài 2 ngày quá tuyệt vời hệ điều hành Android pin 5k chỉ xài được 1 ngày. Nhân viên thế giới Di Động ở lai uyên bàu bàng bình dương phục vụ nhiệt tình rất tốt 👍⭐⭐⭐⭐','2021-05-02',5);
INSERT INTO "Comment"("productId","name","content","date","rate") VALUES (21,N'Nguyễn văn hùng ',N'Mua ở thế giới di động rất hài lòng','2020-09-07',5);
INSERT INTO "Comment"("productId","name","content","date","rate") VALUES (21,N'NGUYỄN THỊ LINH CHI',N'Máy dùng tốt','2023-06-27',5);
INSERT INTO "Comment"("productId","name","content","date","rate") VALUES (21,N'Minh',N'Ok','2021-05-21',5);
INSERT INTO "Comment"("productId","name","content","date","rate") VALUES (21,N'nguyễn thị hiền',N'Cũng ngon, đang dùng androi quen nên dùng cái trợ năng k quen cho lắm','2021-04-05',4);
INSERT INTO "Comment"("productId","name","content","date","rate") VALUES (21,N'Nguyễn Văn Sơn',N'Điện thoại mua ở thế giới di động rất tốt rất hài lòng','2023-07-20',5);
INSERT INTO "Comment"("productId","name","content","date","rate") VALUES (21,N'Nguyễn phú Vũ',N'Sản phẩm tốt. nhân viên nhiệt tình, chu đáo. Sẽ ủng hộ điện máy xanh, tgdđ.','2022-01-06',5);
INSERT INTO "Comment"("productId","name","content","date","rate") VALUES (21,N'Nguyễn Huy Tú',N'Mọi thứ đều rất ổn','2021-09-17',4);
INSERT INTO "Comment"("productId","name","content","date","rate") VALUES (21,N'nguyễn văn dũng',N'vào mess gọi điện toàn thấy  đang kết nối  k biết bị sao','2023-09-12',3);
INSERT INTO "Comment"("productId","name","content","date","rate") VALUES (21,N'Long',N'Dùng cũng đc 7 tháng r nhưng lúc mới đầu dung lượng pin tuột rất nhanh đến 95% thì bắt đầu ko thấy tuột nữa','2022-11-13',4);
INSERT INTO "Comment"("productId","name","content","date","rate") VALUES (21,N'Thanhlongtrọng',N'Rất tốt','2023-03-24',5);
INSERT INTO "Comment"("productId","name","content","date","rate") VALUES (21,N'Thảo',N'Rất hài lòng','2021-07-06',5);
INSERT INTO "Comment"("productId","name","content","date","rate") VALUES (21,N'Phong',N'tốt','2021-04-12',4);
INSERT INTO "Comment"("productId","name","content","date","rate") VALUES (21,N'Nguyễn Thuý Quỳnh',N'Rất tốt','2023-10-15',4);
INSERT INTO "Comment"("productId","name","content","date","rate") VALUES (21,N'Cô Giang',N'Anh','2022-06-16',5);
INSERT INTO "Comment"("productId","name","content","date","rate") VALUES (21,N'Anh Long',N'Nhân viên bán hàng nhiệt tình 
 Kỹ thuật hỗ trợ rất tốt','2023-10-21',5);
INSERT INTO "Comment"("productId","name","content","date","rate") VALUES (21,N'Hương nguyên ',N'Rất tốt','2022-11-10',5);
INSERT INTO "Comment"("productId","name","content","date","rate") VALUES (21,N'Khương phu nguyen ',N'Tốt','2023-03-28',5);
INSERT INTO "Comment"("productId","name","content","date","rate") VALUES (21,N'LONG',N'Ngoại hình tốt. Máy mượt, dùng rất ngon.','2023-05-21',5);
INSERT INTO "Comment"("productId","name","content","date","rate") VALUES (21,N'ĐÔNG',N'Tốt lắm','2020-01-14',5);
INSERT INTO "Comment"("productId","name","content","date","rate") VALUES (21,N'Hồng',N'iphone xài quá là sướng đang xài cả iphone sam sung vivo oppo. nói chung thì thấy iphone là mượt mà nhất so với tầm giá. điểm trừ là phải thêm củ sạc 20w chính hãng apple nữa mất 690k. xạc pin nhanh cho nên là máy có thể nói là máy nóng m sợ nó hư hong nên lúc nào xạc pin m cũng lấy cái quạt mini quạt cho nó haha','2022-06-15',4);
INSERT INTO "Comment"("productId","name","content","date","rate") VALUES (21,N'Tường Vy',N'Cho em hỏi sạc em dùng củ sạc chính hãng khi cắm sạc máy lại nóng tầm 15p mới hết có lỗi','2023-06-20',3);
INSERT INTO "Comment"("productId","name","content","date","rate") VALUES (21,N'CA',N'Tốt','2021-04-17',5);
INSERT INTO "Comment"("productId","name","content","date","rate") VALUES (21,N'Võ Minh Hiệp ',N'Rất tốt','2022-06-08',5);
INSERT INTO "Comment"("productId","name","content","date","rate") VALUES (21,N'PHONG',N'Sản phẩm tốt, giá hợp lý','2021-09-27',4);
INSERT INTO "Comment"("productId","name","content","date","rate") VALUES (21,N'Quan',N'Minh la khach hang than thiet cua tgdd..minh da tung mua hang ben tgdd may trăm trieu roi cu vao lich su mua hang cua minh la biet.vi vay de nghi tgdd.phai co trach nhiem voi minh','2021-11-24',1);
INSERT INTO "Comment"("productId","name","content","date","rate") VALUES (21,N'Nguyễn Thị Phượng',N'Rất ok','2021-11-18',5);
INSERT INTO "Comment"("productId","name","content","date","rate") VALUES (21,N'Hien',N'Nhân viên khá nhiệt tình, máy mua 2 tháng r khá ổn
 Chán cái phải mua sạc riêng mất 690k','2022-07-06',5);
INSERT INTO "Comment"("productId","name","content","date","rate") VALUES (21,N'Hồng',N'Mới mua góp 1 máy ở ĐMX, NV báo trả góp trả trước 4.223.000, Nhưng về kiểm tra trên bill vs app trả góp lại thì thấy tiền trả trước có 4 triệu, còn 223k kia nv báo là tiền bảo hiểm gì gì đó mà trong khi đó mình không mua bảo hiểm mà nhiên viên tự cộng vào,  ĐMX bây giờ không những ép khách mua hàng mà còn ép khách mua bảo hiểm trong khi mình đâu đồng ý. Quá thất vọng về ĐMX sẽ không bao giờ ghé mua hàng nửa','2021-01-27',2);
INSERT INTO "Comment"("productId","name","content","date","rate") VALUES (21,N'Nguyễn Đạt',N'Rất hài lòng','2021-03-15',5);
INSERT INTO "Comment"("productId","name","content","date","rate") VALUES (21,N'THẮNG',N'Rất hài lòng','2023-02-03',5);
INSERT INTO "Comment"("productId","name","content","date","rate") VALUES (21,N'THÙY',N'Ok','2023-12-13',4);
INSERT INTO "Comment"("productId","name","content","date","rate") VALUES (21,N'NHUNG',N'Sp tốt
 Nhân viên nhiệt tình 
 Cảm ơn mọi người ạ ❤️','2023-01-19',5);
INSERT INTO "Comment"("productId","name","content","date","rate") VALUES (21,N'Nguyễn thị hiền ',N'Rất tốt','2022-10-26',5);
INSERT INTO "Comment"("productId","name","content","date","rate") VALUES (21,N'HOANG MINH NGHỊ',N'Sản phẩm này ok','2021-05-25',5);
INSERT INTO "Comment"("productId","name","content","date","rate") VALUES (21,N'LỘC',N'Iphone 11 ngon ngon','2020-07-18',5);
INSERT INTO "Comment"("productId","name","content","date","rate") VALUES (21,N'Mỹ',N'Xài rất ok','2022-11-26',5);
INSERT INTO "Comment"("productId","name","content","date","rate") VALUES (21,N'THỰC',N'Bình thường','2023-10-28',4);
INSERT INTO "Comment"("productId","name","content","date","rate") VALUES (21,N'Chị Hà',N'Mình thấy máy sạc lúc nó bị nóng','2022-04-16',4);
INSERT INTO "Comment"("productId","name","content","date","rate") VALUES (21,N'HẢO',N'Tot','2023-06-23',5);
INSERT INTO "Comment"("productId","name","content","date","rate") VALUES (21,N'HỒNG',N'máy dùng rất ok','2023-01-16',5);
INSERT INTO "Comment"("productId","name","content","date","rate") VALUES (21,N'TÂM',N'Bên fpt thì có 10 triệu mấy. Mua bên đây thì 11 triệu mấy','2023-09-30',1);
INSERT INTO "Comment"("productId","name","content","date","rate") VALUES (21,N'BIÊN',N'Mượt và nhanh','2021-02-17',4);
INSERT INTO "Comment"("productId","name","content","date","rate") VALUES (21,N'Lương văn thuyết',N'Đt sài cx ok','2021-04-25',4);
INSERT INTO "Comment"("productId","name","content","date","rate") VALUES (21,N'Khoa trần',N'Đã mua mượt pin trâu khỏi bàn đáng từng xu','2021-10-21',5);
INSERT INTO "Comment"("productId","name","content","date","rate") VALUES (21,N'THẮNG',N'Ok','2022-06-08',4);
INSERT INTO "Comment"("productId","name","content","date","rate") VALUES (21,N'em huy',N'Tư vấn bình thường','2022-02-02',3);
INSERT INTO "Comment"("productId","name","content","date","rate") VALUES (21,N'ANH',N'Tốt','2022-04-26',5);
INSERT INTO "Comment"("productId","name","content","date","rate") VALUES (21,N'Bùi thị thanh Thảo ',N'Tuyệt vời','2020-09-23',5);
INSERT INTO "Comment"("productId","name","content","date","rate") VALUES (21,N'DŨNG',N'Điện thoại xài OK','2021-04-14',5);
INSERT INTO "Comment"("productId","name","content","date","rate") VALUES (21,N'OANH',N'Điện thoại sài ok nhưng cáp sạt mau hư quá không pik có bảo hành cọng cáp không ạ','2023-07-20',4);
INSERT INTO "Comment"("productId","name","content","date","rate") VALUES (21,N'WEI',N'chất lượng và phục vụ tốt','2022-12-05',5);
INSERT INTO "Comment"("productId","name","content","date","rate") VALUES (21,N'Phan',N'Đang rất ổn','2020-11-13',4);
INSERT INTO "Comment"("productId","name","content","date","rate") VALUES (21,N'AN',N'Sản phẩm ok mới dùng pin cũng hơi hao nhanh.','2020-08-04',5);
INSERT INTO "Comment"("productId","name","content","date","rate") VALUES (21,N'HỒNG',N'tệ','2021-06-07',2);
INSERT INTO "Comment"("productId","name","content","date","rate") VALUES (21,N'TÍN',N'Sài rồi sản phẩm rất tốt nhân viên rất nhiệt tình ❤️❤️❤️','2020-04-15',5);
INSERT INTO "Comment"("productId","name","content","date","rate") VALUES (21,N'LỘC',N'iPhone mới đập hộp mà 1 loa có tiếng 1 loa ko tiếng','2023-03-29',3);
INSERT INTO "Comment"("productId","name","content","date","rate") VALUES (21,N'Trọng Tài',N'Máy dùng mượt, pin trâu. Nhân viên vui vẻ, tư vấn hỗ trợ nhiệt tình.','2021-07-08',5);
INSERT INTO "Comment"("productId","name","content","date","rate") VALUES (21,N'THẮNG',N'tốt và dễ sử dụng','2021-01-18',4);
INSERT INTO "Comment"("productId","name","content","date","rate") VALUES (21,N'THÍCH',N'Rất tốt','2023-08-31',5);
INSERT INTO "Comment"("productId","name","content","date","rate") VALUES (21,N'Nguyên Nhựt Hào',N'Em mới mua về mà sao loa bên trái không nghe được','2021-01-06',4);
INSERT INTO "Comment"("productId","name","content","date","rate") VALUES (21,N'Hoàng văn Xuân ',N'Tôi mua iPhone 11 về sử dụng sóng yếu, wifi quá yếu so với máy hiệu khác, sóng thường xuyên 3 vạch mang lại TGDĐ họ nói bình thường. Quá buồn!','2022-01-24',1);
INSERT INTO "Comment"("productId","name","content","date","rate") VALUES (21,N'THOA',N'Tot','2023-11-19',4);
INSERT INTO "Comment"("productId","name","content","date","rate") VALUES (21,N'Trương Đăng Khoa',N'Hiện tại dùng ổn
 Cảm ứng hơi kém nhạy không biết có phải do dán cường lực không','2022-09-28',5);
INSERT INTO "Comment"("productId","name","content","date","rate") VALUES (21,N'THƯƠNG',N'Rất tốt','2022-04-03',3);
INSERT INTO "Comment"("productId","name","content","date","rate") VALUES (21,N'Trần Kim Phong',N'Mới dùng được 2 ngày vì từ iphone7 lên nên cảm giác rất tốt','2022-05-21',4);
INSERT INTO "Comment"("productId","name","content","date","rate") VALUES (21,N'TƯƠI',N'Hàng ok','2021-06-06',4);
INSERT INTO "Comment"("productId","name","content","date","rate") VALUES (21,N'TỨ',N'Giá thì đắt  so  voi chỗ khác','2021-01-24',1);
INSERT INTO "Comment"("productId","name","content","date","rate") VALUES (21,N'VŨ',N'Ok','2021-04-22',5);
INSERT INTO "Comment"("productId","name","content","date","rate") VALUES (21,N'CÔNG',N'Sp tốt so với tầm giá','2022-02-28',5);
INSERT INTO "Comment"("productId","name","content","date","rate") VALUES (21,N'T',N'Mình đã mua được 2 tuần, vẫn đang dùng tốt. Hi vọng máy sẽ bền lâu vì nhu cầu mình cơ bản công việc văn phòng.','2023-02-06',4);
INSERT INTO "Comment"("productId","name","content","date","rate") VALUES (21,N'NGÂN',N'Sản phẩm rất tốt','2021-05-25',5);
INSERT INTO "Comment"("productId","name","content","date","rate") VALUES (21,N'CHIẾN',N'Đc','2022-09-25',4);
INSERT INTO "Comment"("productId","name","content","date","rate") VALUES (21,N'BÔN',N'Dung thì vẫn OK chưa thấy có gì bất ổn','2022-07-08',3);
INSERT INTO "Comment"("productId","name","content","date","rate") VALUES (21,N'YẾN',N'Máy dùng ok, khá là tốt mỗi tội khi sạc pin thì hay bị nóng máy','2020-01-14',4);
INSERT INTO "Comment"("productId","name","content","date","rate") VALUES (21,N'TRINH',N'Dùng đt pin nóng','2020-08-18',3);
INSERT INTO "Comment"("productId","name","content","date","rate") VALUES (21,N'MƯA',N'Sài OK lắm pin châu nữa.','2022-09-23',5);
INSERT INTO "Comment"("productId","name","content","date","rate") VALUES (21,N'KIÊN',N'Hài lòng','2021-08-03',4);
INSERT INTO "Comment"("productId","name","content","date","rate") VALUES (21,N'THƯ',N'tốt','2020-04-06',5);
INSERT INTO "Comment"("productId","name","content","date","rate") VALUES (21,N'HÊN',N'Quá tuyệt vời','2022-09-01',5);
INSERT INTO "Comment"("productId","name","content","date","rate") VALUES (21,N'THU',N'Đẹp lắm','2022-04-02',5);
INSERT INTO "Comment"("productId","name","content","date","rate") VALUES (21,N'Anh Nhàn',N'Ok . Giá Hợp lý','2023-08-11',5);
INSERT INTO "Comment"("productId","name","content","date","rate") VALUES (21,N'HÙNG',N'Tôt','2021-11-18',5);
INSERT INTO "Comment"("productId","name","content","date","rate") VALUES (21,N'VƯỢNG',N'Rất đẹp','2021-03-19',5);
INSERT INTO "Comment"("productId","name","content","date","rate") VALUES (21,N'NAM',N'Rất ok','2021-11-14',4);
INSERT INTO "Comment"("productId","name","content","date","rate") VALUES (21,N'QUÂN',N'Giá rẻ','2023-06-12',5);
INSERT INTO "Comment"("productId","name","content","date","rate") VALUES (21,N'GIANG',N'Ok','2023-05-14',5);
INSERT INTO "Comment"("productId","name","content","date","rate") VALUES (21,N'HÀ',N'Các bạn nhân viên tiếp đón rất tốt rất nhiệt tình','2022-12-13',5);
INSERT INTO "Comment"("productId","name","content","date","rate") VALUES (21,N'Yến',N'Điện thoại chụp hình đẹp, pin trâu, chơi game tẹt ga. Quá ngon luôn 💕','2021-01-11',5);
INSERT INTO "Comment"("productId","name","content","date","rate") VALUES (21,N'Nguyễn Hữu Bá',N'Sản phẩm chất lượng, tư vấn viên nhiệt tình thân thiện….','2020-05-14',5);
INSERT INTO "Comment"("productId","name","content","date","rate") VALUES (21,N'HẠNH',N'Tốt','2021-10-08',4);
INSERT INTO "Comment"("productId","name","content","date","rate") VALUES (21,N'ĐAN',N'Dịch vụ nhah gọn. Phục vụ chú đao','2021-08-14',5);
INSERT INTO "Comment"("productId","name","content","date","rate") VALUES (21,N'PHƯƠNG',N'Sản phẩm dùng rất tốt, rất hài lòng','2021-10-24',5);
INSERT INTO "Comment"("productId","name","content","date","rate") VALUES (21,N'HÀ',N'Mình thích trải nghiệm iPhone 11','2021-04-11',4);
INSERT INTO "Comment"("productId","name","content","date","rate") VALUES (21,N'Hoàng  Xuân Chí',N'Khuyên mọi người không nên mua iphone 11 nha .Camera tệ lắm nhiễu với mờ .Thất vọng về tgdd kinh khủng.Đt mình mua đập hộp hôm 17/08/2022 đến nay là hơn 13 ngày mà nản','2020-11-20',1);
INSERT INTO "Comment"("productId","name","content","date","rate") VALUES (21,N'LINH',N'Tốt','2023-06-27',5);
INSERT INTO "Comment"("productId","name","content","date","rate") VALUES (21,N'Dũng',N'Sản phẩm dùng ok, nhỏ gọn dễ cầm nắm. Rất hài lòng và ko hối hận khi chuyển từ 11promax sang, máy mát. pin thì cũng đc. Ko đến mức quá trâu','2022-06-01',4);
INSERT INTO "Comment"("productId","name","content","date","rate") VALUES (21,N'Trần Nhân',N'Tất cả đều ok, nhưng sao cái đèn flash của mình đôi khi nó tự bật k biết khắc phục sao đây','2023-10-20',5);
INSERT INTO "Comment"("productId","name","content","date","rate") VALUES (21,N'VIỆT',N'sản phẩm ko có cục sạc, ko có tai nghe, cắt nhiều so vs bản lúc đầu 2019','2021-06-17',4);
INSERT INTO "Comment"("productId","name","content","date","rate") VALUES (21,N'HÙNG',N'Hàng ok nha. Mới đẹp','2020-03-15',5);
INSERT INTO "Comment"("productId","name","content","date","rate") VALUES (21,N'HOÀNG THƯ',N'Khá hài lòng','2021-01-10',5);
INSERT INTO "Comment"("productId","name","content","date","rate") VALUES (21,N'Nguyên',N'Pin xuống rất nhanh mới có 4 tháng mà % pin còn 93 .','2022-04-22',3);
INSERT INTO "Comment"("productId","name","content","date","rate") VALUES (21,N'Nguyễn Văn Có',N'Sao loa kép 2 bên mà nge được có 1 bên à','2020-05-24',4);
INSERT INTO "Comment"("productId","name","content","date","rate") VALUES (21,N'VŨ ĐÌNH CƯỜNG',N'Rất đẹp cầm chắc tay pin ổn định chơi game cũng OK','2021-12-26',5);
INSERT INTO "Comment"("productId","name","content","date","rate") VALUES (21,N'TÌNH',N'OK!','2023-02-12',5);
INSERT INTO "Comment"("productId","name","content","date","rate") VALUES (21,N'Trần thị liễu',N'Phục vụ tốt','2021-10-15',5);
INSERT INTO "Comment"("productId","name","content","date","rate") VALUES (21,N'Phạm Văn Đại',N'.','2023-12-17',5);
INSERT INTO "Comment"("productId","name","content","date","rate") VALUES (21,N'PT Lộc',N'Điện thoại sài rất oke mua đồ bên tgdd thì rất yên tâm tỉ lệ đồ lỗi rất rất thấp','2021-02-25',5);
INSERT INTO "Comment"("productId","name","content","date","rate") VALUES (21,N'DŨNG',N'Sài Rất Oke Hứa Hẹn Đổi iphone 14 😜','2021-09-16',5);
INSERT INTO "Comment"("productId","name","content","date","rate") VALUES (21,N'MINH',N'Ổn','2022-12-31',5);
INSERT INTO "Comment"("productId","name","content","date","rate") VALUES (21,N'HOÀ',N'Tot','2021-02-27',4);
INSERT INTO "Comment"("productId","name","content","date","rate") VALUES (21,N'TRUNG',N'Goodjob','2020-03-24',4);
INSERT INTO "Comment"("productId","name","content","date","rate") VALUES (21,N'HẬU',N'sản phẩm ok, dịch vụ tốt','2023-01-10',4);
INSERT INTO "Comment"("productId","name","content","date","rate") VALUES (21,N'QUYÊN',N'Hàng ok','2023-11-01',5);
INSERT INTO "Comment"("productId","name","content","date","rate") VALUES (21,N'CƯỜNG',N'Ok','2022-06-19',4);
INSERT INTO "Comment"("productId","name","content","date","rate") VALUES (21,N'THƠ',N'rất ok','2021-02-07',5);
INSERT INTO "Comment"("productId","name","content","date","rate") VALUES (21,N'ĐỊNH',N'chiếc điện thoại này khá đẹp','2021-08-24',5);
INSERT INTO "Comment"("productId","name","content","date","rate") VALUES (21,N'TRÂM',N'Máy mượt tốt oke ạ','2023-07-29',5);
INSERT INTO "Comment"("productId","name","content","date","rate") VALUES (21,N'TRINH',N'Rất tốt','2022-12-18',5);
INSERT INTO "Comment"("productId","name","content","date","rate") VALUES (21,N'ny',N'mới mua lúc tối,, áp dụng tất cả các khuyến mãi là 12.. ngày sau lên xem còn có 11490 chua ap dụng vnpay nữa. chán','2023-06-26',4);
INSERT INTO "Comment"("productId","name","content","date","rate") VALUES (21,N'c Tám',N'tốt','2021-02-23',5);
INSERT INTO "Comment"("productId","name","content","date","rate") VALUES (21,N'HIẾU',N'Máy đẹp, pin trâu rất hài lòng về máy','2023-10-24',4);
INSERT INTO "Comment"("productId","name","content","date","rate") VALUES (21,N'BÍCH',N'Thỉnh thoảng vẫn hơi đơ','2023-04-01',4);
INSERT INTO "Comment"("productId","name","content","date","rate") VALUES (21,N'Vân Anh',N'Ban đầu thì ok. Mình cũng ko có thắc mắc gì về pin. Nhưng sau khi dùng 5 tháng thì máy tự dưng sập nguốn, bật ko lên. KTV bên điện máy xanh cũng ko bật lên đc. Gửi lên Apple bảo hành thì apple bảo đồng ý mất dữ liệu thì mới sửa, ko đồng ý thì trả lại máy. Ủa???? Cám giác rất tệ khi đã mua sản phẩm này của apple','2023-03-22',1);
INSERT INTO "Comment"("productId","name","content","date","rate") VALUES (21,N'THANH',N'Tuy đã bung nhưng máy còn chất lượng','2021-03-29',4);
INSERT INTO "Comment"("productId","name","content","date","rate") VALUES (21,N'LỘC',N'Rất tốt','2020-10-24',5);
INSERT INTO "Comment"("productId","name","content","date","rate") VALUES (21,N'LÂN',N'Tốt quá','2021-04-15',5);
INSERT INTO "Comment"("productId","name","content","date","rate") VALUES (21,N'DUY',N'Máy đẹp giá rẻ','2023-12-14',5);
INSERT INTO "Comment"("productId","name","content","date","rate") VALUES (21,N'Ha Ja My',N'Mới mua tại TGDD ngã 3 Finom Đức Trọng Lâm Đồng. Tuy ra đời gần 3 năm nhưng máy sài OK, cậu hình mượt, k chê vào đâu dc. Chứng tỏ Apple họ làm xứng đáng và danh hiệu smartphone cao cấp. 
 Nhân viên bên đó rất nhiệt tình','2023-03-12',5);
INSERT INTO "Comment"("productId","name","content","date","rate") VALUES (21,N'Nguyễn văn Bằng ',N'Sài rất OK mọi người nên mua','2021-07-11',5);
INSERT INTO "Comment"("productId","name","content","date","rate") VALUES (21,N'DUYÊN',N'Xài ok','2022-04-22',4);
INSERT INTO "Comment"("productId","name","content","date","rate") VALUES (21,N'HUY',N'.','2022-11-26',5);
INSERT INTO "Comment"("productId","name","content","date","rate") VALUES (21,N'KIÊN',N'O','2020-05-17',5);
INSERT INTO "Comment"("productId","name","content","date","rate") VALUES (21,N'Huỳnh Thúy Linh',N'dt xài cũng dc lâu lâu hơi bị đơ, đang gọi đt màn hình tắt không mở lên dc luôn','2023-04-11',3);
INSERT INTO "Comment"("productId","name","content","date","rate") VALUES (21,N'PHƯƠNG',N'Hàng rất tốt sp làm tôi rất hài lòng','2020-05-01',5);
INSERT INTO "Comment"("productId","name","content","date","rate") VALUES (21,N'BÌNH',N'Rất tận tình,chu đáo!','2023-07-29',5);
INSERT INTO "Comment"("productId","name","content","date","rate") VALUES (21,N'Đỗ Tiến Phát',N'Máy nhanh mượt màn hình đẹp.Điểm Antutu benmark rất cao.Mua màu trắng sữa đẹp. Phát nhạc Bluetooth ra  amply hay.Apple music có chế độ nghe nhạc lossless. FaceID nhanh.Game mượt.IOS 15 pin tốt.Sạc nhanh.','2020-10-27',5);
INSERT INTO "Comment"("productId","name","content","date","rate") VALUES (21,N'CHUNG',N'Sản phẩm tốt','2021-02-08',5);
INSERT INTO "Comment"("productId","name","content","date","rate") VALUES (21,N'Ivan Doai',N'Good','2022-07-30',5);
INSERT INTO "Comment"("productId","name","content","date","rate") VALUES (21,N'Nguyễn Văn Dư',N'Mới mua hôm qua màu trắng 64g đẹp mà nhân viên thế giới Di Động tại thị xã kiến tường rất nhiệt tình nữa','2022-02-26',5);
INSERT INTO "Comment"("productId","name","content","date","rate") VALUES (21,N'Lưu Thị Tuyết ',N'Đã dùng sản phẩm này được 1,5th nhưng pin vẫn 100%. Tiếc là lên 15.5 máy hay bị nóng .nhưng vẫn đánh giá 5***. Thấy máy dùng khá ổn.','2023-07-17',5);
INSERT INTO "Comment"("productId","name","content","date","rate") VALUES (21,N'Trần thị Xuân ',N'Đã dùng được một năm rồi','2021-02-25',5);
INSERT INTO "Comment"("productId","name","content","date","rate") VALUES (21,N'anh kiệt ',N'điện thoại xài khá ok dù ai chê cũng mê','2023-11-21',5);
INSERT INTO "Comment"("productId","name","content","date","rate") VALUES (21,N'TOÀN',N'Phù hợp túi tiền, hàng chính hãng','2023-07-30',4);
INSERT INTO "Comment"("productId","name","content","date","rate") VALUES (21,N'Anh Trân',N'Có bảo hành khán nước ko dị ad','2022-09-04',4);
INSERT INTO "Comment"("productId","name","content","date","rate") VALUES (21,N'Anh Phương',N'mình mới mua được 20 ngày thấy dùng rất ok','2020-11-06',4);
INSERT INTO "Comment"("productId","name","content","date","rate") VALUES (21,N'XUẤN',N'Rất mượt mà chơi tốt trong tầm giá','2021-06-20',5);
INSERT INTO "Comment"("productId","name","content","date","rate") VALUES (21,N'Mai Văn Dũng',N'Máy bị lổi mic gởi bảo hành, nói không lổi Trã về không dùng được.','2021-03-15',1);
INSERT INTO "Comment"("productId","name","content","date","rate") VALUES (21,N'NHÂM',N'ok','2020-06-09',5);
INSERT INTO "Comment"("productId","name","content","date","rate") VALUES (21,N'HỒNG',N'Thái độ phục vụ rất tốt','2023-10-14',4);
INSERT INTO "Comment"("productId","name","content","date","rate") VALUES (21,N'Đăng',N'Pin tuột nhanh','2023-01-17',3);
INSERT INTO "Comment"("productId","name","content","date","rate") VALUES (21,N'TÂM',N'Hiện tại máy dùng thích','2022-08-09',5);
INSERT INTO "Comment"("productId","name","content","date","rate") VALUES (21,N'LINH',N'Hàng dùng ok ạh','2022-05-29',5);
INSERT INTO "Comment"("productId","name","content","date","rate") VALUES (21,N'HẰNG',N'❤️❤️❤️','2023-12-16',4);
INSERT INTO "Comment"("productId","name","content","date","rate") VALUES (21,N'NGA',N'Máy dùng ổn cảm ơn TGDĐ','2021-12-03',5);
INSERT INTO "Comment"("productId","name","content","date","rate") VALUES (21,N'NHÂN',N'Rất hài lòng','2023-04-17',4);
INSERT INTO "Comment"("productId","name","content","date","rate") VALUES (21,N'LAN',N'123','2022-12-20',3);
INSERT INTO "Comment"("productId","name","content","date","rate") VALUES (21,N'QUÂN',N'Ok','2022-01-04',5);
INSERT INTO "Comment"("productId","name","content","date","rate") VALUES (21,N'PHÚC',N'Tốt','2020-02-03',5);
INSERT INTO "Comment"("productId","name","content","date","rate") VALUES (21,N'MẾN',N'Sử dụng nhanh, chất lượng tốt','2022-02-25',4);
INSERT INTO "Comment"("productId","name","content","date","rate") VALUES (21,N'DUNG',N'Rất tốt','2020-08-16',5);
INSERT INTO "Comment"("productId","name","content","date","rate") VALUES (21,N'SANG',N'May. Dep. Sai. Ok.  Nhan. Vien. Nhiet. Tinh.','2023-05-25',4);
INSERT INTO "Comment"("productId","name","content","date","rate") VALUES (21,N'PROPERTY',N'Máy rất nóng khi sạc và xem YouTube,chơi game …..','2020-05-19',4);
INSERT INTO "Comment"("productId","name","content","date","rate") VALUES (21,N'NAM',N'Trải nghiệm tốt','2023-07-31',4);
INSERT INTO "Comment"("productId","name","content","date","rate") VALUES (21,N'MỤI',N'Phục vụ nhiệt tình, chứ đáo','2020-03-01',5);
INSERT INTO "Comment"("productId","name","content","date","rate") VALUES (21,N'ANH',N'Rất tốt.','2022-01-25',5);
INSERT INTO "Comment"("productId","name","content","date","rate") VALUES (21,N'Nguyễn chu hạnh',N'Chất lượng kém','2021-02-17',1);
INSERT INTO "Comment"("productId","name","content","date","rate") VALUES (21,N'VŨ',N'RẤT hài lòng với sản phẩm và dịch vụ của TGDD (:','2022-03-05',4);
INSERT INTO "Comment"("productId","name","content","date","rate") VALUES (21,N'Hiệp Lê',N'Mua xong hôm sau có ngừơi gọi điện bảo sẽ mang tới nhà tặng phiếu gì đó mà tới nay gần tháng cũng không thấy?','2022-01-31',4);
INSERT INTO "Comment"("productId","name","content","date","rate") VALUES (21,N'YẾN',N'Sản pẩm dùng tốt lắm','2023-09-05',5);
INSERT INTO "Comment"("productId","name","content","date","rate") VALUES (21,N'HUẾ',N'Nhỏ vừa đủ dùng tiện lợi','2023-02-21',5);
INSERT INTO "Comment"("productId","name","content","date","rate") VALUES (21,N'NGÂN',N'Hiện tại dùng máy rất là OK','2020-02-26',4);
INSERT INTO "Comment"("productId","name","content","date","rate") VALUES (21,N'Lại Thế Hùng',N'Em cám ơn anh chị và các bạn nhân viên thế giới di động số 182 - 184 đường Ngọc Lâm, Tổ 3, P. Ngọc Lâm, Q. Long Biên, Tp. Hà Nội, đã tư vấn và hỗ trợ em rất nhiệt tình. Cực kỳ nhiệt tình luôn ạ! Lúc mới vào thì có bác bảo vệ ra mở cửa, lại còn che yên cho đỡ nắng. Rồi chị tư vấn rất nhiệt tình, thân thiện, lúc em ra về mưa còn có bạn nhân viên chạy ra cho mượn ô đi mua áo mưa nữa, đến tận khi em về thì bạn ấy  mới vào. Bản thân em đã thích cách chăm sóc khách hàng chu đáo từ TGDĐ khi mua những sản phẩm trước, dù giá trị không cao nên khi quyết định mua ip 11, e không do dự mà chọn TGDĐ. Chúc anh chị và các bạn TGDĐ số 182 - 184 đường Ngọc Lâm, Tổ 3, P. Ngọc Lâm, Q. Long Biên, Tp. Hà Nội mạnh khỏe, kinh doanh tốt ạ!','2022-07-24',5);
INSERT INTO "Comment"("productId","name","content","date","rate") VALUES (21,N'Tân Minh',N'Sản phẩm tốt, máy mượt pin trâu, dùng hơn 4 tháng mà vẫn 100% pin. Nhân viên phục vụ tận tâm.','2020-10-28',5);
INSERT INTO "Comment"("productId","name","content","date","rate") VALUES (21,N'Bùi vy',N'Máy mới mua gần 3 tháng khi call bị tè như tiếng rào rào è è trong khi ng đối diện thù tắt mic vẫn rè lớn rất khó chịu nhờ kiểm tra lại dùm em','2020-02-26',3);
INSERT INTO "Comment"("productId","name","content","date","rate") VALUES (21,N'nguyễn duy',N'Máy gặp lỗi micro nghe gọi, lên gặp nhân viên k hỗ trợ, thế giới di động làm ăn chán lắm, kêu gửi hành bảo hành, gửi chắc tới lẫn mới lấy máy','2022-10-23',1);
INSERT INTO "Comment"("productId","name","content","date","rate") VALUES (21,N'Thuận',N'Máy rất tốt nhân viên TGDD phục vụ tận tình ok','2021-07-28',5);
INSERT INTO "Comment"("productId","name","content","date","rate") VALUES (21,N'Nguyễn Văn Hoà',N'Dùng 3 tháng pin trên máy báo 99% nhưng trên 3utool lại 100%, dùng vừa tay, nói chung vẫn ok','2022-12-24',4);
INSERT INTO "Comment"("productId","name","content","date","rate") VALUES (21,N'Trần Ngọc Tuấn vũ',N'Gọi Mesenger qua  dữ liệu đi động cứ bị lỗi không thể gọi được. Đã thử mọi cách vẫn không được. Cần nhân viên hỗ trợ','2022-05-26',2);
INSERT INTO "Comment"("productId","name","content","date","rate") VALUES (21,N'Trần Văn Đoan',N'Sai thì thấy ok dó','2021-07-23',4);
INSERT INTO "Comment"("productId","name","content","date","rate") VALUES (21,N'Trang',N'Cảm giác loa máy rất dè. K biết mua dùng dc 30 ngày chưa dmx check thông tin giúp mình. Nghe k mượt bằng ip11 của mn','2021-08-29',3);
INSERT INTO "Comment"("productId","name","content","date","rate") VALUES (21,N'Ngọc Linh',N'Mình mua cũng được gần 6 tháng, sạc siêu nhanh luôn, đến giờ pin của mình vẫn 100%, mình làm rơi nhiều lần r cứ sợ hư nhưng mà thật sự thì rất bền, không hề trầy hay gì hết. Pin mình đủ dùng 1 ngày, thấy có nhiều bạn chê này kia nhưng thực sự đối với mình nó quá tốt, lướt rất mượt, mình từ Androind chuyển qua iOS cảm thấy dễ xài và mê luôn rồi í, mượt kinh khủng, chụp hình cũng rất đẹp ❤️ Mình mua trong mùa dịch nên mua online, nhân viên của TGDĐ thì khỏi nói rồi vô cùng tận tâm luôn, hướng dẫn mình rất kĩ, giải thích mọi thắc mắc của mình. 100 điểm 😍','2022-06-16',5);
INSERT INTO "Comment"("productId","name","content","date","rate") VALUES (21,N'Hậu',N'Mới mua khi sáng dùng thấy ổn phết:)','2023-10-12',4);
INSERT INTO "Comment"("productId","name","content","date","rate") VALUES (21,N'Lê Hội Phương Oanh',N'Tôi mua điện thoại mới từ cuối tháng 1 đến nay mọi thứ vẫn bình thường. Tôi rất thích và rất hài lòng về những lợi ích mà sản phẩm mang lại cho tôi.','2022-07-02',5);
INSERT INTO "Comment"("productId","name","content","date","rate") VALUES (21,N'Khoái',N'Máy chức năng nghe gọi kém quá.máy mình nghe gọi có lúc bị ngắt quãng không nghe thấy gì.chức năng chính mà vậy thì không ổn rồi','2023-02-25',3);
INSERT INTO "Comment"("productId","name","content","date","rate") VALUES (21,N'Nguyễn thị Ngọc Hân ',N'E mua điện thoại hồi tháng 2 xài đến giờ pin của nó vẫn 100% nhưng sao lượng pin có nó lại rất nhanh hết','2021-01-22',4);
INSERT INTO "Comment"("productId","name","content","date","rate") VALUES (21,N'Phan thanh vẹn ',N'Máy mua mới , sọc màng hình , mà chế độ bảo hành thì chán , mua ở đây là một sai lầm !','2021-07-17',1);
INSERT INTO "Comment"("productId","name","content","date","rate") VALUES (21,N'Trương Chí Hải',N'Sản phẩm cài rất mượt mọi thứ ngon lành pin thì không hẻo như mấy dòng iPhone trước','2023-04-27',5);
INSERT INTO "Comment"("productId","name","content","date","rate") VALUES (21,N'Trần Thị Kiều Diễm',N'Có khi sạc gần 1 tiếng được 3% pin, hay bị đứng máy','2023-08-17',1);
INSERT INTO "Comment"("productId","name","content","date","rate") VALUES (21,N'c Tin',N'Máy ok','2023-04-08',4);
INSERT INTO "Comment"("productId","name","content","date","rate") VALUES (21,N'nguyên ',N'sao dt để qua đêm tuột 8 phan % pin v ah minh da rất het tất cả ứng dụng ngam tat màn hình sáng luôn','2023-08-25',3);
INSERT INTO "Comment"("productId","name","content","date","rate") VALUES (21,N'Anh Khang',N'Đt sài tốt nhân viên nhiệt tình','2020-07-12',5);
INSERT INTO "Comment"("productId","name","content","date","rate") VALUES (21,N'Em Minh',N'Rất tốt','2022-03-25',5);
INSERT INTO "Comment"("productId","name","content","date","rate") VALUES (21,N'Lê Yến Linh',N'Nhân viên  tiếp đón chu đáo , nhiệt tình . Cách tư vấn sản phẩm rất chuyên nghiệp nên ko định mua nhg đã mua','2020-06-11',5);
INSERT INTO "Comment"("productId","name","content","date","rate") VALUES (21,N'Chú Vinh',N'OK tốt','2023-08-13',5);
INSERT INTO "Comment"("productId","name","content","date","rate") VALUES (21,N'L%EA V n Th ng',N'Sp tốt.nv rất nhiệt tình','2022-09-20',5);
INSERT INTO "Comment"("productId","name","content","date","rate") VALUES (21,N'Quang',N'Đến giờ dùng khá ổn','2021-01-03',4);
INSERT INTO "Comment"("productId","name","content","date","rate") VALUES (21,N'Bách',N'nhân viên phục vụ nhiệt tình. chu đáo','2021-12-26',5);
INSERT INTO "Comment"("productId","name","content","date","rate") VALUES (21,N'Nguyễn Thị Minh Thu',N'Máy sử dụng ok','2021-09-06',3);
INSERT INTO "Comment"("productId","name","content","date","rate") VALUES (21,N'Yến',N'Rất rốt mình k chơi game pin rata lâu xuống','2023-11-22',5);
INSERT INTO "Comment"("productId","name","content","date","rate") VALUES (21,N'Chị Hà',N'Máy dùng khá mượt','2021-08-26',4);
INSERT INTO "Comment"("productId","name","content","date","rate") VALUES (21,N'Chị Nhi',N'Tư vấn nhiệt tình tận tâm☺️','2023-06-13',4);
INSERT INTO "Comment"("productId","name","content","date","rate") VALUES (21,N'Anh Trâm',N'Hàng dùng tốt. Ưng cái bụng','2023-05-08',5);
INSERT INTO "Comment"("productId","name","content","date","rate") VALUES (21,N'Thiện',N'Ok','2022-01-03',5);
INSERT INTO "Comment"("productId","name","content","date","rate") VALUES (21,N'Anh Huy',N'Máy dùng rất tốt','2021-11-09',5);
INSERT INTO "Comment"("productId","name","content","date","rate") VALUES (21,N'Lê Huy',N'Bạn bán hàng tư vấn nhiệt tình lắm luôn rất dễ thương','2021-04-10',5);
INSERT INTO "Comment"("productId","name","content","date","rate") VALUES (21,N'Bùi Thị Thương',N'Rất ok','2019-12-26',5);
INSERT INTO "Comment"("productId","name","content","date","rate") VALUES (21,N'Bùi Thanh Vân',N'điện thoại ok nha mỗi người','2022-08-17',4);
INSERT INTO "Comment"("productId","name","content","date","rate") VALUES (21,N'Hoàng Văn Phi',N'Máy dùng tốt','2021-06-22',4);
INSERT INTO "Comment"("productId","name","content","date","rate") VALUES (21,N'Đạt',N'Hàng ok không bị lỗi','2022-08-31',5);
INSERT INTO "Comment"("productId","name","content","date","rate") VALUES (21,N'Uyên',N'Sản phẩm thật tuyệt vời đặc biệt nhân viên ở đây rất nhiệt tình và mến khách chắc chắn sẽ có dịp mình quay trở lại đây mua hàng tiếp','2022-08-15',5);
INSERT INTO "Comment"("productId","name","content","date","rate") VALUES (21,N'Lương Bạch Long',N'Sản phẩm xài ok, nhân viên rất nhiệt tình','2020-09-12',4);
INSERT INTO "Comment"("productId","name","content","date","rate") VALUES (21,N'Ngân Hàng Thương Mại Cổ Phần Quân Đội',N'Xuất sắc','2022-05-17',5);
INSERT INTO "Comment"("productId","name","content","date","rate") VALUES (21,N'Anh Duy',N'Tốt chạy nuột . Mua ngay đợt giảm đúng thơm','2022-07-08',5);
INSERT INTO "Comment"("productId","name","content","date","rate") VALUES (21,N'Ngô Văn Đảm',N'Máy hiệu năng mạnh , dùng mượt , pin trâu. Rất hài lòng','2022-03-08',5);
INSERT INTO "Comment"("productId","name","content","date","rate") VALUES (21,N'Anh Mạnh',N'Sản phẩm dùng rất tốt','2023-03-10',5);
INSERT INTO "Comment"("productId","name","content","date","rate") VALUES (21,N'73124 - Đỗ Tuấn Công',N'Máy dùng rất ok','2020-12-29',5);
INSERT INTO "Comment"("productId","name","content","date","rate") VALUES (21,N'Anh Thiện',N'Tốt','2020-06-25',5);
INSERT INTO "Comment"("productId","name","content","date","rate") VALUES (21,N'Hiền',N'Rất tốt','2023-11-22',5);
INSERT INTO "Comment"("productId","name","content","date","rate") VALUES (21,N'Nguyễn Thị Thanh Tâm',N'Thỉnh thoảng máy vẫn hơi lác','2023-06-06',4);
INSERT INTO "Comment"("productId","name","content","date","rate") VALUES (21,N'Anh Nguyên',N'Máy đẹp, phục vụ nhiệt tình.','2021-02-23',5);
INSERT INTO "Comment"("productId","name","content","date","rate") VALUES (21,N'Em Song',N'Rất tốt','2020-10-16',5);
INSERT INTO "Comment"("productId","name","content","date","rate") VALUES (21,N'A Cường',N'Bảo hành qua tệ quá chán hơn 1 tháng còn trưa được lấy máy','2020-08-06',1);
INSERT INTO "Comment"("productId","name","content","date","rate") VALUES (21,N'Hồ Thiền Thiền',N'Sản phẩm tất tốt','2023-10-15',5);
INSERT INTO "Comment"("productId","name","content","date","rate") VALUES (21,N'Nguyễn Chí Long',N'Dùng rất ok nha','2022-03-27',4);
INSERT INTO "Comment"("productId","name","content","date","rate") VALUES (21,N'Chuyên',N'Sản phẩm dùng rất tốt','2021-03-09',5);
INSERT INTO "Comment"("productId","name","content","date","rate") VALUES (21,N'Anh Hoà',N'xài rất tốt, tuyệt vời trong tầm giá','2022-03-11',5);
INSERT INTO "Comment"("productId","name","content","date","rate") VALUES (21,N'Nguyễn Anh Thắng',N'Cho em hỏi em mới mua đc 1 tháng mấy mà tụt pin còn 97% là sao ạ em xài củ sạc dây sạc hàng chính hãng sau tụt pin nhanh thế ạ 1 ngày mấy em xài 3h đến 4h hà','2020-01-05',3);
INSERT INTO "Comment"("productId","name","content","date","rate") VALUES (21,N'TRẦN MẠNH HÙNG',N'Cũng ngon. Mỗi tội chơi game chán, sạc chậm. Tại từ Xiaomi qua. Đc cái đa nhiệm IOS tốt hơn Adr rất nhiêu','2023-11-18',5);
INSERT INTO "Comment"("productId","name","content","date","rate") VALUES (21,N'Nguyễn Ngọc Trường',N'Mình sử dụng tầm khoảng 3 tháng vẫn còn 100% pin. Máy mượt lắm, pin trâu nữa. Nói chung là hài lòng lắm !','2021-01-30',5);
INSERT INTO "Comment"("productId","name","content","date","rate") VALUES (21,N'Lê Nguyễn Minh Trí',N'Nếu cần 1 chiếc iphone để dùng chung Ipad, Apple watch Airpod thì iphone 11 là sự lựa chọn hoàn hảo, còn nếu k sử dụng hệ sinh thái của nhà Táo thì trong tầm giá này các máy Androi có lẽ sẽ tốt hơn về mặc trải nghiệm','2022-03-15',5);
INSERT INTO "Comment"("productId","name","content","date","rate") VALUES (21,N'Vi Phạm',N'Sau 1 tháng trải nghiệm thì mình cảm thấy như sau:
 • Mng thường chê màng hình của con này nhưng mình thấy nó khá ổn đấy chứ, mình từ màng amoled qua, màu sắc chỉ nhạt hơn thoi, màu đen k đậm nữa, nhưng nó khá nét và trong.
 • Pin khá trâu mình đi học onl fb zalo từ 6h sáng (78%) lúc về 5h (25%) đây là mình dùng wifi nha, còn lúc chơi game + onl tiktok bf zalo thì được khoảng hơn nữa ngày á, mình mua hơn tháng roi vẫn còn 100%
 • Còn về phần mềm, mình từ android sang thấy IOS khá tù túng, đổi lại trải nghiệm mượt mà vẫn đáp ứng đủ nhu cầu của mình
 • về camera thì mình hong phải dân chuyên nghiệp nên mình cũng hong rành, mình thấy rất tốt.
 HẾT RÒI.','2023-08-18',5);
INSERT INTO "Comment"("productId","name","content","date","rate") VALUES (21,N'phương',N'sản phẩm rất tốt
  mình chỉ thắc mắc đt mình để qua đêm vẫn tuột pin 3-4% dù là tắt mạng dữ liệu, wifi, và tắt các trang dã bấm k còn lịch sử hoạt động?','2020-06-22',5);
INSERT INTO "Comment"("productId","name","content","date","rate") VALUES (21,N'Lê Oanh',N'Sau 2 tuần mình trải nghiệm sản phẩm phải nói là cực kỳ thích em nó luôn ý. Mình mới chuyển từ Android sang Ios nên có chút bối rối tí. Nhưng mà sản phẩm này quá tuyệt vời. Nhân viên phục vụ nhiệt tình.','2021-04-06',5);
INSERT INTO "Comment"("productId","name","content","date","rate") VALUES (21,N'Lê văn đạt',N'Gần tết giảm giá đập hộp 1 em 12t750k cho vợ. Nhân viên tgdd yên mĩ rất nhiệt tình vote 5*','2023-04-07',5);
INSERT INTO "Comment"("productId","name","content","date","rate") VALUES (21,N'Nguyễn Trường Giang',N'Rất tốt pin trâu nhân viên tư vấn nhiệt tình','2022-10-01',5);
INSERT INTO "Comment"("productId","name","content","date","rate") VALUES (21,N'Diệu Bé',N'Mới mua chưa tới 1 tháng, cứ để qua đêm là pin tụt 6-8% không biết có sao không nhỉ','2023-01-03',4);
INSERT INTO "Comment"("productId","name","content","date","rate") VALUES (21,N'Vũ Bá Hoàng',N'Pin ổn! Ngoại trừ lúc ngủ thì mấy ngày tết xử dụng liên tục, chủ yếu là xem video! Máy mình ko dùng để chơi game nên cuối ngày còn >30% pin! Kiếm ốp lưng xịn chính hãng dành cho nam cho model này khá khó vào thời điểm hiện tại!','2023-03-27',5);
INSERT INTO "Comment"("productId","name","content","date","rate") VALUES (21,N'Khách lẻ',N'sản phẩm quá tốt,chất lượng phục vụ của nhân viên rất tốt,giá tiền hợp lý','2022-07-27',5);
INSERT INTO "Comment"("productId","name","content","date","rate") VALUES (21,N'Như',N'Máy dùng nhanh nóng và nhanh hết pin nha. Pin kém hơn so với các dòng trước','2020-02-26',3);
INSERT INTO "Comment"("productId","name","content","date","rate") VALUES (21,N'Ngọc Diễm',N'Cho mình hỏi mình mua máy về sạc lúc đầu máy luôn bị nóng, pin khoảng 80% trở lên thì máy không bị nóng nữa. Sạc mình mua chính hãng ở tgdđ luôn, mình ra cửa hàng hỏi thì nv bảo dòng ip nó như vậy, mong tư vấn giúp ạ! Mình sd đc 3 tuần rồi','2022-05-27',4);
INSERT INTO "Comment"("productId","name","content","date","rate") VALUES (21,N'NGUYEN HUU NGHIA',N'Sản phẩm tốt, dùng rất hài lòng. Nv tư vấn rất nhiệt tình. Thanks tgdd','2023-02-20',5);
INSERT INTO "Comment"("productId","name","content","date","rate") VALUES (21,N'Nguyễn Thanh Tú',N'Tầm giá tiền lựa chọn con này rất hợp lý. Đủ dùng cơ bản các thứ. Máy mượt, ko lag như android','2021-06-09',4);
INSERT INTO "Comment"("productId","name","content","date","rate") VALUES (21,N'Nguyễn Thiện Ngôn',N'Dt mới đập hợp về xài k ra hồn gì','2022-08-24',1);
INSERT INTO "Comment"("productId","name","content","date","rate") VALUES (21,N'HÀ VĂN MẠNH',N'cũng ngon. nhưng. khôi phục cài đặt xong thì thấy ntn','2021-12-15',5);
INSERT INTO "Comment"("productId","name","content","date","rate") VALUES (21,N'Phạm Nhật Quân',N'sản phẩm dùng rất oke, phụ huynh sài rất ưng ý, tư vấn nhiệt tình','2021-09-09',5);
INSERT INTO "Comment"("productId","name","content","date","rate") VALUES (21,N'Võ Tuấn Kiệt',N'Tôi rất hài lòng với cung càch tiếp đón và thái độ phục vụ thật ân cần và chu đáo của nhân viên công ty!Luôn đặt lợi ích chính đáng của khách hàng lên trên hết,tạo dựng niềm tin cho khách hàng trước và sau khi mua sản phẩm tại công ty!','2022-01-05',5);
INSERT INTO "Comment"("productId","name","content","date","rate") VALUES (21,N'Trọng',N'Mỗi lần đến Mua sắm cảm giác Vui','2023-12-15',5);
INSERT INTO "Comment"("productId","name","content","date","rate") VALUES (21,N'Tạ Ngọc Nghĩa',N'Máy dùng OK . Cảm ơn ace nhân viên tgdd Gia Bình ,rất nhiệt tình , chu đáo nữa ❤️','2021-08-02',4);
INSERT INTO "Comment"("productId","name","content","date","rate") VALUES (21,N'Nguyễn Thị Vân',N'Sản phẩm dùng rất ok','2021-07-26',5);
INSERT INTO "Comment"("productId","name","content","date","rate") VALUES (21,N'Lại Thị Ngọc Giàu',N'Sao mình mua máy bóc seal về mà ngay dung lượng pin lại có dấu * để là pin trước khi hiệu chỉnh v ạ ??','2020-07-29',3);
INSERT INTO "Comment"("productId","name","content","date","rate") VALUES (21,N'Nguyễn Văn Nguyên',N'Mua hàng điện máy xanh dùng rất ok .','2023-09-26',5);
INSERT INTO "Comment"("productId","name","content","date","rate") VALUES (21,N'Huynh Thi Mai Truc',N'Điện thoại iphone 11 64gb  xài rất tốt , chất lượng cao, pin xài lâu . màn hình rõ, độ sáng ok','2023-11-03',5);
INSERT INTO "Comment"("productId","name","content","date","rate") VALUES (21,N'Nguyễn Khắc Bưởng',N'Tôi rất hài lòng và yên tâm khi mua sản phẩm tại diện máy xanh, vì sản phẩm kẻ đây luôn là chính hãng.bởi vậy tôi yên tâm.!','2023-02-09',5);
INSERT INTO "Comment"("productId","name","content","date","rate") VALUES (21,N'Lê Vĩnh Phú',N'Điện thoại rất đáng để mua. Mát mẻ mượt mà. Nhân viên tư vấn vui vẻ nhiệt tình! Xứng đáng 5sao ạ','2020-02-05',5);
INSERT INTO "Comment"("productId","name","content","date","rate") VALUES (21,N'Nhật nguyễn',N'Máy xài tròn 1 tháng pin 100% sạc nhanh pin trâu chơi game dc 6 tiếng xài cả ngày ko hết pin nói chung trải nghiệm tốt chỉ về màn hình thì màu sắt xấu nếu so với con 7plus thì màu cho ra hiển thị không đẹp không biết do màn hình nay là do dòng 11 nó vậy','2023-06-09',5);
INSERT INTO "Comment"("productId","name","content","date","rate") VALUES (21,N'Trần Quang Thanh Tú',N'Mua ở TGDĐ Vĩnh Kim. 4 bạn nhân viên tiếp đãi rất nhiệt tình. Máy thì ngon rồi, không có gì để chê. 5 sao!','2021-03-02',5);
INSERT INTO "Comment"("productId","name","content","date","rate") VALUES (21,N'Lê Anh Ngọc',N'Máy màu đen rất đẹp rất hài lòng với sản phẩm, nhân viên đmx bên tt kẻ Sặt Bình Giang Hải Dương rất nhiệt tình .','2022-10-18',5);
INSERT INTO "Comment"("productId","name","content","date","rate") VALUES (21,N'Hiền',N'Nhân viên rất nhiệt tình, máy màu xanh rất đẹp, pin trâu. Lâu dài chưa biết thế nào nhưng giờ rất vừa ý, chưa chê được cái gì.','2021-10-12',5);
INSERT INTO "Comment"("productId","name","content","date","rate") VALUES (21,N'Phi',N'màu vàng rất chi BD.chạy mướt chỉ có viền máy dày nhìn hơi thô.mua dc giá 13tr5 đập hộp tạm ổn','2020-10-18',5);
INSERT INTO "Comment"("productId","name","content","date","rate") VALUES (21,N'nguyễn thái trung bắc',N'sản phẩm tốt, phục vụ nhiệt tình. quản lý chất lượng, nhân viên vui vẻ, trông em bé rất giỏi ))','2023-05-04',5);
INSERT INTO "Comment"("productId","name","content","date","rate") VALUES (21,N'Khoe',N'Mới mua hôm nay luôn, về kiểm tra là bị vậy, ko biết có sao ko luôn. Cây iphone mua trước đâu gặp vấn đề này','2021-10-22',2);
INSERT INTO "Comment"("productId","name","content","date","rate") VALUES (21,N'Nguyễn Đình Tuyển',N'nhân viên tư vấn kg nhiệt tình . chưa xong khách hàng nay bỏ đi tư vấn khách hàng khác làm đợi mất thời gian  không tôn trọng khách hàng','2022-05-11',3);
INSERT INTO "Comment"("productId","name","content","date","rate") VALUES (21,N'Trâm',N'Ban đầu có vẻ hài lòng, nhưng sau 1 tuần trải nghiệm máy mình hơi thất vọng. 24h sạc pin 1 lần, vì mình không sử dụng nhiều. Nhưng đúng 1 tuần thì đang sạc máy bắt đầu bị nóng. Trog khi mua đúng 1 tuần. Giờ nói thì chắc lại bảo mình k biết cách sử dụng đt chưa đúng cách nên dẫn đến máy nóng. (Vì mình đã thấy nhiều cmt của các bạn ctv khi khách hàng phản ánh về pin) nhưng mà mình nói lại là mình sd đúng 1 tuần.   Về chụp cam thường thì rất là rõ, nhưng lại k sắc nét thua luôn cả ipx. Mình đã sử dụng máy ipx và đã dùng cả 2 máy để so sánh độ chụp cam thường. Hơi thất vọng . Cố gắng giử gìn máy nhất có thể  mà cũng như k . Nếu mà câu tl không chính đáng thì mình không bao giờ ghé đmx lần nữa','2021-12-13',2);
INSERT INTO "Comment"("productId","name","content","date","rate") VALUES (21,N'Lâm Thuý Hiền',N'máy sài tốt, pin trâu, chụp hình xinh, nhân viên tư vấn nhiệt tình và dễ thương ạaaaaaaaa','2021-02-04',5);
INSERT INTO "Comment"("productId","name","content","date","rate") VALUES (21,N'Nguyễn Anh Thắng',N'Máy ok tốt  hàng chuẩn hợp với giá tiền màu đẹp     Mng nên mua máy rất mượt pin cũng tạm đc pin xài khoảng  3h5. Đến 4h máy sạc rất nhanh khoảng 1h là đầy r','2022-01-02',5);
INSERT INTO "Comment"("productId","name","content","date","rate") VALUES (21,N'Nguyễn văn khởi',N'Bị rớt wifi liên tục . Chán wa  thật uổng tiền mua 15.5 tr. Cân hỗ trợ từ nhân viên','2020-02-07',3);
INSERT INTO "Comment"("productId","name","content","date","rate") VALUES (21,N'Dung Dương',N'Mình mua ở tgdd thị xã gò công, nhân viên rất nhiệt tình, mình mua đc vài ngày nhưng cưa ngủ dậy là nất 10% pin mặc dù tắt hết ứng dụng, vị trí, tự động cập nhật và để cả chế độ máy bay. Nhờ cửa hàng tư vấn nhé! Mình cảm ơn','2021-02-23',4);
INSERT INTO "Comment"("productId","name","content","date","rate") VALUES (21,N'Tiến',N'Máy mua từ 27/10/2021 đến hôm nay chưa được 2 tháng mà xem pin đã tụt xuống còn 96% rồi, cục pin chắc có vấn đề quá.','2021-10-25',4);
INSERT INTO "Comment"("productId","name","content","date","rate") VALUES (21,N'Danh Huỳnh Thão ',N'Mình mua hàng từ 24/9 đến giờ là 25/12. Mình cảm thấy khá thất vọng về việc tình trạng Pin chỉ còn 97% sao 3 tháng sử dụng. Mặc dù không vừa sạc vừa dùng hay sạc nhiều lần trong ngày gì cả. Mình cần lời giải thích từ điện máy xanh ạ.','2021-08-02',3);
INSERT INTO "Comment"("productId","name","content","date","rate") VALUES (21,N'Vi Bun Xay',N'Vừa mới mua hôm qua...h nay lại sụt giá nhiều vậy , buồn lòng...về phần máy hiện tại thấy rất ok...nhân viên nhiệt tình','2023-11-25',4);
INSERT INTO "Comment"("productId","name","content","date","rate") VALUES (21,N'Nguyễn Thị Ngọc Yến ',N'Mình mới mua đt được 3 ngày mọi thứu đều ổn, nhưng gọi video bên zalo và mess loa bị rè và vọng tiếng, cách khắc phục như nào ạ','2021-04-02',4);
INSERT INTO "Comment"("productId","name","content","date","rate") VALUES (21,N'Lê Chữ',N'em mới vừa mua hôm quá, máy xài rất ok nhưng sao lúc sạc pin thì máy lại nóng quá vậy ạ?','2020-10-28',4);
INSERT INTO "Comment"("productId","name","content","date","rate") VALUES (21,N'Anh Quynh',N'Mình mới mua 3 ngày mà bật thử backtap không được ạ, đã reset cũng không được. Giờ mình fix làm sao lỗi này ạ.','2021-03-03',4);
INSERT INTO "Comment"("productId","name","content","date","rate") VALUES (21,N'Le nam',N'Cảm ơn nhân viên Quang và nhân viên duyên tgdd Tân Hải  lagi bình thuận đã tư vấn nhiệt tình máy chạy mượt cam đẹp','2020-09-08',5);
INSERT INTO "Comment"("productId","name","content","date","rate") VALUES (21,N'Tiên',N'Giao hàng nhanh, nhân viên nhiệt tình, khuyến mãi hấp dẫn.......................','2020-11-25',5);
INSERT INTO "Comment"("productId","name","content","date","rate") VALUES (21,N'ngọc',N'sử dụng gần 3 tháng pin còn 98% mặc dù sd rất kĩ. Sp tệ, k nên mua uổng tiền :))','2021-08-18',2);
INSERT INTO "Comment"("productId","name","content","date","rate") VALUES (21,N'Lưu Hồng Doanh Doanh',N'Máy em mới mua 2 tháng sao cứ ngủ một đêm sáng dậy nó tụt mất 4% pin vậy ạ, có bị làm sao ko ạ','2022-12-15',3);
INSERT INTO "Comment"("productId","name","content","date","rate") VALUES (21,N'Nguyễn Hoàng Tuấn',N'Mình mua hồi tháng 8 còn 14 490 000 giờ sao giá 19tr vậy bạn. Lúc đó iphone 13 chưa ra nữa','2021-10-15',5);
INSERT INTO "Comment"("productId","name","content","date","rate") VALUES (21,N'Phạm Văn Nam',N'Mới mua chưa đc 2 tháng mà pin còn đc 98% nựa chán ghê, sạc ngày 1 lần mà đạ vậy','2021-03-29',3);
INSERT INTO "Comment"("productId","name","content","date","rate") VALUES (21,N'Hoàng thị Yến',N'Mình mua ip11 64gb hồi tháng 8 dùng sạc 20w ngày sạc 2 lần…cũng sài kỹ lắm mà dung co 4 tháng còn 98% theo quan điểm cá nhân mình thấy pin thật sự tệ😪😪😪','2022-12-18',3);
INSERT INTO "Comment"("productId","name","content","date","rate") VALUES (21,N'Hà cường ',N'Mk mua tu 21/9 đến nay dc gần 2 tháng mà dùng sạc feck của iPad chơi game ngày sạc 4-5 lần vẫn 100% pin :)) k dùng sạc chính hãng luôn.. sản phẩm rất tốt','2020-12-29',5);
INSERT INTO "Comment"("productId","name","content","date","rate") VALUES (21,N'Trần trọng nghĩa',N'Sài 11 cũng ok phết nhưng có điều mua cục sạc 20w ở tại tgdd về luôn mà sạc 1 tháng pin còn 99%.. cảm thấy pin 11 khá tệ','2022-09-18',4);
INSERT INTO "Comment"("productId","name","content","date","rate") VALUES (21,N'Nguyễn gia bảo',N'Mua từ 21/10/2021 mà nay cũng được 1 tháng rồi mà tình trạng pin tụt xuống 99% :((','2023-10-19',2);
INSERT INTO "Comment"("productId","name","content","date","rate") VALUES (21,N'Đinh Tú',N'Tôi mua máy từ tháng 01/2021 tới bây giờ là tháng 11/2021 là đã được hơn 10 tháng ( gần 1 năm ) và sau hơn 10 tháng sử dụng tôi có 1 nhận xét như sau: 
 Thứ nhất: Pin cực kỳ trâu, xài những tác vụ như là Fb, youtube, tiktok, zalo, thậm chí lâu lâu tôi còn Edit video mà thường thì t xài gần 2 ngày mới phải nạp, ngày xài tầm 4-5 tiếng liên tục, tôi xài hơn 10 tháng rồi mà ko hao tí tình trạng % pin nào, vẫn còn y nguyên dung lượng tối đa là 100% pin, chắc tại vì tôi không chơi game
 Thứ 2: Sạc pin rất nhanh, thường thì sạc từ 20% - 90% mất có hơn 35p ( dùng đúng cục sạc nhanh mua ở TGDĐ nhé ), từ 90% trở đi thì nó cứ lên từ từ. 
 Thứ 3: máy rất mượt, dùng cảm giác rất thích, cầm vừa tay và nhìn rất sang, xem phim lâu là máy hơi nóng lên 1 tí xong nguội lại ngay 
 
 Còn những điểm hạn chế thì là: máy không có màu Vàng Gold và ko có 3 mắt 🤣🤣, và cái Face ID ko hiểu sao mà tui cài mặt tui mà em gái tui Face ID cũng mở đc. K biết là do 2 khuôn mặt có nhiều điểm giống nhau hay Face ID có vấn đề nữa 🤣🤣
 
 Gọi chung cái IP11 này ko có gì để chê luôn á. Thích nhất là pin rất là trâu, dùng hơi bị lâu, máy thì vừa gọn ko quá to, tầm 17tr mà mua con này khéo còn ngon hơn ip 12 13 ấy chứ. 
 Bạn nào có tầm 18 20tr mình khuyên nên mua con này mà dùng, k nhất thiết phải 3 mắt hay gì đâu. Con này cá nhân mình dùng thấy rất sướng luôn. Vote cho 5 sao nhé. 😍','2022-08-04',5);
INSERT INTO "Comment"("productId","name","content","date","rate") VALUES (21,N'Nguyễn Hoàng Khánh Linh ',N'e mua mới được gần 3 tháng thôi mà dung lượng pin tối đa đã tụt xuống còn 96% , hao nhanh kinh khủng mà e sử dụng và sạc pin rất quy củ :(( giữ máy cực kì','2020-06-19',3);
INSERT INTO "Comment"("productId","name","content","date","rate") VALUES (21,N'Nguyen xuan truong ',N'E mới mua 11 từ 29/10 được hơn tháng máy không lỗi lầm gì bây giờ của hàng mua lại được bao nhiêu ạ. Máy mua bên tgdd ạ','2023-02-05',4);
INSERT INTO "Comment"("productId","name","content","date","rate") VALUES (21,N'Hồng Na',N'Pin dì hao pin như gì luôn, mua đc 8 tháng pin còn 88%, mang ra tgdd thì kiểu đổi lỗi cho mình, cũng kh cần kt nói đưa đi bảo trì cv thôi, chán','2021-07-31',1);
INSERT INTO "Comment"("productId","name","content","date","rate") VALUES (21,N'Ngọc Tân',N'Máy mới sử dụng 9 tháng nay thấy pin còn 92% vậy có ổn không admin ơi. Trả lời giúp với. Mới sử dụng iPhone thấy hoang mang quá','2020-10-11',3);
INSERT INTO "Comment"("productId","name","content","date","rate") VALUES (21,N'Linh',N'Máy nhỏ gọn vừa tay, pin trâu hơn đời trước ít chơi game thì xài cũng dc cả ngày','2022-08-20',5);
INSERT INTO "Comment"("productId","name","content","date","rate") VALUES (21,N'Nguyễn Tuấn Anh',N'Dùng gần 4 tháng,mỗi lần dùng pin rất nóng,mỗi lần sạc pin cũng rất nóng,cầm cảm giác như pin bị phồng lên,có cách nào giải quyết k ?','2021-05-28',3);
INSERT INTO "Comment"("productId","name","content","date","rate") VALUES (21,N'Anh Dũng',N'Máy chính hãng Apple, bóc seal khi nhận hàng, rất yên tâm khi mua sắm ở ĐMX. Sẽ còn ủng hộ công ty !','2020-03-31',5);
INSERT INTO "Comment"("productId","name","content","date","rate") VALUES (21,N'Tạ Hữu Đăng',N'E mới mua máy dc hơn 6 tháng mà pin còn có 93% có phải gặp vấn đề về pin ko à ngày càng tụt nhanh','2021-02-18',1);
INSERT INTO "Comment"("productId","name","content","date","rate") VALUES (21,N'Ngọc Ánh',N'Ip 11 có hỗ trợ tính năng sạc nhanh, vậy nếu k dùng củ sạc nhanh để sạc máy thì có ảnh hưởng gì tới pin không?','2021-11-20',3);
INSERT INTO "Comment"("productId","name","content","date","rate") VALUES (21,N'Lê sinh kiên',N'tôi mới mua máy tối hôm qua. Về dùng ko ok lắm. Gọi zalo Facebook rè rè nghe ko rõ','2020-12-19',2);
INSERT INTO "Comment"("productId","name","content","date","rate") VALUES (21,N'Dương Văn Quyền',N'Cách khắc phục khi gọi điện điện thoại cứ tắt màn hình thì làm như nào ạ. Em xin câu trả lời ạ','2022-10-03',5);
INSERT INTO "Comment"("productId","name","content","date","rate") VALUES (21,N'Hieu',N'Điện thoại mua tại tgdd được 15 ngày . Sao pin tụt nhanh thế ạ . Hichic ………………..','2023-02-12',2);
INSERT INTO "Comment"("productId","name","content","date","rate") VALUES (21,N'Tran Van hao',N'Moi mua vài ngày thấy xài ok. Pin củng mạnh dù chỉ 3k1 màn hình củng không đến nỗi','2022-05-19',5);
INSERT INTO "Comment"("productId","name","content","date","rate") VALUES (21,N'Hoàng Ca',N'Cám ơn em Hòa (ĐMX 428 Nguyễn Thị Thập Q7 TPHCM) đã hỗ trợ tận tình khi mình đến mua Iphone 11 và xử lý việc thanh toán qua VNPay rất tốt để mình được giảm giá theo ưu đãi. Điện thoại chụp ảnh rất đẹp, màn hình đẹp, dù không sắc nét như dòng pro hay 12 nhưng cao cấp, pin lâu, xứng đáng số tiền bỏ ra. Mình thay cho Android do trung tâm thông báo bên Android quá lộn xộn, bên IOS thì gọn gàng và trực quan hơn, dễ kiểm soát. Chúc ĐMX và TGDĐ sẽ có được nhiều khách hàng và nhiều sức khỏe vượt qua mùa dịch. Hy vọng dịp khác mua hàng được em Hòa tư vấn và hỗ trợ. Xứng đáng cho 5 sao cộng.','2021-05-25',5);
INSERT INTO "Comment"("productId","name","content","date","rate") VALUES (21,N'Trần Mỹ Thó ',N'Điện thoại iPhone 11 e mới mua có 5 tháng sau pin tuột nhanh quá dậy con co 95 pin e có thể đem ra cửa hàng  kiểm tra lại được không','2020-03-25',3);
INSERT INTO "Comment"("productId","name","content","date","rate") VALUES (21,N'đặng phú hậu',N'Sử dụng gần 1 tháng rất ok 
 Trước thì 5* nhé sẽ đánh giá tiếp theo thời gian tới','2022-08-23',5);
INSERT INTO "Comment"("productId","name","content","date","rate") VALUES (21,N'Ngô văn Khánh ',N'iPhone 11 của em mua  đập hộp 100 phần 100được 1 tuần h muốn trả lại thì còn khoảng bao nhiêu ạ','2023-10-09',4);
INSERT INTO "Comment"("productId","name","content","date","rate") VALUES (21,N'Trần Văn Lợi',N'Máy dễ tróc lớp keo trên camera. Sài cũng ok  pin đc sài khoảng 7 tiếng nhân ………','2023-08-08',3);
INSERT INTO "Comment"("productId","name","content","date","rate") VALUES (21,N'Nguyễn Anh Tình',N'.dạ em vừa mua máy ở thế giới di động về em Sài thì âm thanh bình thường nhưng em tải game về thì vô game không có âm thanh trò chơi trong khi đó âm thanh trò chơi thì bật hết ai vậy là bị sao vậy ăn mong được giải đáp sớm nhất ạ . Xin cảm ơn','2022-10-06',3);
INSERT INTO "Comment"("productId","name","content","date","rate") VALUES (21,N'NGUYỄN QUỐC THÁI',N'Mới mua tra gop hqua. ưu điểm Pin trâu cam đẹp. K hài lòng về tin nhắn ấn chữ bị lệch😔 . Chị nhân viên tư vấn rât nhiệt tình và dễ thương♥️','2023-12-19',4);
INSERT INTO "Comment"("productId","name","content","date","rate") VALUES (21,N'Nguyễn ngọc bảo',N'Mới mua ip11 chạy ios 14.4.2 máy rất nóng và nhanh tuột pin. Khi cập nhật lên ios 15 thì hết tình trạng trên và chạy rất mượt (chia sẻ đến mn) nhân viên tgdđ rất nhiệt tình','2021-02-26',5);
INSERT INTO "Comment"("productId","name","content","date","rate") VALUES (21,N'Trần văn bảo',N'Mình đang sử dụng app tiktok thì màn hình tắt rồi tự bật lại là bị sao ạ, add giúp e.!','2020-07-26',3);
INSERT INTO "Comment"("productId","name","content","date","rate") VALUES (21,N'Trang',N'Em vừa mua con 11 ở tgdd, dùng đc 1 tuần thì thấy mọi thứ cũng khá ổn, có mỗi độ cảm ứng đôi lúc ko nhạy lắm, soạn tin nhắn hay bị nhảy chữ mặc dù bấm e mà lại hiện u, chơi game có khi bấm ko nhạy. Cho em hỏi như vậy là bị lỗi hay do bản chất con 11 ko nhạy cảm ứng vậy ạ?','2022-01-05',3);
INSERT INTO "Comment"("productId","name","content","date","rate") VALUES (21,N'Phạm Thị Hồng Hạnh',N'Cho em hỏi sao em vừa mua được 2 ngày nhưng pin nhanh tuột lắm ạ? Thì có được hỗ trợ gì không ạ?','2020-04-03',3);
INSERT INTO "Comment"("productId","name","content","date","rate") VALUES (21,N'Trần Chính',N'Mua đt về tầm chục ngày thì bị hỏng dây sạc, cho hỏi em có được hỗ trợ đổi trả ko ạ','2023-02-26',3);
INSERT INTO "Comment"("productId","name","content","date","rate") VALUES (21,N'Đào minh thông',N'Mình mua máy đổi trả ở tgdd mà lúc đi cầm người ta báo là máy đã bị bung và thay pin các kiểu là sao vậy nhỉ','2020-07-09',3);
INSERT INTO "Comment"("productId","name","content","date","rate") VALUES (21,N'Nguyễn đình tiến',N'Mình đang gặp vấn đề về Mic. Tu vấn  giúp em với  xxxx364031…………….  Djdjsksosjdjdj','2021-12-09',3);
INSERT INTO "Comment"("productId","name","content","date","rate") VALUES (21,N'Khuyên',N'Hồi mua máy đổi trả nghe mấy chị bán hàng tư vấn.họ nói máy này khách trước mới mua chưa được 1 tháng rồi trả lên đời cao hơn.nên mình nghỉ chắc còn zin 100%..ai dè về nhà test áp suất máy ko còn.chắc bị bung ra rồi.buồn thật sự.còn mọi thứ điều ok..wifi hơi chập chờn tự mất','2021-11-19',4);
INSERT INTO "Comment"("productId","name","content","date","rate") VALUES (21,N'Vinh',N'Loa bên trái iphone 11 là gì mà ko nghe được ạ
 Xin được hổ trợ…………………………………………….','2021-01-11',4);
INSERT INTO "Comment"("productId","name","content","date","rate") VALUES (21,N'Anh Dũng',N'Mới mua dc 3 ngày mà sạc pin hết 6 lần. Máy nóng pin tụt lẹ. Mua dt mà k dám sài để dành pin công việc. Ko biết là lỗi do đâu','2022-05-29',2);
INSERT INTO "Comment"("productId","name","content","date","rate") VALUES (21,N'Quỳnh',N'Mình mua máy ngày 21.10.2021, Hiện tại góc màn hình máy bị kênh lên, như hình mình đính kèm. Cho mình hỏi lỗi này thì có đổi trả máy được hay không?','2022-10-14',3);
INSERT INTO "Comment"("productId","name","content","date","rate") VALUES (21,N'Phan Ngọc Nhi',N'Cho mình hỏi mình mới mua ip11 bên mình lúc trưa. Tối nay mình sạc thì thấy máy bị nóng lên, thế có bị làm sao k ạ?','2023-05-03',4);
INSERT INTO "Comment"("productId","name","content","date","rate") VALUES (21,N'Đào Ngọc Giang',N'Máy vừa tay, hơi nặng chút. Chơi game tốt và pin trâu, loa ấm và sâu, cam rất tốt. Màn không được sắc nét lắm. 15tr thì vẫn nên mua ip11 để đạt được độ tin cậy cao nhất.','2023-07-19',5);
INSERT INTO "Comment"("productId","name","content","date","rate") VALUES (21,N'Thu',N'Đã mua, rất mượt, pin rất trâu, học online liên tục cả buổi chiều hết ~35%, nhưng mỗi tội là dùng rất nhanh tốn dung lượng, tải có mấy app mà hết tổng 18,19gb rồi, trong khi con ip6+ của mình 16gb, tải rất nhiều nhưng vẫn trống 4-5gb lận','2021-01-30',5);
INSERT INTO "Comment"("productId","name","content","date","rate") VALUES (21,N'Nguyễn Thị Thanh Thư',N'Mua máy ở hệ thống TGDD và ĐMX mình vô cùng tin tưởng luôn. Sẽ giới thiệu người thân mua ở đây.','2020-01-17',5);
INSERT INTO "Comment"("productId","name","content","date","rate") VALUES (21,N'Nguyên',N'Xài rất ok. Nhu cầu nge gọi, face, youtobe pin trụ đc cả ngày. Nói chung là ổn. Ko có ji phàn nàn','2022-10-12',5);
INSERT INTO "Comment"("productId","name","content","date","rate") VALUES (21,N'Mai van duong',N'Máy mua mới đúng 1 tháng, mặc gì sài rất kỉ , sài tới 20% là sạc, canh khoảng 1h30 phút vừa đủ 100% là ngắt điện ,nhưng hiện tại thì pin còn 99% , thất vọng','2020-11-27',2);
INSERT INTO "Comment"("productId","name","content","date","rate") VALUES (21,N'Võ Tá Bảo',N'Iphone 11 mới mua ddc 3 ngayf xạc mới 5 lần mà máy nóng như than , k dùng đến máy vẩn nóng','2023-02-18',2);
INSERT INTO "Comment"("productId","name","content","date","rate") VALUES (21,N'Hoàng huyền trang',N'Mua gần 7 tháng chỉ dùng fb gọi điện zalo mà sụt pin. Còn 93%. Nản. Trước mua con 7 plus dùng 3 năm mới 90%. Quá chán.','2021-10-18',2);
INSERT INTO "Comment"("productId","name","content","date","rate") VALUES (21,N'Đoài Nguyễn ',N'Bóc hộp 5 cái mới đươc 1 cái toàn bụi cam đốm màn thôi chế độ bảo hành 1 đổi 1 tại thế gioi di dong tốt nhiệt tình lúc ra về quản lý có ra xin lỗi mình vì máy lỗi nhiều quá nhưng khong sao mình đã chọn được máy như ý','2023-09-09',5);
INSERT INTO "Comment"("productId","name","content","date","rate") VALUES (21,N'Gia huy',N'#34169284 có giao phú giáo k ạ alo alo alo alo alo alo alo alo apo apo apo alo alo','2020-04-02',5);
INSERT INTO "Comment"("productId","name","content","date","rate") VALUES (21,N'Hà thị thuyên',N'Buồn. Lúc mua k để ý cam. Chỉ chụp thử, về nhà mới thấy trong cam có hẳn 2hạt bụi. Mấy thẩm Mỹ quá. Mà k biết còn đổi đc nữa k','2023-05-10',3);
INSERT INTO "Comment"("productId","name","content","date","rate") VALUES (21,N'Vinh',N'Máy nóng,bắt sóng kém , cảm ứng ko kiểu chữ nhỏ là bấm lệch.chíp ko mạnh.bấm tin nhắn trò chuyện khi chơi game mà bấm thứ 2 chủ nhật mới nổi.thua máy trung quốc nữa','2023-10-26',2);
INSERT INTO "Comment"("productId","name","content","date","rate") VALUES (21,N'Nguyễn Thanh hải',N'Mình là 1 tín đồ của iphone xài từ ip4.5.6.8 và giờ là 11, nói chung tuyệt , không có gì để bàn cÃi','2021-07-09',5);
INSERT INTO "Comment"("productId","name","content","date","rate") VALUES (21,N'Nguyen thanh an',N'E mới mua iphone 11. Và trong máy chỉ có 1 dây sạc chứ ko có củ sach kèm theo. Vậy cho em hỏi dây sạc đi kèm iphone 11 hỗ trợ sạc bao nhiêu W ạ. Để e mua củ xạc tương ứng. Rất mong được phản hồi. Cám ơn!','2023-03-11',5);
INSERT INTO "Comment"("productId","name","content","date","rate") VALUES (21,N'Nguyễn thị hoà',N'Mình mua ip11 xong được tặng 1 cái thẻ viettel mà nạp lại báo là thuê bao quý khách không được hô trợ mình với','2021-04-13',5);
INSERT INTO "Comment"("productId","name","content","date","rate") VALUES (21,N'Lý tiêu Hồng ngọc',N'Mình mới mua xong 13/8/2021 s k đc giảm giá. Như trên áp giá chưa giảm là 17trieu490 chỉ được giảm 1 triệu còn 16490','2022-08-07',4);
INSERT INTO "Comment"("productId","name","content","date","rate") VALUES (21,N'Nguyễn Dung',N'Mình vừa mới mua hqa về test thử thì loa có khi bị rè. Mình cần được hỗ trợ ạ. Cảm ơn!','2022-09-12',4);
INSERT INTO "Comment"("productId","name","content","date","rate") VALUES (21,N'Thuỷ',N'Ac cho m hỏi ip 11 m mua ngày 15/7/2021 đến bây giờ thì pin sạc 91% là báo đã sạc đầy pin, sóng sim thì khi nào cũng 1 - 2 vạch. Như vậy tgdd hỗ trợ đổi máy k?','2020-08-19',2);
INSERT INTO "Comment"("productId","name","content","date","rate") VALUES (21,N'Nguyễn thị Chung',N'Camera chụp hình bị nhiễu và mờ. Có cách nào khắc phục không ạ. Mơi mua máy 2 ngay có đổi dc máy ko ạ','2023-07-14',2);
INSERT INTO "Comment"("productId","name","content","date","rate") VALUES (21,N'khongquenten',N'cho e hỏi ip11 của em không làm j tự nhiên nó bảo bị nhiễm 8 virus là sao ạ mong ad giải thích dùm em','2021-12-20',5);
INSERT INTO "Comment"("productId","name","content","date","rate") VALUES (21,N'Ngọc',N'Dt bị lỗi bin ra nhân viên k hỗ trợ về dt kiếu nại mới hỗ trợ đỗi may kiểm tra het luc nay màng hình có trầy nhẹ rồi nhưng k noi gì vẩn cho đổi. Xong 5 ngay s ra đổi thì nói lần trước k thay trầy mới hỗ trợ giờ bị trầy nặng. Ủa là s lúc đó bị r mà r cái xong hết r do hả. Bõ 16tr ra mua cái dt về sạt bin ngày 3 lần. Lần đầu cung như lần cuối','2022-11-11',1);
INSERT INTO "Comment"("productId","name","content","date","rate") VALUES (21,N'Nguyễn Ngoc Dung',N'đây là ảnh lỗi của phần phản hồi trước của em ạ Dạo này nó cứ bị nặng hơn. Cái tai nghe có dây em mua 790k, nếu là lỗi về tai nghe thì em còn được bảo hành không ạ','2022-07-04',4);
INSERT INTO "Comment"("productId","name","content","date","rate") VALUES (21,N'Hoàng Hải Long',N'Điện thoại mình vừa mua được 11 ngày thì vỡ màn hình thì có được thay miễn phí không ạ.','2023-06-27',5);
INSERT INTO "Comment"("productId","name","content","date","rate") VALUES (21,N'Sang',N'Ae dùng ngoài trời 1 lúc có bị nóng phía dưới màn hình gần chân sạc k. Chứ của e nó nóng phần dưới đấy','2021-08-15',3);
INSERT INTO "Comment"("productId","name","content","date","rate") VALUES (21,N'Vo Ngoc Thang',N'Sau khi sử dụng mình rất lo lắng về tuổi tho của pin. Trong lúc sạc máy lúc nào cũng bị nóng','2022-05-01',1);
INSERT INTO "Comment"("productId","name","content","date","rate") VALUES (21,N'Lê văn long ',N'Mn cho mình hỏi là tại sao cập nhật lên 14.7 thì bị Thông Báo Quan Trọng Về Pin vậy???','2020-10-17',4);
INSERT INTO "Comment"("productId","name","content","date","rate") VALUES (21,N'Châu Pha Lê',N'Mình mua con 11 này hồi cuối tháng 12 năm 2020, giờ mình mới viết đánh giá. Nói chung là sài tốt, có thể đó giờ mình chỉ sử dụng hãng apple nên mình thấy tốt, không giật lag, máy nóng khi gọi đt liên tục. Đặc biệt sau 7 tháng sử dụng, pin đt mình vẫn 100%, pin sài ổn trong ngày, có đôi lúc sạc 2 lần do mình sd ứng dụng nhiều thôi. Minh cũng khuyến cáo với mọi người là không nên vừa sạc vừa sử dụng, không những làm nóng máy mà còn giảm tuổi thọ pin. Đến lúc đó thì mọi người bảo 11 sài không ổn thì không đúng. Cảm ơn mấy anh chị em nhân viên ở chi nhánh TX Duyên Hải phục vụ tốt và nhiệt tình ạ.','2022-09-21',5);
INSERT INTO "Comment"("productId","name","content","date","rate") VALUES (21,N'Thoa',N'Cho mình hỏi máy mình ip11 IOS 14.5.1 giờ nâng cấp lên bản 14.7 có ổn ko nhỉ, máy dùng thấy khá nóng','2021-01-09',3);
INSERT INTO "Comment"("productId","name","content","date","rate") VALUES (21,N'Dương Hiểu Yến',N'Mua máy được 4 tháng. Tự nhiên thì bị tắt nguồn. Cho e hỏi có vấn đề gì không ạ?','2022-02-09',3);
INSERT INTO "Comment"("productId","name","content","date","rate") VALUES (21,N'Minh giàu',N'Sài đc 3tháng mọi thứ điều ổn. Hoi thay vọng về viên pin sau 3 tháng còn 99% 😢😢😢😢','2023-01-16',4);
INSERT INTO "Comment"("productId","name","content","date","rate") VALUES (21,N'Lý thành long',N'Camera khi chụp có flash nó ra như vậy. Mình có dán cường lực camera. Không biết như vậy có ảnh hưởng flash không. Mong phản hồi. Cảm ơn.','2023-04-08',4);
INSERT INTO "Comment"("productId","name","content","date","rate") VALUES (21,N'Thu Hiền',N'Sao mới mua chưa được 1 tháng mà bắt wifi kém lắm ạ chán quá 😭 mn nên cẩn thận khi chọn e này','2023-05-07',3);
INSERT INTO "Comment"("productId","name","content","date","rate") VALUES (21,N'Dung',N'Mình mua iphone 11 chưa được 1 tháng nhưng có lúc bị đơ máy là bị sao vậy? Bên tgdd tư vấn cho mình về hiện tượng này với','2022-04-08',3);
INSERT INTO "Comment"("productId","name","content","date","rate") VALUES (21,N'Trần Phương Trúc Quyên',N'Mình mua máy ở TGGD tháng 12/2020, sử dụng được khoảng 2 tháng thì pin còn 98%. 
 Gần đây điện thoại liên tục tự chụp màn hình. Mình đang chơi game cũng tự động chụp màn hình. Xem tiktok, youtube cũng tự chụp màn hình. Mỗi ngày điện thoại tự chụp hơn 10 ảnh màn hình trong khi mình không sử dụng double tap vẫn tự động chụp. Mà hiện tại đang giãn cách không thể mang ra shop được.','2021-11-05',3);
INSERT INTO "Comment"("productId","name","content","date","rate") VALUES (21,N'Thư',N'appstore của em như này là bị sao ạ?? tự dưng nó bị vậy ạ đang dùng bình thường mà nó lên này ạ???','2022-08-08',5);
INSERT INTO "Comment"("productId","name","content","date","rate") VALUES (21,N'Zheng',N'Mình vừa test máy mới, sao máy này game liên quân ko bậc được cấu hình HD bạn nhỉ?','2020-08-23',4);
INSERT INTO "Comment"("productId","name","content","date","rate") VALUES (21,N'An',N'Mình dùng được 2 ngày và cảm thấy mượt pin sạc 1 ngày 1 lần buổi tối dùng cả ngày hôm sau.','2023-11-21',4);
INSERT INTO "Comment"("productId","name","content","date","rate") VALUES (21,N'Khả sơn',N'Cảm nhận ban đầu thấy khá ok.. pin trâu. Camera tốt . Game thì khỏi phải nói nữa r.. chỉ có cái màn hình nhưng cũng chấp nhận dc','2022-09-24',5);
INSERT INTO "Comment"("productId","name","content","date","rate") VALUES (21,N'Nguyễn Thanh Tú',N'Máy dùng tốt. Ip vẫn có sự khác bọt riêng. Dùng quen rồi đổi sang đt khác ko dùng dc lại quay về ip.','2021-05-10',4);
INSERT INTO "Comment"("productId","name","content","date","rate") VALUES (21,N'Trần Thanh Phong',N'Iphone 11 mới mua dc 2 ngày về chưa làm rơi hay va chạm vào đâu tại sao lại bị hở 1 đường như vậy ạ','2023-07-21',3);
INSERT INTO "Comment"("productId","name","content","date","rate") VALUES (21,N'trần quyết thắng',N'máy sử dụng tốt. mới mua 16tr490 giờ lại giảm hơn 15tr xíu . khuyến mãi nhều quá mua trước có 2 ngày mà mắc hơn 1tr','2020-11-27',4);
INSERT INTO "Comment"("productId","name","content","date","rate") VALUES (21,N'Le thanh nam',N'Mua ip 11 ngày 5/7/2011 mà về sạc chỉ lên đc 80% tắt tính năng tối ưu hoá vân k thấy lên % pin','2021-09-15',3);
INSERT INTO "Comment"("productId","name","content","date","rate") VALUES (21,N'Phan Lệ',N'Mới mua máy đc 2 tháng máy tụt 99%, dù dùng rất cẩn thận, theo kiểu này k dùng đc lâu bền. Tháng đầu sạc pin chỉ mất hơn 1 tiếng, nay sạc mất 2 tiếng rưỡi mới đầy, pin con 11 này nói trâu mà k hề trâu, chán thực sự. Có cách nào khắc phục k nhỉ ?','2020-03-23',3);
INSERT INTO "Comment"("productId","name","content","date","rate") VALUES (21,N'Trần văn khang',N'Về mới thấy màn hình thì hơi vàng tí, chụp hình thì camera bị nhoè nhoè làm sao đó,','2023-07-31',2);
INSERT INTO "Comment"("productId","name","content","date","rate") VALUES (21,N'Trần Văn Minh',N'Mới mua hôm qua tại thị trấn tân châu . 😜 thấy sài ok đó giờ toàn mua iphone samsung ở tgdd sài cái nào cũng ok','2023-12-15',5);
INSERT INTO "Comment"("productId","name","content","date","rate") VALUES (21,N'Thi ',N'Hồi trc em sài cái ip7plus chụp hình = cam thường ok lắm nó kh bị kiểu ghè ghè hột hột vô hình . Còn h sài cái ip 11 chụp = cam thường nó cứ bị nhiễu nhiễu ảnh kh dc ok Kh bt phải tại camera lỗi kh nữa','2022-02-25',2);
INSERT INTO "Comment"("productId","name","content","date","rate") VALUES (21,N'Thảo Ngọc',N'mình dùng được 1 tháng rưỡi thì pin còn 99% dù xạc rất cẩn thận . Với tình trạng này chắc còn giảm theo thời gian!!!!!','2020-12-09',3);
INSERT INTO "Comment"("productId","name","content","date","rate") VALUES (21,N'Trần thị vân anh',N'Sao e mới mua xài đc tầm 1 tháng mà bị xuống pin nhanh quá,k làm gì để đó mà cũng bị tụt pin','2023-11-07',2);
INSERT INTO "Comment"("productId","name","content","date","rate") VALUES (21,N'Nguyễn Phương',N'Nghĩ buồn. Điện thoại iPhone 11 mua đc 1 tháng đầu ( thời gian 1 đổi 1 nếu bị lỗi do nhà sản xuất) bị lỗi mang ra đổi, điện máy bảo khắc phục đc, nói về dùng được cũng tin tưởng mang về dùng, chưa được 1 tháng tiếp tục bị lại mang ra bảo hành, lại nói hết thời gian 1 tháng, nên gửi xuống hãng. Khi gửi hàng ko gọi thông báo cho khách hàng đt bị tình trạng gì tự ý làm tanh bành rồi trả lại mà ko khắc phục đc cái lỗi chính. Hỏi có vui nổi ko','2022-11-04',1);
INSERT INTO "Comment"("productId","name","content","date","rate") VALUES (21,N'Hoàng Thông',N'Vừa làm con đỏ xong, canh sale mãi mới dc mức giá vừa ý, chế độ mua online ok như khi mua ở cửa hàng, chỉ có cái ko đc các em xinh tươi phục vụ niềm nở thôi =))','2022-09-09',5);
INSERT INTO "Comment"("productId","name","content","date","rate") VALUES (21,N'Trần văn ngọc',N'Máy pin khá là trâu dùm 2 ngày nếu tát vụ bình thường còn game thì tầm 1 ngày camera khá là xấu nên thêm áp là ok  tát vụ nhanh mượt','2021-04-03',4);
INSERT INTO "Comment"("productId","name","content","date","rate") VALUES (21,N'Lê Thị Kim Khuyên ',N'Vừa qua e có mua 1 máy bên hệ thống mình. Máy thuộc trạng thái ĐSD đc 9 ngày. e đặt máy về , và xài máy khoảng 3 4 ngày thì phát hiện lỗi. Máy bị sục sịch cái màn hình s đó e gửi lên sữa nửa tháng thì đc báo về máy bị hở màn loa và lỗi Face ID. Trong khi e thấy rất bình thường. Và báo e hãng apple báo giá tầm 11tr để đổi máy mới. Trong khi e mua máy khoảng gần 15tr . Mà bảo là bù tầm 11tr , vậy tổng tiền e bỏ ra chẳng khách nào như mua máy mới. Và e k đồng ý. Nên hãng gửi về. Sau đó e lại gửi lần nữa thì bên trung tâm apple từ chối bảo hành....
 E rất không hài lòng về trường hợp này. Máy bán ra bị lỗi. Kiểm tra báo không lỗi. Trong khi những máy mà khách hàng gửi lên rất không ok ( lỗi loa , loa rè.  Hở luôn màn hình .... ) Và vì e là 1 nhân viên của hệ thống mình , nên em không muốn làm khó sự việc này. Nhưng với tình trạng này thì đối với khách hàng thì thế nào. Và e cũng là 1 khách hàng mà. 
 Em mong muốn hãng apple làm rõ sự việc này với em','2023-09-11',1);
INSERT INTO "Comment"("productId","name","content","date","rate") VALUES (21,N'Ny',N'Iphone 11 e mua dc 6 tháng rồi, pin mới sài sau 2 tháng giảm còn 99%, 5 tháng còn 98%, sau đó 1 tuần trở lại đây có tình trạng bị nóng máy(cực kì nóng) kể cả khi e k dùng (chỉ bỏ trong túi xách), nóng từ phần dưới camera trở xuống, cực kì nóng luôn ạ, vừa bật camera lên chụp dc 2 tấm hình máy lại nóng rang, đến nỗi nóng quá e phải Tắt Nguồn điện thoại bật lại, sau cú tắt nguồn đó thì pin giảm xuống 97% ngay.
 Nhờ ad hỗ trợ giúp e trường hợp trên vs ạ, máy mua sài chưa dc 1 năm mà pin bắt đầu xuống cấp quá ạ','2020-10-28',3);
INSERT INTO "Comment"("productId","name","content","date","rate") VALUES (21,N'Trịnh văn lanh ',N'Sao mình mới mua ip11 64g ở tgdd mới. Mà về xạc sờ mặt sau màn hình tê tê, liệu có gai do cục xạc??? Củ xạc mua thêm hơn 600k zin, cáp theo máy? Mong dc phản hồi','2021-10-02',3);
INSERT INTO "Comment"("productId","name","content","date","rate") VALUES (21,N'Đào Trí Hiếu',N'mình mua 2 cái IP 11 cho vc mình ở tgdd, đc hơn tháng r, sau mấy năm xài samsung, giờ quay lại IP, công nhận xài đã thiệt, nhanh, đẹp, tiện, thao tác mượt mà và hay tuyệt. Nhân viên thì tuyệt vời. mua đc 1 ngày nóng máy, ra nv đổi ngay 1 cái nguyên seal, mình mua 2 mà đc bóc seal 3. về nhà thì vẫn nóng. sếp tgdd gọi cho mình báo vui vẻ là lỗi k do máy, do sim mobi cũ của mình. mình thay ngay sim 4g và 1 esim mobi, xài chuẩn, mát máy, mượt mà. tội tgdd, do nv mới chưa biết lỗi do sim làm mình đc bóc seal 2 máy :D','2020-05-15',5);
INSERT INTO "Comment"("productId","name","content","date","rate") VALUES (21,N'Ro Hi Ny',N'Mình xài dt được hơn 1 tháng rưỡi, ngày trước mình là Huafan nhưng bây giờ thật sự cảm thấy Ip dùng rất tốt. Sử dụng các tác vụ hằng ngày cảm thấy không hề nóng, tối mình sẽ sạc pin đến sáng, vừa sạc vừa call video nhiệt độ có nóng lên nhưng pin khoảng 70% sẽ hết nóng, giờ tình trạng pin vẫn còn 100% nha. Mình thấy nhiều bạn chê máy nóng, pin yếu bla bla nhưng với mình ip11 xứng đáng được 100 điểm','2020-06-06',5);
INSERT INTO "Comment"("productId","name","content","date","rate") VALUES (21,N'Pham tran',N'Cho mình hỏi, mình mua ip 11 được 6 ngày, máy mình mỗi lần sử dụng camera tầm 1p là bắt đầu nóng dần lên. Đây là do máy như vậy hay bị lỗi? Mong được hỗ trợ','2020-05-23',3);
INSERT INTO "Comment"("productId","name","content","date","rate") VALUES (21,N'Lê thị Hoài Phương',N'Mua ip11 chính hãng VN/A cắm sạc rất cẩn thận, vậy mà mới xài đúng 1 tháng, pin xuống còn 99%. Chất lượng kiểu này ai mà dám xài. Bữa nay lại xuất hiện thêm trình trang nóng máy khi xem phim nữa. Chán','2020-12-27',2);
INSERT INTO "Comment"("productId","name","content","date","rate") VALUES (21,N'Lê Thịnh',N'Cảm thấy pin hàng VN/A của TGDĐ không đc tốt. Mới mua đầu tháng 2 mà giờ pin 99%. Cắm sac rất cẩm thận. Trc mua con 8+ chưa hết năm thì pin còn 89%. Thất vọng','2022-02-27',2);
INSERT INTO "Comment"("productId","name","content","date","rate") VALUES (21,N'Xuân Huy',N'Có 3 vấn đề mình muốn hỏi thdđ :
  Thứ 1 điện thoại chính thdđ bán ra không check được máy mới hay máy cũ cho khách hàng hay hàng CPO trả bảo hành, hay hàng trưng bày khi mình đem ra thdđ cũng tự tay mình check cho nhân viên kĩ thuật xem. Và mình cũng check thử đt của a nhân viên . Kết quả là điện thoại mình không ra của a nhân viên thì ra
 Thứ 2: Điện thoại Iphone mình sd được 4 tháng. Thời gian mình nhờ hỗ trợ từ tgdđ là lúc 86% pin đúng 3 ngày còn 85%. Dung lượng pin hiển thị đang bảo trì. Chứng tỏ là lỗi pin . Dung lượng thực tế check app 3U ở thdd ra 900Mah ? Có nghĩa là chỉ còn 30% dung lực pin thực sự 3000Mah
 Thứ 3: Ip7 thdđ ngừng kinh doanh . Máy sản suất từ 2016 check ra là hàng cũ đổi bảo hành . Lấy lí do từ đâu có thể định giá nó 7.300.000đ
 Trong khi đó mình là ip11 mua ngày 27/12/2020 giá 17.000.000đ  . Sử dụng còn 6 tháng định giá 7.500.000đ.  Giá trị chênh lệch khách hàng mượn 209.142đ.
 Với những lỗi như vậy đem đủ lỗi khó chịu cho khách hàng còn phải chờ kết quả bảo hành từ hãng. Sài điện thoại trong 4 tháng cứ lỗi pin hết nhanh 1 cách bực mình. Đổi khách hàng không đổi từ  tháng đầu tiên. Đến bây giờ bệnh ngày càng nặng . Người thiệt vẫn là khách hàng, chỉ quan tâm đến doanh thu bán ra. Còn bảo hành thất vọng','2023-11-14',1);
INSERT INTO "Comment"("productId","name","content","date","rate") VALUES (21,N'Ngọc Linh',N'Máy em mới mua 3 ngày mà em sạc dự phòng cho máy qua đêm đến sáng mà sạc vẫn chưa xong, tối máy em còn đến 46% mà sáng thì hết trơn pin tắt nguồn luôn vậy pin của máy em có bị hư kh ạ','2020-07-22',4);
INSERT INTO "Comment"("productId","name","content","date","rate") VALUES (21,N'Nguyễn Văn Dậu',N'Mình mới mua điện thoại từ ngày 4/5 .  Mấy ngày đầu mình chưa mua sim nên dùng rất ít . Nhưng sau khi sài đc 10 ngày tiếp theo mỗi ngày sạc 1 đến 2 lần , khi sạc không dùng cũng không sạc qua đêm mà giờ pin còn 99% . Bây giờ cứ cắm sạc là máy nóng . Không biết là do lỗi gì','2022-02-15',3);
INSERT INTO "Comment"("productId","name","content","date","rate") VALUES (21,N'Lê',N'Bỏ ra số tiền lớn để mua nhưng mới sài tầm 3 tháng 20 ngày thì còn 97%. Trong khi đó mình mua ip6 sài 1 năm còn 98%. Gọi đt cho bạn bè thì đang nói chiện lấy đt ra để nhập sdt thì màng hình tối thui. Tưởng 1-2 lần. Nhưng cường độ ngày 1 thêm tăng. Quá thất vọng','2022-09-02',2);
INSERT INTO "Comment"("productId","name","content","date","rate") VALUES (21,N'Trần Hạnh Duyên',N'Sài được 2 tháng r chưa pt s nhưng s bao xịn sò luôn, camera rất đẹp , màn hình nhạy nói chung oke hong còn từ nào diễn tả ❤️','2023-01-17',5);
INSERT INTO "Comment"("productId","name","content","date","rate") VALUES (21,N'An',N'iphone 11 của e mới mua ở thế giới di động được hơn 1 tháng, e chỉ lướt fb tiktok và youtube mà giờ dung lượng pin đã bị giảm còn 97% là sạo ạ','2021-01-22',2);
INSERT INTO "Comment"("productId","name","content","date","rate") VALUES (21,N'Võ Ý',N'Dt đẹp. Màu đẹp. 
  Mà Cho mình hỏi dây cáp đi kèm trong hộp dùng cho củ sạc nhanh đúng không ad','2021-10-08',4);
INSERT INTO "Comment"("productId","name","content","date","rate") VALUES (21,N'Vân',N'Mua dk 10 ngày pin tụt 99% . Đưa ra xỉ lý về 100% . Qua 1 tháng  2 ngày còn 98%. K hỗ trợ đổi. Bắt đưa lên hãng.còn kêu hết 1 tháng này nọ.trong khi 10  ngay đã đưa rồi. Thà mua máy 99% cho rẻ 4-5tr còn đỡ tức hơn.thái độ khi mua rất tốt.nhiệt tình.còn thái độ khi sử lý đổi cho khách rất tệ.né tránh','2021-10-31',1);
INSERT INTO "Comment"("productId","name","content","date","rate") VALUES (21,N'Đoàn Minh Hiếu',N'Mua sáng nay mọi thứ đều rất ok nhưng vẫn có cảm giác pin tụt hơi nhanh :v thôi để cắm mấy lần đầu 8h r test pại xem sao .','2023-07-15',4);
INSERT INTO "Comment"("productId","name","content","date","rate") VALUES (21,N'Nguyên ',N'Sản phẩm về loa nghe gọi bình thường còn gọi Zalo hay Facebook rất rè. Nhân viên tgdđ ko có muốn giúp khách hàng khắc phục','2020-03-02',2);
INSERT INTO "Comment"("productId","name","content","date","rate") VALUES (21,N'Nghĩa ',N'Sao ip 11 mình mới mua 3 tháng giờ nó bị gì mà tự khởi động lại qài lun bấm chừng 5 10p là nó lại bị k pk có vấn đề gì về bin k','2021-04-14',3);
INSERT INTO "Comment"("productId","name","content","date","rate") VALUES (21,N'Nguyễn Hà Thanh Phong',N'Sau khi chụp xong 3 tấm ảnh đối diện ánh sáng thì camera góc rộng có chấm xanh như thế này ạ (được khoanh vùng màu đỏ).góc siêu rộng chỉ thấy chấm xanh mờ.','2021-01-10',1);
INSERT INTO "Comment"("productId","name","content","date","rate") VALUES (21,N'Tánh',N'Cho hỏi sạc pin 4 tiếng mà 80%ko đầy là lỗi máy hay sạc lần đầu sạc cũng rất lâu mới đầy','2020-06-14',4);
INSERT INTO "Comment"("productId","name","content","date","rate") VALUES (21,N'Hue',N'Mình mới mua iphone 11 64g. Về sử dụng mục đích bán onl mà không lưu được hình ảnh trên Zalo và message làm cách nào để khắc phục vây ạ.dù bô nhớ iPhone còn tận 50g','2022-07-29',3);
INSERT INTO "Comment"("productId","name","content","date","rate") VALUES (21,N'Hồ Viết Hiền',N'Mới mua máy hôm 25/4 máy tụt pin quá nhanh, từ 100% xài được khoảng 2 -3 tiếng là đã xuống dưới 20%, xài rất ít nhưng tới 15h chiều là đã hết pin, nhờ TGDD hỗ trợ ktra hoặc đổi máy khác ạ?','2021-09-09',3);
INSERT INTO "Comment"("productId","name","content","date","rate") VALUES (21,N'Nguyễn thị thu hiền',N'Tôi mua về được 2 ngày máy lỗi hỏng loa bên dưới và nghe tai nghe mất 1 tai qua cửa hàng nhân viên khắc phục mãi không được nên tôi thấy chất lượng ko hài lòng','2020-07-30',1);
INSERT INTO "Comment"("productId","name","content","date","rate") VALUES (21,N'Thảo Vi',N'Mua dùng được hơn nửa tháng, trải nghiệm oke, pin dùng được lâu ,nhưng có lúc chỉ nghe nhạc thôi mà điện thoại cũng nóng','2021-04-28',4);
INSERT INTO "Comment"("productId","name","content","date","rate") VALUES (21,N'Vo Thuy',N'Mình mua máy này ngày 5/4/2021 có mua kèm sạc dự phòng không dây, mình sạc điện thoại qua sạc dự phòng, pin cứ đến 80% là ngưng mặc dù mình đã tắt chế độ sạc tối ưu trên máy, phải rút ra cắm sạc lại lần nữa máy mới lên 100%, vậy lỗi này là do máy hay do sạc dự phòng ạ? Mình đã đổi sạc dự phòng tại tgdd 1 lần rồi, mong kỹ thuật hỗ trợ giúp mình','2020-12-02',3);
INSERT INTO "Comment"("productId","name","content","date","rate") VALUES (21,N'Gia trinh',N'Mình mua iphone này ngày 21- 3 , về dùng những ngày đầu ổn, nhưng thời gian sau bị nóng máy
 tgdd hỗ trợ mình lỗi này nha','2020-08-09',3);
INSERT INTO "Comment"("productId","name","content","date","rate") VALUES (21,N'Hoàng minh tri ',N'Mới mua mấy ngày.tất cả đều ổn chỉ có pin là quá kém tụt nhanh .không biết làm sao?','2022-08-04',3);
INSERT INTO "Comment"("productId","name","content","date","rate") VALUES (21,N'Linh',N'Mua gần đc 1 tháng, mọi thứ quá ok. Chị nhân viên tư vấn quá nhiệt luôn mặc dù ghé siêu thị hơi trễ. Cảm ơn TGDĐ và C.Linh ở ngã3 bến phà Tân Châu cũ! Sẽ tiếp tục ủng hộ và giới thiệu cho người thân, bạn bè.   😉','2022-01-01',5);
INSERT INTO "Comment"("productId","name","content","date","rate") VALUES (21,N'Nguyễn Thị Hồng Vân',N'Máy mượt dùng tốt, nhân viên tư vấn nhiệt tình, hỗ trợ thắc mắc cũng nhiệt tình cẩn thận','2022-12-16',5);
INSERT INTO "Comment"("productId","name","content","date","rate") VALUES (21,N'Sieng',N'Mới mua ngày 03/02/2021, hôm nay vô kiểm tra đã mất 2%, pin gì kém chất lượng vậy','2020-10-07',3);
INSERT INTO "Comment"("productId","name","content","date","rate") VALUES (21,N'Nguyễn Thành',N'Đã mua đc mấy tháng giờ mới đăng. Máy dùng thật sự ổn. Trâu bò mà vừa tay. Tuyệt vời luônnnnnnnn','2020-07-21',5);
INSERT INTO "Comment"("productId","name","content","date","rate") VALUES (21,N'Superlazy',N'Mua bản màu xanh rất đẹp, mua màu khác hẳn các máy khác, mua trc Tết bây giờ mới vào comment
 Pin khoẻ, máy đẹp, phù hợp giá tiền, mua đúng đợt giảm 16,4tr. Vânz thích mua TGDD hơn vì hàng đảm bảo','2023-05-06',5);
INSERT INTO "Comment"("productId","name","content","date","rate") VALUES (21,N'Mai',N'Đã mua và dùng được 3 ngày. Cảm nhận mượt. Nhưng máy quá nóng, nhất là ở khu vực gần camera nóng lan xuống phần dưới máy. Nhờ TGDD tư vấn giúp hay đổi máy khác ạ?','2020-04-26',3);
INSERT INTO "Comment"("productId","name","content","date","rate") VALUES (21,N'Anh Đức',N'mới mua máy đc 2 tháng, từ 20/1- 17/3 đã bị sụt 3 % pin. cảm thấy ko đc hài lòng về chất lượng?','2021-01-08',3);
INSERT INTO "Comment"("productId","name","content","date","rate") VALUES (21,N'Nguyễn thị huyền trang',N'Mình mua hôm 2/3. Dùng tg qa thấy ổn. Chụp hình đẹp. Mua lúc giảm 14% ưu đãi nhiều. K hối hận','2023-10-16',5);
INSERT INTO "Comment"("productId","name","content","date","rate") VALUES (21,N'An',N'Sau 1 đêm không sd, tắt hết 4g và các ứng dụng khác thì pin vẫn tụt 5%, đt bắt sóng wifi rất yếu. Wifi công ty mạnh ai cũng sử dụng được mà khi tôi dùng đt mới này không  goi được cả zalo','2022-01-23',3);
INSERT INTO "Comment"("productId","name","content","date","rate") VALUES (21,N'Trang',N'Máy mới mua đươc tầm 10 ngày nhanh hết pin cực kỳ, tắt wifi để từ tối tới sáng cũng hao pin, dùng cỡ trên 20p liên tục là máy nóng','2022-06-02',2);
INSERT INTO "Comment"("productId","name","content","date","rate") VALUES (21,N'Lý Diễm Quỳnh',N'sao mới mua về điện thoại sài cở 15p là nóng hổi luôn ạ , mua được 3 ngày rồi ạ , mong rep em ạ','2022-12-24',3);
INSERT INTO "Comment"("productId","name","content","date","rate") VALUES (21,N'PHẠM THANH PHONG',N'Khi mình chụp 1 bức ảnh rồi. mình bấm mở ảnh lên. thì mình thấy ảnh bị mờ... sau khoảng 1 giây - 2 giây thì ảnh nó hiện rõ nét lại....  cái đó bi lỗi gì vậy anh? hay là iphone 11 nó là vậy..... tks anh','2022-01-25',5);
INSERT INTO "Comment"("productId","name","content","date","rate") VALUES (21,N'Duy linh',N'Máy rất ổn, nhân viên tư vấn rất nhiệt tình và hướng dẫn cụ thể. Mua hàng ở dmx và tgdd rất an tâm','2023-03-30',5);
INSERT INTO "Comment"("productId","name","content","date","rate") VALUES (21,N'Nguyễn Thị Ngọc Huyền',N'Xài gần đc 1 tháng nói chung máy đẹp xài rất ok . Ai có ý định hốt e này zia thì triển liền đi ạ😘😘😘😘😘','2023-07-25',5);
INSERT INTO "Comment"("productId","name","content","date","rate") VALUES (21,N'Trong',N'Mua được 1 tháng tại Hòn Chồng Nha Trang ,xài rất Ok pin ổn nhân viên nhiệt tình ,nhưng sao loa xài được có bên phải vậy do loa hư hay máy vậy','2020-05-03',5);
INSERT INTO "Comment"("productId","name","content","date","rate") VALUES (21,N'Phạm Hồng Nguyên',N'iPhone 11 mới mua mà sao cứ tự động chụp ảnh màn hình hoài v ạ cập nhật phần mềm được 3 hôm thì r nó cũng v','2022-10-26',2);
INSERT INTO "Comment"("productId","name","content","date","rate") VALUES (21,N'Châu Anh',N'Mua mới dc có 5 ngày về sập nguồn :)) ra tgdd thò bảo phải chờ đợi 7-14 ngày. Bỏ số tiền ra mua mà bh bắt phải chờ đợi hãng lớn mà sao làm ăn kì v','2020-03-27',1);
INSERT INTO "Comment"("productId","name","content","date","rate") VALUES (21,N'An Nguyễn',N'Em mới mua ip11 được 10 ngày, mà pin sau 1 đêm giảm 5-6% luôn v ạ ( em kh chơi game chỉ lướt web, trc khi ngủ tắt hết wifi, Bluetooth ,...rồi ạ)','2022-11-12',4);
INSERT INTO "Comment"("productId","name","content","date","rate") VALUES (21,N'Ngân',N'Mới mua máy cách đây vài ngày, cho hỏi tại sao khi sử dụng máy lại bị nóng một bên ngay bên có nút nguồn, với pin tuột nhanh quá','2021-01-07',3);
INSERT INTO "Comment"("productId","name","content","date","rate") VALUES (21,N'Nguyễn văn trưởng',N'E mua máy đc một tuần chỉ nghe nhạc lướt fb pin tụt quá nhanh máy nóng dùng được nửa ngày hết pin xin hộ trợ','2021-10-01',1);
INSERT INTO "Comment"("productId","name","content","date","rate") VALUES (21,N'Phạm ngọc tỉnh',N'Mới mua iphone 11 ngày 02/02/21 mà Camera bị flare nặng quá có được đổi máy ko ạ? Thegioididong tết có làm việc ko ạ?','2020-07-29',3);
INSERT INTO "Comment"("productId","name","content","date","rate") VALUES (21,N'Trần Ngọc',N'Máy mua ngày 10/02/2021 về gọi zalo nói chuyện chưa được 5phút mà máy nóng muốn phỏng tay luôn ... giờ làm cách nào máy cũng nóng ... kiểu này sao xài được TGDĐ ơi','2022-11-12',3);
INSERT INTO "Comment"("productId","name","content","date","rate") VALUES (21,N'Nguyễn Thị Cẩm Tú',N'Mới mua về mà lỗ sim chọt quài kh vô. Nó cứng quá , không biết bị lỗi ha do đt vậy nữa:(((','2022-03-01',3);
INSERT INTO "Comment"("productId","name","content","date","rate") VALUES (21,N'Phạm bá lợi',N'Ip của tôi mua được hơn 10 ngày bị tróc miếng nhựa đằng sau mang đi hãng đổi nhưng hãng không chán thật','2021-09-25',1);
INSERT INTO "Comment"("productId","name","content","date","rate") VALUES (21,N'Trần Thu',N'Ip của mình luôn tự giảm âm lượng chuông là sao ạ, đã tắt tính năng nhận biết sự chú ý rồi mà vẫn k được','2022-12-12',3);
INSERT INTO "Comment"("productId","name","content","date","rate") VALUES (21,N'Nguyễn Hoàng Duy Khang',N'Điện thoại nhỏ gọn, sủ dụng mượt. Mặc dù màn hình không phải là OLED nhưng cũng rất đẹp không rỗ như mọi người đâu. nói chung mọi thức điều OK','2020-03-30',5);
INSERT INTO "Comment"("productId","name","content","date","rate") VALUES (21,N'Huỳnh thanh thật',N'ip 11 của tôi vừa mua đc hơn tuần máy sóng yếu quá mạng 4g thông báo zalo bị nghẽn khi máy không sử dụng lúc bật sử dụng hay ai gọi cái là thông báo dồn dặp khó chịu quá camera gọi mesenger thì màu bị ố màu . Có phải do máy bị lỗi ko qtv','2020-04-12',2);
INSERT INTO "Comment"("productId","name","content","date","rate") VALUES (21,N'Trần Ngoi',N'Mua iphone11 ngày 29/12/2020 về sài hiệu năng mạnh pin dung dc 6”30 vs nhân viên phục vụ nhiệt tình','2020-07-28',5);
INSERT INTO "Comment"("productId","name","content","date","rate") VALUES (21,N'Thy Ngô',N'Mua từ 31/12 xài đến nay vẫn ổn chỉ có loa nó không ổn. Lúc to lúc nhỏ khi gọi thì lúc to lúc nhỏ không biết là do âm lượng của máy là vậy hay là do máy mình nó bị lỗi. Máy mình vẫn còn bảo hành 1 đổi 1 vậy mình có thể đổi máy khác ko?','2022-12-19',4);
INSERT INTO "Comment"("productId","name","content","date","rate") VALUES (21,N'ha',N'iphone 11 64gb hàng kém chất lượng k nên mua tránh lừa đảo mn cẩn thận','2023-12-07',3);
INSERT INTO "Comment"("productId","name","content","date","rate") VALUES (21,N'Phúc Hoàng Lê',N'Mới mua được một tuần cũng ổn tuy nhiên màn hình hơi rổ và ám vàng. Mua màu trắng khá đẹp nhân viên tận tình chu đáo.','2023-10-12',4);
INSERT INTO "Comment"("productId","name","content","date","rate") VALUES (21,N'Đặng Trần Hoàng Anh',N'Mình mới mua ip 11 bản thường dùng được tuần chưa hề rơi nhưng màn hình thỉng thoảng bị chớp sọc ngang màu. Cho hỏi lỗi phần mềm hay phần cứng của nhà sản xuất có hỗ trợ đổi máy không?','2021-01-15',3);
INSERT INTO "Comment"("productId","name","content","date","rate") VALUES (21,N'Nhựt Linh',N'Mình vừa mua iphone 11 màu trắng 64gb ở TGDĐ . Nhân viên phục vụ rất là tận tình và chu đáo . Dễ thương và hòa đồng với khách hàng. Nói chung là rất hài lòng và Ok 🥰','2021-06-07',5);
INSERT INTO "Comment"("productId","name","content","date","rate") VALUES (21,N'Nguyễn quang minh ',N'Mới mua hôm 27/12 nch hài lòng về sản phẩm . Pin như này thì đủ dùng mọi tác vụ cơ bản cho 1 ngày . Máy rất đẹp nv tư vấn nhiệt tình . Thanks.....','2020-02-06',5);
INSERT INTO "Comment"("productId","name","content","date","rate") VALUES (21,N'Trần thanh hương',N'Thế giới gi đọng làm ăn giang dối khánh hàng vạy là khong được rồi mình mua iphone 11 64gb mầu trắn ở thế giới di đọng cóng huỳnh quận 1 tphcm mua ngày 27 tháng 12 năm 2021 mua máy mới 100% giá 16.890k khi về khiểm tra giới hạng bảo hành hết hạng ngày 3 tháng 12 năm 2021 vạy có ngĩa là máy đả qua sử dụng rồi thế giới di đọng dáng bao li long lại làm máy mới bán cho khách hàng  khi ra tgdd cho kiểm tra thì đổ lổi cho hệ thóng chưa cạp nhật sai mong tgdd có trách nhiệm với trường này và làm ăn có tăm 1 siếu','2020-09-18',1);
INSERT INTO "Comment"("productId","name","content","date","rate") VALUES (21,N'Xuân khanh',N'Đt mới mua về gắn sim vào sóng yếu quá.thay sim khác vào thử vẫn v? 1 cục với 2 cục ko à?','2021-01-09',1);
INSERT INTO "Comment"("productId","name","content","date","rate") VALUES (21,N'Ngô thị hoa',N'Mới mua về mà nhanh hết pin rõ chán chả dùng gì nhiều .sáng đi còn 34% tối về sập nguồn','2022-03-05',1);
INSERT INTO "Comment"("productId","name","content","date","rate") VALUES (21,N'nguyễn thị thùy linh',N'Mới mua đc 1 tuần Sản phẩm rất tốt nhân viên siêu nhiệt tình ạ sẽ giới thiệu người thân và gia đình chụp hình','2023-04-28',5);
INSERT INTO "Comment"("productId","name","content","date","rate") VALUES (21,N'Van Nguyen',N'TGDĐ phục vụ tốt, bạn nhân viên nhiệt tình, dễ thương, không kiểu tươi cười giả tạo như những chỗ khác. Sản phẩm của Apple thì tốt, mượt, khỏi chê, đã dùng Apple ko muốn đổi sang hãng khác, vấn đề pin thì có hơi hạ nhanh 1 chút nhưng ko quá nhiều :)','2021-01-01',5);
INSERT INTO "Comment"("productId","name","content","date","rate") VALUES (21,N'Lại Thị Hằng',N'Máy khi sử dụng r nóng, pin hao rất nhanh, đi làm từ sáng tới chiều, chỉ dùng khi có tin nhắn hoặc gọi điện , buổi trưa lướt mạng khoảng 1 tiếng mà cuối ngày ko còn pin','2020-11-28',3);
INSERT INTO "Comment"("productId","name","content","date","rate") VALUES (21,N'Nguyễn thành duy',N'Mới mua được 3 ngày xài tốt nhân viên tư vấn nhiệt tình . nhưng sao cái imess với Facetime kh kích hoạt sđt được v ?','2022-02-05',4);
INSERT INTO "Comment"("productId","name","content","date","rate") VALUES (21,N'Trương văn lộc',N'Máy thì OK rồi.nhưng sao mình tạo App Store không được vậy.nó đã gởi mã xác minh cho mình rồi mình nhập vào thì nó bảo mã không đúng . Mông Anh chị giúp em với ạ','2020-05-01',5);
INSERT INTO "Comment"("productId","name","content","date","rate") VALUES (21,N'Ẩn Danh',N'Mới mua được một ngày. Mình dùng mượt. Có điều điện thoại bị nóng phần bên phải. Nóng chỗ vùng nút nguồn. Là bị gì vậy ạ?','2021-02-19',4);
INSERT INTO "Comment"("productId","name","content","date","rate") VALUES (21,N'Thảo',N'Mua máy được 1 ngày để qua đêm (đã tắt kết nối mạng và ứng dụng ngầm) tụt 5% pin. Ngày thứ 2 để chế độ máy bay tụt 2% pin. Có ai bị như vậy không ạ. Gửi đánh giá sau khi dùng 1 ngày nhưng không được duyệt','2022-01-19',1);
INSERT INTO "Comment"("productId","name","content","date","rate") VALUES (21,N'Phan Phan',N'Rất tốt, test thử vài ván game thấy quá đỉnh, có điều quả thật màn hình ko ngon, màu sắc ko tươi, Ai xài oled full hd chuyển qua thì chắc vài ngày mới quen mắt. Chụp đêm ko đẹp như trên qc nhưng cũng rất ok rồi. Tóm lại ai thích hiệu năng, ổn định lâu dài..thì nên chọn.
 Bạn quản lý dmx/tgdd ô môn rất thân thiện, vui vẻ','2022-08-07',4);
INSERT INTO "Comment"("productId","name","content","date","rate") VALUES (21,N'Luu Việt Hoàng',N'Mới mua được 3 ngày ngoài Sài ngon đúng mình mua mình dùng mới biết được như nào nhưng nếo không bat tiết kiệm pin thì để không Sài gì mất 5% bật tiết kiệm không bị - pin máy tốt','2020-03-12',5);
INSERT INTO "Comment"("productId","name","content","date","rate") VALUES (21,N'Nguyễn chí tài ',N'Sau 2 tuần sử dụng thì quá vừa lòng xứng đáng với số tiền bỏ ra..k có gì để chê.. chứ k phải như nhiều người chê màn hình hd gỗ.. vì nếu ai như mình từ 7,8 plus qua 11 thì quá phê.. pin thì khỏi bàn trâu hơn con sam sung pin 4500mah tóm lại là ngon lành cành đào 😘','2021-06-16',5);
INSERT INTO "Comment"("productId","name","content","date","rate") VALUES (21,N'Trần Thanh Toàn',N'Sau hơn 8 tháng mọi thứ đều tốt. Dùng thêm bộ sạc nhanh nửa thì không lo về pin.','2023-08-22',5);
INSERT INTO "Comment"("productId","name","content","date","rate") VALUES (21,N'Người tiêu dùng',N'Mới mua máy iphone 11 được 6 tháng đi mưa hai lần nghỉ trong người chắc không sao vì appel quản cáo kháng nước độ sau 1m😒 nhưng ai dè nó vô nước thiệt bị lỗi ID nhận dạng khuôn mặt và màng hình. Mang ra TGDD bảo hành gửi đi đâu không biết cuối cùng hãng gọi nói do nhúng chất lõng nên vô nước không bảo hành...Vậy ưuanr csos kháng nước độ sâu 1m? TGDD thì từ chói nhận trách nhiệm! Cuối cùng trả máy cho mình tiền mất tật mang😡😡😡😡 TGDD làm ăn kiểu này chào thua!','2020-08-13',1);
INSERT INTO "Comment"("productId","name","content","date","rate") VALUES (21,N'Nguyễn Thảo Duy',N'Sử dụng được 4 tháng thì pin hao còn 95%, Pin còn 70% sau 1 đêm thì tắt nguồn là như thế nào ạ','2021-09-17',2);
INSERT INTO "Comment"("productId","name","content","date","rate") VALUES (21,N'Kiệt',N'Mua tại TGDĐ QL50 tt.Cần Đước ổn áp thực sự sau 1 tháng sử dụng. APPLE nên lắng nghe người dùng về pin vì hay nóng và mau hết. TGDĐ 5sao','2020-07-01',5);
INSERT INTO "Comment"("productId","name","content","date","rate") VALUES (21,N'Phong',N'Mình bạn có nhiều bạn cmt tiêu cực về sản phẩm 11 này quá. K biết là khi mua các bạn bị xu cà na hay sao mình không biết. Chứ mình mới mua trải nghiệm 1 tháng này thấy rất ok. Đừng nên so sánh với nhưng dòng pro hay pro max. Mà nên đánh giá những gì mình bỏ tiền ra thôi. Pin xài rất ổn 1.5-2 ngày mới hết tuỳ có game hay k?, mình mở 4G 10 tiếng liên tục khi đi làm vãn còn pin dài dài, on stream đủ thứ các loại. K sạc tắt hết tất cả đa nhiệm giảm độ sáng wifi 4g,... thì qua hôm sau giảm 1% pin. Máy mua 1 tháng vẫn còn 100% dung lượng tối đa. Camera rất tốt. Loa, rung đủ thứ đều ngon. Nhanh mạnh,..','2021-03-20',4);
INSERT INTO "Comment"("productId","name","content","date","rate") VALUES (21,N'Đặng Thoại',N'Cho mình hỏi là ip11 khi xem video chỉ nghe âm thanh được 1 loa bên phải à còn loa bên trái sao không nghe luôn','2021-03-27',4);
INSERT INTO "Comment"("productId","name","content","date","rate") VALUES (21,N'Bích ngân',N'Pin xài nhanh k trâu như lời đồn .. chỉ sài tiktok tầm 4,5tieng là hết pin .. mua máy đập hộp tin tưởng nên k kiểm tra kỹ .. về nhà thấy trên màng hình trầy vài đường cực nhỏ .. nhìn ký vào màn mới thấy .. đem ra hỏi nhân viên k cho đổi .. thất vọng','2022-09-17',2);
INSERT INTO "Comment"("productId","name","content","date","rate") VALUES (21,N'Lê văn thắng',N'Mình trải nghiệm được 11 được 1 tuần,  mình đã dùng qua samsung garaxy s8+ vs iphone 7+, chuyển qua sử dụng 11 thấy màn hình ok không sao hết bthường đẹp, không có xấu như mọi người phàn nàn là hd là tệ,  cầm máy bấm hoài cũng quen,  máy chạy siêu mượt,  điện thoại màu sắc đẹp, sang trọng, pin cực tốt, ....ai có tiền cứ mua về là biết ngây sản phẩm khá ok','2023-06-21',5);
INSERT INTO "Comment"("productId","name","content","date","rate") VALUES (21,N'Quách nghị',N'Vừa dùng đc 1 tháng hao mất 1% pin rồi dùng tác vụ bình thường thôi mà.liệu có sao k','2022-08-21',3);
INSERT INTO "Comment"("productId","name","content","date","rate") VALUES (21,N'Tô hoài thanh',N'Máy sài dc 12 ngày ok, 6 ngày còn lại ko nhận sim 2 lần, phải chờ gửi về hãng xem xét, bỏ 18tr ra để ngồi chờ máy về, quá bực bội, thất vọng thật luôn','2023-12-02',1);
INSERT INTO "Comment"("productId","name","content","date","rate") VALUES (21,N'Trần Văn Quân',N'Tuyệt Vời pin bền hiệu năng cao nói chung la tốt có tiền làm con promax thì tuyệt vời hơn','2020-12-20',5);
INSERT INTO "Comment"("productId","name","content","date","rate") VALUES (21,N'N Tuấn',N'Mua máy ngày 8/9/20 giao tận nhà với giá tiền 17,990k nói chung chơi game liên tục 4-5h, cpu khá nóng chắc do điểm chung của chip nó thế, máy bao mượt và chụp đêm hay thiếu sáng đẹp như pixel','2020-01-30',5);
INSERT INTO "Comment"("productId","name","content","date","rate") VALUES (21,N'Ninh',N'Mình mới xài được 7 tháng xuống 7% pin. Chả hiểu máy mới kiểu gì nữa. Dùng cơ bản lướt web cơ bản game ko chơi','2022-10-29',1);
INSERT INTO "Comment"("productId","name","content","date","rate") VALUES (21,N'Khuê',N'Mình mua máy đuọc gần 3 tháng pin còn 99% thì có phải đã bị chai pin không ạ, và mình có cần man đi bảo hành không','2021-05-29',4);
INSERT INTO "Comment"("productId","name","content","date","rate") VALUES (21,N'Hai',N'Mới mua 1 ngày vê cảm nhận là hơi nặng so và dày, thiết kế đẹp nhưng mà mình là người ưa nhỏ gọn nên lỡ mua cái này cảm thấy ko thoãi mái.','2020-01-30',3);
INSERT INTO "Comment"("productId","name","content","date","rate") VALUES (21,N'Huỳnh Thanh',N'màn hình rõ camera thì không có gốc turn màn hình tai thỏ chiếm diện tích quá nhiều máy sạc pin cực lâu liền màn hình dày màn hình xấu mọi người nếu có muốn mua thì nên cân nhắc mình đã sử dụng qua 3 tháng vô cùng thất vọng mới mua 3 ngày đổi trả và đem đi bảo hành 3 lần mọi người cân nhắc và suy nghĩ lại nếu không hối hận rồi mất tiền nữa','2022-09-02',1);
INSERT INTO "Comment"("productId","name","content","date","rate") VALUES (21,N'Nguyễn Đình Điền',N'Sao mình mua máy về dùng thì máy chạy rất mượt nhưng mỗi tội sạc pin thì nâu quá vậy sạc 5h 6h mới đầy được vậy','2021-08-23',4);
INSERT INTO "Comment"("productId","name","content","date","rate") VALUES (21,N'Hoàng Nguyễn',N'Em đánh giá khá tốt về sản phẩm này nhưng cho em hỏi sao sau 1 đêm sp bị hao pin nhiều thế ạ. Trung bình sau 1 đêm mất 10% pin','2020-10-19',5);
INSERT INTO "Comment"("productId","name","content","date","rate") VALUES (21,N'Cao Tuyền',N'Đã mua và sử dụng,máy mượt,pin trâu,camera ổn,nhân viên tgdd 340-342 Võ Văn Ngân, Thủ Đức tuyệt vời nhất là bạn quản lý nữ tên Linh đã trực tiếp hỗ trợ mình làm mình cảm thấy cực kỳ hài lòng,cảm ơn bạn rất nhiều,sẽ tiếp tục ủng hộ tgdd trong thời gian tới','2022-05-31',5);
INSERT INTO "Comment"("productId","name","content","date","rate") VALUES (21,N'Nguyễn Minh Tiến',N'Mới mua cách đây gần một tháng. Mọi thứ đều rất tốt nhưng pin em xài mới đây đã bị chai 1 phần trăm rồi :(((','2020-05-22',5);
INSERT INTO "Comment"("productId","name","content","date","rate") VALUES (21,N'Ma Tùng Nam',N'Phục vụ tận tình, chu đáo, máy dùng tốt, thêm chương trình giảm giá nữa quá tuyệt vời. Phải vào đánh giá ngay','2023-03-17',5);
INSERT INTO "Comment"("productId","name","content","date","rate") VALUES (21,N'Nguyễn Khắc Tâm',N'Lỗi pin, tụt % pin theo ngày chứ không phải lâu mới tụt. Lỗi màn, mất cảm biến khi di chuyển trên màn hình. Gửi đi bảo hành khi gửi về thay màn thì roăng lồi cả ra ngoài. Không biết nên buồn hay best số nhọ ~~!','2023-05-02',1);
INSERT INTO "Comment"("productId","name","content","date","rate") VALUES (21,N'Lê Vy',N'Máy đẹp, mọi thứ điều ok mua ở TGDĐ là yên tâm nhất, mua máy thứ 2 tại đây rồi .','2023-02-06',5);
INSERT INTO "Comment"("productId","name","content","date","rate") VALUES (21,N'Châu Văn Tư Hàn',N'Mới mua máy được 1 ngày, thấy mọi thứ vẫn ổn, pin sài đc lâu, camera chụp tốt. Màn hình nhạy, mọi thứ tốt.','2021-11-15',4);
INSERT INTO "Comment"("productId","name","content","date","rate") VALUES (21,N'phạm văn mai',N'mình mua gần 5 tháng.....máy xài rất ok...không như mọi người nói...tình trạng pin còn 100%','2023-11-05',4);
INSERT INTO "Comment"("productId","name","content","date","rate") VALUES (21,N'Nguyen',N'Máy rung khá êm nên nhiều lúc có cuộc gọi không biết! Vì lí đo công việc nên máy chỉ để rung k để chuông nhiều khi lỡ cuộc gọi','2023-10-22',3);
INSERT INTO "Comment"("productId","name","content","date","rate") VALUES (21,N'Bùi viết Tiến',N'Mua dc 3 ngày rồi 
 Màu vàng 
 Mới xài bữa đầu ok
 Bữa thứ 3 là hơi hao pin rồi
 Để theo dõi tiếp xem sao','2021-05-18',3);
INSERT INTO "Comment"("productId","name","content","date","rate") VALUES (21,N'Lê văn tân',N'T mua ip11 cách đây hơn 1th. Mới lấy về thì xài rất ok. Đến ngày thứ 25 thì pin tuột nhanh. Theo dõi 3ngày vẫn vậy nên mới mang ra tgdd để kiểm tra. Đt tháo sim ko chạy ứng dụng,','2022-07-19',1);
INSERT INTO "Comment"("productId","name","content","date","rate") VALUES (21,N'Nguyen van ninh',N'Mình cũng đã sài được hơn 1 tháng . Về cấu hình bin và hiệu năng đều ok . Trước mình dùng 7pl chụp cam trc và sau rất ok . Nhưg k hiểu sao ip11 này camera sau khi chụp tối có nhiều ánh đèn thì thấy trên có những đóm sáng bị phản chiếu ngược lại kiểu như gương bị rỗ ý . Chụp ban ngay hay ít bóng đèn thì k bị phản chiếu . Còn camera trước thì hơi bị ánh vàng kiểu như bị vàng da ý . Còn đâu mọi thứ rất tốt','2022-09-19',4);
INSERT INTO "Comment"("productId","name","content","date","rate") VALUES (21,N'Nam',N'Mới mua được hơn 1 tuần ... Mọi thứ đều ok ... Nhân viên phục vụ tận tình ... Trò truyện vui vẻ ... Dt thì quá ngon ... Để qua đêm có khi tụt 1% có khi k tụt ... Pin xài đc hơn 1 ngày (chỉ lướt face + youtube) mình xài khá nhìu ...','2020-07-16',5);
INSERT INTO "Comment"("productId","name","content","date","rate") VALUES (21,N'Khánh',N'21tr chụp bình thường thì đẹp mà zoom lên bị noise xấu qá :(( không biết có phải do phần mềm hay gì nữa ...','2021-12-17',3);
INSERT INTO "Comment"("productId","name","content","date","rate") VALUES (21,N'Van Toan',N'Điện thoại sài ổn nhưng không hiểu sao cứ để không qua đêm là bị sụt mất 10-12% mặc dù đã tắt hết đa nhiệm','2021-01-22',5);
INSERT INTO "Comment"("productId","name","content","date","rate") VALUES (21,N'Nguyen anh',N'Đt mới xài 1 ngày chưa bàn tới nhưng mình không ngờ tgdd mà không có nổi người dán màn hình chuyên nghiệp. Dán mặt sau mất 50k mà dán bằng 1 tấm keo to xong lấy dao lam cắt miếng dán ấn mạnh cà vào cả mặt kính lưng của mình, cắt thì lem nhem thấy gớm quá phải mua miếng khác tự về dán thì lột ra thấy 1 vết dao lam trên kính. Xót quá, Thất vọng','2023-01-18',2);
INSERT INTO "Comment"("productId","name","content","date","rate") VALUES (21,N'Lan',N'máy mới dùng 2 tháng, sạc pin xong máy nóng ran, không dùng nữa đi ngủ , sáng ra dùng được 20 phút máy lại nóng ran không hiểu nổi','2020-01-26',2);
INSERT INTO "Comment"("productId","name","content","date","rate") VALUES (21,N'Nguyễn Thị Bê Đê Nghĩa',N'Đã mua được mấy ngày , cảm thấy mọi thứ đều rất tốt ngoại trừ cái màn hình nói thật mà hơi tệ thôi. Nói chung là hài lòng','2020-03-10',5);
INSERT INTO "Comment"("productId","name","content","date","rate") VALUES (21,N'nguyễn văn ngọc',N'tốc độ lưu ảnh chậm ko khác j con ip6 có lúc còn bị đơ!ra hỏi nhân viên kêu con này nhiều tính năng hơn nên lưu chậm là bình thường😂!nghe muốn đập dt đi về dùng ip6 cho rồi! có ai bị như mình ko?','2022-07-26',2);
INSERT INTO "Comment"("productId","name","content","date","rate") VALUES (21,N'Tường Ngọc Linh',N'Đã múc em nó mua trả góp cho cu bạn! Xài ô tô kê. so với trong tầm giá vẫn vượt trội hơn mọi con khác :D','2021-05-20',5);
INSERT INTO "Comment"("productId","name","content","date","rate") VALUES (21,N'Toàn',N'Mới dùng 2 tháng nhưng nay thỉnh thoảng mất kết nối sim phải chọc sim ra r lắp lại mới bình thường @@','2020-05-24',3);
INSERT INTO "Comment"("productId","name","content","date","rate") VALUES (21,N'Tường',N'Mạnh. Làm sao tắt đc thanh báo vậy tđv. Đang chơi game mà lỡ chạm nhầm kéo xuống rất bất tiện ạ','2022-12-11',3);
INSERT INTO "Comment"("productId","name","content","date","rate") VALUES (21,N'Huy Nguyễn',N'Iphone 1.mới đón e nó về hôm mùng 6 tết dung duoc 03 ngay cam nhan:máy đẹp pin rất ok trải nghiệm nhanh,Mượt màn hình với tôi thì quá ok rồi Camera rất tốt Nhân viên chu đáo nhiệt tình vui vẻ tôi đã mua nhiều sản phẩm từ TGDĐ và ĐMX NÓI chung ok','2022-02-18',5);
INSERT INTO "Comment"("productId","name","content","date","rate") VALUES (21,N'Tran minh tuan',N'Hàng ip11 mua 1/11/2019 đã cài đặt lại và cập nhập phiên bản mới vẫn bị sự cố tự dưng tắt nguồn','2020-06-04',1);
INSERT INTO "Comment"("productId","name","content","date","rate") VALUES (21,N'Nguyễn Hải Long',N'Sản phẩm rất tuyệt vời, nhân viên vui vẻ nhiệt tình, pin trâu, chơi game rất mượt.','2022-11-01',5);
INSERT INTO "Comment"("productId","name","content","date","rate") VALUES (21,N'Dao Tran',N'Mới mua cái màu đỏ được 1 tuần tại shop Nguyễn Trãi Q5, khỏi phải bàn cãi về chất lượng, màn hình to, nét, chip khủng, pin trâu. Bùn cái là phải đầu tư thêm bộ sạc nhanh mới sạc nhanh được.
 Shop Nguyễn Trãi có vẻ thiếu các bạn tư vẫn nữ :)','2021-07-03',4);
INSERT INTO "Comment"("productId","name","content","date","rate") VALUES (21,N'NGUYỄN LÂM THẾ BẢO',N'Sản phẩm quá tuyệt vời, mọi thử diễn ra nhanh ngoài mong đợi, nhân viên vui vẻ. Mong TGDĐ sớm có dịch vụ dán máy PPF.','2023-10-20',5);
INSERT INTO "Comment"("productId","name","content","date","rate") VALUES (21,N'Trung',N'Sp tuyệt vời xài rất ngon, màn hình đẹp k có rỗ như mọi người nói, pin trâu bò, lướt face, zalo, chơi game mà dc gần 1,5 ngày.','2021-11-11',5);
INSERT INTO "Comment"("productId","name","content","date","rate") VALUES (21,N'Minh Phong',N'Đã mua hơn một tháng rồi vẫn vẫn xài rất êm . Thiết kế sang trọng - nhiều màu sắc để lựa chọn.
 Đặc biệt trãi nghiệm ứng dụng chơi game rất mượt.','2022-12-14',5);
INSERT INTO "Comment"("productId","name","content","date","rate") VALUES (21,N'Q.H.Trí',N'Đáng tiền hơn 2 con pro với pro max
 Màn hình ko bị rỗ như con XR, trãi nghiệm tốt','2020-02-26',5);
INSERT INTO "Comment"("productId","name","content","date","rate") VALUES (21,N'Phong',N'Máy mình mua được 1 tháng.đã 3 lần tự động tắt ass touch.là bị lỗi gì mọi người.','2020-09-19',4);
INSERT INTO "Comment"("productId","name","content","date","rate") VALUES (21,N'Nguyên',N'Mới bán iPhone xr mua iPhone 11 xr pin đã trâu gặp 11 con trâu hơn ....đáng nâng cấp vừa túi tiền','2023-01-16',5);
INSERT INTO "Comment"("productId","name","content","date","rate") VALUES (21,N'Vu văn Nghiep ',N'Mới xúc 11 64gb tôi qua
 Phải nói đẹp tuyệt vời nhân viên ở dông anh phai nói phúc vu rất OK OK','2021-01-22',5);
INSERT INTO "Comment"("productId","name","content","date","rate") VALUES (21,N'Nguyễn Hoàng Hải Sơn',N'Sản phẩm rất tốt, xài mượt, pin rất trâu. Nhân viên rất nhiệt tình và vui vẻ ko thể chê được @@','2020-01-03',5);
INSERT INTO "Comment"("productId","name","content","date","rate") VALUES (21,N'Tiến',N'Tất cả mọi thứ đều ổn trừ cái màn hình ra. Ước gì màn ngon hơn 1 chút thì đây là sản phẩm tuyệt vời nhất','2023-02-23',4);
INSERT INTO "Comment"("productId","name","content","date","rate") VALUES (21,N'Duy',N'Ko có gì phải bàn cãi về chất lượng, sử dụng quá OK. Nhân viên nhiệt tình chu đáo  🤩','2021-06-08',5);
INSERT INTO "Comment"("productId","name","content","date","rate") VALUES (21,N'Tấn Hữu ',N'Mình đặt mua iPhone 11 và lấy 1/11 tại tgdđ dùng đến nay hơn tuần sài quá tuyệt vời quá mượt màn hình ip11 năm nay quá đẹp các tác vụ đều mượt mà ko chê vào đâu được, pin thì khỏi phải nói rồi trâu bò luôn....sản phẩm đáng mua! iPhone mà...','2021-02-20',5);
INSERT INTO "Comment"("productId","name","content","date","rate") VALUES (21,N'Toản',N'Mượt ngon đẹp  Mỗi tội trả góp trả được khuyến mại cái gì. APple bớt ki bo đi nhé. Heyy 😩','2020-11-04',5);
INSERT INTO "Comment"("productId","name","content","date","rate") VALUES (21,N'Kun',N'Máy đẹp.dùng mượt khỏi chê.pin ổn dùng hỗn hợp đk tầm 6->7 tiếng.camera chụp đẹp.chơi game nhiêu hơi ấm thôi.nhân viên DMX cẩm sơn-cẩm thuỷ hỗ trợ nhiệt tình chu đáo.cảm ơn e NHÀN - mua có cái đt bé xíu mà xách za tận xe cho khách.đã và sẽ ủng hộ dài dài','2022-03-13',5);
INSERT INTO "Comment"("productId","name","content","date","rate") VALUES (21,N'Việt ',N'Rất tuyệt vời. Máy đẹp,chạy mượt hơn cả mong đợi. Camera đẹp, cấu hình cực mạnh, màu sắc đẹp. Nhân viên nhiệt tình,vui vẻ.','2022-04-10',5);
INSERT INTO "Comment"("productId","name","content","date","rate") VALUES (21,N'Kim',N'máy rất mượt, chơi game đã, camera đẹp, thái độ nhân viên vui vẻ nhiệt tình, có điều mình mua máy mới thì muốn tự tay bóc seal hơn. chị nhân viên tự bóc hộp, tự bóc dt mà mình xót hết cả ruột @@','2021-04-13',4);
INSERT INTO "Comment"("productId","name","content","date","rate") VALUES (21,N'Thiệp',N'Đã khiêng 1 em về dùng. Rất tuyệt luôn. Màn hình sắc nét, chụp ảnh miễn chê, pin qua ổn. Nhân viên phục vụ rất nhiệt tình❤️❤️❤️','2021-09-17',5);
INSERT INTO "Comment"("productId","name","content","date","rate") VALUES (21,N'khufra',N'Màu sắc đẹp, hoàn thiện tốt, cấu hình cực mạnh, pin trâu, màn hình không rực rỡ như mong đợi, nhưng dùng tầm 1 ngày là quen, dùng lâu không mỏi mắt, màn hình ổn, không tệ như lời đồn, rất hài lòng.','2022-06-23',5);
INSERT INTO "Comment"("productId","name","content","date","rate") VALUES (21,N'Ngọc Tuyết',N'Máy mỏng đẹp, chụp hình ngon lành. Mạnh mẽ, nhanh chóng, làm gì cũng nhanh, không bị trễ như android. Có điều tiếc chút vì không có vân tay màn hình. Pin thì đã ổn hơn trước nhiều. TGDD hỗ trợ nhiệt tình. Xài em iphone này chắc sẽ lâu lắm.','2021-08-23',5);
INSERT INTO "Comment"("productId","name","content","date","rate") VALUES (21,N'Minh Khôi',N'Vừa khui lúc sáng ! Mọi thứ thật tuyệt vời ! Máy pin trâu , mượt , nhanh , màn hình rất nét ...! Cầm nặng tay xíu vì từ i6 lên mà ! 😂😂😂','2023-02-23',5);
INSERT INTO "Comment"("productId","name","content","date","rate") VALUES (21,N'Tiễn',N'','2020-02-26',5);
INSERT INTO "Comment"("productId","name","content","date","rate") VALUES (21,N'Nguyễn Thanh Thương',N'','2022-04-19',5);
INSERT INTO "Comment"("productId","name","content","date","rate") VALUES (21,N'Quỳnh',N'','2021-02-08',5);
INSERT INTO "Comment"("productId","name","content","date","rate") VALUES (21,N'Chi Lan',N'','2020-05-20',5);
INSERT INTO "Comment"("productId","name","content","date","rate") VALUES (21,N'Lê Thị Ngọc Yến',N'','2021-08-12',5);
INSERT INTO "Comment"("productId","name","content","date","rate") VALUES (21,N'Phạm Ngọc Thống',N'','2022-09-18',5);
INSERT INTO "Comment"("productId","name","content","date","rate") VALUES (21,N'Thành',N'','2023-09-14',5);
INSERT INTO "Comment"("productId","name","content","date","rate") VALUES (21,N'NGUYỄN HỮU PHƯỚC',N'Được','2021-06-08',4);
INSERT INTO "Comment"("productId","name","content","date","rate") VALUES (21,N'Phạm Văn Thân',N'','2020-11-27',5);
INSERT INTO "Comment"("productId","name","content","date","rate") VALUES (21,N'Triệu Thanh Tuấn',N'','2023-01-14',3);
INSERT INTO "Comment"("productId","name","content","date","rate") VALUES (21,N'Dương Hồng Sơn',N'','2023-02-14',5);
INSERT INTO "Comment"("productId","name","content","date","rate") VALUES (21,N'Chị Loan',N'','2020-09-19',5);
INSERT INTO "Comment"("productId","name","content","date","rate") VALUES (21,N'Đỗ Văn Ban',N'','2023-04-20',4);
INSERT INTO "Comment"("productId","name","content","date","rate") VALUES (21,N'Chị Bích',N'','2021-04-23',4);
INSERT INTO "Comment"("productId","name","content","date","rate") VALUES (21,N'Sambatt',N'','2022-12-02',4);
INSERT INTO "Comment"("productId","name","content","date","rate") VALUES (21,N'Chị Xoan',N'','2023-07-10',4);
INSERT INTO "Comment"("productId","name","content","date","rate") VALUES (21,N'Anh Thực',N'','2023-01-03',5);
INSERT INTO "Comment"("productId","name","content","date","rate") VALUES (21,N'Thương Cao',N'','2021-03-28',5);
INSERT INTO "Comment"("productId","name","content","date","rate") VALUES (21,N'Trần Yến Thanh',N'','2020-08-27',5);
INSERT INTO "Comment"("productId","name","content","date","rate") VALUES (21,N'Minh Ánh',N'Rất tốt','2022-02-16',5);
INSERT INTO "Comment"("productId","name","content","date","rate") VALUES (21,N'Nguyễn Xuân Hải',N'','2022-11-07',1);
INSERT INTO "Comment"("productId","name","content","date","rate") VALUES (21,N'Đức',N'','2022-11-29',5);
INSERT INTO "Comment"("productId","name","content","date","rate") VALUES (21,N'PHẠM THỊ OANH',N'','2020-09-21',5);
INSERT INTO "Comment"("productId","name","content","date","rate") VALUES (21,N'LAN',N'','2021-06-21',5);
INSERT INTO "Comment"("productId","name","content","date","rate") VALUES (21,N'Nguyễn Thành Công',N'','2021-04-12',5);
INSERT INTO "Comment"("productId","name","content","date","rate") VALUES (21,N'KHU%CA',N'','2021-04-07',5);
INSERT INTO "Comment"("productId","name","content","date","rate") VALUES (21,N'NAM',N'','2021-06-13',5);
INSERT INTO "Comment"("productId","name","content","date","rate") VALUES (21,N'Huỳnh Phương',N'','2023-11-07',5);
INSERT INTO "Comment"("productId","name","content","date","rate") VALUES (21,N'PHONG',N'','2023-08-24',5);
INSERT INTO "Comment"("productId","name","content","date","rate") VALUES (21,N'Nguyễn Thanh Huy',N'','2022-09-04',5);
INSERT INTO "Comment"("productId","name","content","date","rate") VALUES (21,N'Lê Lợi',N'','2023-04-29',5);
INSERT INTO "Comment"("productId","name","content","date","rate") VALUES (21,N'MAI',N'','2021-07-01',4);
INSERT INTO "Comment"("productId","name","content","date","rate") VALUES (21,N'NGUYỄN HOÀNG PHÚC',N'','2023-04-13',5);
INSERT INTO "Comment"("productId","name","content","date","rate") VALUES (21,N'Phan Văn Bằng',N'','2021-01-24',1);
INSERT INTO "Comment"("productId","name","content","date","rate") VALUES (21,N'HUY',N'','2023-12-16',5);
INSERT INTO "Comment"("productId","name","content","date","rate") VALUES (21,N'DUYÊN',N'','2020-10-26',5);
INSERT INTO "Comment"("productId","name","content","date","rate") VALUES (21,N'TH NG',N'','2023-05-11',4);
INSERT INTO "Comment"("productId","name","content","date","rate") VALUES (21,N'TƯ',N'','2020-07-15',4);
INSERT INTO "Comment"("productId","name","content","date","rate") VALUES (21,N'162940 - Hoả Văn Hoàn',N'','2022-10-12',5);
INSERT INTO "Comment"("productId","name","content","date","rate") VALUES (21,N'VINH',N'','2023-05-01',5);
INSERT INTO "Comment"("productId","name","content","date","rate") VALUES (21,N'ANH',N'','2020-12-16',4);
INSERT INTO "Comment"("productId","name","content","date","rate") VALUES (21,N'ĐÔNG',N'','2023-02-23',4);
INSERT INTO "Comment"("productId","name","content","date","rate") VALUES (21,N'LẬP',N'','2021-04-09',4);
INSERT INTO "Comment"("productId","name","content","date","rate") VALUES (21,N'THẾ',N'','2021-09-08',4);
INSERT INTO "Comment"("productId","name","content","date","rate") VALUES (21,N'LỢI',N'','2020-07-28',4);
INSERT INTO "Comment"("productId","name","content","date","rate") VALUES (21,N'DOANH',N'','2020-05-30',3);
INSERT INTO "Comment"("productId","name","content","date","rate") VALUES (21,N'PHƯƠNG',N'','2023-11-01',4);
INSERT INTO "Comment"("productId","name","content","date","rate") VALUES (21,N'CẨM',N'','2023-08-30',3);
INSERT INTO "Comment"("productId","name","content","date","rate") VALUES (21,N'THẢO',N'','2022-10-11',5);
INSERT INTO "Comment"("productId","name","content","date","rate") VALUES (21,N'TRỌNG',N'','2021-09-26',5);
INSERT INTO "Comment"("productId","name","content","date","rate") VALUES (21,N'HƯƠNG',N'','2022-10-31',4);
INSERT INTO "Comment"("productId","name","content","date","rate") VALUES (21,N'QUÝ',N'Sản phẩm dùng rất tốt','2022-05-20',5);
INSERT INTO "Comment"("productId","name","content","date","rate") VALUES (21,N'Huỳnh Dạ Lý',N'','2021-08-02',5);
INSERT INTO "Comment"("productId","name","content","date","rate") VALUES (21,N'PHONG',N'','2022-09-27',4);
INSERT INTO "Comment"("productId","name","content","date","rate") VALUES (21,N'NGUYÊN',N'','2021-09-11',5);
INSERT INTO "Comment"("productId","name","content","date","rate") VALUES (21,N'Nguyên',N'','2023-06-02',5);
INSERT INTO "Comment"("productId","name","content","date","rate") VALUES (21,N'Đỗ Thanh Tùng',N'','2023-02-12',5);
INSERT INTO "Comment"("productId","name","content","date","rate") VALUES (21,N'Chị Tạ Nhật',N'','2021-12-10',5);
INSERT INTO "Comment"("productId","name","content","date","rate") VALUES (21,N'Nguyễn Thanh Hải',N'','2021-12-30',5);
INSERT INTO "Comment"("productId","name","content","date","rate") VALUES (21,N'HOÀNG',N'','2021-01-26',5);
INSERT INTO "Comment"("productId","name","content","date","rate") VALUES (21,N'HOÀ',N'','2020-11-17',4);
INSERT INTO "Comment"("productId","name","content","date","rate") VALUES (21,N'LỆ',N'','2023-04-04',4);
INSERT INTO "Comment"("productId","name","content","date","rate") VALUES (21,N'KHUYÊN',N'','2023-08-10',4);
INSERT INTO "Comment"("productId","name","content","date","rate") VALUES (21,N'VINH',N'Hien dang rat tot','2020-05-25',4);
INSERT INTO "Comment"("productId","name","content","date","rate") VALUES (21,N'SƠN',N'Ok','2021-07-11',4);
INSERT INTO "Comment"("productId","name","content","date","rate") VALUES (21,N'DUNG',N'','2020-05-21',5);
INSERT INTO "Comment"("productId","name","content","date","rate") VALUES (21,N'ANH',N'','2023-11-27',3);
INSERT INTO "Comment"("productId","name","content","date","rate") VALUES (21,N'TRÂN',N'','2022-10-17',5);
INSERT INTO "Comment"("productId","name","content","date","rate") VALUES (21,N'HƯƠNG',N'Tôi hài lòng với sản phẩm và sự nhiệt tình của nhân viên bán hàng','2021-12-27',4);
INSERT INTO "Comment"("productId","name","content","date","rate") VALUES (21,N'LƯƠNG',N'','2021-12-26',4);
INSERT INTO "Comment"("productId","name","content","date","rate") VALUES (21,N'Chị Bích',N'','2021-07-22',5);
INSERT INTO "Comment"("productId","name","content","date","rate") VALUES (21,N'Phan Phương ',N'','2023-10-27',3);
INSERT INTO "Comment"("productId","name","content","date","rate") VALUES (21,N'Sang',N'','2023-07-17',5);
INSERT INTO "Comment"("productId","name","content","date","rate") VALUES (21,N'Cô Mai',N'','2021-11-08',4);
INSERT INTO "Comment"("productId","name","content","date","rate") VALUES (21,N'Hoàng Vũ Kiên',N'','2020-06-13',4);
INSERT INTO "Comment"("productId","name","content","date","rate") VALUES (21,N'Phan Huy Hoàng',N'','2022-12-24',3);
INSERT INTO "Comment"("productId","name","content","date","rate") VALUES (21,N'Anh Hoàng',N'','2020-01-08',5);
INSERT INTO "Comment"("productId","name","content","date","rate") VALUES (21,N'Lê Thị Thu',N'','2020-10-30',4);
INSERT INTO "Comment"("productId","name","content","date","rate") VALUES (21,N'Chị Hồng',N'','2020-01-21',5);
INSERT INTO "Comment"("productId","name","content","date","rate") VALUES (21,N'Đỗ Thanh Hiếu',N'','2023-04-16',5);
INSERT INTO "Comment"("productId","name","content","date","rate") VALUES (21,N'Trang',N'','2022-01-22',5);
INSERT INTO "Comment"("productId","name","content","date","rate") VALUES (21,N'Nguyễn Thị Tuyết Trinh',N'','2020-09-08',5);
INSERT INTO "Comment"("productId","name","content","date","rate") VALUES (21,N'Ngô Văn Huỳnh',N'','2021-03-18',5);
INSERT INTO "Comment"("productId","name","content","date","rate") VALUES (21,N'Chị Ly',N'','2020-12-29',5);
INSERT INTO "Comment"("productId","name","content","date","rate") VALUES (21,N'Vũ Xuân Thuấn',N'','2021-06-01',4);
INSERT INTO "Comment"("productId","name","content","date","rate") VALUES (21,N'Đại',N'','2022-01-19',4);
INSERT INTO "Comment"("productId","name","content","date","rate") VALUES (21,N'Le Quoc Binh',N'Rất đẹp','2022-12-21',5);
INSERT INTO "Comment"("productId","name","content","date","rate") VALUES (21,N'Chú Viên',N'','2022-05-18',4);
INSERT INTO "Comment"("productId","name","content","date","rate") VALUES (21,N'Chị Thân',N'','2022-07-24',4);
INSERT INTO "Comment"("productId","name","content","date","rate") VALUES (21,N'Chung',N'','2022-03-08',5);
INSERT INTO "Comment"("productId","name","content","date","rate") VALUES (21,N'C Loan',N'','2020-12-20',4);
INSERT INTO "Comment"("productId","name","content","date","rate") VALUES (21,N'Anh Khang',N'','2023-05-01',4);
INSERT INTO "Comment"("productId","name","content","date","rate") VALUES (21,N'Anh Th%E1i',N'','2023-10-14',5);
INSERT INTO "Comment"("productId","name","content","date","rate") VALUES (21,N'Trường',N'','2022-03-24',4);
INSERT INTO "Comment"("productId","name","content","date","rate") VALUES (21,N'Giáp Văn Hùng',N'','2023-02-07',4);
INSERT INTO "Comment"("productId","name","content","date","rate") VALUES (21,N'Thuận',N'','2019-12-25',5);
INSERT INTO "Comment"("productId","name","content","date","rate") VALUES (21,N'A Hiệp',N'','2020-01-20',4);
INSERT INTO "Comment"("productId","name","content","date","rate") VALUES (21,N'Phạm Thế Trung',N'','2020-03-07',5);
INSERT INTO "Comment"("productId","name","content","date","rate") VALUES (21,N'Thuý',N'','2020-12-09',4);
INSERT INTO "Comment"("productId","name","content","date","rate") VALUES (21,N'A Nghĩa',N'','2021-11-13',4);
INSERT INTO "Comment"("productId","name","content","date","rate") VALUES (21,N'Võ Thị Hồng Phụng',N'','2020-09-15',5);
INSERT INTO "Comment"("productId","name","content","date","rate") VALUES (21,N'Thạch Sa Ruônl',N'','2023-01-10',5);
INSERT INTO "Comment"("productId","name","content","date","rate") VALUES (21,N'Vũ',N'','2022-11-08',5);
INSERT INTO "Comment"("productId","name","content","date","rate") VALUES (21,N'Trần Mạnh Cường',N'','2022-09-29',5);
INSERT INTO "Comment"("productId","name","content","date","rate") VALUES (21,N'Kh u V n H u',N'','2021-07-13',3);
INSERT INTO "Comment"("productId","name","content","date","rate") VALUES (21,N'Anh Hưng',N'','2020-10-04',4);
INSERT INTO "Comment"("productId","name","content","date","rate") VALUES (21,N'Hà Văn Phương',N'','2021-11-17',4);
INSERT INTO "Comment"("productId","name","content","date","rate") VALUES (21,N'Nhung',N'','2021-10-14',4);
INSERT INTO "Comment"("productId","name","content","date","rate") VALUES (21,N'Hồng',N'','2022-02-23',5);
INSERT INTO "Comment"("productId","name","content","date","rate") VALUES (21,N'Thạch Thị Linh Thảo',N'','2020-04-02',5);
INSERT INTO "Comment"("productId","name","content","date","rate") VALUES (21,N'Anh Tuấn',N'','2020-08-17',4);
INSERT INTO "Comment"("productId","name","content","date","rate") VALUES (21,N'Anh Út',N'','2021-10-20',5);
INSERT INTO "Comment"("productId","name","content","date","rate") VALUES (21,N'Chị Cảnh',N'','2021-05-17',5);
INSERT INTO "Comment"("productId","name","content","date","rate") VALUES (21,N'Nguyễn Thị Thu Phương',N'','2020-12-09',4);
INSERT INTO "Comment"("productId","name","content","date","rate") VALUES (21,N'Chị Châu',N'','2021-06-02',4);
INSERT INTO "Comment"("productId","name","content","date","rate") VALUES (21,N'Vũ Hồng Sơn',N'','2022-04-02',5);
INSERT INTO "Comment"("productId","name","content","date","rate") VALUES (21,N'Nguyễn Thị Sương',N'','2022-11-23',4);
INSERT INTO "Comment"("productId","name","content","date","rate") VALUES (21,N'Anh Phi',N'','2022-02-08',5);
INSERT INTO "Comment"("productId","name","content","date","rate") VALUES (21,N'Diệu Khánh',N'','2022-01-10',5);
INSERT INTO "Comment"("productId","name","content","date","rate") VALUES (21,N'Trương Tấn Trường',N'','2023-12-09',4);
INSERT INTO "Comment"("productId","name","content","date","rate") VALUES (21,N'Chị Hương',N'','2020-01-24',5);
INSERT INTO "Comment"("productId","name","content","date","rate") VALUES (21,N'Anh Nghĩa',N'','2020-07-17',5);
INSERT INTO "Comment"("productId","name","content","date","rate") VALUES (21,N'Hoài',N'','2023-05-20',4);
INSERT INTO "Comment"("productId","name","content","date","rate") VALUES (21,N'Chú Giang',N'','2023-03-11',3);
INSERT INTO "Comment"("productId","name","content","date","rate") VALUES (21,N'Quyên',N'','2022-06-01',5);
INSERT INTO "Comment"("productId","name","content","date","rate") VALUES (21,N'Cô Hằng',N'','2020-02-12',5);
INSERT INTO "Comment"("productId","name","content","date","rate") VALUES (21,N'Nguy n Vinh To%E0n',N'','2020-03-16',5);
INSERT INTO "Comment"("productId","name","content","date","rate") VALUES (21,N'Lê Bá Tuấn',N'','2022-08-27',5);
INSERT INTO "Comment"("productId","name","content","date","rate") VALUES (21,N'Vy',N'','2021-07-02',5);
INSERT INTO "Comment"("productId","name","content","date","rate") VALUES (21,N'Trung',N'','2023-01-10',4);
INSERT INTO "Comment"("productId","name","content","date","rate") VALUES (21,N'Anh Quảng',N'','2021-02-19',5);
INSERT INTO "Comment"("productId","name","content","date","rate") VALUES (21,N'Th%E0nh',N'','2021-03-25',5);
INSERT INTO "Comment"("productId","name","content","date","rate") VALUES (21,N'Chị Huyền',N'','2020-07-15',4);
INSERT INTO "Comment"("productId","name","content","date","rate") VALUES (21,N'Vũ Ngọc Hợp',N'','2021-01-15',3);
INSERT INTO "Comment"("productId","name","content","date","rate") VALUES (21,N'Anh Bi u',N'','2021-08-26',5);
INSERT INTO "Comment"("productId","name","content","date","rate") VALUES (21,N'Anh Tuân',N'','2020-03-16',4);
INSERT INTO "Comment"("productId","name","content","date","rate") VALUES (21,N'Chú Hải',N'','2021-09-09',5);
INSERT INTO "Comment"("productId","name","content","date","rate") VALUES (21,N'Nguyễn Thị Hồng Xuân',N'','2020-10-25',4);
INSERT INTO "Comment"("productId","name","content","date","rate") VALUES (21,N'Chú Vũ',N'','2020-11-21',5);
INSERT INTO "Comment"("productId","name","content","date","rate") VALUES (21,N'Lưu Thị Thuỳ My',N'','2020-03-20',3);
INSERT INTO "Comment"("productId","name","content","date","rate") VALUES (21,N'Lưu',N'','2022-03-02',3);
INSERT INTO "Comment"("productId","name","content","date","rate") VALUES (21,N'Bích Hồng',N'','2023-03-06',4);
INSERT INTO "Comment"("productId","name","content","date","rate") VALUES (21,N'Trường',N'','2020-01-04',4);
INSERT INTO "Comment"("productId","name","content","date","rate") VALUES (21,N'C Nhung',N'','2020-03-25',4);
INSERT INTO "Comment"("productId","name","content","date","rate") VALUES (21,N'Lê Ngọc Quốc',N'','2023-04-03',5);
INSERT INTO "Comment"("productId","name","content","date","rate") VALUES (21,N'Pham Quynh Nga',N'','2023-03-14',4);
INSERT INTO "Comment"("productId","name","content","date","rate") VALUES (21,N'Vũ Minh Tâm',N'','2021-11-16',4);
INSERT INTO "Comment"("productId","name","content","date","rate") VALUES (21,N'Cô Chiên',N'','2021-07-11',5);
INSERT INTO "Comment"("productId","name","content","date","rate") VALUES (21,N'Võ Hoàng Tú',N'','2023-04-02',5);
INSERT INTO "Comment"("productId","name","content","date","rate") VALUES (21,N'Mai Thị Lan Anh',N'','2023-11-19',4);
INSERT INTO "Comment"("productId","name","content","date","rate") VALUES (21,N'C Nhung',N'','2020-05-22',4);
INSERT INTO "Comment"("productId","name","content","date","rate") VALUES (21,N'Anh Công',N'','2020-04-24',4);
INSERT INTO "Comment"("productId","name","content","date","rate") VALUES (21,N'Anh Cảnh',N'','2021-08-15',5);
INSERT INTO "Comment"("productId","name","content","date","rate") VALUES (21,N'Toàn',N'','2020-01-25',5);
INSERT INTO "Comment"("productId","name","content","date","rate") VALUES (21,N'Cô Hạnh',N'','2020-07-22',4);
INSERT INTO "Comment"("productId","name","content","date","rate") VALUES (21,N'Tống Ngọc Lộc',N'','2022-12-09',5);
INSERT INTO "Comment"("productId","name","content","date","rate") VALUES (21,N'Mai Văn Dương',N'','2019-12-26',5);
INSERT INTO "Comment"("productId","name","content","date","rate") VALUES (21,N'Phan Trọng Hiếu',N'','2022-07-22',3);
INSERT INTO "Comment"("productId","name","content","date","rate") VALUES (21,N'C Nhung',N'','2022-10-27',3);
INSERT INTO "Comment"("productId","name","content","date","rate") VALUES (21,N'Võ Thanh Thịnh',N'','2020-07-17',4);
INSERT INTO "Comment"("productId","name","content","date","rate") VALUES (21,N'Anh Mạnh',N'','2021-04-02',4);
INSERT INTO "Comment"("productId","name","content","date","rate") VALUES (21,N'Phạm Thị Hải Yến',N'','2020-01-06',3);
INSERT INTO "Comment"("productId","name","content","date","rate") VALUES (21,N'Ngọc',N'','2022-05-20',5);
INSERT INTO "Comment"("productId","name","content","date","rate") VALUES (21,N'Thịnh',N'','2022-12-28',4);
INSERT INTO "Comment"("productId","name","content","date","rate") VALUES (21,N'Chị Hoàng',N'','2020-12-13',3);
INSERT INTO "Comment"("productId","name","content","date","rate") VALUES (21,N'Nguyễn Thị Hồng Dân',N'','2022-12-15',5);
INSERT INTO "Comment"("productId","name","content","date","rate") VALUES (21,N'Chị Duyên',N'','2020-10-24',5);
INSERT INTO "Comment"("productId","name","content","date","rate") VALUES (21,N'Chú Kiên',N'','2022-02-28',5);
INSERT INTO "Comment"("productId","name","content","date","rate") VALUES (21,N'Anh Trọng',N'','2022-09-17',5);
INSERT INTO "Comment"("productId","name","content","date","rate") VALUES (21,N'Trần Vũ Chương',N'','2023-04-13',4);
INSERT INTO "Comment"("productId","name","content","date","rate") VALUES (21,N'Chị Hồng',N'','2020-10-02',5);
INSERT INTO "Comment"("productId","name","content","date","rate") VALUES (21,N'Dung Thị Phương Anh',N'','2021-08-13',4);
INSERT INTO "Comment"("productId","name","content","date","rate") VALUES (21,N'Tr n Thanh S',N'','2022-05-25',5);
INSERT INTO "Comment"("productId","name","content","date","rate") VALUES (21,N'Long',N'','2021-06-16',4);
INSERT INTO "Comment"("productId","name","content","date","rate") VALUES (21,N'Chị Quyết',N'','2021-06-30',3);
INSERT INTO "Comment"("productId","name","content","date","rate") VALUES (21,N'Nguyễn Viết Thưởng',N'','2020-03-04',5);
INSERT INTO "Comment"("productId","name","content","date","rate") VALUES (21,N'Cẩm Nhung',N'','2020-04-03',5);
INSERT INTO "Comment"("productId","name","content","date","rate") VALUES (21,N'Lê Huy Hoàng',N'','2020-06-08',5);
INSERT INTO "Comment"("productId","name","content","date","rate") VALUES (21,N'Nguyễn Văn Đầy',N'','2021-11-07',5);
INSERT INTO "Comment"("productId","name","content","date","rate") VALUES (21,N'Trần Quốc Khánh',N'','2021-03-19',5);
INSERT INTO "Comment"("productId","name","content","date","rate") VALUES (21,N'Anh Long',N'','2023-11-12',4);
INSERT INTO "Comment"("productId","name","content","date","rate") VALUES (21,N'Võ Tuấn',N'','2021-06-02',4);
INSERT INTO "Comment"("productId","name","content","date","rate") VALUES (21,N'Lê Kim Khánh',N'','2021-06-09',3);
INSERT INTO "Comment"("productId","name","content","date","rate") VALUES (21,N'Lê Thị Mai',N'','2021-03-27',5);
INSERT INTO "Comment"("productId","name","content","date","rate") VALUES (21,N'Hùng',N'','2022-05-07',5);
INSERT INTO "Comment"("productId","name","content","date","rate") VALUES (21,N'Lê Thị Thu Thủy',N'','2020-07-24',4);
INSERT INTO "Comment"("productId","name","content","date","rate") VALUES (21,N'Hà',N'','2022-04-25',5);
INSERT INTO "Comment"("productId","name","content","date","rate") VALUES (21,N'Hoàng Thị Hồng Bắc',N'','2023-07-16',4);
INSERT INTO "Comment"("productId","name","content","date","rate") VALUES (21,N'Trương Thị Tiến Đức',N'','2023-02-15',4);
INSERT INTO "Comment"("productId","name","content","date","rate") VALUES (21,N'A Hồ',N'','2023-04-12',5);
INSERT INTO "Comment"("productId","name","content","date","rate") VALUES (21,N'Chị Anh',N'','2021-03-01',5);
INSERT INTO "Comment"("productId","name","content","date","rate") VALUES (21,N'Nguyễn Thị Nga',N'','2022-09-01',5);
INSERT INTO "Comment"("productId","name","content","date","rate") VALUES (21,N'Anh Hưởng',N'','2020-07-06',4);
INSERT INTO "Comment"("productId","name","content","date","rate") VALUES (21,N'Vu',N'','2020-04-15',4);
INSERT INTO "Comment"("productId","name","content","date","rate") VALUES (21,N'Anh Trình',N'','2020-08-16',5);
INSERT INTO "Comment"("productId","name","content","date","rate") VALUES (21,N'Chị Xinh',N'','2021-04-05',5);
INSERT INTO "Comment"("productId","name","content","date","rate") VALUES (21,N'Nguyễn Đức Thắng',N'','2023-05-04',4);
INSERT INTO "Comment"("productId","name","content","date","rate") VALUES (21,N'Nguyễn Nhật Tài',N'','2023-05-26',5);
INSERT INTO "Comment"("productId","name","content","date","rate") VALUES (21,N'Sầm Thị Dung',N'','2023-10-20',4);
INSERT INTO "Comment"("productId","name","content","date","rate") VALUES (21,N'Lê Phước Chí',N'','2023-05-10',5);
INSERT INTO "Comment"("productId","name","content","date","rate") VALUES (21,N'Đặng Hải Biên',N'','2021-10-25',5);
INSERT INTO "Comment"("productId","name","content","date","rate") VALUES (21,N'Chị Thắm',N'','2020-08-13',5);
INSERT INTO "Comment"("productId","name","content","date","rate") VALUES (21,N'Hoàng Thị Nhất',N'','2023-10-17',5);
INSERT INTO "Comment"("productId","name","content","date","rate") VALUES (21,N'Chị Thy',N'','2021-04-15',5);
INSERT INTO "Comment"("productId","name","content","date","rate") VALUES (21,N'Anh Khang',N'','2021-03-06',5);
INSERT INTO "Comment"("productId","name","content","date","rate") VALUES (21,N'Anh Hà',N'','2022-08-28',4);
INSERT INTO "Comment"("productId","name","content","date","rate") VALUES (21,N'Nguyễn Thị Hồng Nhung',N'','2023-01-09',4);
INSERT INTO "Comment"("productId","name","content","date","rate") VALUES (21,N'L%EA Th  M  Quy%EAn',N'','2020-01-31',5);
INSERT INTO "Comment"("productId","name","content","date","rate") VALUES (21,N'Tr n Th  Ch%EDn',N'','2023-04-09',4);
INSERT INTO "Comment"("productId","name","content","date","rate") VALUES (21,N'Đặng Hồng Sơn',N'','2023-04-17',4);
INSERT INTO "Comment"("productId","name","content","date","rate") VALUES (21,N'Nguyễn Văn Thanh',N'','2021-04-04',5);

INSERT INTO "Product" ("productId","total","typeId","image","cost","price","discount","rate","releaseDate","name") VALUES (23, 199, 2,'https://cdn.tgdd.vn/Products/Images/42/247508/iphone-14-pro-tim-thumb-600x600.jpg',24090000,27090000,8,4.6,'2020-04-30', N'Điện thoại iPhone 14 Pro 128GB');
INSERT INTO "ProductDetail" ("productId","screen","os","cameraBehind","cameraFront","cpu","ram","rom","battery","sim") VALUES (23,N'OLED, 6.1", Super Retina XDR',N'iOS 16',N'Chính 48 MP & Phụ 12 MP, 12 MP',N'12 MP',N'Apple A16 Bionic', N'6 GB',N'128 GB',N'3200 mAh',N'1 Nano SIM & 1 eSIM');
INSERT INTO "Comment"("productId","name","content","date","rate") VALUES (23,N'Nghĩa Phạm',N'Mình mua IPhone kèm gói bảo hiểm rơi vỡ. Nhưng khi gửi đi bảo hiểm lại được tổng đài báo lại là Apple không hỗ trợ.Tổng đài yêu cầu đóng thêm 6 triệu 900 nghìn để đổi máy mới.Mình chưa hiểu cách làm việc của Điện Máy Xanh và Cty bảo hiểm đã hợp tác với Điện Máy Xanh. Nhưng với tư cách là một khách hàng. Mình không chấp nhận cách làm việc như vậy.','2021-03-29',1);
INSERT INTO "Comment"("productId","name","content","date","rate") VALUES (23,N'Vũ Thị Anh Thư',N'ad ơi. đt của e iphone14 pro 128gb e gửi đi bảo hành từ ngày 3/11/2023 ạ nhưng mà em đi làm cả ngày không dùng được đt nên ko biết lúc nào hãng gọi ạ. Ad có thể cho e biết làm cách nào liên hệ với trung tâm bảo hành không ạ.','2022-08-14',5);
INSERT INTO "Comment"("productId","name","content","date","rate") VALUES (23,N'Lê Tấn Khánh',N'Nhỏn gọn dùng mược','2021-11-24',5);
INSERT INTO "Comment"("productId","name","content","date","rate") VALUES (23,N'Hoàng Nguyễn',N'Máy và hộp không trùng imei máy thì sài ok','2021-03-25',4);
INSERT INTO "Comment"("productId","name","content","date","rate") VALUES (23,N'Trần công đức',N'Hài lòng tất cả mọi thứ, từ nhân viên đến bác bảo vệ đều chu đáo','2021-05-29',5);
INSERT INTO "Comment"("productId","name","content","date","rate") VALUES (23,N'Tô Lê Nhật Phương',N'Rất ok','2020-08-24',5);
INSERT INTO "Comment"("productId","name","content","date","rate") VALUES (23,N'Anh Tuyến',N'Ok','2021-10-19',4);
INSERT INTO "Comment"("productId","name","content","date","rate") VALUES (23,N'Phuong',N'Máy tốt, thegioididong 5 sao về dịch vụ','2020-09-16',5);
INSERT INTO "Comment"("productId","name","content","date","rate") VALUES (23,N'Chu Văn Thái',N'Ổn ạ','2021-11-24',5);
INSERT INTO "Comment"("productId","name","content","date","rate") VALUES (23,N'Tình',N'Ok','2022-05-02',5);
INSERT INTO "Comment"("productId","name","content","date","rate") VALUES (23,N'Anh Tuyến',N'Ok','2022-03-22',5);
INSERT INTO "Comment"("productId","name","content","date","rate") VALUES (23,N'Trần Nguyên Trung',N'đẹp','2023-10-19',5);
INSERT INTO "Comment"("productId","name","content","date","rate") VALUES (23,N'Nguyễn Thuỳ',N'Good','2022-03-23',5);
INSERT INTO "Comment"("productId","name","content","date","rate") VALUES (23,N'Hạnh',N'Mình mới mua máy hôm qua theo cảm nhận cá nhân thì nhân viên ở cơ sở nguyễn thái học rất dễ thương hiền lành nhiệt tình chu đáo có hiểu biết về iphone chia sẻ nhiều thứ cho khách hàng. Về sản phẩm thì cảm thấy pin tụt cũng nhanh. Còn lại thì tốt. Giá thành hiện tại cũng tốt so với thế giới','2023-09-14',4);
INSERT INTO "Comment"("productId","name","content","date","rate") VALUES (23,N'Phạm Nguyên',N'Lần đầu dùng IOS còn bỡ ngỡ các các chị trong TGDĐ Cai Lậy rất nhiệt tình và thân thiện dễ thương với khách hàng cực kỳ ạ','2022-02-02',5);
INSERT INTO "Comment"("productId","name","content","date","rate") VALUES (23,N'Minh Tài',N'Máy mượt lắm nhân viên tư vấn quá tốt luôn ạ thiệt sự không có cửa hàng điện thoại nào ổn hơn TGDĐ cả 10 điểm','2020-12-06',5);
INSERT INTO "Comment"("productId","name","content","date","rate") VALUES (23,N'TRẦN THÀNH QUỐC',N'Trãi nghiệm hơn 1 tuần cảm nhận Máy rất mượt, chưa có chổ nào để chê, mình ko chơi game nên dùng tháy pin thấy rất trâu.cam thì hết nước chấm. 5* thẵng','2021-02-13',5);
INSERT INTO "Comment"("productId","name","content","date","rate") VALUES (23,N'Nguyen Tien Huy',N'Sản phẩm tốt, phục vụ tốt','2023-05-03',5);
INSERT INTO "Comment"("productId","name","content","date","rate") VALUES (23,N'Đàm Thị Thu Hiến',N'Trải nghiệm mua hàng tốt. NV hỗ trợ nhiệt tình.','2023-07-29',5);
INSERT INTO "Comment"("productId","name","content","date","rate") VALUES (23,N'Anh Phú',N'Tạm dc','2021-06-08',5);
INSERT INTO "Comment"("productId","name","content","date","rate") VALUES (23,N'Tuấn',N'Tôi rất hài lòng vs chiếc máy này','2020-05-23',5);
INSERT INTO "Comment"("productId","name","content","date","rate") VALUES (23,N'Phuong',N'sp tốt','2020-12-21',5);
INSERT INTO "Comment"("productId","name","content","date","rate") VALUES (23,N'Trường',N'Ờ mây zing gút chop em','2020-07-10',5);
INSERT INTO "Comment"("productId","name","content","date","rate") VALUES (23,N'Trương Thị Mộng Ngân',N'Ok','2022-10-11',3);
INSERT INTO "Comment"("productId","name","content","date","rate") VALUES (23,N'Minh Thư',N'okkk','2022-01-31',5);
INSERT INTO "Comment"("productId","name","content","date","rate") VALUES (23,N'Đặng Quang Tuyến',N'Sản phẩm xuất sắc','2023-02-09',5);
INSERT INTO "Comment"("productId","name","content","date","rate") VALUES (23,N'TRẦN THỊ MỸ TRANG',N'Đẹp. Sài mượt lắm','2023-05-07',5);
INSERT INTO "Comment"("productId","name","content","date","rate") VALUES (23,N'Chu Khánh',N'ok','2021-07-21',5);
INSERT INTO "Comment"("productId","name","content","date","rate") VALUES (23,N'Trần Kiều Trinh',N'Mới mua dùng được 2 hôm và sạc được 2 lần. Mỗi lần sạc máy rất nóng và tới 80% là ngừng không lên pin tiếp được. Cảm thấy rất khó chịu với việc này.','2023-06-17',3);
INSERT INTO "Comment"("productId","name","content","date","rate") VALUES (23,N'Toàn',N'Hiệu năng đỉnh,camera sắc nét,mượt mà,pin ổn,sang sạch đẹp!','2022-12-26',4);
INSERT INTO "Comment"("productId","name","content","date","rate") VALUES (23,N'Công Ty Tnhh Hưng Thịnh Cường',N'Tốt','2022-04-19',5);
INSERT INTO "Comment"("productId","name","content","date","rate") VALUES (23,N'LẠI HỮU PHƯỚC',N'Thời lượng bin tốt','2021-11-18',5);
INSERT INTO "Comment"("productId","name","content","date","rate") VALUES (23,N'Chi Hoa',N'Rất tốt','2022-02-15',5);
INSERT INTO "Comment"("productId","name","content","date","rate") VALUES (23,N'NGUYỄN THỊ ÚT CHỊ',N'ok','2023-01-31',4);
INSERT INTO "Comment"("productId","name","content","date","rate") VALUES (23,N'Trần Quý Minh',N'Sử dụng rất mượt. Ok','2020-09-27',5);
INSERT INTO "Comment"("productId","name","content","date","rate") VALUES (23,N'Đỗ Văn Mạnh',N'Ok','2021-10-18',5);
INSERT INTO "Comment"("productId","name","content","date","rate") VALUES (23,N'Hoàng Văn Thịnh',N'Hàng đẹp, ok','2021-09-02',5);
INSERT INTO "Comment"("productId","name","content","date","rate") VALUES (23,N'TRẦN ĐAN KA',N'Nhân viên tư vấn tốt','2023-02-17',4);
INSERT INTO "Comment"("productId","name","content","date","rate") VALUES (23,N'Chị Oanh',N'...','2021-08-08',5);
INSERT INTO "Comment"("productId","name","content","date","rate") VALUES (23,N'Hà ngọc tùng',N'sản phẩm tốt xài ổn định','2023-07-11',5);
INSERT INTO "Comment"("productId","name","content","date","rate") VALUES (23,N'129767 - Phạm Văn Kiên',N'Ok','2023-03-03',5);
INSERT INTO "Comment"("productId","name","content","date","rate") VALUES (23,N'Phương',N'Mươt, nhưng vì sao sạc pin máy quá nóng, máy tự ngắt sạc khi 80%pin, mặc dù ko dùng ốp lưng trong khi sạc. Mới sạc lần 2 sau khi mua, sạc cả 2 lần máy đều quá nóng.','2021-06-04',4);
INSERT INTO "Comment"("productId","name","content","date","rate") VALUES (23,N'Hoàng Hữu Nghị',N'ok','2022-03-06',4);
INSERT INTO "Comment"("productId","name","content","date","rate") VALUES (23,N'Vy thanh Quang',N'Chất lượng ok','2020-11-12',4);
INSERT INTO "Comment"("productId","name","content","date","rate") VALUES (23,N'Lực',N'Tốt','2021-09-01',5);
INSERT INTO "Comment"("productId","name","content","date","rate") VALUES (23,N'NGUYỄN DUY KHÁNH',N'Hiện tại đang sử dụng khá ok','2023-03-11',5);
INSERT INTO "Comment"("productId","name","content","date","rate") VALUES (23,N'Minh',N'Ok','2023-06-30',5);
INSERT INTO "Comment"("productId","name","content","date","rate") VALUES (23,N'Nguyễn Khắc Trường',N'Tốt','2023-09-18',4);
INSERT INTO "Comment"("productId","name","content","date","rate") VALUES (23,N'A Toàn',N'Rất phù hợp về kiểu dáng và kích thước','2020-08-23',5);
INSERT INTO "Comment"("productId","name","content","date","rate") VALUES (23,N'Loan',N'Có thêm khm thì sẽ tốt hơn nữa','2023-12-12',5);
INSERT INTO "Comment"("productId","name","content","date","rate") VALUES (23,N'Lê Văn Lâm',N'Đẹp','2023-11-18',5);
INSERT INTO "Comment"("productId","name","content","date","rate") VALUES (23,N'Nguyễn Văn Lân',N'Ok','2022-09-17',4);
INSERT INTO "Comment"("productId","name","content","date","rate") VALUES (23,N'Ngô Xuân Thắng',N'Sản phẩm tốt','2023-11-12',5);
INSERT INTO "Comment"("productId","name","content","date","rate") VALUES (23,N'Luong Duc Duong',N'Okie !','2023-12-18',5);
INSERT INTO "Comment"("productId","name","content","date","rate") VALUES (23,N'Huỳnh Phương',N'Đã sài được vài tháng và nhận thấy chiếc điện thoại mình mua đáng đồng tiền, đẹp , hiệu năng mạnh , sử dụng ít khi bị nóng máy , sạc củ sạc nhanh mua chính hãng của apple tại thế giới di động cho thời gian sạc khá nhanh , hài lòng , mình mua lúc nó có giá 31xx triệu','2023-12-16',5);
INSERT INTO "Comment"("productId","name","content","date","rate") VALUES (23,N'Doan Thuong Quyen',N'rat ok','2023-02-15',5);
INSERT INTO "Comment"("productId","name","content","date","rate") VALUES (23,N'Huyen Thuong',N'máy đẹp,nhân viên nhiệt tình','2022-04-11',5);
INSERT INTO "Comment"("productId","name","content","date","rate") VALUES (23,N'Mai Thị Oanh',N'sản phẩm tốt','2022-07-31',4);
INSERT INTO "Comment"("productId","name","content","date","rate") VALUES (23,N'Nguyễn Văn Thắng',N'Sản phẩm ok','2021-06-24',4);
INSERT INTO "Comment"("productId","name","content","date","rate") VALUES (23,N'Vũ Thế Đức',N'Ok','2023-01-13',5);
INSERT INTO "Comment"("productId","name","content","date","rate") VALUES (23,N'Tran Truong Thinh',N'Tot','2020-10-21',5);
INSERT INTO "Comment"("productId","name","content","date","rate") VALUES (23,N'Bùi Văn Dũ',N'👍','2022-07-21',5);
INSERT INTO "Comment"("productId","name","content","date","rate") VALUES (23,N'Katherine',N'Máy xài mượt lắm, chụp hình tốt, lướt các app nhanh và tiện cực kỳ','2022-07-31',4);
INSERT INTO "Comment"("productId","name","content","date","rate") VALUES (23,N'Nguyễn Văn Hiến',N'Ok','2022-08-22',4);
INSERT INTO "Comment"("productId","name","content","date","rate") VALUES (23,N'Bắc',N'.','2022-09-15',5);
INSERT INTO "Comment"("productId","name","content","date","rate") VALUES (23,N'Nguyễn Thị Minh',N'Tốt','2022-11-01',5);
INSERT INTO "Comment"("productId","name","content","date","rate") VALUES (23,N'Nguyen Le Thanh Bao',N'ok','2023-03-02',4);
INSERT INTO "Comment"("productId","name","content","date","rate") VALUES (23,N'Phạm Thế Đạt',N'Sản phẩm rất tốt','2023-09-25',5);
INSERT INTO "Comment"("productId","name","content","date","rate") VALUES (23,N'Huỳnh Đắc Ta',N'Sản phẩm ok','2023-11-14',5);
INSERT INTO "Comment"("productId","name","content","date","rate") VALUES (23,N'Vu Van Nam',N'Hàng xài tốt','2021-11-20',5);
INSERT INTO "Comment"("productId","name","content","date","rate") VALUES (23,N'To Vu Quy',N'Tuyệt cú mèo','2023-06-19',5);
INSERT INTO "Comment"("productId","name","content","date","rate") VALUES (23,N'Nguyễn Văn Nguyện',N'Ổn','2022-08-14',5);
INSERT INTO "Comment"("productId","name","content","date","rate") VALUES (23,N'Nguyễn Thị Bảo Trân',N'Chất lượng hàng hoá ở đây thì quá oke rồi, nhân viên nhiệt tình hỗ trợ kịp thời. Rất hài lòng về cách phục vụ của các bạn, đặc biệt bạn Bùi Thành.','2022-02-21',5);
INSERT INTO "Comment"("productId","name","content","date","rate") VALUES (23,N'Hung',N'Hài lòng','2022-10-12',5);
INSERT INTO "Comment"("productId","name","content","date","rate") VALUES (23,N'Vũ Tường Lâm',N'Good','2022-06-01',4);
INSERT INTO "Comment"("productId","name","content","date","rate") VALUES (23,N'bay ',N'Máy mới mua  máy  đang 10 % pin  khởi động lại cái còn 5   , sạc  95 %  khởi động lại có khi  100 %  . Pin rất ảo','2022-03-02',4);
INSERT INTO "Comment"("productId","name","content","date","rate") VALUES (23,N'NAM',N'Oki','2022-06-01',5);
INSERT INTO "Comment"("productId","name","content","date","rate") VALUES (23,N'GIANG',N'Nice','2020-11-09',5);
INSERT INTO "Comment"("productId","name","content","date","rate") VALUES (23,N'LY',N'Ok','2022-06-15',5);
INSERT INTO "Comment"("productId","name","content","date","rate") VALUES (23,N'Thinh',N'Sản phẩm hay bị lỗi đen màn hình, hôm bữa vứa mua về lâu lâu bị đen màn hình như hình, sau vài ngày thì gọi điện thoại cũng bị đen, chụp hình cũng bị đen, sử dụng app zalo lâu lâu còn bị đứng màn hình khoảng vài giây, xem youtube hay bị tắt ứng dụng. Lâu lâu cũng có trường hợp bị đen có một sọc trên màn hình nữa. Mình đi bảo hành và sửa chữa tại TGDD và lên tận TTBH của apple chạy lại phần mềm nhưng cũng không giải quyết được vấn đề này, tới bây giờ sau hơn 1 tháng mua mình cảm thấy rất bực khi mà mua một sản phẩm cao cấp mà bị các cái lỗi ở những sản phẩm thường không bị bao giờ. Sếp của mình có sử dụng loại 14 pro max cũng bị tình trạng tương tự khi cắm sạc vào hoặc bấm tăng giảm âm lượng. Mình khuyên các bạn không nên mua sản phẩm này cho tới khi nhà sản xuất khắc phục được ở các lô sau, hiện tại bị lỗi này rất nhiều','2022-01-29',1);
INSERT INTO "Comment"("productId","name","content","date","rate") VALUES (23,N'NHI',N'👍☺️','2023-08-15',4);
INSERT INTO "Comment"("productId","name","content","date","rate") VALUES (23,N'PHƯƠNG',N'Nhân viên nhiệt tình vui vẽ','2021-08-14',5);
INSERT INTO "Comment"("productId","name","content","date","rate") VALUES (23,N'MINH',N'máy dùng tốt.','2021-05-20',5);
INSERT INTO "Comment"("productId","name","content","date","rate") VALUES (23,N'HIỀN',N'Sản phẩm tốt phục vụ nhiệt tình','2023-02-13',5);
INSERT INTO "Comment"("productId","name","content","date","rate") VALUES (23,N'TRANG',N'Hài lòng với sp','2022-07-15',4);
INSERT INTO "Comment"("productId","name","content","date","rate") VALUES (23,N'Trần Đình Bảo Luân',N'Máy mua gần tháng. Đánh giá chất lượng sơn viền và lưng rất tệ, dễ bong tróc, loang lỗ. Bàn phism gõ telex hay bị lỗi mất dấu, camera bình thường. Máy xem tiktok được vài phút rất nóng. Pin tuột nhanh.','2022-10-16',2);
INSERT INTO "Comment"("productId","name","content","date","rate") VALUES (23,N'PHƯỢNG',N'Tôi thấy tốt','2020-05-17',4);
INSERT INTO "Comment"("productId","name","content","date","rate") VALUES (23,N'Phong',N'Dùng được gần 2 tuần máy rất OK nhá 😚','2022-10-30',5);
INSERT INTO "Comment"("productId","name","content","date","rate") VALUES (23,N'Huỳnh dung',N'Con 14 pro khi tắt màn hình nó vẫn sáng mờ chứ không tắt tối hẳn phải ko ạ','2023-02-27',3);
INSERT INTO "Comment"("productId","name","content","date","rate") VALUES (23,N'DUNG',N'Rất tốt, mấy chị nv tư vấn rất nhiệt tình ạ, rất hài lòng','2021-12-28',5);
INSERT INTO "Comment"("productId","name","content","date","rate") VALUES (23,N'HANG',N'Tư vấn nhiệt tình','2023-01-26',4);
INSERT INTO "Comment"("productId","name","content","date","rate") VALUES (23,N'NANG',N'chi nhân viên nhiệt tình','2020-12-08',5);
INSERT INTO "Comment"("productId","name","content","date","rate") VALUES (23,N'Lê hoàng phúc ',N'Nhiên viên quản lý phục vụ rất tốt.ai ở cần thơ thì ghé ngay thế giới di động vừa qua cầu quan trung nha.mới mua hôm qua','2020-10-25',5);
INSERT INTO "Comment"("productId","name","content","date","rate") VALUES (23,N'HUY',N'Sp tốt lắm ạ','2022-03-24',5);
INSERT INTO "Comment"("productId","name","content","date","rate") VALUES (23,N'HAO',N'Điện thoại rất tốt, dịch vụ hổ trợ tại shop rất tốt, nhân viên rất vui vẻ nhiệt tình','2023-08-28',5);
INSERT INTO "Comment"("productId","name","content","date","rate") VALUES (23,N'PHƯƠNG',N'rất tốt','2020-07-31',5);
INSERT INTO "Comment"("productId","name","content","date","rate") VALUES (23,N'BÍCH',N'Cũng bình thường','2021-08-12',4);
INSERT INTO "Comment"("productId","name","content","date","rate") VALUES (23,N'MINH',N'Sản phẩm chính hãng , nhân viên bán hàng tận tình','2022-09-25',5);
INSERT INTO "Comment"("productId","name","content","date","rate") VALUES (23,N'TƯỞNG',N'Không có gì đột phá so với thế hệ trước','2021-07-12',3);
INSERT INTO "Comment"("productId","name","content","date","rate") VALUES (23,N'AN',N'Quá ok','2022-10-19',5);
INSERT INTO "Comment"("productId","name","content","date","rate") VALUES (23,N'PHƯƠNG',N'Rất tuyệt','2021-06-07',5);
INSERT INTO "Comment"("productId","name","content","date","rate") VALUES (23,N'NGỌC',N'Rất hài lòng với sản phẩm','2021-09-26',5);
INSERT INTO "Comment"("productId","name","content","date","rate") VALUES (23,N'DỰ',N'Tận tình chu đáo','2023-03-17',5);
INSERT INTO "Comment"("productId","name","content","date","rate") VALUES (23,N'CHIẾN',N'Rất ok','2020-05-08',5);
INSERT INTO "Comment"("productId","name","content","date","rate") VALUES (23,N'TOẢN',N'San Pham ok','2022-03-17',5);
INSERT INTO "Comment"("productId","name","content","date","rate") VALUES (23,N'THƯƠNG',N'Dùng đc vài ngày lỗi fb k bấm đc vào phần nt riêng phải vào mess tìm tên người đó mới nt đc','2021-04-05',1);
INSERT INTO "Comment"("productId","name","content","date","rate") VALUES (23,N'QUÝ',N'Rất ok','2022-12-22',5);
INSERT INTO "Comment"("productId","name","content","date","rate") VALUES (23,N'TÌNH',N'Sản phẩm rất đẹp và khác biệt','2021-03-24',5);
INSERT INTO "Comment"("productId","name","content","date","rate") VALUES (23,N'MẪN',N'Nhân viên nhiệt tình','2023-04-17',5);
INSERT INTO "Comment"("productId","name","content","date","rate") VALUES (23,N'VƯỢNG',N'ok ko bị lỗi gì ngoài ios16 lổi tiếng việt','2023-08-05',5);
INSERT INTO "Comment"("productId","name","content","date","rate") VALUES (23,N'LÂM',N'Rất ưng','2022-09-29',4);
INSERT INTO "Comment"("productId","name","content","date","rate") VALUES (23,N'DIỆP',N'Tốt','2022-01-16',5);
INSERT INTO "Comment"("productId","name","content","date","rate") VALUES (23,N'PHẬN',N'Sản phẩm tuyệt vời','2023-09-09',5);
INSERT INTO "Comment"("productId","name","content","date","rate") VALUES (23,N'SƠN',N'iPhone 14 pro thật tuyệt vời.','2022-03-22',5);
INSERT INTO "Comment"("productId","name","content","date","rate") VALUES (23,N'TA',N'nhân viên rất nhiệt tình','2022-03-27',5);
INSERT INTO "Comment"("productId","name","content","date","rate") VALUES (23,N'NHƯ',N'Nhìn chung là hài lòng','2021-03-22',4);
INSERT INTO "Comment"("productId","name","content","date","rate") VALUES (23,N'KHOA',N'Rất hoàn hảo','2022-05-14',5);
INSERT INTO "Comment"("productId","name","content","date","rate") VALUES (23,N'TUẤN',N'Máy chính hãng đảm bảo','2021-12-26',5);
INSERT INTO "Comment"("productId","name","content","date","rate") VALUES (23,N'CHỨC',N'Sản phẩm OK','2020-05-25',5);
INSERT INTO "Comment"("productId","name","content","date","rate") VALUES (23,N'THÀNH',N'Dùng rất ok hihi','2020-06-06',5);
INSERT INTO "Comment"("productId","name","content","date","rate") VALUES (23,N'THÀNH',N'Tất tốt','2023-06-09',5);
INSERT INTO "Comment"("productId","name","content","date","rate") VALUES (23,N'SUNUK',N'Tot','2022-06-13',5);
INSERT INTO "Comment"("productId","name","content","date","rate") VALUES (23,N'DUNG',N'Rất tốt','2021-05-23',5);
INSERT INTO "Comment"("productId","name","content","date","rate") VALUES (23,N'TẰN',N'Đặt hàng nhận bảo hành 2 năm chính hãng mà kích hoạt đc bảo hành 1 năm…','2022-02-21',4);
INSERT INTO "Comment"("productId","name","content","date","rate") VALUES (23,N'QUANG',N'- cứ đang nghe đc 20s là bên kia ko nghe thấy gì','2022-07-30',2);
INSERT INTO "Comment"("productId","name","content","date","rate") VALUES (23,N'TRÌNH',N'Xài rất tốt','2021-01-16',5);
INSERT INTO "Comment"("productId","name","content","date","rate") VALUES (23,N'QUANG',N'Tôt','2023-03-21',5);
INSERT INTO "Comment"("productId","name","content","date","rate") VALUES (23,N'LƯƠNG',N'Ok lắm','2021-07-19',5);
INSERT INTO "Comment"("productId","name","content","date","rate") VALUES (23,N'BÉ',N'Rất cảm ơn ĐMX đã hỗ trợ rất nhiệt tình
 Đặc biết là nhân viên!','2021-08-05',5);
INSERT INTO "Comment"("productId","name","content","date","rate") VALUES (23,N'DƯƠNG',N'Tuyệt vời','2021-09-07',5);
INSERT INTO "Comment"("productId","name","content","date","rate") VALUES (23,N'THÀNH',N'Sản phẩm rất tốt','2022-07-20',5);
INSERT INTO "Comment"("productId","name","content","date","rate") VALUES (23,N'CƯỜNG',N'Rất tốt','2021-08-03',5);
INSERT INTO "Comment"("productId","name","content","date","rate") VALUES (23,N'DUNG',N'Nhân viên tư vấn nhiệt tình','2020-10-24',5);
INSERT INTO "Comment"("productId","name","content","date","rate") VALUES (23,N'CHÂU',N'Ok','2022-09-14',5);
INSERT INTO "Comment"("productId","name","content","date","rate") VALUES (23,N'HOÀNG',N'Máy ok nhứt nách','2022-04-29',5);
INSERT INTO "Comment"("productId","name","content","date","rate") VALUES (23,N'TRỌNG',N'Đựp','2021-05-20',5);
INSERT INTO "Comment"("productId","name","content","date","rate") VALUES (23,N'HẬU',N'Ok. Giao hangd nhanh','2021-02-18',5);
INSERT INTO "Comment"("productId","name","content","date","rate") VALUES (23,N'HOÀNG',N'Tốt','2021-03-25',5);
INSERT INTO "Comment"("productId","name","content","date","rate") VALUES (23,N'KHANH',N'Good...!','2021-04-27',5);
INSERT INTO "Comment"("productId","name","content","date","rate") VALUES (23,N'THẮNG',N'Tuyệt','2022-01-23',5);
INSERT INTO "Comment"("productId","name","content","date","rate") VALUES (23,N'MINH',N'máy mới. dùng rất mượt. mỗi tội là vợ dùng 
 tgdd nên có chính sách mua 1 tặng 1 . để tôi còn có cái mà dùng','2023-01-29',5);
INSERT INTO "Comment"("productId","name","content","date","rate") VALUES (23,N'Anh Nghi',N'','2023-06-03',4);
INSERT INTO "Comment"("productId","name","content","date","rate") VALUES (23,N'Hoàng Việt',N'','2021-02-22',5);
INSERT INTO "Comment"("productId","name","content","date","rate") VALUES (23,N'Tuấn',N'','2022-09-05',5);
INSERT INTO "Comment"("productId","name","content","date","rate") VALUES (23,N'Thuy',N'','2023-05-16',5);
INSERT INTO "Comment"("productId","name","content","date","rate") VALUES (23,N'Tấn Nguyen',N'','2021-02-01',5);
INSERT INTO "Comment"("productId","name","content","date","rate") VALUES (23,N'Đặng Vinh Sơn',N'','2023-12-12',4);
INSERT INTO "Comment"("productId","name","content","date","rate") VALUES (23,N'Tuấn',N'','2023-11-06',4);
INSERT INTO "Comment"("productId","name","content","date","rate") VALUES (23,N'Trâm',N'','2023-08-02',4);
INSERT INTO "Comment"("productId","name","content","date","rate") VALUES (23,N'Truong Thi Thu Hien',N'','2022-09-22',5);
INSERT INTO "Comment"("productId","name","content","date","rate") VALUES (23,N'Tran Thi Kieu',N'','2022-03-24',4);
INSERT INTO "Comment"("productId","name","content","date","rate") VALUES (23,N'Bùi Đức Chính',N'','2022-05-19',5);
INSERT INTO "Comment"("productId","name","content","date","rate") VALUES (23,N'Quách Anh Hào',N'','2021-07-20',5);
INSERT INTO "Comment"("productId","name","content","date","rate") VALUES (23,N'Quảng',N'','2023-04-20',5);
INSERT INTO "Comment"("productId","name","content","date","rate") VALUES (23,N'Chị Tuyết',N'','2021-01-28',5);
INSERT INTO "Comment"("productId","name","content","date","rate") VALUES (23,N'Thai Thi Kim Huong',N'','2023-07-25',4);
INSERT INTO "Comment"("productId","name","content","date","rate") VALUES (23,N'Chị Hải',N'','2023-11-30',4);
INSERT INTO "Comment"("productId","name","content","date","rate") VALUES (23,N'Anh Sáng',N'','2020-10-27',5);
INSERT INTO "Comment"("productId","name","content","date","rate") VALUES (23,N'Chú Thắng',N'','2022-12-03',5);
INSERT INTO "Comment"("productId","name","content","date","rate") VALUES (23,N'Vũ Đình Long',N'','2022-09-24',5);
INSERT INTO "Comment"("productId","name","content","date","rate") VALUES (23,N'Hoà',N'Mượt mà.','2021-12-09',4);
INSERT INTO "Comment"("productId","name","content","date","rate") VALUES (23,N'Anh Thành',N'','2023-01-04',5);
INSERT INTO "Comment"("productId","name","content","date","rate") VALUES (23,N'Chị Tiên',N'','2022-04-10',5);
INSERT INTO "Comment"("productId","name","content","date","rate") VALUES (23,N'Hùng',N'','2021-01-22',3);
INSERT INTO "Comment"("productId","name","content","date","rate") VALUES (23,N'Nguyễn Công Bằng',N'','2022-03-07',4);
INSERT INTO "Comment"("productId","name","content","date","rate") VALUES (23,N'SON',N'','2020-09-24',5);
INSERT INTO "Comment"("productId","name","content","date","rate") VALUES (23,N'LONG',N'','2021-08-04',4);
INSERT INTO "Comment"("productId","name","content","date","rate") VALUES (23,N'Mỹ Trinh',N'','2021-05-31',3);
INSERT INTO "Comment"("productId","name","content","date","rate") VALUES (23,N'NG C',N'','2021-01-21',3);
INSERT INTO "Comment"("productId","name","content","date","rate") VALUES (23,N'THIỆN',N'','2022-03-07',5);
INSERT INTO "Comment"("productId","name","content","date","rate") VALUES (23,N'SƠN',N'','2022-07-13',4);
INSERT INTO "Comment"("productId","name","content","date","rate") VALUES (23,N'LINH',N'','2020-11-26',4);
INSERT INTO "Comment"("productId","name","content","date","rate") VALUES (23,N'TÂM',N'','2023-03-29',5);
INSERT INTO "Comment"("productId","name","content","date","rate") VALUES (23,N'BẢO',N'','2022-01-07',5);
INSERT INTO "Comment"("productId","name","content","date","rate") VALUES (23,N'NGHĨA',N'','2021-03-26',4);
INSERT INTO "Comment"("productId","name","content","date","rate") VALUES (23,N'HƯNG.',N'','2022-06-03',5);
INSERT INTO "Comment"("productId","name","content","date","rate") VALUES (23,N'TUYẾN',N'','2021-01-27',4);
INSERT INTO "Comment"("productId","name","content","date","rate") VALUES (23,N'THIỆN',N'','2022-03-22',4);
INSERT INTO "Comment"("productId","name","content","date","rate") VALUES (23,N'KIÊN',N'Xài rất OK tôi rất hài lòng so này','2023-03-22',5);
INSERT INTO "Comment"("productId","name","content","date","rate") VALUES (23,N'ĐÔNG',N'','2023-07-07',5);
INSERT INTO "Comment"("productId","name","content","date","rate") VALUES (23,N'DƯƠNG',N'','2020-12-29',4);
INSERT INTO "Comment"("productId","name","content","date","rate") VALUES (23,N'TÚ',N'','2022-01-28',5);
INSERT INTO "Comment"("productId","name","content","date","rate") VALUES (23,N'GẤM',N'','2020-07-13',4);
INSERT INTO "Comment"("productId","name","content","date","rate") VALUES (23,N'DŨNG',N'','2021-05-27',4);
INSERT INTO "Comment"("productId","name","content","date","rate") VALUES (23,N'VÂN',N'','2023-01-08',5);

INSERT INTO "Product" ("productId","total","typeId","image","cost","price","discount","rate","releaseDate","name") VALUES (24, 103, 2,'https://cdn.tgdd.vn/Products/Images/42/245545/iPhone-14-plus-thumb-xanh-1-600x600.jpg',19690000,23690000,10,4.6,'2019-10-05', N'Điện thoại iPhone 14 Plus 128GB');
INSERT INTO "ProductDetail" ("productId","screen","os","cameraBehind","cameraFront","cpu","ram","rom","battery","sim") VALUES (24,N'OLED, 6.7", Super Retina XDR',N'iOS 16',N'2 camera 12 MP',N'12 MP',N'Apple A15 Bionic', N'6 GB',N'128 GB',N'4325 mAh',N'1 Nano SIM & 1 eSIM');
INSERT INTO "Comment"("productId","name","content","date","rate") VALUES (24,N'Đặng Thanh Bình',N'ok','2020-05-13',5);
INSERT INTO "Comment"("productId","name","content","date","rate") VALUES (24,N'Son',N'Sản phẩm tốt','2021-06-25',5);
INSERT INTO "Comment"("productId","name","content","date","rate") VALUES (24,N'Linh',N'Mua máy về dùng một tháng thấy máy dùng ổn áp, pin trâu, màn hình to, này này siêu đẹp, rất đáng để mua nha mn','2020-07-15',5);
INSERT INTO "Comment"("productId","name","content","date","rate") VALUES (24,N'Miêu Khả Tú',N'Hài lòng','2020-02-06',5);
INSERT INTO "Comment"("productId","name","content","date","rate") VALUES (24,N'Chị Hoà',N'Ok','2020-05-03',5);
INSERT INTO "Comment"("productId","name","content","date","rate") VALUES (24,N'Trương Ngọc Tú',N'Oke','2022-08-10',3);
INSERT INTO "Comment"("productId","name","content","date","rate") VALUES (24,N'Nguyễn văn Bằng',N'May dùng rất tốt pin cực trâu âm thanh nghe to và ấm','2021-12-12',5);
INSERT INTO "Comment"("productId","name","content","date","rate") VALUES (24,N'Anh Tuấn',N'Máy tuyệt vời, tiếc là bị TGDĐ block ko cho đặt online, chả hiểu nổi','2022-12-15',5);
INSERT INTO "Comment"("productId","name","content","date","rate") VALUES (24,N'Anh Truyền',N'Rất tốt mn nên mua nhé','2020-08-19',4);
INSERT INTO "Comment"("productId","name","content","date","rate") VALUES (24,N'Nguyên Quang Huy',N'Tốt','2021-12-17',4);
INSERT INTO "Comment"("productId","name","content","date","rate") VALUES (24,N'Thạch bí',N'OK','2020-01-06',5);
INSERT INTO "Comment"("productId","name","content","date","rate") VALUES (24,N'Anh Đăng',N'Điện thoại xài ok chưa thấy lỗi j còn về dịch vụ thì mình thấy chưa hài lòng lắm. Mua điện thoại giá hơn 20 tr mà ko thấy tặng j ít ra cũng đc miếng dán hay cái ốp thì người mua cảm thấy happy hơn miếng dán cường lưc còn ko có p ra ngoài dán ốp lưng cũng ko có loại trong suốt chống sốc của dòng 14 plus haiz','2023-06-05',4);
INSERT INTO "Comment"("productId","name","content","date","rate") VALUES (24,N'Đinh Công Chính',N'Sd tuyệt vời','2020-09-07',5);
INSERT INTO "Comment"("productId","name","content","date","rate") VALUES (24,N'NGUYỄN THANH TRUNG',N'Máy tốt pin xài rất lâu , hiện tại chưa xảy ra lỗi','2021-08-19',5);
INSERT INTO "Comment"("productId","name","content","date","rate") VALUES (24,N'Trinh',N'Nhân viên tư vấn nhiệt tình, đt dùng mượt','2021-07-10',4);
INSERT INTO "Comment"("productId","name","content","date","rate") VALUES (24,N'Chị Trang',N'Đôi khi bắt mạng wifi hơi chập chờn','2019-10-19',4);
INSERT INTO "Comment"("productId","name","content","date","rate") VALUES (24,N'Hạnh',N'Nhân viên tư vấn nhiệt tình, đt xài tốt.','2021-01-05',5);
INSERT INTO "Comment"("productId","name","content","date","rate") VALUES (24,N'Hà Long',N'Lần đầu chuyển sang iPhone, rất mượt, pin trâu + bạn nhân viên dễ gần, chu đáo','2022-08-22',5);
INSERT INTO "Comment"("productId","name","content","date","rate") VALUES (24,N'Chị Hằng',N'Máy tốt , tiết kiệm pin','2023-06-01',5);
INSERT INTO "Comment"("productId","name","content","date","rate") VALUES (24,N'Lê Văn Sâm',N'Rất ưng ý sp. và rất hài lòng cách phục vụ của nhân viên bên thế giới di động. Bạc Liêu 👍👍👍','2023-11-12',5);
INSERT INTO "Comment"("productId","name","content","date","rate") VALUES (24,N'Phạm Thị Nàng',N'Sảm phẩm tốt','2020-12-22',5);
INSERT INTO "Comment"("productId","name","content","date","rate") VALUES (24,N'Lê',N'Điện thoại đẹp pin được lâu','2022-04-18',5);
INSERT INTO "Comment"("productId","name","content","date","rate") VALUES (24,N'Lý Giáp Thân',N'San pham tot','2023-09-16',4);
INSERT INTO "Comment"("productId","name","content","date","rate") VALUES (24,N'Nguyễn Anh Duy',N'Pin trâu lăm','2021-11-06',4);
INSERT INTO "Comment"("productId","name","content","date","rate") VALUES (24,N'Quang',N'Ok','2020-08-11',5);
INSERT INTO "Comment"("productId","name","content","date","rate") VALUES (24,N'Anh Vương',N'Good','2023-03-02',5);
INSERT INTO "Comment"("productId","name","content","date","rate") VALUES (24,N'Trịnh Ngọc Quân',N'Ok','2021-09-22',5);
INSERT INTO "Comment"("productId","name","content","date","rate") VALUES (24,N'NGUYỄN THỊ DIỄM KIỀU',N'Máy đẹp , phân vân giữ tím và trắng ra ngoài shop thì thấy trắng sang hơn nha . Pin mình bấm liên tục sài từ sáng tới tối luôn á ... chỉ có đều vì không có cam tele nên zoom xa không đc rõ nét nhưng không saoo ... mình muốn màn hình to và pin trâu thui','2023-07-18',4);
INSERT INTO "Comment"("productId","name","content","date","rate") VALUES (24,N'Trần Đức Dũng',N'Pin trâu máy cũng khá mát dùng thực tế khá ổn','2022-12-29',5);
INSERT INTO "Comment"("productId","name","content","date","rate") VALUES (24,N'Nguyễn Mạch Thuỳ Linh',N'Dùng ok, pin lâu hơn ip13 nhưng size máy to','2022-12-27',5);
INSERT INTO "Comment"("productId","name","content","date","rate") VALUES (24,N'NGUYỄN XUÂN NGỌC',N'Xài ok','2020-02-16',5);
INSERT INTO "Comment"("productId","name","content","date","rate") VALUES (24,N'Anh Hớn',N'máy xài ok ! nhân tứ vấn nhiệt tình !','2022-11-02',4);
INSERT INTO "Comment"("productId","name","content","date","rate") VALUES (24,N'Võ Phương Nam',N'Good','2023-12-19',4);
INSERT INTO "Comment"("productId","name","content","date","rate") VALUES (24,N'Cô Thoa',N'T','2023-07-25',4);
INSERT INTO "Comment"("productId","name","content","date","rate") VALUES (24,N'Tuân',N'Ok','2021-02-10',5);
INSERT INTO "Comment"("productId","name","content","date","rate") VALUES (24,N'Phan Chiến Công',N'Tốt, pin trâu, đẹp!!','2023-06-30',5);
INSERT INTO "Comment"("productId","name","content","date","rate") VALUES (24,N'Trương Hiền Luân Vũ',N'Tốt','2021-09-25',5);
INSERT INTO "Comment"("productId","name","content","date","rate") VALUES (24,N'Bùi thành công',N'Mình muốn trả hàng mất bn phí vậy','2023-04-28',5);
INSERT INTO "Comment"("productId","name","content","date","rate") VALUES (24,N'Thanh',N'Ok tốt','2022-03-18',5);
INSERT INTO "Comment"("productId","name","content","date","rate") VALUES (24,N'Trang',N'...','2021-11-02',5);
INSERT INTO "Comment"("productId","name","content","date","rate") VALUES (24,N'Huynh Quoc Duy',N'Good','2021-11-10',4);
INSERT INTO "Comment"("productId","name","content","date","rate") VALUES (24,N'Tường Vi',N'Do đt hư nên mình mua đại thôi mà ai dè mua trúng dòng pin trâu bò xài đã ghê, thêm cái màu vàng đẹp xuất sắc  😆','2021-07-20',5);
INSERT INTO "Comment"("productId","name","content","date","rate") VALUES (24,N'Vũ Tiến Đức',N'Sản phẩm tốt. Dịch vụ tốt','2022-04-02',5);
INSERT INTO "Comment"("productId","name","content","date","rate") VALUES (24,N'Đào Anh Vũ',N'Tốt mình rất hài lòng , cám ơn cửa hàng à nhân viên bán hàng rất nhieu','2021-09-02',5);
INSERT INTO "Comment"("productId","name","content","date","rate") VALUES (24,N'Võ Xuân Khánh',N'Dùng rất thích','2022-09-06',4);
INSERT INTO "Comment"("productId","name","content","date","rate") VALUES (24,N'Trương Tấn Đại',N'Sản phẩm ok ,pin trâu','2020-04-09',4);
INSERT INTO "Comment"("productId","name","content","date","rate") VALUES (24,N'Lưu Thị Thu Hồng',N'Dùng mượt và sẽ giới thiệu cho người thân','2023-10-06',5);
INSERT INTO "Comment"("productId","name","content","date","rate") VALUES (24,N'Gia Lạc',N'Hì ☺️, em cũng hong biết nhận xét chi tiết như nào nên chỉ có thể nói là : điện thoại ip 14 Plus đẹppp nè, ổnnn áp luôn nè ( mặc dù em mới dùng có 1-2 tháng ) nhưng mà em thấy nó ổn thiệttt í ^^ . Với em muốn cảm ơn các Anh Chị ở tgdđ 35 thống nhất - Đức Trọng - Lâm Đồng đã hỗ trợ cho em ạ!','2022-07-16',5);
INSERT INTO "Comment"("productId","name","content","date","rate") VALUES (24,N'Nguyễn Đức Thịnh',N'ôk','2023-06-10',5);
INSERT INTO "Comment"("productId","name","content","date","rate") VALUES (24,N'Triệu Thị Hải',N'Đt chạy bình thường','2022-11-19',5);
INSERT INTO "Comment"("productId","name","content","date","rate") VALUES (24,N'Huỳnh nhất linh',N'Tốt','2022-12-13',4);
INSERT INTO "Comment"("productId","name","content","date","rate") VALUES (24,N'Nam',N'Ok','2019-11-13',4);
INSERT INTO "Comment"("productId","name","content","date","rate") VALUES (24,N'Đạt',N'Rất tốt','2019-10-19',5);
INSERT INTO "Comment"("productId","name","content","date","rate") VALUES (24,N'Trần Minh Đức',N'Trải nghiệm sp oke, pin tốt. Ấn tượng nhất mấy bạn nhân viên thân thiện, nhiệt tình, vui vẻ, hào hứng với khách dù lúc đó đã gần 22h.','2023-05-15',5);
INSERT INTO "Comment"("productId","name","content","date","rate") VALUES (24,N'Chị Lan',N'Máy hơi chậm','2022-04-20',4);
INSERT INTO "Comment"("productId","name","content","date","rate") VALUES (24,N'Chị Kiều',N'Phục vụ tốt','2023-11-05',5);
INSERT INTO "Comment"("productId","name","content","date","rate") VALUES (24,N'Anh Trường',N'Ok','2021-12-26',4);
INSERT INTO "Comment"("productId","name","content","date","rate") VALUES (24,N'CÔNG TY TNHH 21.9',N'Sp xài ok','2020-01-13',4);
INSERT INTO "Comment"("productId","name","content","date","rate") VALUES (24,N'CÔNG TY CỔ PHẦN ĐẦU TƯ XÂY DỰNG 468',N'Chfvv','2020-08-02',5);
INSERT INTO "Comment"("productId","name","content","date","rate") VALUES (24,N'Gia Vĩnh',N'ok','2021-01-22',5);
INSERT INTO "Comment"("productId","name","content","date","rate") VALUES (24,N'Minh Hưng',N'Mua ngày 29 tết, dùng thực tế khá ổn áp khi từ Samsung s20+ qua, không biết tại sao cái bàn phím ấn hơi ảo lúc viết có dấu dc lúc không dc. Cái airpod pro kết nối Bluetooth vs ipad thì nhanh còn trên IPhone thì chậm có khi đợi lâu 2p mới dc, kết nối không biết là do tai nghe hay do máy nữa','2020-05-20',5);
INSERT INTO "Comment"("productId","name","content","date","rate") VALUES (24,N'Lê Minh Nhựt',N'Nhan viên tư vấn nhiệt tình, dễ thương. Máy xài quá ổn.','2020-04-05',5);
INSERT INTO "Comment"("productId","name","content","date","rate") VALUES (24,N'Nguyễn Mạnh Hùng',N'Dich vu va san pham tốt','2021-03-07',5);
INSERT INTO "Comment"("productId","name","content","date","rate") VALUES (24,N'Phạm Ngọc Tân',N'Gia cao','2020-07-09',3);
INSERT INTO "Comment"("productId","name","content","date","rate") VALUES (24,N'Anh Chiển',N'Ok','2022-07-28',4);
INSERT INTO "Comment"("productId","name","content","date","rate") VALUES (24,N'Chu Văn Thao',N'OK','2021-10-30',5);
INSERT INTO "Comment"("productId","name","content","date","rate") VALUES (24,N'A Lưu',N'Rất tốt','2022-02-22',5);
INSERT INTO "Comment"("productId","name","content","date","rate") VALUES (24,N'anh tình',N'tốt','2020-09-14',5);
INSERT INTO "Comment"("productId","name","content","date","rate") VALUES (24,N'Chú Dương',N'Mới xử dụng chưa thấy có vấn đề gì . Vẫn Tốt','2020-09-17',4);
INSERT INTO "Comment"("productId","name","content","date","rate") VALUES (24,N'Anh Sơn',N'Tạm thời hài lòng, 4 sao','2023-09-23',4);
INSERT INTO "Comment"("productId","name","content","date","rate") VALUES (24,N'Hoàng Thị Lý',N'Tốt','2022-09-18',5);
INSERT INTO "Comment"("productId","name","content","date","rate") VALUES (24,N'LINH',N'Tốt','2021-10-21',4);
INSERT INTO "Comment"("productId","name","content","date","rate") VALUES (24,N'NAM',N'Tốt','2022-11-19',4);
INSERT INTO "Comment"("productId","name","content","date","rate") VALUES (24,N'TRANG',N'Pin trâu , sài mượt .... Nv tư vấn nhiệt tình','2021-04-19',5);
INSERT INTO "Comment"("productId","name","content","date","rate") VALUES (24,N'ANH',N'Tốt','2023-01-23',5);
INSERT INTO "Comment"("productId","name","content","date","rate") VALUES (24,N'Hồng',N'Rất tốt, pin xài rất trâu!','2023-02-15',5);
INSERT INTO "Comment"("productId","name","content","date","rate") VALUES (24,N'VĨNH',N'Sản phẩm tốt, tư vấn viên tuyệt vời.','2021-01-25',5);
INSERT INTO "Comment"("productId","name","content","date","rate") VALUES (24,N'Nguyễn thanh lâm',N'Mới ra nhận hôm 14/10..nhân viên làm thủ tục nhanh gọn lẹ.cảm ơn
 Tưởng cuối tháng 10 mới nhận được ,không ngờ quá nhanh','2019-12-15',5);
INSERT INTO "Comment"("productId","name","content","date","rate") VALUES (24,N'TRANG',N'Chụp ảnh đẹp, máy dùng êm','2022-11-09',5);
INSERT INTO "Comment"("productId","name","content","date","rate") VALUES (24,N'Kỳ',N'','2021-03-19',5);
INSERT INTO "Comment"("productId","name","content","date","rate") VALUES (24,N'Hồ Phương Linh',N'','2022-01-30',5);
INSERT INTO "Comment"("productId","name","content","date","rate") VALUES (24,N'Chú Sơn',N'','2022-11-14',4);
INSERT INTO "Comment"("productId","name","content","date","rate") VALUES (24,N'Trương Hoàng Anh',N'','2020-04-14',5);
INSERT INTO "Comment"("productId","name","content","date","rate") VALUES (24,N'NGUYỄN KHẮC HUẤN',N'','2020-02-08',4);
INSERT INTO "Comment"("productId","name","content","date","rate") VALUES (24,N'HỒ QUỐC THỊNH',N'','2020-06-26',5);
INSERT INTO "Comment"("productId","name","content","date","rate") VALUES (24,N'Đỗ Thanh Vũ',N'','2020-04-20',4);
INSERT INTO "Comment"("productId","name","content","date","rate") VALUES (24,N'LÝ TRỰC ĐẠT',N'','2021-11-19',4);
INSERT INTO "Comment"("productId","name","content","date","rate") VALUES (24,N'Cường',N'','2020-07-19',3);
INSERT INTO "Comment"("productId","name","content","date","rate") VALUES (24,N'Kiều Thị Hà',N'','2020-07-11',4);
INSERT INTO "Comment"("productId","name","content","date","rate") VALUES (24,N'Vũ xuân hai',N'','2020-06-12',5);
INSERT INTO "Comment"("productId","name","content","date","rate") VALUES (24,N'Cô Trang',N'','2020-01-21',5);
INSERT INTO "Comment"("productId","name","content","date","rate") VALUES (24,N'Trần Văn Điệp',N'','2023-12-04',4);
INSERT INTO "Comment"("productId","name","content","date","rate") VALUES (24,N'Le Thi Lap',N'','2022-04-28',4);
INSERT INTO "Comment"("productId","name","content","date","rate") VALUES (24,N'Phạm Vy',N'','2020-01-15',5);
INSERT INTO "Comment"("productId","name","content","date","rate") VALUES (24,N'Hoàng Văn Hiếu',N'','2022-09-20',5);
INSERT INTO "Comment"("productId","name","content","date","rate") VALUES (24,N'Do Quoc Huy',N'','2022-05-27',3);
INSERT INTO "Comment"("productId","name","content","date","rate") VALUES (24,N'Bùi Đăng Bảo',N'','2020-10-13',5);
INSERT INTO "Comment"("productId","name","content","date","rate") VALUES (24,N'Nguyễn Thị Nhung',N'','2020-12-23',4);
INSERT INTO "Comment"("productId","name","content","date","rate") VALUES (24,N'Hien',N'','2021-03-19',4);
INSERT INTO "Comment"("productId","name","content","date","rate") VALUES (24,N'Đỗ Thị Ánh Ngọc',N'','2020-05-01',5);
INSERT INTO "Comment"("productId","name","content","date","rate") VALUES (24,N'KHANG',N'','2020-07-10',3);
INSERT INTO "Comment"("productId","name","content","date","rate") VALUES (24,N'TÙNG',N'','2022-02-01',4);
INSERT INTO "Comment"("productId","name","content","date","rate") VALUES (24,N'DŨNG',N'','2022-03-28',4);

INSERT INTO "Product" ("productId","total","typeId","image","cost","price","discount","rate","releaseDate","name") VALUES (25, 53, 2,'https://cdn.tgdd.vn/Products/Images/42/240259/iPhone-14-thumb-trang-600x600.jpg',16490000,20490000,9,4.4,'2022-07-26', N'Điện thoại iPhone 14 128GB');
INSERT INTO "ProductDetail" ("productId","screen","os","cameraBehind","cameraFront","cpu","ram","rom","battery","sim") VALUES (25,N'OLED, 6.1", Super Retina XDR',N'iOS 16',N'2 camera 12 MP',N'12 MP',N'Apple A15 Bionic', N'6 GB',N'128 GB',N'3279 mAh',N'1 Nano SIM & 1 eSIM');
INSERT INTO "Comment"("productId","name","content","date","rate") VALUES (25,N'Bùi Thị Phương Thuỳ',N'Mướt mườn mượt, 10 điểm k có nhưng. Chụp ảnh nét nẹt lun. Cầm vừa tay k bị to hay nặng quá nchung là ưnggggg luôn đồng hành cùng với TGDD','2023-03-11',5);
INSERT INTO "Comment"("productId","name","content","date","rate") VALUES (25,N'Nguyễn Văn Nghiêm',N'Mượt mà. Chụp ảnh xuất sắc. Tạm thời rất ưng ý','2023-09-21',5);
INSERT INTO "Comment"("productId","name","content","date","rate") VALUES (25,N'Văn Thị Lê Giang',N'Đt mới mua để qua đêm từ 54% đến sáng dậy còn 17% là lỗi rồi phải ko. 2 đêm liên tiếp đều bị như vậy','2023-06-30',2);
INSERT INTO "Comment"("productId","name","content","date","rate") VALUES (25,N'Huy',N'.','2022-07-29',2);
INSERT INTO "Comment"("productId","name","content","date","rate") VALUES (25,N'Hải Vân',N'Tốt','2023-01-01',5);
INSERT INTO "Comment"("productId","name","content","date","rate") VALUES (25,N'Nguyễn Hữu Phước',N'Rất tốt','2023-02-04',5);
INSERT INTO "Comment"("productId","name","content","date","rate") VALUES (25,N'Anh Tuấn',N'Máy rất tốt rất hài lòng về sản phẩm','2023-06-30',5);
INSERT INTO "Comment"("productId","name","content","date","rate") VALUES (25,N'Phạm văn tuyến',N'oki','2022-11-12',4);
INSERT INTO "Comment"("productId","name","content","date","rate") VALUES (25,N'Nguyễn Phú Hà',N'Điện thoại rất tốt','2023-03-16',5);
INSERT INTO "Comment"("productId","name","content","date","rate") VALUES (25,N'Nga',N'Nhanh hết pinchỉ đọc báo trong vòng 5 phút hết 2% pin','2023-04-22',2);
INSERT INTO "Comment"("productId","name","content","date","rate") VALUES (25,N'Thuânp',N'Mình đả gửi inphone 14 di kiểm tra máy mình đả dùng 23 ngài bị tróc sơn rất phiền phức bỏ tiền mua sài mà phải đi hầu nửa rất bực bội mong hảng inphone phải hồi mình sớm để mình còn tínhchứ kéo dài thời gian qua thang thứ 2 mình lổ thêm 30% là ko dươc àk.đúng xui đưa ngai mình máy lổi tróc sơn','2023-09-26',1);
INSERT INTO "Comment"("productId","name","content","date","rate") VALUES (25,N'Võ Lê Tấn Lộc',N'Đã mua iphone 14 tại thế giới di động..','2023-07-09',5);
INSERT INTO "Comment"("productId","name","content","date","rate") VALUES (25,N'bá tùng',N'sản phẩm dùng tốt bạn Quới shop 176 Nguyễn Tri Phương Q5 hổ trợ nhiệt tình truyền dữ liệu chú bảo vệ thân thiện niềm nở sẽ giới thiệu cho gia đình đến mua thường xuyên yên tâm khi mua hàng tại TGDD','2023-06-22',5);
INSERT INTO "Comment"("productId","name","content","date","rate") VALUES (25,N'Trương Tấn Trí',N'Sản phẩm tốt. Nguyên seal nguyên kiện','2023-09-13',5);
INSERT INTO "Comment"("productId","name","content","date","rate") VALUES (25,N'Thành Quí',N'Pin tuột như tuột máu . Lâu lâu còn bị lag đứng yên rất khó chịu','2023-05-16',1);
INSERT INTO "Comment"("productId","name","content","date","rate") VALUES (25,N'Chị Hiền',N'Còn hơi chậm chưa mượt lắm','2022-08-11',3);
INSERT INTO "Comment"("productId","name","content","date","rate") VALUES (25,N'Ngô Văn Kiều',N'Tôt','2022-10-18',5);
INSERT INTO "Comment"("productId","name","content","date","rate") VALUES (25,N'Luong nghia',N'Tuyệt vời','2023-02-26',5);
INSERT INTO "Comment"("productId","name","content","date","rate") VALUES (25,N'Dương Kim Phụng',N'Ok','2022-08-04',5);
INSERT INTO "Comment"("productId","name","content","date","rate") VALUES (25,N'Anh Trường',N'Nóng máy','2023-02-09',3);
INSERT INTO "Comment"("productId","name","content","date","rate") VALUES (25,N'NGUYỄN VINH QUANG',N'Sản phẩm dùng ok','2023-11-17',5);
INSERT INTO "Comment"("productId","name","content","date","rate") VALUES (25,N'Anh Tú',N'Nhân viên nhiệt tình ok','2023-04-21',4);
INSERT INTO "Comment"("productId","name","content","date","rate") VALUES (25,N'PHẠM BẢO TRÂM',N'Mượt chụp ảnh đẹp, mỗi tội pin ko lâu như mong đợi. Xài từ sáng đến chiều là đã hết sạch pin','2022-10-05',5);
INSERT INTO "Comment"("productId","name","content","date","rate") VALUES (25,N'Lê Thế Bình',N'Tốt','2022-09-17',4);
INSERT INTO "Comment"("productId","name","content","date","rate") VALUES (25,N'Hà Hưũ Chiến',N'Dịch vụ ok','2023-06-27',5);
INSERT INTO "Comment"("productId","name","content","date","rate") VALUES (25,N'Phát',N'Hàng sử dụng tốt','2022-12-01',5);
INSERT INTO "Comment"("productId","name","content","date","rate") VALUES (25,N'Anh',N'Ko liên quan tới đt, từ khi mua hàng nhận dc rất nhiều cuộc gọi mời chào từ cờ bạc game gủng, ko biết có bị bán thông tin ko.','2022-10-31',1);
INSERT INTO "Comment"("productId","name","content","date","rate") VALUES (25,N'Nguyễn Văn Khánh',N'Rất tốt','2023-01-18',5);
INSERT INTO "Comment"("productId","name","content","date","rate") VALUES (25,N'TRẦN VĂN BÉ NGOAN',N'Tốt','2022-08-13',5);
INSERT INTO "Comment"("productId","name","content","date","rate") VALUES (25,N'Nguyễn Thị Hồng Sương',N'Tốt','2022-11-23',5);
INSERT INTO "Comment"("productId","name","content","date","rate") VALUES (25,N'Thái',N'Mái bị lỗi trong 30 ngày đầu, không được hổ trợ đổi máy ngay','2022-12-21',1);
INSERT INTO "Comment"("productId","name","content","date","rate") VALUES (25,N'Linh',N'Sao mới dùng có 2 ngày cam nó như bị thay vậy ?','2022-11-22',3);
INSERT INTO "Comment"("productId","name","content","date","rate") VALUES (25,N'Nguyễn Quốc Khánh',N'Sản phẩm rát tốt','2023-06-30',4);
INSERT INTO "Comment"("productId","name","content","date","rate") VALUES (25,N'Vũ Thị Hằng',N'Tôi xài OK cảm ơn TGDĐ','2023-05-30',4);
INSERT INTO "Comment"("productId","name","content","date","rate") VALUES (25,N'Lê Thị Thảo',N'Sản phẩm ok','2022-10-23',5);
INSERT INTO "Comment"("productId","name","content","date","rate") VALUES (25,N'Bích Chiêu',N'Tốt','2022-12-16',4);
INSERT INTO "Comment"("productId","name","content","date","rate") VALUES (25,N'Anh Duy',N'Ngày đầu tiên bàn phím hơi lag . Tải các app khác mở lên thì lagapp mắc dù wifi rất mạnh','2023-07-02',3);
INSERT INTO "Comment"("productId","name","content","date","rate") VALUES (25,N'Hà',N'ok','2023-02-01',5);
INSERT INTO "Comment"("productId","name","content","date","rate") VALUES (25,N'Nguyen Hoang Thanh',N'Tốt','2022-12-22',5);
INSERT INTO "Comment"("productId","name","content","date","rate") VALUES (25,N'Trần Hưng',N'Rất đẹp, rất mượt','2022-10-23',5);
INSERT INTO "Comment"("productId","name","content","date","rate") VALUES (25,N'Phạm Minh Khôi',N'Ổn, thời gian dài nữa mới biết ntn','2022-10-20',4);
INSERT INTO "Comment"("productId","name","content","date","rate") VALUES (25,N'Chị Hà',N'ok','2023-04-20',5);
INSERT INTO "Comment"("productId","name","content","date","rate") VALUES (25,N'Đỗ tiến thành',N'ok','2023-11-29',5);
INSERT INTO "Comment"("productId","name","content","date","rate") VALUES (25,N'Nhàn',N'Tốt','2022-09-17',4);
INSERT INTO "Comment"("productId","name","content","date","rate") VALUES (25,N'Anh Lâm',N'Ok','2023-04-29',4);
INSERT INTO "Comment"("productId","name","content","date","rate") VALUES (25,N'Lê Công Đức',N'Nhân viên tư vấn nhiệt tình. Chế độ bảo hành tốt.','2023-07-27',4);
INSERT INTO "Comment"("productId","name","content","date","rate") VALUES (25,N'Kiều',N'Máy tốt','2023-11-25',4);
INSERT INTO "Comment"("productId","name","content","date","rate") VALUES (25,N'Trương Quốc Việt',N'sau chơi lq nó hơi giật giật ko hỉu luôn','2023-01-24',5);
INSERT INTO "Comment"("productId","name","content","date","rate") VALUES (25,N'Tạ Thị Quyên',N'Cảm ơn','2023-07-02',5);
INSERT INTO "Comment"("productId","name","content","date","rate") VALUES (25,N'Tiên',N'Hàng quá đẹp','2023-03-06',5);
INSERT INTO "Comment"("productId","name","content","date","rate") VALUES (25,N'Em Thắng',N'Tốt','2023-07-02',5);
INSERT INTO "Comment"("productId","name","content","date","rate") VALUES (25,N'Anh Đức',N'Dung lượng pin dùng tạm ổn','2023-12-17',3);
INSERT INTO "Comment"("productId","name","content","date","rate") VALUES (25,N'Tiến',N'Location: Khách chưa chọn địa chỉ <br>rất hài lòng','2023-01-11',5);
INSERT INTO "Comment"("productId","name","content","date","rate") VALUES (25,N'Cao Hoàng Hùng',N'Máy tốt giá hời ,không có gì phải bàn cãi ,mua hàng tgdd nhiều lần thấy rấc ok','2023-09-22',5);
INSERT INTO "Comment"("productId","name","content","date","rate") VALUES (25,N'Phạm Văn Huồng',N'Ok','2023-06-03',5);
INSERT INTO "Comment"("productId","name","content","date","rate") VALUES (25,N'Kiều Đại Nhân',N'Máy đẹp pin trâu','2023-06-04',5);
INSERT INTO "Comment"("productId","name","content","date","rate") VALUES (25,N'Ân',N'Tốt','2022-11-05',4);
INSERT INTO "Comment"("productId","name","content","date","rate") VALUES (25,N'Hoàng Thị Kim Nhung',N'Chụp hình đẹp, dễ sử dụng','2023-04-22',4);
INSERT INTO "Comment"("productId","name","content","date","rate") VALUES (25,N'Chị Anh',N'Phục vụ nhiệt tình chu đáo','2023-05-15',4);
INSERT INTO "Comment"("productId","name","content","date","rate") VALUES (25,N'Nguyễn Kinh Hoàng',N'Sản phẩm tóit','2023-10-02',5);
INSERT INTO "Comment"("productId","name","content","date","rate") VALUES (25,N'Phạm Thị Thuỷ',N'Tốt.','2022-12-06',4);
INSERT INTO "Comment"("productId","name","content","date","rate") VALUES (25,N'Đoàn Hiếu Minh',N'Giao hàng nhanh, hướng dẫn chu đáo, thái độ vui vẻ tận tình!','2023-11-19',5);
INSERT INTO "Comment"("productId","name","content","date","rate") VALUES (25,N'Đăng Văn Trường',N'Phục vụ nhanh và chu đáo','2023-01-04',4);
INSERT INTO "Comment"("productId","name","content","date","rate") VALUES (25,N'Trương Quang Định',N'Ok','2022-07-28',5);
INSERT INTO "Comment"("productId","name","content","date","rate") VALUES (25,N'Lâm',N'Ok','2022-10-11',5);
INSERT INTO "Comment"("productId","name","content","date","rate") VALUES (25,N'Mai',N'Nhân viên tư vấn nhiệt tình máy tới hiện tại dùng vẫn ok','2023-11-20',5);
INSERT INTO "Comment"("productId","name","content","date","rate") VALUES (25,N'Anh Danh',N'Dt sai đc 2 tuần,OK hết,man hình hoi nhỏ,ai muốn man hình OK thì sai 14plus…','2023-08-13',5);
INSERT INTO "Comment"("productId","name","content","date","rate") VALUES (25,N'Chị Y',N'Tôi đang sử dụng sản phẩm rất OK','2022-12-17',5);
INSERT INTO "Comment"("productId","name","content","date","rate") VALUES (25,N'Oanh',N'Tốt','2022-12-17',4);
INSERT INTO "Comment"("productId","name","content","date","rate") VALUES (25,N'Anh Toán',N'Ok','2023-08-08',4);
INSERT INTO "Comment"("productId","name","content","date","rate") VALUES (25,N'Chị Thu Trang',N'Sản phẩm tốt... chức năng tốt...ko bị lỗi','2023-02-18',5);
INSERT INTO "Comment"("productId","name","content","date","rate") VALUES (25,N'Chị Hương',N'Pin hao quá nhanh. 100% pin mà sử dụng như pin 90%.','2023-02-08',3);
INSERT INTO "Comment"("productId","name","content","date","rate") VALUES (25,N'Chị Huyến',N'Ok','2023-02-13',5);
INSERT INTO "Comment"("productId","name","content","date","rate") VALUES (25,N'Tran The An',N'😘','2023-11-30',5);
INSERT INTO "Comment"("productId","name","content","date","rate") VALUES (25,N'CƯỜNG',N'Rất tốt','2022-10-09',5);
INSERT INTO "Comment"("productId","name","content","date","rate") VALUES (25,N'LONG',N'Mới dùng nên thấy ổn','2023-10-22',4);
INSERT INTO "Comment"("productId","name","content","date","rate") VALUES (25,N'DUY',N'Mình dùng được 2 tuần chưa có vấn đề gì cả','2023-03-27',5);
INSERT INTO "Comment"("productId","name","content","date","rate") VALUES (25,N'TÚ',N'Máy đẹp,dùng OK','2022-08-12',4);
INSERT INTO "Comment"("productId","name","content","date","rate") VALUES (25,N'HẢI',N'Nhân viên nhiệt tình','2023-08-02',4);
INSERT INTO "Comment"("productId","name","content","date","rate") VALUES (25,N'MẠNH',N'Rất tốt','2022-10-10',5);
INSERT INTO "Comment"("productId","name","content","date","rate") VALUES (25,N'TH%C0NH',N'Xài ngon','2022-09-21',5);
INSERT INTO "Comment"("productId","name","content","date","rate") VALUES (25,N'NHI',N'Tốt','2022-09-30',4);
INSERT INTO "Comment"("productId","name","content","date","rate") VALUES (25,N'LOAN',N'Tôi rất hài lòng với sản phẩm này của tgdd , đt iPhone 14 lướt nhanh chụp hình trong sáng','2023-01-20',5);
INSERT INTO "Comment"("productId","name","content","date","rate") VALUES (25,N'TÂM',N'Màn hình iPhone 14 thường hơi nhỏ, tầm 6,4in thì OK hơn','2022-09-13',4);
INSERT INTO "Comment"("productId","name","content","date","rate") VALUES (25,N'TRUYỀN',N'Tốt','2023-05-26',5);
INSERT INTO "Comment"("productId","name","content","date","rate") VALUES (25,N'HIỀN',N'Tốt','2023-10-21',5);
INSERT INTO "Comment"("productId","name","content","date","rate") VALUES (25,N'MONG',N'Rất tốt','2023-07-04',5);
INSERT INTO "Comment"("productId","name","content","date","rate") VALUES (25,N'Minh',N'','2022-11-02',5);
INSERT INTO "Comment"("productId","name","content","date","rate") VALUES (25,N'Lê Hoàn Thu Uyên',N'','2023-02-27',5);
INSERT INTO "Comment"("productId","name","content","date","rate") VALUES (25,N'c Nhi',N'','2023-08-15',4);
INSERT INTO "Comment"("productId","name","content","date","rate") VALUES (25,N'Tâm',N'Sản phẩm dùng rất tốt','2023-01-03',5);
INSERT INTO "Comment"("productId","name","content","date","rate") VALUES (25,N'Trang Tran',N'','2022-09-25',5);
INSERT INTO "Comment"("productId","name","content","date","rate") VALUES (25,N'Hương',N'','2023-04-08',5);
INSERT INTO "Comment"("productId","name","content","date","rate") VALUES (25,N'Anh Hải',N'','2023-07-01',4);
INSERT INTO "Comment"("productId","name","content","date","rate") VALUES (25,N'Đăng',N'','2023-07-06',5);
INSERT INTO "Comment"("productId","name","content","date","rate") VALUES (25,N'Đoàn Thị Kim Phượng',N'','2023-08-26',5);
INSERT INTO "Comment"("productId","name","content","date","rate") VALUES (25,N'Đức Hải',N'','2022-12-23',5);
INSERT INTO "Comment"("productId","name","content","date","rate") VALUES (25,N'Trần Thị Thanh Hải',N'','2022-09-05',4);
INSERT INTO "Comment"("productId","name","content","date","rate") VALUES (25,N'Văng Văn Hiền',N'','2023-07-17',5);
INSERT INTO "Comment"("productId","name","content","date","rate") VALUES (25,N'Nguyệt',N'','2023-06-20',5);
INSERT INTO "Comment"("productId","name","content","date","rate") VALUES (25,N'Duyên',N'','2023-07-16',5);
INSERT INTO "Comment"("productId","name","content","date","rate") VALUES (25,N'Nguyen Thanh Cong',N'','2023-02-10',5);
INSERT INTO "Comment"("productId","name","content","date","rate") VALUES (25,N'Vũ Thị Phương Thảo',N'','2023-12-10',5);
INSERT INTO "Comment"("productId","name","content","date","rate") VALUES (25,N'Chú Tiến',N'','2022-12-10',4);
INSERT INTO "Comment"("productId","name","content","date","rate") VALUES (25,N'Uyên',N'','2023-07-06',5);
INSERT INTO "Comment"("productId","name","content","date","rate") VALUES (25,N'Khánh',N'','2023-05-07',4);
INSERT INTO "Comment"("productId","name","content","date","rate") VALUES (25,N'Bác Phạm Văn Lợi',N'','2023-03-26',4);
INSERT INTO "Comment"("productId","name","content","date","rate") VALUES (25,N'Thủy',N'','2022-11-23',4);
INSERT INTO "Comment"("productId","name","content","date","rate") VALUES (25,N'S N',N'','2023-07-09',5);
INSERT INTO "Comment"("productId","name","content","date","rate") VALUES (25,N'Chị Liên',N'','2023-04-09',5);
INSERT INTO "Comment"("productId","name","content","date","rate") VALUES (25,N'C Thảo',N'','2022-11-19',4);
INSERT INTO "Comment"("productId","name","content","date","rate") VALUES (25,N'TMH',N'Mình mua tặng vợ con 14 128G màu tím nhạt , kích hôm 14/12 chưa xạc .Vợ không thích nên lại mua con 14Prm rồi , dư máy ai thiện chí mình để lại cho rẻ hơn mới vài triệu ạ : 0986013xxx','2023-02-28',5);
INSERT INTO "Comment"("productId","name","content","date","rate") VALUES (25,N'QUANG',N'','2022-12-15',5);
INSERT INTO "Comment"("productId","name","content","date","rate") VALUES (25,N'AN',N'','2022-11-15',5);
INSERT INTO "Comment"("productId","name","content","date","rate") VALUES (25,N'HƯNG',N'','2023-01-14',3);
INSERT INTO "Comment"("productId","name","content","date","rate") VALUES (25,N'DUNG',N'','2023-07-31',5);
INSERT INTO "Comment"("productId","name","content","date","rate") VALUES (25,N'KIỀU',N'','2023-11-23',5);
INSERT INTO "Comment"("productId","name","content","date","rate") VALUES (25,N'TÍN',N'','2023-04-05',4);
INSERT INTO "Comment"("productId","name","content","date","rate") VALUES (25,N'Nguyễn Quang Sáng ',N'','2022-12-06',5);

INSERT INTO "Product" ("productId","total","typeId","image","cost","price","discount","rate","releaseDate","name") VALUES (26, 153, 2,'https://cdn.tgdd.vn/Products/Images/42/223602/iphone-13-pink-2-600x600.jpg',16790000,17790000,5,4.4,'2020-06-24', N'Điện thoại iPhone 13 128GB');
INSERT INTO "ProductDetail" ("productId","screen","os","cameraBehind","cameraFront","cpu","ram","rom","battery","sim") VALUES (26,N'OLED, 6.1", Super Retina XDR',N'iOS 15',N'2 camera 12 MP',N'12 MP',N'Apple A15 Bionic', N'4 GB',N'128 GB',N'3240 mAh',N'1 Nano SIM & 1 eSIM');
INSERT INTO "Comment"("productId","name","content","date","rate") VALUES (26,N'Nguyễn Lan',N'Sao mình mua dùng đc 6 ngày mà bàn phím đang đánh chữ nó cứ tự nhảy sang số là sao nhỉ, có phải bị lỗi cảm ứng ko','2020-12-13',4);
INSERT INTO "Comment"("productId","name","content","date","rate") VALUES (26,N'Nguyễn Nhật Tân',N'Rất tôt','2021-08-10',5);
INSERT INTO "Comment"("productId","name","content","date","rate") VALUES (26,N'Phi ngô',N'Mục đích mình sử dụng đơn giản lên cũng chẳng biết đánh giá sao. Nhưng có đặc điểm là mình không còn thấy nhức mỏi mắt như lúc mình dùng oppo và live. Nghe gọi đây doc nét ko bị vấp','2021-06-13',5);
INSERT INTO "Comment"("productId","name","content","date","rate") VALUES (26,N'ken',N'ad ơi. sao cập nhật lên io 17.2 bị hao pin quá ad, có cách nào quay lại bản cũ ko ad','2023-05-28',3);
INSERT INTO "Comment"("productId","name","content","date","rate") VALUES (26,N'Hoàng Thị Thanh Xuân',N'Mình đã dùng hơn 2tháng và thấy pin khoẻ chất lượng ok dù chưa biết hết công dụng của nó.','2020-09-23',5);
INSERT INTO "Comment"("productId","name","content","date","rate") VALUES (26,N'Nguyễn Thành',N'Mua về chưa dùng được một tối. Đã lỗi ko nhận sim. Kết quả phải gửi bảo hành…. Bây giờ chờ 15 ngày  nữa ko biết có máy dùng ko. Bỏ tiền mua rắc rối bực tức 😩😩😡😡','2022-07-02',1);
INSERT INTO "Comment"("productId","name","content","date","rate") VALUES (26,N'Trang',N'Máy dùng ổn nhưng pin tụt rất nhanh. Pin tụt nhanh thì có thể đổi mới trong vòng 1 tháng không ạ','2023-05-10',3);
INSERT INTO "Comment"("productId","name","content","date","rate") VALUES (26,N'Duong Thanh Tuan',N'Hàng ok','2023-03-02',5);
INSERT INTO "Comment"("productId","name","content","date","rate") VALUES (26,N'Thành',N'IPhone 13 của mình bắt sóng cực kỳ kém, chơi game liên quân lang lắm','2020-09-03',3);
INSERT INTO "Comment"("productId","name","content","date","rate") VALUES (26,N'Danh Hữu Linh',N'Đối với mình máy ok, có 1 vấn đề là vào camera chụp hình thì tí bị văng ra. Bên tgdd có cách nào khắc phục không, mình cũng khởi động lại thiết bị rồi. Hay cần ra trực tiếp cửa hàng ạ.','2021-11-26',4);
INSERT INTO "Comment"("productId","name","content","date","rate") VALUES (26,N'Luân',N'Mới mua iPhone 13 đc 2 tháng giờ muốn đổi lên iPhone 15 thì bù bao nhiêu tiền ạ','2021-05-03',5);
INSERT INTO "Comment"("productId","name","content","date","rate") VALUES (26,N'Huy',N'Máy dùng dc 6 tháng thì nóng , ko lên nguồn. Gửi đi bảo hành 10 ngày . Chiều ra DMX lấy về thì tiếp tục nóng, ko lên nguồn. Quá phiền phức, ảnh hưởng đến công việc.','2022-08-21',1);
INSERT INTO "Comment"("productId","name","content","date","rate") VALUES (26,N'Hứa Chí Hào',N'Máy rất mượt','2020-10-10',4);
INSERT INTO "Comment"("productId","name","content","date","rate") VALUES (26,N'Tuan',N'Sản phẩm tệ hay bi lỗi','2023-01-01',2);
INSERT INTO "Comment"("productId","name","content","date","rate") VALUES (26,N'Nguyễn thanh điền',N'Pin tụt nhanh ko biết có ổn ko ,','2023-10-21',4);
INSERT INTO "Comment"("productId","name","content","date","rate") VALUES (26,N'Nguyễn Văn Hinh',N'May rất ok. Nhưng hài lòng nhất là nhân viên của dmx.rất nhiệt tình với khác hàng','2021-09-30',5);
INSERT INTO "Comment"("productId","name","content","date","rate") VALUES (26,N'Vuttithao',N'Pin tụt nhanh có đk đổi mớ ko vậy','2022-11-11',3);
INSERT INTO "Comment"("productId","name","content","date","rate") VALUES (26,N'Nguyễn Duy Hùng',N'Dùng ok','2022-07-23',5);
INSERT INTO "Comment"("productId","name","content","date","rate") VALUES (26,N'Chi Thuỳ',N'Rất tốt','2020-09-08',5);
INSERT INTO "Comment"("productId","name","content","date","rate") VALUES (26,N'Nguyễn Thị Trúc Duyên',N'Mới mua được 5 tháng mà bị hỡ keo bung màng ráng đem gửi bảo hành hi vọng sẽ trở về trạng thái ban đầu','2021-03-29',1);
INSERT INTO "Comment"("productId","name","content","date","rate") VALUES (26,N'Trần Văn Vinh',N'Hình như chỉ đánh giá 5 mới dc duyệt đúng k add','2023-04-11',1);
INSERT INTO "Comment"("productId","name","content","date","rate") VALUES (26,N'Hoàng phát',N'Quá ok','2021-09-18',5);
INSERT INTO "Comment"("productId","name","content","date","rate") VALUES (26,N'VO THI HOANG TRINH',N'Điện thoại xài ổn','2023-10-28',5);
INSERT INTO "Comment"("productId","name","content","date","rate") VALUES (26,N'Nguyễn Văn Đoàn',N'Sản phẩm sử dụng tốt sẽ ủng hộ lâu dài nhân viên hỗ trợ rất tốt','2022-09-19',5);
INSERT INTO "Comment"("productId","name","content","date","rate") VALUES (26,N'Lê Tuân',N'Cuộc tình dù đúng hay sai thì xem phần bình luận và đánh giá của iphone vẫn cảm thấy yên tâm nhất. Các hãng khác thấy toàn bị chê','2023-09-14',5);
INSERT INTO "Comment"("productId","name","content","date","rate") VALUES (26,N'Phú đỗ',N'ok xài rất ok pin trâu','2021-04-26',4);
INSERT INTO "Comment"("productId","name","content","date","rate") VALUES (26,N'Nguyễn Quân',N'Thời gian trước hay mua quán lẻ ở ngoài máy kém chất lượng. Từ khi mua máy từ thời iphon 6s tới 13 sài máy tgdd yên tâm thật .','2022-10-31',5);
INSERT INTO "Comment"("productId","name","content","date","rate") VALUES (26,N'Nguyễn Thị Kiều Tiên',N'Tôt','2023-03-10',5);
INSERT INTO "Comment"("productId","name","content","date","rate") VALUES (26,N'Trần Minh Hải',N'Sản phẩm tốt. Nhân viên Đmx xã Gia An phục vụ rất tốt','2022-02-09',5);
INSERT INTO "Comment"("productId","name","content","date","rate") VALUES (26,N'Anh Úy',N'Sảm phầm dùng sau gần 3 tháng khá ok. Thời lượng pin tốt. Trải nghiệm hiệu năng tốt. Máy ảnh dùng mức khá so với dòng Flaship','2020-07-25',5);
INSERT INTO "Comment"("productId","name","content","date","rate") VALUES (26,N'Hảo',N'Ok','2021-11-19',4);
INSERT INTO "Comment"("productId","name","content","date","rate") VALUES (26,N'Tiên',N'Ok','2023-09-20',5);
INSERT INTO "Comment"("productId","name","content","date","rate") VALUES (26,N'Cao Văn Tuấn',N'Tuyệt vời','2023-04-29',5);
INSERT INTO "Comment"("productId","name","content","date","rate") VALUES (26,N'bạch hồ điệp',N'Tot','2022-03-20',4);
INSERT INTO "Comment"("productId","name","content","date","rate") VALUES (26,N'Han',N'Đt sài ổn pin ok','2020-10-06',4);
INSERT INTO "Comment"("productId","name","content","date","rate") VALUES (26,N'Chị',N'iPhone dùng mượt','2022-10-09',5);
INSERT INTO "Comment"("productId","name","content","date","rate") VALUES (26,N'Đáng',N'Lỗi lên lỗi xuống gửi bh 3 lần đến chándt rất dễ tróc sơn.','2021-03-15',2);
INSERT INTO "Comment"("productId","name","content","date","rate") VALUES (26,N'Đinh Thùy Lương',N'Tốt','2022-11-03',5);
INSERT INTO "Comment"("productId","name","content","date","rate") VALUES (26,N'Trần Ý',N'Máy bị lỗi màn hình hên là còn bảo hành nên đc thay miễn phí. Đem đi bảo hành cũng mất hớn 1 tháng mới có máy. Nghĩ vẫn tức tự nhiên bị thay linh kiện trong khi lỗi đó đâu phải mk gây ra.','2021-11-29',2);
INSERT INTO "Comment"("productId","name","content","date","rate") VALUES (26,N'Huy',N'Dùng hơn 1 năm mọi thứ điều ổn có điều dùng cẩn thận lắm vẫn tróc sơn vấn đề tróc tróc sơn là muôn thuở với iphone làm từ vật liệu nhôm 13 thường cầm nắm gọn nhẹ thích hợp cho người dùn phổ thông.Đến nay iphone 13 đã giảm thời gian này nên mua trải nghiệm','2022-11-01',5);
INSERT INTO "Comment"("productId","name","content","date","rate") VALUES (26,N'Trương Phùng Thuỳ Trang',N'Máy gì thoát ra hoài nổi quạo ah','2023-01-20',3);
INSERT INTO "Comment"("productId","name","content","date","rate") VALUES (26,N'Huynh van sỉ',N'OK men','2021-07-12',4);
INSERT INTO "Comment"("productId","name","content","date","rate") VALUES (26,N'VŨ THÙY NHUNG',N'Tốt','2022-11-23',4);
INSERT INTO "Comment"("productId","name","content","date","rate") VALUES (26,N'Châu',N'máy dùng tốt mượt mỗi tội màu xanh lá của mình dễ bị tróc sơn khung viền quá','2022-07-29',5);
INSERT INTO "Comment"("productId","name","content","date","rate") VALUES (26,N'Nguyễn Thi Bình',N'Mây cắm sạc bị nóng','2021-01-20',3);
INSERT INTO "Comment"("productId","name","content","date","rate") VALUES (26,N'LINH',N'thegioididong có thu máy cũ ko','2023-05-11',5);
INSERT INTO "Comment"("productId","name","content","date","rate") VALUES (26,N'Nguyễn Xuân Lộc',N'Nice','2022-06-24',5);
INSERT INTO "Comment"("productId","name","content","date","rate") VALUES (26,N'Phạm Thị Thúy Nga',N'Rất tốt','2021-05-26',4);
INSERT INTO "Comment"("productId","name","content","date","rate") VALUES (26,N'Nguyen Song Bao Yen',N'Mình mua màu đen nhưng đem về nhà thấy màu xanh','2022-10-10',4);
INSERT INTO "Comment"("productId","name","content","date","rate") VALUES (26,N'Nguyễn Minh Tú',N'Khá Tốt','2023-10-16',4);
INSERT INTO "Comment"("productId","name","content","date","rate") VALUES (26,N'Bùi Minh Tuấn',N'Tốt','2022-04-17',5);
INSERT INTO "Comment"("productId","name","content","date","rate") VALUES (26,N'Nguyễn Tấn Thủ',N'Sản phẩm tốt','2020-10-31',5);
INSERT INTO "Comment"("productId","name","content","date","rate") VALUES (26,N'Chị Nhi',N'Nc Thai do tot','2023-01-11',5);
INSERT INTO "Comment"("productId","name","content","date","rate") VALUES (26,N'Thu Trang',N'Úi qua vừa đi mua xong phải nói là chim ưng nhaa. Nhân viên tư vấn nhiệt tình nữa, dùng thích lắm luôn. Màu Hồng đẹp thực sự','2022-10-24',5);
INSERT INTO "Comment"("productId","name","content","date","rate") VALUES (26,N'Chị Mai',N'Nhân viên giao hàng nhiệt tình','2022-01-06',5);
INSERT INTO "Comment"("productId","name","content","date","rate") VALUES (26,N'Long',N'Xịn','2021-11-03',5);
INSERT INTO "Comment"("productId","name","content","date","rate") VALUES (26,N'Hương',N'nv tư vấn nhiệt tình..anh quản lí thì bao dễ thương..xử lí rất hợp tình hợp lí..','2021-07-03',5);
INSERT INTO "Comment"("productId","name","content","date","rate") VALUES (26,N'Lê Vương Anh',N'Gooodd','2021-01-29',5);
INSERT INTO "Comment"("productId","name","content","date","rate") VALUES (26,N'Nguyễn Xuân Hùng',N'Máy mượt .gia công tốt.thời lượng pin tốt khá hài lòng','2023-03-01',5);
INSERT INTO "Comment"("productId","name","content","date","rate") VALUES (26,N'ĐẶNG TẤN TÀI',N'Mọi thứ đều ok','2023-01-02',5);
INSERT INTO "Comment"("productId","name","content","date","rate") VALUES (26,N'Thiện',N'Máy mượt, pin OK, không nóng máy, dùng lâu cảm nhận thêm.
 Mình đi rất nhiều nơi để tham khảo nhưng cuối cùng vẫn quyết định chọn mua tại TGDD dù giá cao hơn nhưng dịch vụ khách hàng theo mình đánh giá vẫn tốt nhất, trước giờ mình chỉ mua tại tgdd, cảm ơn em gái tgdd 14 võ văn ngân tư vấn, hướng dẫn tận tình. Sẽ tiếp tục ủng hộ TGDD😊.','2022-05-10',5);
INSERT INTO "Comment"("productId","name","content","date","rate") VALUES (26,N'ĐẶNG THỊ THÚY AN',N'Tốt','2022-08-11',5);
INSERT INTO "Comment"("productId","name","content","date","rate") VALUES (26,N'Anh Tùng',N'Ổn','2022-01-01',4);
INSERT INTO "Comment"("productId","name","content","date","rate") VALUES (26,N'Lê Minh Duẫn',N'Tốt','2021-03-22',5);
INSERT INTO "Comment"("productId","name","content","date","rate") VALUES (26,N'Ơn',N'Tốt','2021-08-20',5);
INSERT INTO "Comment"("productId","name","content","date","rate") VALUES (26,N'Nguyễn Xuân Tiến',N'Giao hàng nhanh chóng, nhân viên nhiệt tình','2023-10-25',5);
INSERT INTO "Comment"("productId","name","content","date","rate") VALUES (26,N'Hoang Van Thang',N'Ok','2023-06-25',5);
INSERT INTO "Comment"("productId","name","content","date","rate") VALUES (26,N'Anh Trung',N'Ok','2023-07-20',4);
INSERT INTO "Comment"("productId","name","content","date","rate") VALUES (26,N'Y Hao Mlô',N'Good','2021-11-16',4);
INSERT INTO "Comment"("productId","name","content","date","rate") VALUES (26,N'Nhi',N'Camera sau bị dính bụi bên trong, mong bạn có biện pháp khắc phục với tôi.','2020-11-10',2);
INSERT INTO "Comment"("productId","name","content","date","rate") VALUES (26,N'Cúc',N'Vừa ý','2023-02-07',5);
INSERT INTO "Comment"("productId","name","content","date","rate") VALUES (26,N'A Trường',N'Điện thoại mới mà sạc pin nóng quá','2022-04-09',3);
INSERT INTO "Comment"("productId","name","content","date","rate") VALUES (26,N'Đinh Thanh Nam',N'Sản phẩm rất tốt','2023-03-09',5);
INSERT INTO "Comment"("productId","name","content","date","rate") VALUES (26,N'A Trình',N'Cảm thấy dùng rất ok','2021-04-18',4);
INSERT INTO "Comment"("productId","name","content","date","rate") VALUES (26,N'Huỳnh Thanh Sang',N'Ok','2022-11-18',5);
INSERT INTO "Comment"("productId","name","content","date","rate") VALUES (26,N'Mai Linh',N'Cái đầu tiên là màu gấc xink nha, đúng màu mình thích
 Sử dụng ổn tốt, mới sử dụng đc hơn tuần nên mọi thứ vẫn okela chưa có lỗi gì','2023-07-02',5);
INSERT INTO "Comment"("productId","name","content","date","rate") VALUES (26,N'Nguyen Quoc Thanh',N'xai chua co lỗi gi xay ra','2021-09-19',4);
INSERT INTO "Comment"("productId","name","content","date","rate") VALUES (26,N'Mai An',N'tốt, không bị lag, nhiều chức năng mới, cam đẹp','2022-01-02',5);
INSERT INTO "Comment"("productId","name","content","date","rate") VALUES (26,N'Tùng',N'Máy đẹp xài ok tin tưởng hàng Apple','2022-04-01',5);
INSERT INTO "Comment"("productId","name","content","date","rate") VALUES (26,N'Võ Thành Long',N'Iphone 13 mới mua về sạc đã nóng máy... 
 Trong camera trước có bụi và dấu keo nhưng nhân viên thế giới di động không nhìn thấy bắt gửi lên hãng kiểm tra. Hãng kiểm tra thì bảo xác nhận với thế giới di động.  Vậy tóm lại điẻn thoại đó của ai.
 Máy sạc nhanh nóng hỏi đi bảo hành kêu chạy chương trình xog gửi về sạc lên vẩn y z. Gửi đi lần 2 cũng báo máy bình thường. Kiểm tra điện thoại cái kiểu dùng máy test .. thực tế không kiểm . Báo máy bình thường.
 Nói riết cái đổ thừa cóc sạc nóng nên điện thoại nóng.
 Cóc sạc zin mua thế giới di động ,mới mua mà hư. Kiêu bảo hành cóc sạc. Rồi kiểm tra cóc sạc mà điện thoại còn nóng nữa thì do cái gì. Sạc  từ 22v AC sang DC mà bảo không nóng sao được. Hỏi bao nhiêu người dùng iphone rồi sạc nhanh có nóng máy không. Chả ai bị. Tới điện thoại mình nóng gửi hãng báo mình thường... sạc nóng 42 độ mà điều hòa đang bật vậy bảo bình thường.
 Sợ đổi máy mới cho khách hàng hay sao. Mua iphone 2 lần ở tgdd đều gặp tình trạng lỗi. Và phải đem đi bảo hành nhiều lần. Rất lầ mất thời gian. Lần sau có mua cũng không mua ở tgdd. Ai mua điện thoại nhớ kiểm tra hộp có bị đóng seal hay bị gì không nhé. Chứ điện thoại giảm giá toàn đồ lỗi không á. Người không biết mua mất quyền lợi đó','2022-09-04',1);
INSERT INTO "Comment"("productId","name","content","date","rate") VALUES (26,N'Phạm huy tấn',N'Sp quá tốt','2022-11-05',5);
INSERT INTO "Comment"("productId","name","content","date","rate") VALUES (26,N'Dũng',N'máy mới nhưng hơi trậm lâu lâu lại có hiện tượng trượt để nghe nhưng k trượt được','2023-04-23',2);
INSERT INTO "Comment"("productId","name","content","date","rate") VALUES (26,N'Hoa',N'.','2023-01-23',3);
INSERT INTO "Comment"("productId","name","content","date","rate") VALUES (26,N'Nguyễn Hạt Nhân',N'Good','2021-02-08',5);
INSERT INTO "Comment"("productId","name","content","date","rate") VALUES (26,N'Hiền ',N'Ngon bổ nhưng không rẻ 😂','2021-03-20',5);
INSERT INTO "Comment"("productId","name","content","date","rate") VALUES (26,N'Nguyễn Thị Bích Thuỷ',N'Nhân viên phục vụ tận tình chu đáo','2021-03-09',4);
INSERT INTO "Comment"("productId","name","content","date","rate") VALUES (26,N'Nguyễn Thông Minh',N'Máy xài tốt ok.','2021-04-20',4);
INSERT INTO "Comment"("productId","name","content","date","rate") VALUES (26,N'Vỏ Ngọc Mai Lan',N'Điện thoại xài tốt!','2023-09-11',5);
INSERT INTO "Comment"("productId","name","content","date","rate") VALUES (26,N'Trương Đình Khánh',N'Hàng OK','2022-02-27',5);
INSERT INTO "Comment"("productId","name","content","date","rate") VALUES (26,N'Hoàng Viết Nam',N'Cho hỏi mọi người cam sau 13 này sao lại hiện 2 cái vết tròn ngay 2 mắt vậy ạ','2023-09-28',3);
INSERT INTO "Comment"("productId","name","content","date","rate") VALUES (26,N'Phùng Xuân Việt',N'Hàng mới nguyên tem hộp, chất lượng👌','2023-07-24',4);
INSERT INTO "Comment"("productId","name","content","date","rate") VALUES (26,N'NGÔ HOÀNG NGUYÊN',N'sản phẩm chất lượng','2023-01-27',5);
INSERT INTO "Comment"("productId","name","content","date","rate") VALUES (26,N'Hoàng Tiến Dũng',N'Máy sử dụng ok mượt','2022-12-21',4);
INSERT INTO "Comment"("productId","name","content","date","rate") VALUES (26,N'ĐINH VIẾT HƯNG',N'Máy sử dụng ngon, hợp lý trong tầm giá','2022-10-20',5);
INSERT INTO "Comment"("productId","name","content","date","rate") VALUES (26,N'Huỳnh Thị Võ Ny',N'Good','2022-01-31',5);
INSERT INTO "Comment"("productId","name","content","date","rate") VALUES (26,N'Tiên',N'Mình xài được gần 4 tháng nhưng tình trạng pin của mình là 99% dù mình xài rất kỹ đủ pin mới rút ra và đủ 100% pin nhoè kỹ thuật cho mình hỏi vấn đề này ?','2022-02-18',3);
INSERT INTO "Comment"("productId","name","content","date","rate") VALUES (26,N'Yến Vy',N'nhân viên phục vụ nhiệt tình, vui vẻ','2020-09-17',5);
INSERT INTO "Comment"("productId","name","content","date","rate") VALUES (26,N'Hà Văn Mạnh',N'ngon mạnh mượt 😂😂😂','2021-02-12',5);
INSERT INTO "Comment"("productId","name","content","date","rate") VALUES (26,N'Lê Quang Trường',N'Điện thoại cũm ok ak','2023-08-29',5);
INSERT INTO "Comment"("productId","name","content","date","rate") VALUES (26,N'Cuong',N'Ok tuyệt vời','2023-10-03',5);
INSERT INTO "Comment"("productId","name","content","date","rate") VALUES (26,N'Tú',N'Sản phẩm chính hãng chất lượng,máy rất mượt','2022-11-21',5);
INSERT INTO "Comment"("productId","name","content","date","rate") VALUES (26,N'Tín',N'Máy chạy rất mượt tốt','2023-05-24',5);
INSERT INTO "Comment"("productId","name","content","date","rate") VALUES (26,N'Chú Hiền',N'tôi mua sẵn phẩm do dien may xanh phân phổi bán tôi rất hai lòng','2021-04-07',5);
INSERT INTO "Comment"("productId","name","content","date","rate") VALUES (26,N'HÙNG THỊNH Mobile',N'Okok','2023-03-04',5);
INSERT INTO "Comment"("productId","name","content","date","rate") VALUES (26,N'Bích Vũ',N'Giá còn cao - trả góp còn mất chênh lệch.','2022-05-03',3);
INSERT INTO "Comment"("productId","name","content","date","rate") VALUES (26,N'Chị Thuỷ',N'Dùng mượt ,chụp ảnh đẹp.bên ngoài máy đẹp','2021-05-01',4);
INSERT INTO "Comment"("productId","name","content","date","rate") VALUES (26,N'Chị Ngân',N'Sài sau 1 tuần máy vẫn mượt đáng để mua','2021-05-20',4);
INSERT INTO "Comment"("productId","name","content","date","rate") VALUES (26,N'PHAN HUY CƯỜNG',N'Rất tốt','2023-11-12',5);
INSERT INTO "Comment"("productId","name","content","date","rate") VALUES (26,N'Bính',N'iPhone 13 dùng rất tốt','2020-11-29',5);
INSERT INTO "Comment"("productId","name","content","date","rate") VALUES (26,N'Nhưt huyền',N'Ai mà k thích màn hình nhỏ nên cân nhắc nhé. Nchung máy sài ok.','2023-10-18',5);
INSERT INTO "Comment"("productId","name","content","date","rate") VALUES (26,N'Nguyễn Thị Hương',N'Mình thấy hài lòng với sản phẩm này','2023-06-07',4);
INSERT INTO "Comment"("productId","name","content","date","rate") VALUES (26,N'KIM THỊ NGỌC NHÂN',N'Rất tốt','2023-02-09',5);
INSERT INTO "Comment"("productId","name","content","date","rate") VALUES (26,N'Ý',N'Hiện tại chưa nhận ra lỗi gì ở máy','2023-10-24',4);
INSERT INTO "Comment"("productId","name","content","date","rate") VALUES (26,N'Bạn Chung',N'Rất ok','2020-12-22',5);
INSERT INTO "Comment"("productId","name","content","date","rate") VALUES (26,N'Sơn',N'Máy thì sử dụng ok. Nhưng ko hài lòng. Bỏ ra 24tr mà máy bị tróc lớp sơn nhìn rất khó chịu.','2022-08-20',4);
INSERT INTO "Comment"("productId","name","content","date","rate") VALUES (26,N'NGUYỄN PHƯỚC QUÝ ANH',N'Sản phẩm ok','2023-04-05',5);
INSERT INTO "Comment"("productId","name","content","date","rate") VALUES (26,N'Anh Bảo',N'Rất hài lòng về sản phẩm','2023-06-30',3);
INSERT INTO "Comment"("productId","name","content","date","rate") VALUES (26,N'Anh Huynh',N'Oke','2020-10-14',4);
INSERT INTO "Comment"("productId","name","content","date","rate") VALUES (26,N'Nguyễn Hùng Minh',N'Sản phẩm tốt','2022-09-20',5);
INSERT INTO "Comment"("productId","name","content","date","rate") VALUES (26,N'Thân Minh Phượng',N'Rất tốt','2020-11-05',5);
INSERT INTO "Comment"("productId","name","content","date","rate") VALUES (26,N'Nguyễn văn thuan ',N'Mình mua xài được 2 thang minh xài rất kỹ dung ốp lưng và may k he bị rớt.nhưng ma khi thao ốp lưng ra vien của may bi nhâm nhâm canh viên như bi troc son vay.','2023-06-16',2);
INSERT INTO "Comment"("productId","name","content","date","rate") VALUES (26,N'Phan Thị Hiệp',N'Cũng tốt','2020-07-18',4);
INSERT INTO "Comment"("productId","name","content","date","rate") VALUES (26,N'Duy',N'Ok','2022-05-07',5);
INSERT INTO "Comment"("productId","name","content","date","rate") VALUES (26,N'Chị Nhung',N'Ok','2023-01-01',5);
INSERT INTO "Comment"("productId","name","content","date","rate") VALUES (26,N'Anh Trung',N'Dhdjsh','2020-11-27',4);
INSERT INTO "Comment"("productId","name","content","date","rate") VALUES (26,N'Thanh',N'Mọi thứ đều rất tốt..đồ nước ngòak chất lượng quá chời..phải chi pin đc 5000ahm','2023-03-28',4);
INSERT INTO "Comment"("productId","name","content","date","rate") VALUES (26,N'SƠN THÁI BẢO',N'Sản phẩm tốt','2022-02-15',5);
INSERT INTO "Comment"("productId","name","content","date","rate") VALUES (26,N'Anh Cảnh',N'Tuyệt','2021-07-21',5);
INSERT INTO "Comment"("productId","name","content","date","rate") VALUES (26,N'Anh Thắng',N'Sao hop màu đen sau máy màu xanh','2021-07-26',3);
INSERT INTO "Comment"("productId","name","content","date","rate") VALUES (26,N'Anh Kiệt ',N'xài rất ok vừa tay,lại nhẹ nhàng','2022-11-02',5);
INSERT INTO "Comment"("productId","name","content","date","rate") VALUES (26,N'Hạnh Nguyên',N'Tải tài nguyên liên quân mái nóng nha k biết có ai như mình k','2020-07-03',5);
INSERT INTO "Comment"("productId","name","content","date","rate") VALUES (26,N'Hoàng Seo Mùa',N'Ok','2022-02-08',5);
INSERT INTO "Comment"("productId","name","content","date","rate") VALUES (26,N'QUAN',N'Ok','2023-04-11',5);
INSERT INTO "Comment"("productId","name","content","date","rate") VALUES (26,N'LINH',N'Hiện tại dùng tốt','2021-06-27',4);
INSERT INTO "Comment"("productId","name","content","date","rate") VALUES (26,N'Nguyễn Trần Minh Thương',N'Dịch vụ tư vấn tốt tiện lợi','2020-11-24',4);
INSERT INTO "Comment"("productId","name","content","date","rate") VALUES (26,N'Lan anh',N'Thích','2022-07-21',5);
INSERT INTO "Comment"("productId","name","content","date","rate") VALUES (26,N'NGUYỄN THỊ NGA',N'Rất ok','2022-10-10',5);
INSERT INTO "Comment"("productId","name","content","date","rate") VALUES (26,N'Hoài',N'Mượt','2021-04-12',4);
INSERT INTO "Comment"("productId","name","content","date","rate") VALUES (26,N'Cao Trường Vũ',N'ĐT đẹp, nữ xài rất hợp','2022-08-18',5);
INSERT INTO "Comment"("productId","name","content","date","rate") VALUES (26,N'HUỲNH VĂN NAM',N'Ok','2021-08-29',5);
INSERT INTO "Comment"("productId","name","content","date","rate") VALUES (26,N'Trần Ái Như',N'Tốt','2022-11-04',5);
INSERT INTO "Comment"("productId","name","content","date","rate") VALUES (26,N'Nguyễn Văn Ngọc',N'Máy tốt pin cũng trâu','2020-11-15',4);
INSERT INTO "Comment"("productId","name","content","date","rate") VALUES (26,N'KHANH',N'Nhân viên lịch sự, máy tốt rất hài lòng.','2022-06-21',5);
INSERT INTO "Comment"("productId","name","content","date","rate") VALUES (26,N'CHUNG',N'tốt','2022-03-17',5);
INSERT INTO "Comment"("productId","name","content","date","rate") VALUES (26,N'Nguyễn Tường Quân',N'Iphone 13 mới xài hơn 1 tháng pin còn 99 là ổn không vậy','2023-02-04',4);
INSERT INTO "Comment"("productId","name","content","date","rate") VALUES (26,N'LAN',N'Tốt','2021-01-27',4);
INSERT INTO "Comment"("productId","name","content","date","rate") VALUES (26,N'HƯƠNG',N'Mua ko ưng trả lại mất 4 củ vcl','2023-10-28',1);
INSERT INTO "Comment"("productId","name","content","date","rate") VALUES (26,N'LOAN',N'Dt OK Sài mượt','2022-04-24',5);
INSERT INTO "Comment"("productId","name","content","date","rate") VALUES (26,N'LY',N'Sản phẩm rất tốt','2021-10-29',5);
INSERT INTO "Comment"("productId","name","content","date","rate") VALUES (26,N'TOẢN',N'Mới dùng thấy mượt. Mọi thứ đều ổn. Ko biết sau này ntn.','2021-06-28',4);
INSERT INTO "Comment"("productId","name","content","date","rate") VALUES (26,N'Ngô Hoàng Đầy',N'Iphone quá ok','2021-12-21',5);
INSERT INTO "Comment"("productId","name","content","date","rate") VALUES (26,N'NAM',N'Sp tốt','2023-01-27',5);
INSERT INTO "Comment"("productId","name","content","date","rate") VALUES (26,N'LONG',N'Máy tốt chất lượng OK','2021-09-04',4);
INSERT INTO "Comment"("productId","name","content","date","rate") VALUES (26,N'SINH',N'Ok','2021-06-24',4);
INSERT INTO "Comment"("productId","name","content","date","rate") VALUES (26,N'MINH',N'Cũng ok','2023-06-16',5);
INSERT INTO "Comment"("productId","name","content","date","rate") VALUES (26,N'Nguyễn Văn Dân',N'Rõ lần đầu chuyển sang iPhone mà gặp trường hợp bịp 13/11 mà có sài bảo ve cam hay j mà viền cam như đã bị lắp cần lời giải thích','2021-03-29',2);
INSERT INTO "Comment"("productId","name","content","date","rate") VALUES (26,N'Trịnh Thị Hương',N'E mua màu trắng 128gb ngày 20/3. Giờ thu lại thì đc tầm bnhieu ạ','2021-08-11',3);
INSERT INTO "Comment"("productId","name","content","date","rate") VALUES (26,N'THẮM',N'Tốt','2020-10-06',5);
INSERT INTO "Comment"("productId","name","content","date","rate") VALUES (26,N'TÙNG',N'Máy đẹp, pin dùng lâu và rất mát máy.','2020-08-21',5);
INSERT INTO "Comment"("productId","name","content","date","rate") VALUES (26,N'Huy',N'Rất hài lòng','2021-03-01',5);
INSERT INTO "Comment"("productId","name","content","date","rate") VALUES (26,N'KHÔI',N'Tin tưởng sản phẩm chất lượng cao','2022-12-07',4);
INSERT INTO "Comment"("productId","name","content","date","rate") VALUES (26,N'TRÂM',N'Đánh giá sản phẩm tốt, nhân viên tư vấn dễ thương nhiệt tình','2021-01-22',5);
INSERT INTO "Comment"("productId","name","content","date","rate") VALUES (26,N'DUY',N'Tốc độ vào mạng 4G chậm','2023-06-17',3);
INSERT INTO "Comment"("productId","name","content","date","rate") VALUES (26,N'PHƯƠNG',N'Máy dùng ổn, mượt mà, pin khá lâu, cũng được taam 1 ngày nếu dùng nhiều. Mình mới chuyển từ androi sang ios nên chưa quen tay lắm. Đánh giá máy 10 điểm thì đánh giá nhân viên 10+ luôn, rất ưng Tgdd.','2020-11-26',5);
INSERT INTO "Comment"("productId","name","content","date","rate") VALUES (26,N'NGUYEN',N'Mới mua, cũng còn mới, đẹp, chưa thấy lỗi lầm gì.','2021-03-29',5);
INSERT INTO "Comment"("productId","name","content","date","rate") VALUES (26,N'QUY',N'Dùng tốt','2022-08-02',4);
INSERT INTO "Comment"("productId","name","content","date","rate") VALUES (26,N'Văn Thắng',N'Sản phầm tốt, dịch vụ và nhân viên đều nhiệt tình','2023-02-11',5);
INSERT INTO "Comment"("productId","name","content","date","rate") VALUES (26,N'HUỆ',N'Oki nháaaaaaaa','2020-09-22',5);
INSERT INTO "Comment"("productId","name","content","date","rate") VALUES (26,N'Thach trang',N'Rất tốt','2021-06-08',5);
INSERT INTO "Comment"("productId","name","content","date","rate") VALUES (26,N'CONSULTING',N'Oki','2023-04-07',5);
INSERT INTO "Comment"("productId","name","content","date","rate") VALUES (26,N'TIÊN',N'Sài êm mượt sạc 100% sài nguyên ngày đến 10h đêm vẫn còn 30% pin','2023-09-10',5);
INSERT INTO "Comment"("productId","name","content","date","rate") VALUES (26,N'QU NG',N'Rất tốt','2022-08-27',5);
INSERT INTO "Comment"("productId","name","content","date","rate") VALUES (26,N'ĐỨC',N'Cho e hỏi tại sao gọi video zalo máy nóng quá ạ','2021-03-03',4);
INSERT INTO "Comment"("productId","name","content","date","rate") VALUES (26,N'Nguyễn Duy khánh',N'sử dụng 3 tháng tình trạng pin còn 99%. mặc dù sử dụng rất cẩn thận và sạc pin tuân thủ sạc đầy 100% mới sử dụng.','2022-08-13',3);
INSERT INTO "Comment"("productId","name","content","date","rate") VALUES (26,N'Lý Thành Duy',N'Máy đẹp, cấu hình mạnh, sạc nhanh. Còn pin thì thấy cũng ổn.','2021-02-28',5);
INSERT INTO "Comment"("productId","name","content","date","rate") VALUES (26,N'NHẬT',N'máy nét nẹt','2020-07-16',5);
INSERT INTO "Comment"("productId","name","content","date","rate") VALUES (26,N'TRƯỞNG',N'Sản phẩm tốt 5 sao
 Nhân viên điện máy xanh tại đây tư vấn rất tốt 6 sao','2023-06-10',5);
INSERT INTO "Comment"("productId","name","content","date","rate") VALUES (26,N'PHƯƠNG',N'Rất tốt','2021-10-24',5);
INSERT INTO "Comment"("productId","name","content","date","rate") VALUES (26,N'LONG',N'Rất tốt','2022-04-22',5);
INSERT INTO "Comment"("productId","name","content","date","rate") VALUES (26,N'LINH',N'Hài lòng','2023-05-19',4);
INSERT INTO "Comment"("productId","name","content","date","rate") VALUES (26,N'LY',N'Mới dùng nên thấy ok . Pin khỏe .','2020-10-17',4);
INSERT INTO "Comment"("productId","name","content","date","rate") VALUES (26,N'KHÁNH',N'Máy dùng rất tốt','2023-03-31',5);
INSERT INTO "Comment"("productId","name","content","date","rate") VALUES (26,N'ANH',N'Ổn','2021-08-06',5);
INSERT INTO "Comment"("productId","name","content","date","rate") VALUES (26,N'Hoàng',N'Để qua đêm ko chơi tụt 30% pin máy mới mua đước 5 hôm','2023-05-06',3);
INSERT INTO "Comment"("productId","name","content","date","rate") VALUES (26,N'TUẤN',N'Sản phẩm chất lượng tốt','2020-08-24',4);
INSERT INTO "Comment"("productId","name","content","date","rate") VALUES (26,N'NGHĨA',N'Máy dùng ok','2023-08-03',5);
INSERT INTO "Comment"("productId","name","content","date","rate") VALUES (26,N'QUANG',N'Good','2021-11-01',5);
INSERT INTO "Comment"("productId","name","content","date","rate") VALUES (26,N'Nguyễn Chí Linh',N'Sử dụng mới 5 tháng chưa hết bảo hành bị tróc sơn khung viền lấy tay lau phát trôi luôn lớp nước sơn yêu cầu sửa chữa không sửa mà kêu gửi hãng thay luôn khung...... bỏ tiền ra vì tin tưởng chất lượng sản phẩm ....làm tôi tin tưởng bấy lâu nay','2023-02-04',2);
INSERT INTO "Comment"("productId","name","content","date","rate") VALUES (26,N'CHƠN',N'Dùng êm lướt sóng rất mượt','2023-06-12',5);
INSERT INTO "Comment"("productId","name","content","date","rate") VALUES (26,N'ĐỆ',N'Tốt','2021-10-23',5);
INSERT INTO "Comment"("productId","name","content","date","rate") VALUES (26,N'HOA',N'ok','2020-10-20',4);
INSERT INTO "Comment"("productId","name","content","date","rate") VALUES (26,N'HẰNG',N'Sản phẩm tốt','2021-02-25',5);
INSERT INTO "Comment"("productId","name","content","date","rate") VALUES (26,N'HIẾU',N'Nhân viên rất nhiệt tình','2021-07-12',5);
INSERT INTO "Comment"("productId","name","content","date","rate") VALUES (26,N'THÀNH',N'Mình mua máy phải chờ 3 tiếng đồng hồ để cài đặt sang dữ liệu
 1. Bạn nhân viên bán hàng giọng miền nam tên yến nhi gì đó quá chậm chạp kém linh hoạt, thái độ phục vụ kh mức rất kém. Bạn ấy ko biết cài và mất hơn 1 tiếng loay hoay mới gọi ng trợ giúp, quá kém, ko cảm nhận dc sự sốt ruột từ kh, vẫn vừa cắm vào máy vừa cài vừa ngồi nói ch với 1 bạn nam nhân viên khác, ko hề cảm nhận dc sự sốt ruột từ kh
 2. Bạn ấy nói kỹ thuật hôm đó nghỉ nên bạn tự làm
 3. Đến khi chờ quá lâu bạn kỹ thuật đang hỗ trợ từ xa nói c mang máy tới cửa e nguyễn trãi để e hỗ trợ c tiếp, hix, chờ hơn 2 tiếng ko xong, cuối cùng bảo kh tự đi đến đó giữa trưa chiều nắng để dc hỗ trợ tiếp
 3. Cuối cùng khi mình về anh quản lý đã xin lỗi và cài giúp mình ok . 
 
 Chốt lại: Mình đã có 1 trải nghiệm dịch vụ chưa bao giờ tệ hại và ôm cục tức vào ng như ở thế giới di động vạn phúc hà đông
 Thiết nghĩ nhân viên yến nhi gì đó cần dc đào tạo thái độ nghiệp vụ để bán hàng tốt hơn
 Mang cục tức nguyên 1 tuần, chờ mãi ko thấy nhân viên nào gọi cskh để mình có cơ hội giải toả stress bực tức hôm đó','2022-07-19',1);
INSERT INTO "Comment"("productId","name","content","date","rate") VALUES (26,N'CƯỜNG',N'👍','2022-02-11',5);
INSERT INTO "Comment"("productId","name","content","date","rate") VALUES (26,N'Trần Thu Huyền',N'ok','2023-06-21',4);
INSERT INTO "Comment"("productId","name","content","date","rate") VALUES (26,N'Nguyễn quyết thắng',N'Sài 9 tháng pin còn 98% . Như vậy có ổn ko hay là lỗi máy vậy ad?','2023-06-06',5);
INSERT INTO "Comment"("productId","name","content","date","rate") VALUES (26,N'DỪA',N'Tốt','2022-09-15',5);
INSERT INTO "Comment"("productId","name","content","date","rate") VALUES (26,N'PHƯƠNG',N'Tốt lắm','2023-05-23',5);
INSERT INTO "Comment"("productId","name","content","date","rate") VALUES (26,N'HÙNG',N'Máy đẹp. Pin trâu....','2021-03-22',5);
INSERT INTO "Comment"("productId","name","content","date","rate") VALUES (26,N'DƯƠNG',N'tất cả hoàn hảo nhưng chả thấy tặng kèm cái j cả. 1 cái ốp lưng cũng kh có','2020-12-05',5);
INSERT INTO "Comment"("productId","name","content","date","rate") VALUES (26,N'CƯỜNG',N'😊','2022-05-09',5);
INSERT INTO "Comment"("productId","name","content","date","rate") VALUES (26,N'Quách nghị',N'Sao lúc bật mạng 4g mà nó nhấp nháy mấy cái chỗ bật mạng vậy.ngày xưa dùng hệ điều hành cũ bị.lên bản cập nhập mới lúc đầu k bị giờ cứ bật tắt mạng là nó cứ nhấp nháy à','2020-08-07',3);
INSERT INTO "Comment"("productId","name","content","date","rate") VALUES (26,N'NAM',N'dich vụ tốt .máy đẹp','2021-08-25',5);
INSERT INTO "Comment"("productId","name","content","date","rate") VALUES (26,N'PHIÊN',N'Mượt','2021-03-09',5);
INSERT INTO "Comment"("productId","name","content","date","rate") VALUES (26,N'HIỀN',N'tuyệt vời','2022-04-13',5);
INSERT INTO "Comment"("productId","name","content","date","rate") VALUES (26,N'TUYẾN',N'Rất hài lòng','2023-04-04',5);
INSERT INTO "Comment"("productId","name","content","date","rate") VALUES (26,N'HẬU',N'Sản phẩm sử dụng ổn','2021-05-14',4);
INSERT INTO "Comment"("productId","name","content","date","rate") VALUES (26,N'Trung',N'Sản phẩm kém, lỗi kéo dài.','2020-07-12',1);
INSERT INTO "Comment"("productId","name","content","date","rate") VALUES (26,N'Hương triệu ',N'Trên cả tuyệt vời mỗi tội vừa trả góp tất toán hợp đồng xong ra cửa rơi mất 😔','2022-01-26',5);
INSERT INTO "Comment"("productId","name","content","date","rate") VALUES (26,N'MINH',N'Ngon nhaaa, mỗi tội sạc nhanh vẫn nóng như các máy khác thoii =))','2022-12-04',5);
INSERT INTO "Comment"("productId","name","content","date","rate") VALUES (26,N'NHÂN',N'Nhân viên tư vấn và siêu thị làm tôi rất hài lòng','2021-08-21',5);
INSERT INTO "Comment"("productId","name","content","date","rate") VALUES (26,N'HIỀN',N'Máy sạc pin bị nóng','2023-03-09',3);
INSERT INTO "Comment"("productId","name","content","date","rate") VALUES (26,N'PHƯƠNG',N'Trên hệ thống thì cập nhật còn 6 tháng bảo hành mà khi nhận máy thì chỉ còn 3 tháng bhanh, nên cập nhật tt chính xác hơn, vì cần máy nên mới lấy chứ k là gửi lại rồi','2021-09-12',3);
INSERT INTO "Comment"("productId","name","content","date","rate") VALUES (26,N'LINH',N'Sản phẩm đẹp, chạy mượt, giá hợp lý','2022-10-25',5);
INSERT INTO "Comment"("productId","name","content","date","rate") VALUES (26,N'ĐIỀN',N'Nhân viên tư vấn nhiệt tình
 Sản phẩm chất lượng','2021-09-26',5);
INSERT INTO "Comment"("productId","name","content","date","rate") VALUES (26,N'TUYẾT',N'Tuyệt vời','2023-02-12',4);
INSERT INTO "Comment"("productId","name","content","date","rate") VALUES (26,N'LIÊN',N'Tốt','2023-02-25',5);
INSERT INTO "Comment"("productId","name","content","date","rate") VALUES (26,N'LINH',N'Mua đt ở tgdd f1, nhưng đợi bàn giao đth hơi bị lâu hơn 1h mới xong. Cảm nhận về con 13 của mình là mượt cute lắm, xài thoải mái cả ngày mới hết pin','2020-10-07',4);
INSERT INTO "Comment"("productId","name","content","date","rate") VALUES (26,N'Vũ Văn Hùng',N'Máy đẹp ổn mua cho mẹ khen','2023-06-05',5);
INSERT INTO "Comment"("productId","name","content","date","rate") VALUES (26,N'PHONG',N'Máy rất mới rất hài lòng','2023-05-22',5);
INSERT INTO "Comment"("productId","name","content","date","rate") VALUES (26,N'THẮNG',N'Ok','2022-02-24',5);
INSERT INTO "Comment"("productId","name","content","date","rate") VALUES (26,N'CÔNG',N'S/P rất ok.nhưng pin để qua đêm k dùng k bật mạg,wif lại mất 5-6% pin hơi bị ức chế','2022-05-10',4);
INSERT INTO "Comment"("productId","name","content","date","rate") VALUES (26,N'DŨNG',N'Sản phẩm chất lượng','2022-08-25',5);
INSERT INTO "Comment"("productId","name","content","date","rate") VALUES (26,N'VŨ',N'Nhân viên tư vấn rất tốt','2023-07-11',5);
INSERT INTO "Comment"("productId","name","content","date","rate") VALUES (26,N'Trần khánh',N'khá tốt','2022-06-30',5);
INSERT INTO "Comment"("productId","name","content","date","rate") VALUES (26,N'Linh',N'Mới mua máy 2-3 ngày nghe gọi rè tiếng kinh khủng rất khó chịu, mới mua unbox dc 2-3 ngày đi bảo hành :)) mình chẳng trách gì mấy ng nhân viên ko tốt đâu chẳng qua đi làm thuê như nhau cả thôi, trách là mình quá dễ dãi chốt nhanh trả tiền ngay ko đắn đo, tư vấn thì bảo rằng 1 đổi 1 trong 1 tháng nếu phát hiện lỗi nsx hư gì đổi nấy, đem ra 1 lần check nhân viên nói chung chung có thể do mạng hay bên ng gọi bên kia rồi mình cũng ậm ừ mang về, ngày hôm sau thì mình tới cửa hàng 1 lần nữa thì đem đi bảo hành :))) vậy là phải tháo máy ra sửa chữa sao, mình tưởng đổi máy khác luôn chứ.. đấy là do mình nghe ko kỹ hay là nhân viên tư vấn dc bề nổi thôi, thôi lần đầu đi mua tgdd có trải nghiệm như z cũng hơi thất vọng','2020-11-29',2);
INSERT INTO "Comment"("productId","name","content","date","rate") VALUES (26,N'UYÊN',N'Tôt','2022-12-05',4);
INSERT INTO "Comment"("productId","name","content","date","rate") VALUES (26,N'HƯƠNG',N'màu hồng siêu xinh lun ý ^^','2020-09-08',5);
INSERT INTO "Comment"("productId","name","content","date","rate") VALUES (26,N'THỌ',N'Đt tốt ok chất lượng','2020-10-04',4);
INSERT INTO "Comment"("productId","name","content","date","rate") VALUES (26,N'Cuong Vu',N'Sản phẩm tốt. Nhân viên nhiệt tình, chu đáo.','2020-07-18',5);
INSERT INTO "Comment"("productId","name","content","date","rate") VALUES (26,N'THIÊM',N'Tốt','2023-03-27',4);
INSERT INTO "Comment"("productId","name","content","date","rate") VALUES (26,N'HẠNH',N'Điện thoại mới 100% chưa xảy ra vấn đề gì nên tạm thời dùng tốt chưa có gì để nói thêm :)))','2022-09-14',5);
INSERT INTO "Comment"("productId","name","content","date","rate") VALUES (26,N'HIẾU',N'Tốt','2021-10-27',5);
INSERT INTO "Comment"("productId","name","content","date","rate") VALUES (26,N'VĂN CƯỜNG',N'Tạm thời thấy khá ok, mong tgdd luôn nâng tầm để kh có những trải nghiệm tốt hơn nữa!','2021-10-31',5);
INSERT INTO "Comment"("productId","name","content","date","rate") VALUES (26,N'PHƯƠNG',N'Mlem','2021-04-27',5);
INSERT INTO "Comment"("productId","name","content","date","rate") VALUES (26,N'HẢI',N'Ok','2023-11-14',4);
INSERT INTO "Comment"("productId","name","content","date","rate") VALUES (26,N'THƯ',N'Máy mượt, pin trâu, nhân viên nhiệt tình, sẽ tiếp tục ủng hộ!','2020-08-18',5);
INSERT INTO "Comment"("productId","name","content","date","rate") VALUES (26,N'ANH',N'Hiện tại đang trải nghiệm sảm phẩm','2023-09-23',5);
INSERT INTO "Comment"("productId","name","content","date","rate") VALUES (26,N'CHI',N'Điện thoại tuy dùng tốt nhưng chỉ được tặng mỗi dây sạc, trong khi củ sạc nó lại khác với các dòng ip trước đây, tai nghe cũng không','2022-12-31',4);
INSERT INTO "Comment"("productId","name","content","date","rate") VALUES (26,N'LÂM',N'Ok','2021-10-23',5);
INSERT INTO "Comment"("productId","name","content","date","rate") VALUES (26,N'Danh Nhị',N'Thật sứng đáng đồng tiền bỏ ra mua con này sài quá ok với lại nhân viên nhiệt tình và thân thiện cho 10 sao luôn 😂😂','2022-09-15',5);
INSERT INTO "Comment"("productId","name","content","date","rate") VALUES (26,N'Lan',N'Tggd o 1077 hậu Giang quận 6 may a c o6 đây u phục vụ khách hàng rất nhiệt tình, cảm ơn a nhật rất nhìu ạ','2022-07-05',5);
INSERT INTO "Comment"("productId","name","content","date","rate") VALUES (26,N'Nguyễn Trường Giang',N'phục vụ rất tốt
 nhân viên tgdd và điện máy xanh lúc nào cũng luôn chuyên nghiệp','2021-05-15',5);
INSERT INTO "Comment"("productId","name","content","date","rate") VALUES (26,N'Trần Thái Sơn',N'Từ lúc mua đt tới giờ chưa thấy có vấn đề nào cả 👍🏻','2021-01-28',5);
INSERT INTO "Comment"("productId","name","content","date","rate") VALUES (26,N'Nguyên',N'Phải nói là máy quá tốt, pin trâu hơn dòng iphone trước. Ai không thích máy to, nặng như bản Pro max thì nên chọn mẫu này, thích nhất cách thiết kế Camera là điểm nhấn của máy. Nhân viên Tgdđ Phường 1, Tp Trà Vinh rất thân thiện','2023-04-01',5);
INSERT INTO "Comment"("productId","name","content","date","rate") VALUES (26,N'nguyen van ut',N'minh mua ip13 mau xanh duong dc 8 ngay minh muon doi mau den ip13','2022-12-29',5);
INSERT INTO "Comment"("productId","name","content","date","rate") VALUES (26,N'lưu nhật minh',N'hài lòng , nv nhiệt tình, máy tốt, máy hồng, nguyên seal ko có gì để chê cả. nhân viên cửa hàng 26 phan đăng lưu bình thạnh phục vụ rất tốt, nhanh chóng , rất nhiệt tình, hi vọng máy bền, dùng ổn.','2022-07-31',5);
INSERT INTO "Comment"("productId","name","content","date","rate") VALUES (26,N'Mai văn mạnh ',N'Mình mới dùng được hơn một tháng mà pin tụt còn 99% trong khi đó minh ko chơi game chi sử dụng để nghe gọi mạng xã hội  và cũng sac pin đúng cách','2021-05-22',3);
INSERT INTO "Comment"("productId","name","content","date","rate") VALUES (26,N'Nguyễn Quốc Cường',N'Sản phẩm của TGDD tôi rất hài lòng nha, mua máy từ 28/10 lúc máy vừa bán xài đến nay đã gần 5 tháng mà máy vẫn 100% pin tất cả đều mượt ủng hộ TGDD','2021-11-14',5);
INSERT INTO "Comment"("productId","name","content","date","rate") VALUES (26,N'Thuỷ lê',N'Iphone 13 mình mua tgdd hôm 20/2 đến 16/3 đã giảm pin còn 98% có phải có vấn đề k ạ','2022-10-13',3);
INSERT INTO "Comment"("productId","name","content","date","rate") VALUES (26,N'Vương đình dương',N'Mới mua lúc sáng nhân viên tư vấn tận tình,chu đáo.','2021-07-20',5);
INSERT INTO "Comment"("productId","name","content","date","rate") VALUES (26,N'Trần Minh Nhật',N'Quá ổn, đẹp, có camera chéo nổi bật.','2023-10-14',5);
INSERT INTO "Comment"("productId","name","content","date","rate") VALUES (26,N'Phạm Thanh Nhân',N'- nhân viên phục vụ rất tốt.','2023-12-03',5);
INSERT INTO "Comment"("productId","name","content","date","rate") VALUES (26,N'Lâm Văn Hạ',N'Mình mua ip13 được hơn 1 tháng. Giờ đổi lấy tiền mặt thì được bao nhiêu ạ','2023-05-25',4);
INSERT INTO "Comment"("productId","name","content","date","rate") VALUES (26,N'Chị Linh',N'Dùng đúng 1 tháng pin xuống còn 99 , để qua đêm thì tụt 3% pin, mà máy ko chơi, ko tải game gì cả','2023-10-22',3);
INSERT INTO "Comment"("productId","name","content","date","rate") VALUES (26,N'Minh Hiền',N'Máy oke nhưng có cái pin hơi mau hết xíu ạ','2022-07-15',4);
INSERT INTO "Comment"("productId","name","content","date","rate") VALUES (26,N'Đặng Minh Quang',N'Dùng đáng giá tiền luôn nhé ae 👌','2023-01-06',5);
INSERT INTO "Comment"("productId","name","content","date","rate") VALUES (26,N'Trần Văn Đôn',N'Mình dùng và và trải nghiệm hiệu năng rất tốt. Có điều màn hình do iphone bảo vệ mắt người dùng lên ko xuất sắc như đời iphon6s (hơi ngả vàng) dùng lâu cũng quen. Cần nắm thao tacx tốt','2023-01-01',5);
INSERT INTO "Comment"("productId","name","content","date","rate") VALUES (26,N'Lê Thị Mận',N'Ok nhé','2022-01-06',5);
INSERT INTO "Comment"("productId","name","content","date","rate") VALUES (26,N'Tuấn Khanh',N'Nhân viên tư vấn nhiệt tình, vui vẻ, sản phẩm rất ưng ý','2021-10-22',5);
INSERT INTO "Comment"("productId","name","content","date","rate") VALUES (26,N'Hằng',N'Dùng thích','2021-06-28',4);
INSERT INTO "Comment"("productId","name","content","date","rate") VALUES (26,N'Anh Tâm',N'Nói chung máy tốt pin xài trong ngày ok có đều lâu lâu máy bị đơ phải tắt nguồn mới hết','2023-01-22',4);
INSERT INTO "Comment"("productId","name","content","date","rate") VALUES (26,N'Lương Ngọc Bích',N'Mới dùng được hơn tháng. Mọi thứ đều ổn, còn về lâu dài thì sau này mới biết đc. Tóm lại ok với giá tiền bỏ ra','2022-02-27',4);
INSERT INTO "Comment"("productId","name","content","date","rate") VALUES (26,N'Nguyễn Cao Minh Thư',N'Mình thấy dùng ổn, các tính năng oke, pin ổn, đáng mua, nhỏ gọn nữa, mình thấy dễ cầm lắm. Có điều mình cảm giác bàn phím k được nhạy.','2022-04-28',5);
INSERT INTO "Comment"("productId","name","content","date","rate") VALUES (26,N'Trịnh Thị Hạnh',N'Máy hay đơ','2021-01-05',3);
INSERT INTO "Comment"("productId","name","content","date","rate") VALUES (26,N'Anh Tân',N'Nhân viên chăm sắp tận tình quá.','2023-04-17',5);
INSERT INTO "Comment"("productId","name","content","date","rate") VALUES (26,N'Nguyễn Văn Phong',N'Âm thanh trong rỏ ,hình ảnh mượt,pín mạnh xứng tầm giá.','2020-08-08',5);
INSERT INTO "Comment"("productId","name","content","date","rate") VALUES (26,N'Quách Thành Đạt',N'Máy quốc dân thì thôi khỏi phải bàn, độ hoàn thiện chắc chắn hơn một hãng nào đó cùng tầm tiền.','2021-11-24',5);
INSERT INTO "Comment"("productId","name","content","date","rate") VALUES (26,N'Hoàng Văn Hiển',N'Tốt lắm','2022-08-19',5);
INSERT INTO "Comment"("productId","name","content","date","rate") VALUES (26,N'cam vang',N'mới mua được 3 tháng mà tình trạng bin tụt còn 96%. mặc dù không vừa sạc vừa sài.','2021-03-06',4);
INSERT INTO "Comment"("productId","name","content","date","rate") VALUES (26,N'Gia An',N'mua hồi 19.02.2022. Máy cam thì đẹp đó, mà bắt wifi chậm hơn so máy khác, tải tài liệu lên classroom hết 10p mà có tấm ảnh thôi. Còn appstore thì tải ứng dụng cứ bị lỗi phải hủy tải lại. Máy trang web hơi nặng tí là vô là giật lag dù máy không có tải gì nhiều cả toàn là ứng dụng có sẵn thôi, cũng không có ứng dụng ngầm. Khó chịu thật sự.','2023-09-09',3);
INSERT INTO "Comment"("productId","name","content","date","rate") VALUES (26,N'Lê Thi Phương Thảo',N'Máy mình mua bữa 7/12/2021. Dùng gọi video cho người khác không thấy hình, mà người ta gọi lại thì thấy hình. Lỗi thứ 2:  quay video k xem được video mà gửi cho người khác thì xem được! Chờ phản hồi của ad  ạ','2023-07-11',3);
INSERT INTO "Comment"("productId","name","content","date","rate") VALUES (26,N'Nguyễn Quang Trường',N'cam chính chụp gần bị out nét, quay video cũng vậy, còn lại thì cấu hình siêu mạnh, màn hình đẹp, pin trâu, đáng mua nếu mức giá giảm chút nữa, còn ai nhiều tiền thì chơi thôi :v','2023-02-10',4);
INSERT INTO "Comment"("productId","name","content","date","rate") VALUES (26,N'Đào Thị Thanh Vân',N'Mới mua chưa đầy 2 tháng mà đã vô app giật. Đem bảo hành 1 lần vẫn bị. Giờ nhắn phải đem xuống tận hãng. Mua mắc tiền mà xài ko bền so với giá.','2021-12-17',2);
INSERT INTO "Comment"("productId","name","content","date","rate") VALUES (26,N'Phúc',N'máy mới ngon, mà sao cứ bị mất sóng sim đột ngột làm mình không duy trì gọi được, ban đêm hơi hao pin những 8%','2023-09-29',5);
INSERT INTO "Comment"("productId","name","content","date","rate") VALUES (26,N'N.Quỳnh',N'Mình mua máy đợt vừa rồi có cài cảm ứng chạm quả táo sau máy mà lúc được lúc không, quay màn hình call video thì mất tiếng đúng chán. chơi titok thì toàn có đề thiết bị không hỗ trợ hiệu ứng mà gần như hiệu ứng nào cũng báo thế quá chán','2023-10-09',3);
INSERT INTO "Comment"("productId","name","content","date","rate") VALUES (26,N'Nguyễn Văn Duy Thắng',N'Mình mua điện thoại này ngày 23/1/2022.
 Mua về ít bữa ra nắng phát hiện thấy bụi camera trước, nghĩ do có sẵn lúc sản xuất nên nghĩ không bị thêm. Sau đó tiếp tục theo dõi vài ngày thì bị thêm nhiều hơn và cả camera sau cũng bị và cũng có tình trạng nhiều hơn theo ngày.
 Nay ngày 4/2/2022 (chưa được 15 ngày), lúc khoảng 18:30’ có ghé qua siêu thị p.Thốt Nốt, q. Thốt Nốt, Cần Thơ báo tình trạng máy. Thì Quản lý nói nữa gửi đi vệ sinh máy. Trong khi đó mình mới mua chưa được 1 tháng giờ phải gửi đi tháo máy ra. mới mua đây mà bị bụi theo ngày nhiều hơn vậy giờ phải gửi đi vệ sinh phải bung máy ra, vậy như máy không còn zin nữa rồi. Phải chi lâu thì không nói. Mới mua đây mà phải vậy. Thấy tiếc tiền và phải suy nghĩ lại chính sách bảo hành và chất lượng của tgdd (chưa nói đến giá tiền) đáng để người dùng tin tưởng và mua hàng tiếp không?
 Nhờ anh chị xem xét lại. :(','2021-12-07',3);
INSERT INTO "Comment"("productId","name","content","date","rate") VALUES (26,N'Nguyễn Tâm Minh Nguyệt',N'Mình đợi và mua  được đúng con máy màu hồng xinh lắm, máy mượt, pin trâu, nếu ai không quan trọng màn hình 60Hz và 120Hz với 2 so với 3 camera thì nên mua nhé','2022-11-25',5);
INSERT INTO "Comment"("productId","name","content","date","rate") VALUES (26,N'Nguyễn Phước Long',N'Dịch vụ tốt, nhân viên bán hàng nhiệt tình, vui vẻ, thân thiện','2021-03-02',4);
INSERT INTO "Comment"("productId","name","content","date","rate") VALUES (26,N'Nguyễn Văn Trường',N'Mua hàng hệ thống này bảo hành an tâm khỏi phải lo nghĩ  khi trong thời gian còn bảo hành','2023-05-31',5);
INSERT INTO "Comment"("productId","name","content","date","rate") VALUES (26,N'Thảo',N'Tốt qá tuyệt vơi rât la ngon xai rât là xin mà mượt xem phim ko bị lắc.lướt face nhanh','2020-11-03',5);
INSERT INTO "Comment"("productId","name","content","date","rate") VALUES (26,N'Nguyễn Xuân Trung',N'Pin trâu nhưg chơi có lúc máy nóng muốn nổ. Mà ko bt do máy hay do mình cập nhật lên ios 15.2 phải. Nhưg khuyên mn ko nên cập nhật ios 15.2 máy hay đơ với nóng','2023-12-17',4);
INSERT INTO "Comment"("productId","name","content","date","rate") VALUES (26,N'Trang',N'sạc nhanh rất tiện. pin khỏe dùng cả ngày liên tục mới hết pin. thiết kế gọn nhẹ trong lòng bàn tay, màu hồng rất xinh','2020-10-24',5);
INSERT INTO "Comment"("productId","name","content","date","rate") VALUES (26,N'Trần Nguyễn Ngọc Đan',N'Mua từ đợt đặt hàng đầu tiên, bị lỗi sập nguồn và k nhận tai nghe xong tgdd đổi cho cái khác và cái thứ 2 bị bụi trong camera lấy cái nữa phải chờ nên thôi chấp nhận mất 10% để dc hoàn tiền. Nói chung dịch vụ tgdd đổi trả nhanh gọn khá tốt nhưng k hiểu s cài điều khoản mất 10% vào nữa bóc 2 lần lỗi r thì ai còn muốn sử dụng sp đó nữa, cskh tốt, chính sách hút máu, gia công ip càng ngày càng tệ','2022-04-22',2);
INSERT INTO "Comment"("productId","name","content","date","rate") VALUES (26,N'Công',N'Tất  cả điều ok chỉ duy nhất dùng 2 sim gọi messeger thì bị lag giật . Ko gọi đc zalo thì dùng ok tắt 1 sim để 1 sim thì lại gọi mesesge bình thường ae ai xài 13 thử xem có bị giống mình ko ?','2022-06-04',4);
INSERT INTO "Comment"("productId","name","content","date","rate") VALUES (26,N'Anh Trí',N'Sau 1 tuần sử dụng cảm nhận máy chạy mượt, pin trâu, lướt fb với vài ứng dụng thì trụ dc hơn 1 ngày, videocall 4 tiếng thì tụt 44% khá tốt so với xs max cũ của mình. Dịch vụ giao hàng của tgdd rất tốt, nhân viên hỗ trợ nhiệt tình. Màu đỏ rất đẹp.','2023-04-10',5);
INSERT INTO "Comment"("productId","name","content","date","rate") VALUES (26,N'Như Quỳnh',N'mình mới mua máy dùng chủ yếu để  coi tiktok với lướt face 1 tiếng tuột 10%pin có ổn không ạ','2023-05-23',5);
INSERT INTO "Comment"("productId","name","content","date","rate") VALUES (26,N'Võ Phước Đạt',N'Rat mượt .pin trâu..tính năng thì chưa biet hết...thôi kệ iphone pin trâu là ok roi','2023-10-16',5);
INSERT INTO "Comment"("productId","name","content","date","rate") VALUES (26,N'Phạm Hằng',N'Em cũng mới mua 1 tuần mà sao sạc 20w cở 60 70% lại bị nóng lên . Rồi khi đag sử dụng cũng nóng thì có bị s k ạ','2022-04-20',3);
INSERT INTO "Comment"("productId","name","content","date","rate") VALUES (26,N'Nguyễn xuân trung',N'Dùng dduocwj khoảng 1 tháng thì tôi có nhận xét sau: máy pin tốt  , mà dạo này sóng sim cứ lúc đc 1 vạch lúc ko có vạch nào . Đặc bt sao mình sạc máy thì nóng giống như máy muốn nổ tung á . Mong tgdđ giải đáp','2020-09-02',4);
INSERT INTO "Comment"("productId","name","content","date","rate") VALUES (26,N'Hoàng minh tuấn',N'Mk mới mua đk 1tuần mà máy sóng kém lúc nào cũg chỉ đk 2vạch sóng thôi.có phải máy bị lỗi sóng ko?','2022-12-06',4);
INSERT INTO "Comment"("productId","name","content","date","rate") VALUES (26,N'Khang',N'Mới mua hôm nay, cảm giác điện thoại rất tuyệt, nhân viên điện máy xanh K9, TT TVT, CM rất nhiệt tình, chu đáo. Bạn Duy tư vấn tận tình, và các bạn khác hổ trợ tối đa. Cảm thấy rất hài lòng về phục vụ của tgdd, đmx','2021-10-08',5);
INSERT INTO "Comment"("productId","name","content","date","rate") VALUES (26,N'Nguyễn Thanh Tâm',N'Mới mua một e iPhone13 ở ĐMX ấp hội nghĩa Tân Uyên Bình Dương phải nói rất êm không gì phải bàn.từ bảo vệ đến nhân viên phục vụ tận tình chu đáo rất dễ thương.Xin cảm ơn các  bạn ĐMX hội nghĩa .TU.BD đã hỗ trợ rất nhiều','2023-02-23',5);
INSERT INTO "Comment"("productId","name","content","date","rate") VALUES (26,N'Tiến',N'đã xài hơn 1 tháng, không chơi game nên pin xài được 2 ngày, camera ổn, nói chung là hài lòng','2023-02-28',5);
INSERT INTO "Comment"("productId","name","content","date","rate") VALUES (26,N'A Sheng',N'Hôm nay mới mua đt ở tgdt có thắc mắc là khi gõ vào màn hình thì kêu bộp bộp như bị rỗng vậy? Không biết có phải máy nào cũng vậy không ạ?','2020-07-10',3);
INSERT INTO "Comment"("productId","name","content","date","rate") VALUES (26,N'Bích liên',N'Mình có mua cái iphone màu hồng ngày 18/12 mà giờ mình muốn đổi lại cái màu trắng thì phải bù bnhieu v shop?','2023-06-22',4);
INSERT INTO "Comment"("productId","name","content","date","rate") VALUES (26,N'ĐỖ TIẾN VĂN',N'+ pin trâu
 + cam thiếu tele zoom xa hơi bất tiện
 + mạng 4g không ổn định trừ 1 sao
 + sóng sánh không ổn khi dùng 2 sim trừ 1 sao','2021-04-19',3);
INSERT INTO "Comment"("productId","name","content","date","rate") VALUES (26,N'Đỗ Văn Hoà',N'Cầm vừa tay, pin trâu. Nhưng để qua đêm thấy tụt 3-5% pin. Nói chung ko chê điểm gì','2022-01-25',5);
INSERT INTO "Comment"("productId","name","content","date","rate") VALUES (26,N'Trần văn thành',N'Máy mua được 1 tuần. 1 đêm ko dùng tụt 5% có ổn ko ạ. Máy dùng 5 tiếng thì ht pin','2021-10-31',3);
INSERT INTO "Comment"("productId","name","content","date","rate") VALUES (26,N'HẠ HẢI LONG',N'ok . rất tốt và hợp lí . nếu mà cho trả góp đc 2 con thì tốt hơn nữa hihe . iiiiiii','2021-08-17',4);
INSERT INTO "Comment"("productId","name","content","date","rate") VALUES (26,N'Lê thị hồng đào',N'Điện thoại e mỗi khi điện bên kia nghe là bị mất tiếg có tiếng không trong khi đó mạng rất bth mà máy cũ xài mấy năm điện thì ko bị tình trạng như vậy','2022-03-02',3);
INSERT INTO "Comment"("productId","name","content","date","rate") VALUES (26,N'Ha',N'Điện thoại đẹp, pin dùng rất khỏe, camera tốt..Nói chung không chê được ở điểm nào','2022-09-24',5);
INSERT INTO "Comment"("productId","name","content","date","rate") VALUES (26,N'Nguyễn vĂn sơn',N'Thi thoảng đơ cảm ứng màn hình  hài chán thật 
 Không biết sẽ bảo hành cho mình như nào ạ','2021-06-01',3);
INSERT INTO "Comment"("productId","name","content","date","rate") VALUES (26,N'Phạm Văn Thọ',N'Mua 2 cái nhưng 1 cái bị lỗi phím tăng âm lượng, mang ra cửa hàng và được đổi cái mới. Nhân viên rất nhiệt tình và thân thiện.','2022-01-14',5);
INSERT INTO "Comment"("productId","name","content","date","rate") VALUES (26,N'Nguyễn Tiến Phong',N'Mới mua tối qua bên cửa hàng trên đường Nguyễn An Ninh, Dĩ An, Bình dương.
 Quản lý và nhân viên tư vấn hỗ trợ nhiệt tính chuyên nghiệp tuy là mua 2 cái có chờ hơi lâu đó phải đi lấy máy chỗ khác về nhưng với số với chỗ khác không có hàng để mua thì tốt hơn.
 Máy thật sự rất siêu phẩm màu đỏ tuyệt vời, màu đen ok.
 Dùng được 1 ngày pin trâu không xuống bao nhiêu.
 Đáng đồng tiền','2023-04-06',5);
INSERT INTO "Comment"("productId","name","content","date","rate") VALUES (26,N'Văn Hoà',N'Mở mới mua hm 19/11 về dùng on Facebook vs TikTok 1h hết 9% pin như vậy ổn Ko vậy ad ơi','2020-10-12',3);
INSERT INTO "Comment"("productId","name","content","date","rate") VALUES (26,N'TRẦN LÝ ĐÔNG SƠN',N'Máy mạnh. Pin trâu chụp hình đẹp. Chỉ có sài màn hình to riết nhìn màn hình nhỏ ko quen. Các ban nv tư vấn nhiệt tình rất ok','2022-11-05',5);
INSERT INTO "Comment"("productId","name","content","date","rate") VALUES (26,N'Nguyễn Vương Quế Anh',N'Máy ngon, pin trâu, chụp hình đẹp, chụp đêm đỉnh, sạc nhanh đầy từ 9h sáng hôm trước mà 12h trưa hôm sau vẫn còn 30%
 Vài năm nữa có tiền sẽ tiếp tục lên đời iPhone, lúc trước xài android chán lắm','2022-07-12',5);
INSERT INTO "Comment"("productId","name","content","date","rate") VALUES (26,N'HUYỀN PHẠM',N'Mình lấy con 13 128gb màu pink ngày 30/10,sau vài ngày trãi nghiệm thì có nhận xét: Pin xài lâu,video điện ảnh có thể xoá phông,màn hình sáng đẹp,âm thanh hay. Cái màu hồng nude cực kỳ ưng luôn nhé!Đáng để nâng cấp.','2021-08-14',5);
INSERT INTO "Comment"("productId","name","content","date","rate") VALUES (26,N'Nguyễn Dương Thanh Hằng',N'Lấy hàng hôm 31/10, màu hồng xinh xĩu... pin trâu cực kì. Chờ đợi nửa tháng thì ẻm cũng về với mình. Ưng gì đâu luôn á.','2023-07-31',5);
INSERT INTO "Comment"("productId","name","content","date","rate") VALUES (26,N'Hồ ngọc thắng',N'Lấy máy hôm 30.10.21 thanh toán bằng moca nhưng chưa thấy được hoàn tiền lại?????','2022-01-05',4);
INSERT INTO "Comment"("productId","name","content","date","rate") VALUES (26,N'Hoàng',N'vừa mới nhận ngày 27,trải nghiệm được 4 ngày, pin cực trâu, chụp hình đẹp.Nhân viên tư vấn rất chuyên nghiệp, nhiệt tình.','2022-07-10',5);
INSERT INTO "Comment"("productId","name","content","date","rate") VALUES (26,N'Hoàng Long',N'Cam đẹp màn hình rất đẹp và sáng hơn 12. Đáng để nâng cấp nhé ae. Từ nhân viên đến quản lý siệu thị 113 nguyễn hệu tx bình long rất nhiệt tình và chu đáo','2023-06-16',5);
INSERT INTO "Comment"("productId","name","content","date","rate") VALUES (26,N'Linh',N'','2023-09-10',5);
INSERT INTO "Comment"("productId","name","content","date","rate") VALUES (26,N'Lê Mi Kha',N'','2021-08-04',5);
INSERT INTO "Comment"("productId","name","content","date","rate") VALUES (26,N'Nguyễn Thị Ngọc Mỹ',N'','2021-12-01',5);
INSERT INTO "Comment"("productId","name","content","date","rate") VALUES (26,N'Hoàng Bích Điệp',N'','2022-08-01',5);
INSERT INTO "Comment"("productId","name","content","date","rate") VALUES (26,N'Chị Tuyền',N'','2022-08-13',4);
INSERT INTO "Comment"("productId","name","content","date","rate") VALUES (26,N'Trần thị hằng nga',N'','2021-03-04',5);
INSERT INTO "Comment"("productId","name","content","date","rate") VALUES (26,N'Chị Chi',N'','2023-01-25',5);
INSERT INTO "Comment"("productId","name","content","date","rate") VALUES (26,N'Ngo Chi Cuong',N'Nhân viên Tư vấn rất nhiệt tình','2021-04-12',5);
INSERT INTO "Comment"("productId","name","content","date","rate") VALUES (26,N'Nguyễn Văn Thảo',N'','2021-03-21',5);
INSERT INTO "Comment"("productId","name","content","date","rate") VALUES (26,N'Quỳnh diễm',N'','2021-10-10',4);
INSERT INTO "Comment"("productId","name","content","date","rate") VALUES (26,N'A Thành',N'','2022-05-07',3);
INSERT INTO "Comment"("productId","name","content","date","rate") VALUES (26,N'Phạm Đức Toàn',N'','2022-04-26',5);
INSERT INTO "Comment"("productId","name","content","date","rate") VALUES (26,N'Triệu Thương Điệp',N'','2020-10-21',4);
INSERT INTO "Comment"("productId","name","content","date","rate") VALUES (26,N'Phan Thị Thanh Hương',N'','2020-09-17',4);
INSERT INTO "Comment"("productId","name","content","date","rate") VALUES (26,N'Diễm Thảo',N'','2021-12-17',4);
INSERT INTO "Comment"("productId","name","content","date","rate") VALUES (26,N'Hương',N'','2022-02-08',5);
INSERT INTO "Comment"("productId","name","content","date","rate") VALUES (26,N'Nguyễn Hoàng Nam',N'','2021-08-17',3);
INSERT INTO "Comment"("productId","name","content","date","rate") VALUES (26,N'Đinh Lê Ngọc Thảo',N'','2023-08-27',4);
INSERT INTO "Comment"("productId","name","content","date","rate") VALUES (26,N'Nguyễn kim Đạt',N'','2022-02-04',5);
INSERT INTO "Comment"("productId","name","content","date","rate") VALUES (26,N'Sơn',N'','2023-01-24',5);
INSERT INTO "Comment"("productId","name","content","date","rate") VALUES (26,N'Nguyễn Thái Trúc',N'','2021-10-11',5);
INSERT INTO "Comment"("productId","name","content","date","rate") VALUES (26,N'Chị Hiền',N'','2022-02-01',5);
INSERT INTO "Comment"("productId","name","content","date","rate") VALUES (26,N'VI THỊ LAN',N'Mấy sai rất ok','2020-12-30',5);
INSERT INTO "Comment"("productId","name","content","date","rate") VALUES (26,N'Chị Quỳnh',N'','2023-06-22',5);
INSERT INTO "Comment"("productId","name","content","date","rate") VALUES (26,N'A Tài',N'','2023-08-31',5);
INSERT INTO "Comment"("productId","name","content","date","rate") VALUES (26,N'Nguyen Thi Bich Thuy',N'','2022-07-21',5);
INSERT INTO "Comment"("productId","name","content","date","rate") VALUES (26,N'Võ Thành Đô',N'','2020-09-14',4);
INSERT INTO "Comment"("productId","name","content","date","rate") VALUES (26,N'Thạch Thảo',N'','2023-04-11',5);
INSERT INTO "Comment"("productId","name","content","date","rate") VALUES (26,N'Le Chi Thanh',N'','2022-02-12',5);
INSERT INTO "Comment"("productId","name","content","date","rate") VALUES (26,N'Anh Minh',N'','2023-08-26',5);
INSERT INTO "Comment"("productId","name","content","date","rate") VALUES (26,N'Anh Thịnh',N'','2021-01-08',4);
INSERT INTO "Comment"("productId","name","content","date","rate") VALUES (26,N'Long',N'','2021-04-01',5);
INSERT INTO "Comment"("productId","name","content","date","rate") VALUES (26,N'Em Nhân',N'','2023-03-20',4);
INSERT INTO "Comment"("productId","name","content","date","rate") VALUES (26,N'A son',N'','2022-08-22',5);
INSERT INTO "Comment"("productId","name","content","date","rate") VALUES (26,N'Mai Phước Trọng',N'','2021-02-19',5);
INSERT INTO "Comment"("productId","name","content","date","rate") VALUES (26,N'Em Ngọc Tấn',N'','2022-04-18',5);
INSERT INTO "Comment"("productId","name","content","date","rate") VALUES (26,N'Thuỳ',N'','2022-07-27',5);
INSERT INTO "Comment"("productId","name","content","date","rate") VALUES (26,N'Hoàng Hữu Đức',N'','2021-12-28',5);
INSERT INTO "Comment"("productId","name","content","date","rate") VALUES (26,N'Phan Thanh Thư',N'','2021-12-22',5);
INSERT INTO "Comment"("productId","name","content","date","rate") VALUES (26,N'Khoi',N'','2023-02-19',5);
INSERT INTO "Comment"("productId","name","content","date","rate") VALUES (26,N'nguyễn văn sáng',N'','2022-07-01',5);
INSERT INTO "Comment"("productId","name","content","date","rate") VALUES (26,N'HỒ THỊ MINH TÂM',N'','2022-08-31',5);
INSERT INTO "Comment"("productId","name","content","date","rate") VALUES (26,N'Tai',N'','2023-12-08',5);
INSERT INTO "Comment"("productId","name","content","date","rate") VALUES (26,N'LAN',N'','2022-09-12',4);
INSERT INTO "Comment"("productId","name","content","date","rate") VALUES (26,N'MY',N'','2022-08-02',4);
INSERT INTO "Comment"("productId","name","content","date","rate") VALUES (26,N'LINH',N'','2021-11-20',5);
INSERT INTO "Comment"("productId","name","content","date","rate") VALUES (26,N'L I',N'','2023-06-08',3);
INSERT INTO "Comment"("productId","name","content","date","rate") VALUES (26,N'HIỂN',N'','2020-09-25',5);
INSERT INTO "Comment"("productId","name","content","date","rate") VALUES (26,N'HOÁ',N'','2020-10-12',4);
INSERT INTO "Comment"("productId","name","content","date","rate") VALUES (26,N'LINH',N'','2022-09-29',4);
INSERT INTO "Comment"("productId","name","content","date","rate") VALUES (26,N'BÀI',N'','2022-02-19',5);
INSERT INTO "Comment"("productId","name","content","date","rate") VALUES (26,N'SUONG',N'','2020-08-09',5);
INSERT INTO "Comment"("productId","name","content","date","rate") VALUES (26,N'B O',N'','2022-06-18',5);
INSERT INTO "Comment"("productId","name","content","date","rate") VALUES (26,N'DUNG',N'','2022-02-22',4);
INSERT INTO "Comment"("productId","name","content","date","rate") VALUES (26,N'THANH',N'','2023-09-06',5);
INSERT INTO "Comment"("productId","name","content","date","rate") VALUES (26,N'THÀNH',N'','2021-09-03',4);
INSERT INTO "Comment"("productId","name","content","date","rate") VALUES (26,N'NGÂN',N'','2021-05-01',4);
INSERT INTO "Comment"("productId","name","content","date","rate") VALUES (26,N'Trang',N'','2023-08-21',3);
INSERT INTO "Comment"("productId","name","content","date","rate") VALUES (26,N'ĐẠI',N'','2022-07-02',5);
INSERT INTO "Comment"("productId","name","content","date","rate") VALUES (26,N'TU N',N'','2021-01-27',5);
INSERT INTO "Comment"("productId","name","content","date","rate") VALUES (26,N'THU',N'','2022-02-18',4);
INSERT INTO "Comment"("productId","name","content","date","rate") VALUES (26,N'NHI',N'','2023-12-19',4);
INSERT INTO "Comment"("productId","name","content","date","rate") VALUES (26,N'DUNG',N'','2021-08-13',4);
INSERT INTO "Comment"("productId","name","content","date","rate") VALUES (26,N'MINH',N'','2022-01-19',5);
INSERT INTO "Comment"("productId","name","content","date","rate") VALUES (26,N'LUYỆN',N'','2022-07-26',3);
INSERT INTO "Comment"("productId","name","content","date","rate") VALUES (26,N'NGHĨA',N'','2022-08-05',4);
INSERT INTO "Comment"("productId","name","content","date","rate") VALUES (26,N'SANG',N'','2021-11-11',5);
INSERT INTO "Comment"("productId","name","content","date","rate") VALUES (26,N'PHƯƠNG',N'','2022-03-16',5);
INSERT INTO "Comment"("productId","name","content","date","rate") VALUES (26,N'DIỄM',N'','2023-06-29',5);
INSERT INTO "Comment"("productId","name","content","date","rate") VALUES (26,N'THẢO',N'','2023-10-23',5);
INSERT INTO "Comment"("productId","name","content","date","rate") VALUES (26,N'TÁ',N'','2023-11-01',4);
INSERT INTO "Comment"("productId","name","content","date","rate") VALUES (26,N'THƠ',N'','2023-06-05',5);
INSERT INTO "Comment"("productId","name","content","date","rate") VALUES (26,N'CHAU',N'','2023-03-13',5);
INSERT INTO "Comment"("productId","name","content","date","rate") VALUES (26,N'THẢO',N'','2022-03-22',5);
INSERT INTO "Comment"("productId","name","content","date","rate") VALUES (26,N'LINH',N'','2021-10-28',5);
INSERT INTO "Comment"("productId","name","content","date","rate") VALUES (26,N'HỒNG',N'','2022-09-04',3);
INSERT INTO "Comment"("productId","name","content","date","rate") VALUES (26,N'LƯU',N'','2022-11-10',3);
INSERT INTO "Comment"("productId","name","content","date","rate") VALUES (26,N'TRANG',N'','2021-09-15',5);
INSERT INTO "Comment"("productId","name","content","date","rate") VALUES (26,N'Nguyễn Thị Nhung',N'','2022-07-07',5);
INSERT INTO "Comment"("productId","name","content","date","rate") VALUES (26,N'Chú Trần Văn Dũng',N'','2022-02-16',4);
INSERT INTO "Comment"("productId","name","content","date","rate") VALUES (26,N'TRAN DINH TUYEN',N'','2022-05-11',5);
INSERT INTO "Comment"("productId","name","content","date","rate") VALUES (26,N'Nguyễn Xuân Thủy',N'Mình thấy nhiều lúc mắn hình giả lac','2021-04-28',5);
INSERT INTO "Comment"("productId","name","content","date","rate") VALUES (26,N'Hoàng Thiên',N'','2021-07-20',5);
INSERT INTO "Comment"("productId","name","content","date","rate") VALUES (26,N'Đinh Văn Anh',N'','2021-03-13',4);
INSERT INTO "Comment"("productId","name","content","date","rate") VALUES (26,N'Trần Vũ Khương',N'','2022-05-18',5);
INSERT INTO "Comment"("productId","name","content","date","rate") VALUES (26,N'Chị Tiên',N'','2022-02-19',5);
INSERT INTO "Comment"("productId","name","content","date","rate") VALUES (26,N'NGUYỄN XUÂN HOÀNG',N'','2021-04-26',5);
INSERT INTO "Comment"("productId","name","content","date","rate") VALUES (26,N'Trần Minh Trí',N'','2021-08-03',3);
INSERT INTO "Comment"("productId","name","content","date","rate") VALUES (26,N'T n T%E0i',N'','2021-12-02',4);
INSERT INTO "Comment"("productId","name","content","date","rate") VALUES (26,N'Nguyễn Đồng Hiếu Thắng',N'','2022-07-09',5);
INSERT INTO "Comment"("productId","name","content","date","rate") VALUES (26,N'Được',N'','2021-06-08',5);
INSERT INTO "Comment"("productId","name","content","date","rate") VALUES (26,N'Nguyễn Đình Mạnh',N'','2021-08-17',5);
INSERT INTO "Comment"("productId","name","content","date","rate") VALUES (26,N'Huyền',N'','2021-09-17',5);
INSERT INTO "Comment"("productId","name","content","date","rate") VALUES (26,N'Gấm',N'','2022-07-24',5);
INSERT INTO "Comment"("productId","name","content","date","rate") VALUES (26,N'Bỏng',N'','2021-03-21',4);
INSERT INTO "Comment"("productId","name","content","date","rate") VALUES (26,N'Lan',N'','2021-08-30',5);
INSERT INTO "Comment"("productId","name","content","date","rate") VALUES (26,N'Phúc',N'','2021-02-28',5);
INSERT INTO "Comment"("productId","name","content","date","rate") VALUES (26,N'Chị Kim Chi',N'','2021-10-19',5);
INSERT INTO "Comment"("productId","name","content","date","rate") VALUES (26,N'Nguyễn Anh Trí',N'','2021-10-15',5);
INSERT INTO "Comment"("productId","name","content","date","rate") VALUES (26,N'Hoàng Thị Thu Thảo',N'','2022-06-02',5);
INSERT INTO "Comment"("productId","name","content","date","rate") VALUES (26,N'Lò Văn Doan',N'','2021-07-16',4);
INSERT INTO "Comment"("productId","name","content","date","rate") VALUES (26,N'Hà Thế Bảo',N'','2023-03-24',5);
INSERT INTO "Comment"("productId","name","content","date","rate") VALUES (26,N'Anh Dũng',N'Nói chung sài trong hơn một tháng qua mọi thứ đều tốt chưa có vấn đề gì bận tâm cả còn về sau thì chưa giám đánh giá nói chung hài lòng với số tiền bỏ ra','2022-10-09',4);
INSERT INTO "Comment"("productId","name","content","date","rate") VALUES (26,N'Chị Diệu',N'','2021-09-11',5);
INSERT INTO "Comment"("productId","name","content","date","rate") VALUES (26,N'Thái',N'','2021-07-12',4);
INSERT INTO "Comment"("productId","name","content","date","rate") VALUES (26,N'Kim Thoa',N'','2021-04-23',5);
INSERT INTO "Comment"("productId","name","content","date","rate") VALUES (26,N'Võ Văn Tịnh',N'','2022-10-07',4);
INSERT INTO "Comment"("productId","name","content","date","rate") VALUES (26,N'Hoàng',N'','2023-04-05',5);
INSERT INTO "Comment"("productId","name","content","date","rate") VALUES (26,N'Phạm Ngọc Tính',N'','2023-07-15',4);
INSERT INTO "Comment"("productId","name","content","date","rate") VALUES (26,N'Lưu Văn Thông',N'','2022-11-20',5);
INSERT INTO "Comment"("productId","name","content","date","rate") VALUES (26,N'ng B%E1 T%F9ng',N'','2023-02-08',5);
INSERT INTO "Comment"("productId","name","content","date","rate") VALUES (26,N'Tuấn',N'','2023-05-22',5);
INSERT INTO "Comment"("productId","name","content","date","rate") VALUES (26,N'Chị Làn',N'','2022-02-21',4);
INSERT INTO "Comment"("productId","name","content","date","rate") VALUES (26,N'Nguyễn Thị Mai',N'','2022-12-11',4);
INSERT INTO "Comment"("productId","name","content","date","rate") VALUES (26,N'Trương Hải Đăng',N'','2023-07-24',4);
INSERT INTO "Comment"("productId","name","content","date","rate") VALUES (26,N'Bùi Thị Quỳnh Hương',N'','2020-07-31',5);
INSERT INTO "Comment"("productId","name","content","date","rate") VALUES (26,N'Thanh',N'','2022-08-18',5);
INSERT INTO "Comment"("productId","name","content","date","rate") VALUES (26,N'Nguyễn Thị Miên',N'','2022-05-15',4);
INSERT INTO "Comment"("productId","name","content","date","rate") VALUES (26,N'Chị Hoa',N'','2021-01-09',4);
INSERT INTO "Comment"("productId","name","content","date","rate") VALUES (26,N'Phí Thị ThúY',N'','2021-06-21',5);
INSERT INTO "Comment"("productId","name","content","date","rate") VALUES (26,N'Kien',N'','2021-05-12',5);
INSERT INTO "Comment"("productId","name","content","date","rate") VALUES (26,N'Hùng',N'','2023-04-18',5);
INSERT INTO "Comment"("productId","name","content","date","rate") VALUES (26,N'Nguyễn Hoài Nam',N'','2022-10-05',5);
INSERT INTO "Comment"("productId","name","content","date","rate") VALUES (26,N'Khánh',N'','2023-02-24',4);
INSERT INTO "Comment"("productId","name","content","date","rate") VALUES (26,N'Anh Nhật',N'','2022-01-02',5);
INSERT INTO "Comment"("productId","name","content","date","rate") VALUES (26,N'Nguyễn Lâm Anh',N'','2021-04-23',5);
INSERT INTO "Comment"("productId","name","content","date","rate") VALUES (26,N'Phạm Văn Lâm',N'','2021-10-07',4);
INSERT INTO "Comment"("productId","name","content","date","rate") VALUES (26,N'HảI Anh',N'','2021-07-04',5);
INSERT INTO "Comment"("productId","name","content","date","rate") VALUES (26,N'Chị Oanh',N'','2023-11-20',4);
INSERT INTO "Comment"("productId","name","content","date","rate") VALUES (26,N'Trâm',N'','2023-07-13',5);
INSERT INTO "Comment"("productId","name","content","date","rate") VALUES (26,N'Nguyễn Thị Diễm An',N'','2020-12-22',5);
INSERT INTO "Comment"("productId","name","content","date","rate") VALUES (26,N'Đình Luân',N'','2022-01-07',5);
INSERT INTO "Comment"("productId","name","content","date","rate") VALUES (26,N'Anh Lẹ',N'','2021-08-14',5);
INSERT INTO "Comment"("productId","name","content","date","rate") VALUES (26,N'C Chi',N'','2021-12-22',4);
INSERT INTO "Comment"("productId","name","content","date","rate") VALUES (26,N'Đại',N'','2023-07-22',4);
INSERT INTO "Comment"("productId","name","content","date","rate") VALUES (26,N'Anh Thành',N'','2022-12-17',5);
INSERT INTO "Comment"("productId","name","content","date","rate") VALUES (26,N'Anh Huy',N'','2021-06-07',3);
INSERT INTO "Comment"("productId","name","content","date","rate") VALUES (26,N'Hậu',N'','2021-04-10',5);
INSERT INTO "Comment"("productId","name","content","date","rate") VALUES (26,N'Đỗ Thị Minh Trang',N'','2022-12-30',5);
INSERT INTO "Comment"("productId","name","content","date","rate") VALUES (26,N'Lý Thanh Thuận',N'','2021-10-17',5);
INSERT INTO "Comment"("productId","name","content","date","rate") VALUES (26,N'Kim',N'','2023-03-18',5);
INSERT INTO "Comment"("productId","name","content","date","rate") VALUES (26,N'Anh Minh',N'','2022-01-11',5);
INSERT INTO "Comment"("productId","name","content","date","rate") VALUES (26,N'Nguyễn Lệ Trang',N'','2023-08-24',5);
INSERT INTO "Comment"("productId","name","content","date","rate") VALUES (26,N'Tuấn',N'','2021-01-29',5);
INSERT INTO "Comment"("productId","name","content","date","rate") VALUES (26,N'Hồng',N'','2022-04-24',5);
INSERT INTO "Comment"("productId","name","content","date","rate") VALUES (26,N'Linh',N'','2021-08-28',1);
INSERT INTO "Comment"("productId","name","content","date","rate") VALUES (26,N'Cao Thị Quỳnh Hoa',N'','2020-07-07',4);
INSERT INTO "Comment"("productId","name","content","date","rate") VALUES (26,N'Tống Thị Oanh',N'','2020-06-25',5);

INSERT INTO "Product" ("productId","total","typeId","image","cost","price","discount","rate","releaseDate","name") VALUES (28, 186, 3,'https://cdn.tgdd.vn/Products/Images/42/305695/oppo-reno10-blue-thumbnew-600x600.jpg',8990000,10990000,4,3.8,'2022-11-07', N'Điện thoại OPPO Reno10 5G 256GB Xanh');
INSERT INTO "ProductDetail" ("productId","screen","os","cameraBehind","cameraFront","cpu","ram","rom","battery","sim") VALUES (28,N'AMOLED, 6.7", Full HD+',N'Android 13',N'Chính 64 MP & Phụ 32 MP, 8 MP',N'32 MP',N'MediaTek Dimensity 7050 5G 8 nhân', N'8 GB',N'256 GB',N'5000 mAh',N'2 Nano SIM (SIM 2 chung khe thẻ nhớ)');
INSERT INTO "Comment"("productId","name","content","date","rate") VALUES (28,N'Nguyễn Thị Nội',N'Máy không hề tải game nhưng đơ trắng màn hình liên tục. Phải khởi động lại xem phim lại tiếp tục đơ trắng. 10 triệu cho Oppo reno 10 thật sự không xứng đáng.','2023-03-01',1);
INSERT INTO "Comment"("productId","name","content","date","rate") VALUES (28,N'Tá',N'Máy chụp ảnh đẹp. Quay video nét. Sạc siêu nhanh. Đặc biệt là bắt sóng khoẻ. Đi tàu mà dùng oppo quá chuẩn. Dùng cũng mượt. Nên mua nhé','2023-05-13',5);
INSERT INTO "Comment"("productId","name","content","date","rate") VALUES (28,N'Anh tuyền',N'Nhân viên nhiệt tình nhưng đưa cho cái bóc rồi.máy mũi tên chở về thi thoảng đơ.k chở về được tầm tiền này quá đắt','2022-11-16',2);
INSERT INTO "Comment"("productId","name","content","date","rate") VALUES (28,N'Trần lương',N'Mh mớii trả góp dùng đc gần tháng thấy mạng hơi kém với đơ đơ thì có đổi đc máy khác ko','2022-12-14',3);
INSERT INTO "Comment"("productId","name","content","date","rate") VALUES (28,N'Tien',N'Xài lúc nào máy cũg nóg và pin tụt nhanh quá','2023-11-11',3);
INSERT INTO "Comment"("productId","name","content","date","rate") VALUES (28,N'Lê Phong Vũ',N'xài tầm 30p nóng máy, pin siêu tụt nhanh sử dụng tầm hơn nửa ngày là hết pin, sp ra lần này quá tệ','2023-03-22',1);
INSERT INTO "Comment"("productId","name","content","date","rate") VALUES (28,N'Nguyễn Hoài Nam',N'Mới mua hơn 1thág chơi game liên quân giảm cấu hình xuống thấp nhất mà di chuyển cứ lag lag nhức cả mắt. Giá gần 11tr ko xúng đáng','2022-12-11',1);
INSERT INTO "Comment"("productId","name","content","date","rate") VALUES (28,N'Tuyết Hồng',N'Nv tư vấn nhiệt tình, chuyên nghiệp. Mình thích bạn nv tư vấn. Về đt thì mình thật sự thất vọng và k hài lòng. Mình đã dùng oppo f11 thấy rất ổn. Pin 4000 mấy thôi và k có sạc supper siêu nhanh. Nhưng rất ưng. Còn con reno này xài xíu là bị nóng máy. Pin tuột nhanh. Rất k hài lòng.','2023-01-07',2);
INSERT INTO "Comment"("productId","name","content","date","rate") VALUES (28,N'khoa',N'xài hơn tháng thấy pin tuột nhanh không trâu như lúc đầu. hơi thất vọng','2023-01-04',3);
INSERT INTO "Comment"("productId","name","content","date","rate") VALUES (28,N'Nguyễn Thị Hồng Vân',N'Mua xài chưa đc 1 tháng. Mà vấn đề nhiều quá, mở mail, liên kết link toàn hiện màn hình trắng, ko thể tải nội dung, làm ảnh hưởng đến công việc của mình. Hình chụp cũng ko đẹp. Trong khi cv của mình cần sd đt để làm việc','2023-12-10',3);
INSERT INTO "Comment"("productId","name","content","date","rate") VALUES (28,N'Giang',N'Mua được hơn tháng mà điện thoại chụp ảnh xấu lắm luôn. Ra cửa hàng tư vấn còn này chụp ảnh đẹp các kiểu mà mua về thất vọng vch. Pin thì tụt nhanh như gì ý. Sạc 100% mà lướt fb tụt nhanh sốc luôn. Mua hơn 10tr mà chán quá','2023-03-23',3);
INSERT INTO "Comment"("productId","name","content","date","rate") VALUES (28,N'Văn Trường',N'Sao pin 500 mà nó tụt nhanh thật sự luôn Sạc thì 67w mà quá lâu Tưởng tầm 10tr thì chơi game ok chứ ko ngờ trúng máy này quá trời tệ luôn','2023-11-22',2);
INSERT INTO "Comment"("productId","name","content","date","rate") VALUES (28,N'Nguyễn Thanh Danh',N'Nói chung cũng tạm ổn. Có khuyết điểm là chụp ảnh thua con a 92 tôi xài lúc trước. Vào ban đêm thì tối thui không mở khóa khuôn mặt được. Nếu có thể tôi đổi con m54 được không ạ','2023-09-05',3);
INSERT INTO "Comment"("productId","name","content","date","rate") VALUES (28,N'Diên',N'Rất ok','2023-03-04',5);
INSERT INTO "Comment"("productId","name","content","date","rate") VALUES (28,N'Chị Thanh',N'Không hài lòng lắm vì ít chức năng hơn samsung m51','2023-06-07',3);
INSERT INTO "Comment"("productId","name","content","date","rate") VALUES (28,N'Trương Văn Dương',N'Buổi tối mở khóa bằng khuôn mặt không được, màn hình đen thui nó không nhận diện khuôn mặt được. Pin 5000 nhưng hơi kém.','2023-03-11',3);
INSERT INTO "Comment"("productId","name","content","date","rate") VALUES (28,N'Khanh',N'Tot','2023-08-27',5);
INSERT INTO "Comment"("productId","name","content","date","rate") VALUES (28,N'Anh Tâm',N'Sản phẩm dùng tốt .','2023-01-07',5);
INSERT INTO "Comment"("productId","name","content","date","rate") VALUES (28,N'Phan Mỹ Loan',N'Tốt','2023-12-07',5);
INSERT INTO "Comment"("productId","name","content","date","rate") VALUES (28,N'Tho',N'Điện thoại Sài mượt êm camera đẹp','2022-11-17',5);
INSERT INTO "Comment"("productId","name","content","date","rate") VALUES (28,N'Anh Quang',N'Dùng máy rất mượt và êm ái','2023-07-09',5);
INSERT INTO "Comment"("productId","name","content","date","rate") VALUES (28,N'Lê Thị Kim Thanh',N'Mình dùng được 1 tháng 2 ngày. Theo mình thì điện thoại có chút nóng khi sạc mở nguồn hay tắt nguồn điều nóng. Còn lại tất cả vẫn ổn chơi game nghe nhạc mở max loa 200% nghe sướng lắm','2023-03-21',4);
INSERT INTO "Comment"("productId","name","content","date","rate") VALUES (28,N'luân',N'dùng ổn oke có cái ánh sáng màn hình hơi thấp ra ngoài nắng khó xem','2023-06-20',5);
INSERT INTO "Comment"("productId","name","content","date","rate") VALUES (28,N'Trang',N'Máy vừa mua luôn mà bắt sóng quá yếu. Gửi tin thôi cũng lâu nữa. Sóng có 2 cục. Bên cửa hàng có thể hỗ trợ khắc phục hay đổi máy mới đc ko ạ','2023-10-28',2);
INSERT INTO "Comment"("productId","name","content","date","rate") VALUES (28,N'Anh Hưng',N'Dùng 1 lúc nóng máy cái là tình trạng đơ lag giật lác sẩy ra','2023-06-22',1);
INSERT INTO "Comment"("productId","name","content","date","rate") VALUES (28,N'Ngọc Hân',N'Tôi mua nay được 1 tháng, máy chụp hình đẹp, sạc nhanh, pin dùng ổn trong ngày, cảm ứng nhạy, tuy nhiên độ sáng màn hình hơi thấp, nói chung trong tầm giá này là 1 sản phẩm đáng để trải nghiệm .','2023-02-28',4);
INSERT INTO "Comment"("productId","name","content","date","rate") VALUES (28,N'Hải',N'Chụp hình nét và đẹp, độ sáng hơi thấp ( ra ngoài trời nắng gắt sẽ khó thấy)
 Hiệu năng thì không chơi game nên dùng rất mượt mà
 Pin xài trâu, sạc thì nhanh đầy','2023-05-08',5);
INSERT INTO "Comment"("productId","name","content","date","rate") VALUES (28,N'Đặng thị yến',N'Làm xao để nó k hiện cái thiết lập này lên nữa ạ. Mình thấy nó rất phiền','2023-04-24',3);
INSERT INTO "Comment"("productId","name","content","date","rate") VALUES (28,N'Nguyễn Minh Phước',N'Đẹp xịn xò','2023-07-09',5);
INSERT INTO "Comment"("productId","name","content","date","rate") VALUES (28,N'Chị Nhi',N'Ok','2023-11-26',5);
INSERT INTO "Comment"("productId","name","content","date","rate") VALUES (28,N'Tâm',N'nhận máy ngày 12 dùng từ oppo cũ qua hơi khác Điện thoại chụp đẹp pin lâu sạc nhanh nói chung tất cả đều tốt','2022-11-20',5);
INSERT INTO "Comment"("productId","name","content","date","rate") VALUES (28,N'Hùng',N'Được nhân viên tư vấn sản phẩm mới rất tốt. Dùng mạnh sóng khoẻ nghe to rõ rất tốt','2023-10-22',5);
INSERT INTO "Comment"("productId","name","content","date","rate") VALUES (28,N'Nhung',N'Mới dùng lên vẫn thấy tốt','2023-08-25',5);
INSERT INTO "Comment"("productId","name","content","date","rate") VALUES (28,N'Cao Văn Hoàng Anh',N'Dùng được 1 tuần thấy ổn. Mình dùng các ứng dụng và thậm chí chơi cả liên quân hay PUBG chỉ ấm nhẹ và kết nối tai nghe bluetooth ổn cảWIFI bật4G mượt . máy quá okee nha 1 ngày vẫn chưa hết sạch pin mọi thao tác đều oke','2023-04-12',5);
INSERT INTO "Comment"("productId","name","content","date","rate") VALUES (28,N'Linh',N'Mua về sd dc 10 ngày thì máy bị nóng khi sạc nhanh rút ra dùng kết nối tai nghe bluetooth thì nóng rực đt phải tắt wifi restar lại máy ko biết bn lần mà vẫn bị tình trạng này. Do máy nóng nên tụt pin khá nhanh. Ra TGDD ở 153B Phan Đăng Lưu Phú Nhuận yêu cầu đổi máy khác thì NV kỹ thuật cài phần mềm check lỗi máy kêu là máy ko có lỗi và ko tìm dc nguyên nhân gây nóng bất thường khi sd và nhất quyết ko chịu đổi máy khác cho mình. Hơn nữa quản lý tên Thúy ở đấy nói chuyện vs khách phủi bỏ trách nhiệm thái độ kênh kiệu ko coi khách ra gì trong khi lúc đầu tư vấn mua nói rất khác đảm bảo đổi trả nếu có bất thường. Càng ngày CSKH ở TGDD càng kém lúc trc mua hàng rất nhiều ở đây bây h chắc ko quay lại nữa.','2023-11-18',1);
INSERT INTO "Comment"("productId","name","content","date","rate") VALUES (28,N'ngô thị niệm',N'chụp hình đẹp quay nét màn hình đẹp máy mạnh không nóng máy','2023-05-30',5);
INSERT INTO "Comment"("productId","name","content","date","rate") VALUES (28,N'Nguyễn Chí Tính',N'SP đẹp tuy nhiên demo còn hạn chế vì ko tự ghi âm cuộc gọi khi ghi âm cuộc gọi sẽ báo cho đối phương','2023-09-07',4);
INSERT INTO "Comment"("productId","name","content","date","rate") VALUES (28,N'Nguyễn Đức Đông',N'Mình thích xài dòng Renno này lâu rồi đặt hàng hôm trước hôm sau có máy nhân viên Thế giới di động xử lý tình huống tốt nhiệt tình. Mới lấy máy ngày 12/08/2023 Renno 10 5G 256 đến hôm nay là 3 ngày Máy dùng ổn pin ổn định cảm ứng rất mượt màn hình cong 3D đẹp Pin dùng 2 ngày sạc rất nhanh 30 phút đầy trước mắt chưa thấy lỗi nào không chơi game nên không đánh giá phần này.','2022-12-02',5);
INSERT INTO "Comment"("productId","name","content","date","rate") VALUES (28,N'NGUYỄN TRỌNG PHÚC',N'Sài 2 hôm trước thì ổn . Qua ngày thứ 3 thì máy bắt đầu nóng tuột pin','2023-11-02',3);
INSERT INTO "Comment"("productId","name","content","date","rate") VALUES (28,N'Linh',N'Máy đẹp camera Oppo thì khỏi phải nói rồi cảm ứng mượt mọi người nên mua','2023-08-14',5);
INSERT INTO "Comment"("productId","name","content","date","rate") VALUES (28,N'Lê Khánh Vân',N'Máy dùng ổn pin ổn định mượt mà màn hình đẹp. Mình trước đó cũng dùng Oppo Reno và rất mê dòng này. Nhân viên Thảo ở 260 Cầu Giấy hỗ trợ nhiệt tình 3','2023-05-14',5);
INSERT INTO "Comment"("productId","name","content","date","rate") VALUES (28,N'Hung',N'Máy khá ok nhưng pin kém quá.xai nhanh hết qua','2023-03-11',2);
INSERT INTO "Comment"("productId","name","content","date","rate") VALUES (28,N'Triêu Tấn',N'Điện thoại bật 4 G lên nóng vậy ko đc sài 4 G rồi mói mua chán','2023-10-03',1);
INSERT INTO "Comment"("productId","name","content","date","rate") VALUES (28,N'Nguyễn Thành Lộc',N'Rất mượtrất đẹppin trâu ko có j phải bàn','2023-11-04',5);
INSERT INTO "Comment"("productId","name","content","date","rate") VALUES (28,N'Nguyễn Thị Lan',N'Máy dùng tốt. mượt. chụp ảnh đẹp. sạc nhanh.','2023-03-21',5);
INSERT INTO "Comment"("productId","name","content","date","rate") VALUES (28,N'Thuc',N'Máy mượt pin khoẻ sạc nhanh thiết kế đẹp chụp ảnh quay video ok. cũng đáng đồng tiền bỏ ra.','2023-03-30',5);
INSERT INTO "Comment"("productId","name","content","date","rate") VALUES (28,N'Nguyen Huu Quyet',N'máy đẹp chụp ảnh chân dung đỉnh thật. máy mượt pin khoẻ sạc nhanh. đáng mua nhé','2023-11-25',5);
INSERT INTO "Comment"("productId","name","content","date","rate") VALUES (28,N'Huy duong',N'Xài tốt. Mọi thứ đều ok. Pin trâu. Sạc nhanh. Chưa thấy lỗi nào. Không chơi game nên không đánh giá phần này','2023-03-25',5);
INSERT INTO "Comment"("productId","name","content","date","rate") VALUES (28,N'Đành văn huỳnh',N'Mình mới mua reno 10 thường . đang trải nghiệm nhưng ko biết bản pro có gì khác biệt ko','2023-08-08',4);
INSERT INTO "Comment"("productId","name","content","date","rate") VALUES (28,N'Phạm Trường Thành',N'Mình mới vừa mua cảm nhận thật tuyệt vời','2023-07-30',5);
INSERT INTO "Comment"("productId","name","content","date","rate") VALUES (28,N'Việt Hưng',N'Rất tốt','2023-07-10',5);
INSERT INTO "Comment"("productId","name","content","date","rate") VALUES (28,N'Đào',N'Xài tốt oke good','2023-07-07',5);
INSERT INTO "Comment"("productId","name","content","date","rate") VALUES (28,N'Đặng Thị Chiêu Ngộ',N'','2023-04-03',3);
INSERT INTO "Comment"("productId","name","content","date","rate") VALUES (28,N'DUONG VAN UT NAM',N'','2023-08-22',4);
INSERT INTO "Comment"("productId","name","content","date","rate") VALUES (28,N'Hưng',N'','2023-10-17',5);
INSERT INTO "Comment"("productId","name","content","date","rate") VALUES (28,N'Đặng Thị Hồng Phượng',N'','2022-12-09',5);
INSERT INTO "Comment"("productId","name","content","date","rate") VALUES (28,N'Mr Vụ',N'','2023-04-26',4);

INSERT INTO "Product" ("productId","total","typeId","image","cost","price","discount","rate","releaseDate","name") VALUES (30, 165, 3,'https://cdn.tgdd.vn/Products/Images/42/306979/oppo-reno10-pro-grey-thumbnew-600x600.jpg',10990000,13990000,3,4.4,'2022-01-04', N'Điện thoại OPPO Reno10 Pro 5G');
INSERT INTO "ProductDetail" ("productId","screen","os","cameraBehind","cameraFront","cpu","ram","rom","battery","sim") VALUES (30,N'AMOLED, 6.7", Full HD+',N'Android 13',N'Chính 50 MP & Phụ 32 MP, 8 MP',N'32 MP',N'Snapdragon 778G 5G', N'12 GB',N'256 GB',N'4600 mAh',N'2 Nano SIM');
INSERT INTO "Comment"("productId","name","content","date","rate") VALUES (30,N'Đào',N'Màu tím rất đẹp chụp hình đẹp sáng nét. Máy dùng tốt lắm','2023-08-08',5);
INSERT INTO "Comment"("productId","name","content","date","rate") VALUES (30,N'Thượng Ngọc Hào',N'...','2022-11-04',4);
INSERT INTO "Comment"("productId","name","content","date","rate") VALUES (30,N'Lê đạt',N'Mình đã mua. Và đã trả lại. Máy lác ko ăn thua','2023-05-23',1);
INSERT INTO "Comment"("productId","name","content","date","rate") VALUES (30,N'Nguyễn Hoàng Minh',N'Máy ổn trong phân khúc giá','2023-10-21',4);
INSERT INTO "Comment"("productId","name","content","date","rate") VALUES (30,N'Nguyễn Thanh Quang',N'Hài lòng','2023-07-09',5);
INSERT INTO "Comment"("productId","name","content","date","rate") VALUES (30,N'Chị Phượng',N'Rất hài lòng','2022-05-17',5);
INSERT INTO "Comment"("productId","name","content","date","rate") VALUES (30,N'Bình',N'Máy tốtcam đẹp màn hình đẹp bất song tốt Pìn cầm thích nhất sat nhanh không được 30 ph đầy vien Pìn 4600 nói chung mọi thứ đều tốt với mình máy được màn hình 15 hay 2k thì quá tuyệt','2023-04-04',5);
INSERT INTO "Comment"("productId","name","content","date","rate") VALUES (30,N'Nguyễn Quốc Chiến',N'Sản phẩm chất lượng phù hợp sang trọng cho người sử dụng','2023-05-27',5);
INSERT INTO "Comment"("productId","name","content","date","rate") VALUES (30,N'Hào',N'NC so với tầm gía chỉ có thể nói là ổn.nếu ae mua về dùng với khu vực sóng yếu thì ổn tại vì dòng op nổi tiếng bắt khoẻ rồi.điểm m thấy thích là sạc nhanh và pin dùng cũng đc khá lâu.1 số ứng dụng hay bị lỗi k hiểu do máy hay do ud nữa.ram12 nhưng k thật sự như thế.','2022-10-12',3);
INSERT INTO "Comment"("productId","name","content","date","rate") VALUES (30,N'LÊ THỊ HỒNG NGA',N'Ko tuong ứng voi nhiều ứng dụng moi mua dả phải ỗi lại lỗ gần 3 triệu chán','2023-12-19',2);
INSERT INTO "Comment"("productId","name","content","date","rate") VALUES (30,N'Nguyễn Thị Lệ Tuyên',N'Rất hài lòng về sản phẩm điện thoại rất mượt màu sắc sang trọng nên mua nhé mình fan cứng của Oppo.','2022-07-25',5);
INSERT INTO "Comment"("productId","name","content","date","rate") VALUES (30,N'Chị Hường',N'Rất tốt','2022-01-20',5);
INSERT INTO "Comment"("productId","name","content","date","rate") VALUES (30,N'Ngọc Tường',N'Rất tốt','2023-05-09',5);
INSERT INTO "Comment"("productId","name","content","date","rate") VALUES (30,N'BÙI VĂN CHIẾN',N'Camera ok','2023-01-08',5);
INSERT INTO "Comment"("productId","name","content","date","rate") VALUES (30,N'TRẦN THỊ TRÚC LINH',N'Camera rất chi là xuất sắc. Đt mỏng nhẹ nhưng ko có ốp lưng thì hơi trơn dễ tuột tay nên tốt nhất nên sd ốp trong cho chắc nha','2022-02-10',5);
INSERT INTO "Comment"("productId","name","content","date","rate") VALUES (30,N'Cường',N'','2023-09-14',5);
INSERT INTO "Comment"("productId","name","content","date","rate") VALUES (30,N'Mai Ngọc Hải',N'','2023-09-19',5);
INSERT INTO "Comment"("productId","name","content","date","rate") VALUES (30,N'TRẦN QUỐC TOẢN',N'','2023-09-08',4);
INSERT INTO "Comment"("productId","name","content","date","rate") VALUES (30,N'Nam Nguyễn Thành',N'','2022-08-10',5);
INSERT INTO "Comment"("productId","name","content","date","rate") VALUES (30,N'Nguyễn Văn Lộc',N'','2023-08-24',5);

INSERT INTO "Product" ("productId","total","typeId","image","cost","price","discount","rate","releaseDate","name") VALUES (31, 102, 3,'https://cdn.tgdd.vn/Products/Images/42/301642/oppo-reno8t-vang1-thumb-600x600.jpg',6990000,10990000,9,3.9,'2021-03-24', N'Điện thoại OPPO Reno8 T 5G 256GB');
INSERT INTO "ProductDetail" ("productId","screen","os","cameraBehind","cameraFront","cpu","ram","rom","battery","sim") VALUES (31,N'AMOLED, 6.7", Full HD+',N'Android 13',N'Chính 108 MP & Phụ 2 MP, 2 MP',N'32 MP',N'Snapdragon 695 5G', N'8 GB',N'256 GB',N'4800 mAh',N'2 Nano SIM (SIM 2 chung khe thẻ nhớ)');
INSERT INTO "Comment"("productId","name","content","date","rate") VALUES (31,N'Minh Nhut',N'TGDD cho hỏi làm thế nào để biết điện thoại đã qua sữa chữa chưa','2022-03-25',5);
INSERT INTO "Comment"("productId","name","content","date","rate") VALUES (31,N'Long',N'Mới mua mấy tháng đã bị đơ màn hình , trắng hết màn hình bấm gì cũng k dc','2023-07-26',1);
INSERT INTO "Comment"("productId","name","content","date","rate") VALUES (31,N'Linh',N'Dịch vụ tệ hại. Mua hàng mới báo cọc 1tr chờ cả tuần để chuyển hàng về. Tới ngày hàng về gọi báo không phải hàng nguyên seal. Cửa hàng đổ lỗi cho tổng đài. Tổng đài goj tới lui vẫn không muốn giải quyết quyền lợi cho khách hàng. Khách từ chối không nhận hàng thì tự ý cập nhật đơn hàng là đã giao Giao cho ai','2022-10-15',1);
INSERT INTO "Comment"("productId","name","content","date","rate") VALUES (31,N'Pe Tu',N'Ok tỏ','2021-12-27',5);
INSERT INTO "Comment"("productId","name","content","date","rate") VALUES (31,N'Thúy Diễm',N'Mình mới mua Oppo Reno8 T 5G 256 vào tháng 2 lúc mới ra giá 10tr990 , hiện tại mình cần pass lại với giá 4trxxx còn mới sài ok lắm ạ, tại do mình muốn đổi đt mới nên pass lại , ai muốn xem đt kb zalo không ba hai sáu ba không sáu bảy hai sáu','2021-07-20',5);
INSERT INTO "Comment"("productId","name","content","date","rate") VALUES (31,N'Phước thạnh',N'Nó bị vầy quài luôn rùi sao sài','2021-05-28',3);
INSERT INTO "Comment"("productId","name","content","date","rate") VALUES (31,N'C hoa',N'Tốt','2022-03-15',5);
INSERT INTO "Comment"("productId","name","content","date","rate") VALUES (31,N'TRẦN KIM BÌNH',N'Ok','2022-09-03',5);
INSERT INTO "Comment"("productId","name","content","date","rate") VALUES (31,N'Thính',N'Mua mới nhưng về bị xước một vết rất sâu phần trên của máy','2021-10-31',2);
INSERT INTO "Comment"("productId","name","content","date","rate") VALUES (31,N'Kim Lân',N'Mong sẽ sai ổn định như lúc đầu Chất lượng tốt','2021-07-13',5);
INSERT INTO "Comment"("productId","name","content","date","rate") VALUES (31,N'Hung',N'Vẫn luôn ủng hộ oppoSản phẩm chất lượng hơn mong đợi','2021-10-05',5);
INSERT INTO "Comment"("productId","name","content","date","rate") VALUES (31,N'mn',N'nhân viên ở chi nhánh p1 tp tân an...rất ok triệu like nha...chưa bao giờ thấy dc cách phục vụ trên cả tuyệt vời khi đến tgdt p1..cám ơn các bạn','2022-04-08',5);
INSERT INTO "Comment"("productId","name","content","date","rate") VALUES (31,N'Pham Van Y',N'Rất tốt','2021-08-12',5);
INSERT INTO "Comment"("productId","name","content","date","rate") VALUES (31,N'Phan Thanh Bằng',N'Dt rất ok','2022-11-27',5);
INSERT INTO "Comment"("productId","name","content","date","rate") VALUES (31,N'Nguyễn Thị Lan',N'đien thoai rat tê dung nen mua.camerra k tốt.','2021-07-02',1);
INSERT INTO "Comment"("productId","name","content","date","rate") VALUES (31,N'Trần Minh Vương',N'Ai có ý định mua nên si ngi kĩ và kiểm tra trước khi mua. Theo tôi ai có ý định mua thì dừng ngay, tôi mới mua 1may Reno8 T5g 256GB , tôi có việc gấp nên mua tiền mặc và k kiểm tra trước khi mua .Khi về nhà xài chụp hình thì tái mét giống như xác chết .Đem ra nói thì kiểm tra noi máy k có gì, rồi tôi kêu dem máy cũ khách xài rồi và trả lại so sánh thế rồi so sanh 2 may chup hình khác nhau. Máy cũ chụp hình rõ nét hơn toi hoi tai sao lí do s roi doi toi máy khác, doi máy khác cũng z luôn rồi noi gui về hãng bảo hành xem xét. Khi gửi về hãng, hãng dt bao la máy bình thường k gì rồi nói để chạy lại chương trình gì đó . Khi chạy xong gửi máy về máy cũng z . quá thất vọng về thế giới di động va chất lượng sản phẩm, vì tin tưởng voi vàng quá nên đành chịu . Tôi sẽ trả máy chấp nhận lỗ 20% và the sẽ k bao gio mua them bất cứ gi tai the giới di động ca','2022-04-19',1);
INSERT INTO "Comment"("productId","name","content","date","rate") VALUES (31,N'Dung',N'May sai muot ma , chup hinh dep se gioi thieu nguoi than','2023-07-20',5);
INSERT INTO "Comment"("productId","name","content","date","rate") VALUES (31,N'Quyên',N'Ok','2021-04-07',5);
INSERT INTO "Comment"("productId","name","content","date","rate") VALUES (31,N'Văn trọng',N'Mua về đc 3h. Bị sọc màn hình.','2022-09-18',2);
INSERT INTO "Comment"("productId","name","content","date","rate") VALUES (31,N'Trương Hoàng Thạch',N'Rất tốt','2021-12-17',5);
INSERT INTO "Comment"("productId","name","content","date","rate") VALUES (31,N'Danh Giau',N'Mua 10tr990 ch gì thấy giảm giá quá .Cảm thấy hơi uổng tiền nhẹ','2022-09-24',3);
INSERT INTO "Comment"("productId","name","content","date","rate") VALUES (31,N'Nguyễn thống',N'Mới mua lúc trưa.. chưa biết sản phẩm thế nào nhưng NV ở đây tư vấn nhiệt tình từ sản phẩm đến chế độ khuyến mãi và đáp ứng tất cả yêu cầu cũng như nhu cầu cho khách.. vui vẻ nhiệt tình... Rất hài lòng.','2022-10-28',5);
INSERT INTO "Comment"("productId","name","content","date","rate") VALUES (31,N'Lê Trung',N'Fan Xiaomi qua chắc bỏ Xiaomi luôn. Máy quá tốt trong tầm giá','2021-08-17',5);
INSERT INTO "Comment"("productId","name","content","date","rate") VALUES (31,N'Huệ',N'Máy mới mua mà bị đơ 3 lần luôn trong tình trạng tối ưu hoá không đóng tất cả ứng dụng một lần được','2022-08-03',2);
INSERT INTO "Comment"("productId","name","content","date","rate") VALUES (31,N'Nguyễn Thị Bích Trâm',N'Nói chung là ok. Tốt.. khổ chụp ảnh hơi đỏ . Video call qua Zalo thì bấm chế độ làm đẹp mới ok. Chụp ảnh trực tiếp bằng Zalo gửi thì xấu ý.. có thể chụp trước r mới gửi thì ok những hơi bất tiện.. pin thì ok..dán màn hình cho mặt kính cong thì hơi hiếm...','2022-07-15',4);
INSERT INTO "Comment"("productId","name","content","date","rate") VALUES (31,N'Tống Văn Kiên',N'Đi thay cái miếng trống xước mà khổ hơn chó 3 cửa hàng báo đéo có để dán lúc mua tư vấn ngon vãi thay thì cứ đến bất kỳ cửa hàng nào đều có . Như đầu buồi','2023-02-11',1);
INSERT INTO "Comment"("productId","name","content","date","rate") VALUES (31,N'Trần Phúc Tùng',N'Mình mua ở thế giới di động bến cát được nửa tháng nay rồi theo đánh giá của dân sành công nghệ như mình thì điểm yếu của con Oppo Reno 8T này là chuyển dữ liệu hơi lâu và chỉ quay phim Full HD thôicòn lại các mặt khác từ chụp hình lướt web Facebook Zalo đều nhanh và mượt kết nhất thiết kế cụm camera chụp ảnh của Oppo Reno 8T này nhìn rất chuyên nghiệp khi đứng chụp ảnh trước đám đông không đụng hàng với bất cứ ai khác với ống kính to nhìn rất sang và đẹp pin cực kì trâu coi phim cả ngày khỏe re sạc cực nhanh nữa chỉ mất 44 phút đầy pin đặc biệt loa ngoài của Reno 8 với loa kép khi mở tối đa công suất 200% âm thanh rất trong trẻobass trep rõ đến từng chi tiết cảm giác như đang nghe nhạc trong rạp hát vậy','2023-10-22',5);
INSERT INTO "Comment"("productId","name","content","date","rate") VALUES (31,N'Lê Quốc Tòn',N'Còn máy này theo cá nhân mình đánh giá.Quá tệ so với tầm giá. Đặc biệt là camera rất tệ so với tầm giáthừa con Oppo A53 nữa. Mình khuyên mọi người hay chụp ảnh bằng điện thoại không nên mua con này nha.','2023-01-18',2);
INSERT INTO "Comment"("productId","name","content","date","rate") VALUES (31,N'Huynh Quoc bao',N'Tốt','2021-10-08',4);
INSERT INTO "Comment"("productId","name","content","date","rate") VALUES (31,N'Mạnh Tường ',N'SP dùng tốt','2023-09-28',5);
INSERT INTO "Comment"("productId","name","content","date","rate") VALUES (31,N'Minh ',N'Điện thoại này tệ so với giá trên 10 triệu. Chụp ảnh xấu, thua con xiaomi 10t pro mua cách đây 3 năm','2022-03-02',3);
INSERT INTO "Comment"("productId","name","content","date","rate") VALUES (31,N'Phan Minh Dương ',N'Thật sự mà nói. Oppo Reno 8t 5g này. Về phần pin như mô tả sạc 45phút đầy là không đúng. Mặc dù mình tắt tất cả wifi và 3g và tắt tất cả tác vụ. Đặt màn hình sáng về còn tối đa nhất. Nhưng sạc pin vẫn là 120phút nha','2021-05-02',2);
INSERT INTO "Comment"("productId","name","content","date","rate") VALUES (31,N'Sái minh phương',N'Camera chụp đỏ với vàng quá, hình quá xấu','2021-12-27',3);
INSERT INTO "Comment"("productId","name","content","date","rate") VALUES (31,N'CÔNG TY TNHH XNK ĐẦU TƯ VÀ KHAI THÁC LÂM SẢN THU TRANG',N'Tốt','2023-08-27',5);
INSERT INTO "Comment"("productId","name","content","date","rate") VALUES (31,N'Toàn',N'Tệ , Khuyên là đừng mua, dùng tệ mà còn rớt giá khiếp. Mua dc 4 tháng mất 60% máy như mới','2021-04-30',1);
INSERT INTO "Comment"("productId","name","content","date","rate") VALUES (31,N'Hà Văn Tuấn',N'Tôi rất hài lòng','2022-01-27',5);
INSERT INTO "Comment"("productId","name","content","date","rate") VALUES (31,N'Huy',N'Ok','2022-12-26',4);
INSERT INTO "Comment"("productId","name","content","date","rate") VALUES (31,N'Dương Tuấn Dũng',N'Giá bán hơi cao','2022-01-19',4);
INSERT INTO "Comment"("productId","name","content","date","rate") VALUES (31,N'Chú Đồng',N'Rất hài lòng về chất lượng, và phong cách phục vụ.','2023-12-19',4);
INSERT INTO "Comment"("productId","name","content","date","rate") VALUES (31,N'nguyen văn chuc',N'...!','2021-06-16',5);
INSERT INTO "Comment"("productId","name","content","date","rate") VALUES (31,N'Trần văn nam',N'Camera chụp bì nhè hình. Ảnh mờ','2022-10-02',3);
INSERT INTO "Comment"("productId","name","content","date","rate") VALUES (31,N'Thanh',N'Tôi mua dùng chưa được 2 tháng có được trả lại không ạ','2023-07-11',5);
INSERT INTO "Comment"("productId","name","content","date","rate") VALUES (31,N'Ngọc lợi',N'Oppo đợt này tệ gọi video mặt tái tháy gê quây video cũng v','2021-09-29',3);
INSERT INTO "Comment"("productId","name","content","date","rate") VALUES (31,N'Trường',N'máy dung ôn dinh.sac pin nhah.pin cug trâu fet so voi các đt m da dug.chup anh dep.rat ok','2022-03-15',4);
INSERT INTO "Comment"("productId","name","content","date","rate") VALUES (31,N'Ly',N'Sau camera gọi nó lại khác như vậy ạ màu kh thưic tế','2022-05-09',2);
INSERT INTO "Comment"("productId","name","content","date","rate") VALUES (31,N'Lê thị diệu lan',N'Em mới mua đt renno 8 5g 1ngày  10tr990 trả góp 6th giờ muốn đổi qua ip 11 có đc không ở TP ngã bảy hậu Giang','2022-08-26',3);
INSERT INTO "Comment"("productId","name","content","date","rate") VALUES (31,N'Phương',N'Ok','2021-08-03',4);
INSERT INTO "Comment"("productId","name","content","date","rate") VALUES (31,N'Võ Thị Phương Thảo',N'Bình thường','2021-06-19',4);
INSERT INTO "Comment"("productId","name","content","date","rate") VALUES (31,N'Tran Thi Ly',N'OK','2023-04-15',5);
INSERT INTO "Comment"("productId","name","content","date","rate") VALUES (31,N'Cô Giao Thu',N'Nhưng tôi ko đuoc tăng quả loae?','2021-07-30',5);
INSERT INTO "Comment"("productId","name","content","date","rate") VALUES (31,N'HỒ VĂN VIÊN',N'Sản phẩm rất ok','2023-05-23',5);
INSERT INTO "Comment"("productId","name","content","date","rate") VALUES (31,N'Nguyễn Hồng Diễm',N'Máy xài tầm 30 phút là bị nóng máy, chỉ lướt tik tok và zalo facebook, sử dụng mau tuột pin...Dù đã đổi 1 lần khi mua chưa được 1 tháng...Đổi rồi máy xài vẫn vậy, hiện rất thất vọng khi mua con máy này.','2021-05-07',2);
INSERT INTO "Comment"("productId","name","content","date","rate") VALUES (31,N'Trần Thị Thanh ',N'Máy êm mượt bin trâu mình lần đầu Sài Oppo và được em gái bán hàng tu van
 Cảm ơn em rất nhiều
 Mình rất thích mua hàng ở TGDD tất cả nhân viên điều nhiệt tình vui vẻ','2021-12-30',5);
INSERT INTO "Comment"("productId","name","content","date","rate") VALUES (31,N'Nguyễn Phương Diễm My',N'Máy xài ngon và mượt lắm trừi ưi 🤩🤩🤩🤩','2021-07-18',5);
INSERT INTO "Comment"("productId","name","content","date","rate") VALUES (31,N'Nguyễn Thị Bích Trâm ',N'Thấy ok nhen. Gọi video đã ổn','2021-06-13',5);
INSERT INTO "Comment"("productId","name","content","date","rate") VALUES (31,N'Hoàng Văn Hữu',N'Ok','2023-05-28',5);
INSERT INTO "Comment"("productId","name","content","date","rate") VALUES (31,N'Lê Thị Thanh nhi ',N'Rất hài lòng','2021-07-06',5);
INSERT INTO "Comment"("productId","name","content","date","rate") VALUES (31,N'Huỳnh Tấn Tài',N'Rất tốth','2022-08-09',5);
INSERT INTO "Comment"("productId","name","content","date","rate") VALUES (31,N'Đặng Thủy',N'Đọc thấy bao nhiêu là ý kiến về con Oppo Reno 8 5G này mà sao vẫn ko khắc phục. Vẫn bán nhỉ.
 Rất thất vọng.
 Fan oppo mười hai năm hơn chứ ít gì. Mà nay goodbye oppo.
 Mua hơn 10 trịu. Mà xài thua xa con reno 4.','2023-09-11',1);
INSERT INTO "Comment"("productId","name","content","date","rate") VALUES (31,N'Le Minh Luong',N'Sài thấy được, tốt lắm','2022-10-27',5);
INSERT INTO "Comment"("productId","name","content","date","rate") VALUES (31,N'Nguyễn Hoàng Thảo Linh ',N'Máy thiết kế đẹp, camera chụp hình siêu đẹp, máy chạy rất mượt nên mua nha mọi người. Nhân viên tư vấn vui vẻ và rất nhiệt tình!','2023-07-21',5);
INSERT INTO "Comment"("productId","name","content","date","rate") VALUES (31,N'Lê Quỳnh Châu',N'Chụp ảnh cam sau rất khó chịu, màu và chất lượng ảnh không ok, màn hình xem tiktok còn chẳng nét bằng con reno 5 cũ, nói chung là với mức giá 11tr thì thật sự k đáng mua','2023-02-04',1);
INSERT INTO "Comment"("productId","name","content","date","rate") VALUES (31,N'Chị Hà',N'Đẹp','2023-06-09',4);
INSERT INTO "Comment"("productId","name","content","date","rate") VALUES (31,N'Nguyen mai trinh',N'Khá ok
 Mặc dù chup ảnh phan giai cao nhung thây hok dep bằng mấy model cũ.','2021-07-23',4);
INSERT INTO "Comment"("productId","name","content","date","rate") VALUES (31,N'Anh Quang',N'Hài Lòng','2022-01-04',5);
INSERT INTO "Comment"("productId","name","content","date","rate") VALUES (31,N'Anh Vũ',N'Đang trải nghiệm cảm thấy hài lòng','2022-03-23',4);
INSERT INTO "Comment"("productId","name","content","date","rate") VALUES (31,N'Trinh',N'Không hài lòng về cách giao hàng online thế giới di động, giao hàng không còn nguyên hộp, hàng đã khui, do bận nên người nhà không biết đã nhận.','2021-07-16',1);
INSERT INTO "Comment"("productId","name","content","date","rate") VALUES (31,N'NGUYỄN VĂN TRƯỜNG',N'Rất hài lòng','2023-03-10',5);
INSERT INTO "Comment"("productId","name","content","date","rate") VALUES (31,N'Y pher ktul',N'Cấu hình ko đủ mạnh thấy hối hận khi đã mua','2021-08-10',1);
INSERT INTO "Comment"("productId","name","content","date","rate") VALUES (31,N'LỮ THỊ LOAN',N'..','2021-04-27',4);
INSERT INTO "Comment"("productId","name","content","date","rate") VALUES (31,N'LƯU THỊ NGỌC MAI',N'Tốt','2023-08-29',4);
INSERT INTO "Comment"("productId","name","content","date","rate") VALUES (31,N'Chi',N'Đừng nên mua, chụp hình xấu, nhắn tin gửi ko đc, nói " do nhà mạng ko hỗ trợ 5G" , sao lúc đầu k tư vấn vậy, nói chung người thiệt luôn là khách hàng, nhà mình toàn dùng Oppo có lẽ lần cuối mình sử dụng Oppo','2023-06-14',1);
INSERT INTO "Comment"("productId","name","content","date","rate") VALUES (31,N'Nguyễn Nhựt Trường ',N'S e chọn màu viền sáng rồi nó k cho ạ','2022-07-02',4);
INSERT INTO "Comment"("productId","name","content","date","rate") VALUES (31,N'Kha',N'Rất ưng bụng','2023-11-15',5);
INSERT INTO "Comment"("productId","name","content","date","rate") VALUES (31,N'Lê Quang Huy',N'Khuyên mọi người ko mua dòng máy oppo renno 8T 5G . Tôi mới mua và dành trả lại mất 20% vì lí do camaara máy này vàng khè nhìn rất gớm giếc so với số tiền bỏ ra.','2023-10-28',1);
INSERT INTO "Comment"("productId","name","content","date","rate") VALUES (31,N'Mai',N'Máy xài mọi thứ đều ổn, cam chụp đẹp, có điều máy mau tuột pin quá','2023-08-27',4);
INSERT INTO "Comment"("productId","name","content","date","rate") VALUES (31,N'Thái thị Ngọc Hân ',N'Camera thấy ghê','2021-04-27',4);
INSERT INTO "Comment"("productId","name","content","date","rate") VALUES (31,N'Anh Tài',N'sản phẩm tốt','2023-12-10',5);
INSERT INTO "Comment"("productId","name","content","date","rate") VALUES (31,N'Phan Hoàng Giang ',N'Máy chạy mượt mà','2022-07-15',5);
INSERT INTO "Comment"("productId","name","content","date","rate") VALUES (31,N'Linh ',N'Camera chụp hình ảnh rất tệ cứ như bị mờ màu không được đẹp','2022-05-17',3);
INSERT INTO "Comment"("productId","name","content","date","rate") VALUES (31,N'Phước Lập',N'Sản phẩm rất tốt nhạy đáp được nhu cầu cơ bản của tôi .rất hài lòng về oppo,nhân viên dtdd rất nhiệt tình vui vẻ.','2022-11-14',5);
INSERT INTO "Comment"("productId","name","content","date","rate") VALUES (31,N'Vũ  trọng ',N'Máy mới mua về lướt face và tiktok dù wifi mạnh mà nóng máy','2022-10-25',1);
INSERT INTO "Comment"("productId","name","content","date","rate") VALUES (31,N'Thạch hien ',N'e mới mua reno8t 5G 256GB đc 1 tuần trả góp ... bây giờ e muốn đổi máy khác đc ko ạ mong ac góp ý kiến','2022-01-10',1);
INSERT INTO "Comment"("productId","name","content","date","rate") VALUES (31,N'Luận ',N'Máy sử dụng mượt sạc pin nhanh chơi game ổn định camera chụp cũng tạm ổn. Chỉ có quay video hơi tệ nó cứ mờ làm sao ấy. Nhưng mà nói chung là máy rất tốt,đã sử dụng hơn một tuần và cảm thấy sử dụng rất tốt!','2021-09-17',5);
INSERT INTO "Comment"("productId","name","content","date","rate") VALUES (31,N'Hải',N'Tất cả điều tốt ..có điều camera trước rất tệ..thấy hơi tiếc ..thua reno 5 😔😔😔','2023-05-08',3);
INSERT INTO "Comment"("productId","name","content","date","rate") VALUES (31,N'Võ Thị Bích Duyên ',N'Mình mua máy trực tiếp ở điện máy xanh xài OK.chup hình siêu đẹp','2022-11-25',5);
INSERT INTO "Comment"("productId","name","content","date","rate") VALUES (31,N'Tiến Đạt',N'Đang sài được gần 1 tuần, chưa vọc nhiều, nhưng đáp ứng tốt các chức năng của bản thân.','2022-08-05',5);
INSERT INTO "Comment"("productId","name","content","date","rate") VALUES (31,N'Huỳnh Minh Khôi ',N'Rất tốt','2022-10-21',5);
INSERT INTO "Comment"("productId","name","content","date","rate") VALUES (31,N'Anh Biên ',N'Tôi mua cho vợ, nhân viên hỗ trợ rất hài lòng ở Luxury q9
 Máy mượt mỏng nhẹ. Rất vừa ý','2022-02-08',5);
INSERT INTO "Comment"("productId","name","content","date","rate") VALUES (31,N'Cu',N'Sản phẩm chất lượng... Giá hợp túi tiền','2023-04-18',5);
INSERT INTO "Comment"("productId","name","content","date","rate") VALUES (31,N'Phương ',N'Máy lướt bao mượt nha.. màn hình bao phê luôn','2022-10-13',5);
INSERT INTO "Comment"("productId","name","content","date","rate") VALUES (31,N'Trần Quang Khải',N'','2022-09-30',5);
INSERT INTO "Comment"("productId","name","content","date","rate") VALUES (31,N'Nga',N'','2021-09-07',5);
INSERT INTO "Comment"("productId","name","content","date","rate") VALUES (31,N'Lê Tiến Dũng',N'','2022-04-23',4);
INSERT INTO "Comment"("productId","name","content","date","rate") VALUES (31,N'HUỲNH KIM CHI',N'','2021-05-28',5);
INSERT INTO "Comment"("productId","name","content","date","rate") VALUES (31,N'Diệp Thị Ngọc Hương',N'','2023-08-05',4);
INSERT INTO "Comment"("productId","name","content","date","rate") VALUES (31,N'Nhựt',N'','2021-12-16',5);
INSERT INTO "Comment"("productId","name","content","date","rate") VALUES (31,N'TRẦN TÀI LINH',N'','2022-11-09',5);
INSERT INTO "Comment"("productId","name","content","date","rate") VALUES (31,N'Nguyễn Văn tầm',N'','2022-01-04',5);
INSERT INTO "Comment"("productId","name","content","date","rate") VALUES (31,N'Anh Linh',N'','2021-07-27',5);
INSERT INTO "Comment"("productId","name","content","date","rate") VALUES (31,N'A Cảnh',N'','2023-11-15',4);
INSERT INTO "Comment"("productId","name","content","date","rate") VALUES (31,N'Nguyen Thi Mong Diem',N'','2022-08-27',5);
INSERT INTO "Comment"("productId","name","content","date","rate") VALUES (31,N'Tiến',N'','2023-10-28',5);
INSERT INTO "Comment"("productId","name","content","date","rate") VALUES (31,N'Anh Đức Anh',N'','2023-01-06',5);
INSERT INTO "Comment"("productId","name","content","date","rate") VALUES (31,N'Phan Văn Hiền',N'','2022-12-12',4);
INSERT INTO "Comment"("productId","name","content","date","rate") VALUES (31,N'Le Ngoc Binh',N'','2023-02-13',4);
INSERT INTO "Comment"("productId","name","content","date","rate") VALUES (31,N'Le Thi Kim Loan',N'','2022-07-26',5);
INSERT INTO "Comment"("productId","name","content","date","rate") VALUES (31,N'Lê Thị Hiền',N'Nhanh nhạy .... Mới dùng nên cũng k bjt sau nay the nao... Chuc nang ok... Khoá màn nhjn lạ đẹp  khj khoá hiện logo thong báo nhjn hap dẫn kkk','2021-09-10',5);
INSERT INTO "Comment"("productId","name","content","date","rate") VALUES (31,N'Tạo',N'','2022-02-16',4);
INSERT INTO "Comment"("productId","name","content","date","rate") VALUES (31,N'Trang',N'','2021-06-23',3);

INSERT INTO "Product" ("productId","total","typeId","image","cost","price","discount","rate","releaseDate","name") VALUES (32, 50, 3,'https://cdn.tgdd.vn/Products/Images/42/307891/oppo-a98-5g-xanh-thumb-1-2-600x600.jpg',4990000,8990000,5,4.4,'2021-07-28', N'Điện thoại OPPO A98 5G');
INSERT INTO "ProductDetail" ("productId","screen","os","cameraBehind","cameraFront","cpu","ram","rom","battery","sim") VALUES (32,N'LTPS LCD, 6.72", Full HD+',N'Android 13',N'Chính 64 MP & Phụ 2 MP, 2 MP',N'32 MP',N'Snapdragon 695 5G', N'8 GB',N'256 GB',N'5000 mAh',N'2 Nano SIM (SIM 2 chung khe thẻ nhớ)');
INSERT INTO "Comment"("productId","name","content","date","rate") VALUES (32,N'Diệp Anh',N'Ram 8g mà máy load chậm','2021-10-25',2);
INSERT INTO "Comment"("productId","name","content","date","rate") VALUES (32,N'Bình Nguyễn',N'Em muốn hỏi cách tắt nguồn trên máy này thế nào ạ...','2022-06-24',4);
INSERT INTO "Comment"("productId","name","content","date","rate") VALUES (32,N'tuấn long',N'Mới mua, sài thấy ok','2021-08-14',5);
INSERT INTO "Comment"("productId","name","content","date","rate") VALUES (32,N'Phan Thị Diệu',N'Sản phẩm tốt,pin sạc nhanh, lướt mượt','2023-09-01',5);
INSERT INTO "Comment"("productId","name","content","date","rate") VALUES (32,N'Trần Quốc Bảo',N'Mới dùng 12 ngày máy thì OK nhưng pin tụt nhanh quá. Có đc đổi k ạ','2023-07-30',2);
INSERT INTO "Comment"("productId","name","content","date","rate") VALUES (32,N'Phạm Khánh Linh',N'Bỏ 8tr5 ra mua chủ yếu chụp hình đẹp ai dè rất tệ','2022-07-27',2);
INSERT INTO "Comment"("productId","name","content","date","rate") VALUES (32,N'PHẠM ĐÌNH LONG',N'Ok','2023-01-03',5);
INSERT INTO "Comment"("productId","name","content","date","rate") VALUES (32,N'Bùi đông',N'Chán nhanh hết hết pinPin 5000 bằng pin 3500','2022-02-19',2);
INSERT INTO "Comment"("productId","name","content","date","rate") VALUES (32,N'Phạm Ngọc Trâm Anh',N'Oki','2022-09-07',4);
INSERT INTO "Comment"("productId","name","content","date","rate") VALUES (32,N'Phương',N'Wow','2021-11-01',5);
INSERT INTO "Comment"("productId","name","content","date","rate") VALUES (32,N'TRƯƠNG CÔNG RIN',N'Camera trước xấu quá','2023-02-04',1);
INSERT INTO "Comment"("productId","name","content","date","rate") VALUES (32,N'Trúc',N'Nói thật lòng về nhân viên thì rất chu đáo nhưng về máy ko ổn.thoi điểm tôi mua 8490k.j tôi ko có tg tìm hiểu qa dòng máy nàytg gấp qa nên chỉ chọn theo nhân viên nói với tầm giá này thì nó cũng ko cao nhưng cũng ko rẻ ạ.zay mà cấp độ Sài máy ko ưng.1hinh video rất xấu dù cố chỉnh vẫn zay.2 máy rất nóng.3 hao pin.còn lại chưa kịp tìm hiểu j mới mua nếu đc tham khảo qa sẽ ko chọn máy này âu.','2021-10-10',3);
INSERT INTO "Comment"("productId","name","content","date","rate") VALUES (32,N'Nhật Hào',N'Mượt camera nét hài lòng','2022-04-13',5);
INSERT INTO "Comment"("productId","name","content","date","rate") VALUES (32,N'HỒ NGỌC THÁI',N'Tốt','2022-04-22',5);
INSERT INTO "Comment"("productId","name","content","date","rate") VALUES (32,N'TRƯƠNG VĂN TIẾNG',N'TỐT LẮM','2022-04-26',5);
INSERT INTO "Comment"("productId","name","content","date","rate") VALUES (32,N'Lý Thị Trúc',N'Máy dùng OK. Điểm trừ duy nhất là camera','2022-08-23',4);
INSERT INTO "Comment"("productId","name","content","date","rate") VALUES (32,N'Anh Thạnh',N'Rất hài lòng.','2022-01-13',5);
INSERT INTO "Comment"("productId","name","content","date","rate") VALUES (32,N'Thư',N'Nói chung tạm ổnNhưng camera cho ảnh nhạt màu ko như thực tế.Gọi video thì mờ ảo và đen xạm....tv','2023-04-12',3);
INSERT INTO "Comment"("productId","name","content","date","rate") VALUES (32,N'Út ngân',N'Mua OPPO a98 được 5ngày dùng thấy mau hết pin quá có được đổi không ạ','2023-11-06',4);
INSERT INTO "Comment"("productId","name","content","date","rate") VALUES (32,N'Đoàn Thảo',N'Mới dùng được nửa tháng tạm thời thấy pin ok. Nhưng quay video hơi mờ','2021-09-12',4);
INSERT INTO "Comment"("productId","name","content","date","rate") VALUES (32,N'LÊ THỊ KIM CƯƠNG',N'Tôi thấy OPPO A98 này xài rất là ok tôi rất thích','2022-11-19',5);
INSERT INTO "Comment"("productId","name","content","date","rate") VALUES (32,N'KHÁNH',N'Điện thoại ok tốt','2023-02-02',4);
INSERT INTO "Comment"("productId","name","content","date","rate") VALUES (32,N'LẠI THỊ THẢO',N'5 sao','2022-07-05',4);
INSERT INTO "Comment"("productId","name","content","date","rate") VALUES (32,N'LÊ THỊ THANH TUYỀN',N'ok','2022-04-11',5);
INSERT INTO "Comment"("productId","name","content","date","rate") VALUES (32,N'NGUYỄN VĂN TẮM',N'Máy rất tốt','2022-01-29',5);
INSERT INTO "Comment"("productId","name","content","date","rate") VALUES (32,N'Chị Chi',N'Nhân viên vui vẻ nhiệt tình','2022-08-09',5);
INSERT INTO "Comment"("productId","name","content","date","rate") VALUES (32,N'Cô Trang',N'Rất tốt','2022-08-27',5);
INSERT INTO "Comment"("productId","name","content","date","rate") VALUES (32,N'Hồng Văn Đấu',N'tốt','2021-09-17',5);
INSERT INTO "Comment"("productId","name","content","date","rate") VALUES (32,N'Huỳnh Thị Mai Oanh',N'Tôi Rất hài lòng','2021-10-21',5);
INSERT INTO "Comment"("productId","name","content","date","rate") VALUES (32,N'LÊ THÀNH TRUNG',N'Mình mới xài đc tuần màng hình rất mượt nhân viên nhiệt tình dễ thương','2021-10-12',4);
INSERT INTO "Comment"("productId","name","content","date","rate") VALUES (32,N'Nguyễn Thị Thanh Kiều',N'San phẩm tốt','2023-03-22',4);
INSERT INTO "Comment"("productId","name","content","date","rate") VALUES (32,N'Chị Hiền',N'Tôi thấy máy dùng cũng OK','2022-06-27',4);
INSERT INTO "Comment"("productId","name","content","date","rate") VALUES (32,N'VƯƠNG THỊ MÉN',N'SP tốt','2022-10-10',4);
INSERT INTO "Comment"("productId","name","content","date","rate") VALUES (32,N'TRIỆU THỊ LÝ',N'VN tư vấn nhiệt tình rất có tâm
 Và vui vẻ hòa đồng với khách hàng
 Đt dùng OK màn hình mướt dung lượng lớn thoải mái lưu trữ dữ liệu mẫu đẹp màn hình rộng camera nét ko kém các máy thuộc dòng Reno đâu nhá','2021-12-28',5);
INSERT INTO "Comment"("productId","name","content","date","rate") VALUES (32,N'NGUYỄN THỊ TÚ NGA',N'Ổn','2022-08-31',3);
INSERT INTO "Comment"("productId","name","content","date","rate") VALUES (32,N'ĐẶNG MINH HIẾU',N'Màn hình mượt. Bộ nhớ khủng. Âm lượng nghe nhạc đỉnh khi+ headphone ko dây','2023-04-23',5);
INSERT INTO "Comment"("productId","name","content","date","rate") VALUES (32,N'Đinh Chí Hãi',N'Bình thường','2021-08-01',3);
INSERT INTO "Comment"("productId","name","content","date","rate") VALUES (32,N'Lai',N'Chuẩn','2021-10-02',5);
INSERT INTO "Comment"("productId","name","content","date","rate") VALUES (32,N'CAO TRÍ NGUYỆN',N'Ok','2022-09-19',5);
INSERT INTO "Comment"("productId","name","content","date","rate") VALUES (32,N'Như Nhiên',N'Nhân viên nhẹ nhàng dễ thương và rất tận tình ạ, còn về sản phẩm ty mới xài nhưng thấy cũng êm lắm còn về chất lượng thì phải về lâu dài mới biết được, nhưng mẫu mã và hình dáng trông cũng rất là xinh và bắt mắt.','2022-09-12',5);
INSERT INTO "Comment"("productId","name","content","date","rate") VALUES (32,N'LÊ ĐÌNH CHUNG',N'Nhân viên nhiệt tình dv hoàn hảo','2023-02-25',5);
INSERT INTO "Comment"("productId","name","content","date","rate") VALUES (32,N'NGUYỄN THANH PHÚC',N'Máy đang hoạt động tốt','2022-02-28',5);
INSERT INTO "Comment"("productId","name","content","date","rate") VALUES (32,N'Ngân',N'Mới xài','2022-01-18',4);
INSERT INTO "Comment"("productId","name","content","date","rate") VALUES (32,N'CHU MẠNH KHA',N'Pin 5000mah mà xuống quá nhanh','2023-09-21',2);
INSERT INTO "Comment"("productId","name","content","date","rate") VALUES (32,N'Anh Nghĩa',N'OK👍','2022-06-07',5);
INSERT INTO "Comment"("productId","name","content","date","rate") VALUES (32,N'Sáng',N'Rất tốt','2022-12-03',5);
INSERT INTO "Comment"("productId","name","content","date","rate") VALUES (32,N'Trang',N'Tốt tốt','2022-12-05',5);
INSERT INTO "Comment"("productId","name","content","date","rate") VALUES (32,N'Triệu Thị Hằng',N'Sản phẩm tuyệt vời','2022-12-28',5);
INSERT INTO "Comment"("productId","name","content","date","rate") VALUES (32,N'NGUYỄN VĂN PHONG',N'Nhanh viên tư vấn nhiệt tình','2023-03-11',5);
INSERT INTO "Comment"("productId","name","content","date","rate") VALUES (32,N'GIÀNG THỊ CÚC',N'Pin yếu','2023-03-27',3);
INSERT INTO "Comment"("productId","name","content","date","rate") VALUES (32,N'Anh Trung',N'Rất tệ','2022-03-16',1);
INSERT INTO "Comment"("productId","name","content","date","rate") VALUES (32,N'chị Tuyền',N'Tốt','2023-04-24',5);
INSERT INTO "Comment"("productId","name","content","date","rate") VALUES (32,N'Chị Dung',N'Máy dùng rất tốt','2022-08-22',5);
INSERT INTO "Comment"("productId","name","content","date","rate") VALUES (32,N'Đào Kim Cương',N'Tốt','2021-07-31',4);
INSERT INTO "Comment"("productId","name","content","date","rate") VALUES (32,N'NGUYỄN THỊ MỘNG THI',N'Rất tốt','2023-10-16',5);
INSERT INTO "Comment"("productId","name","content","date","rate") VALUES (32,N'Thanh Hải',N'Mới dùng vài hôm nên chưa biết máy lâu dài có ổn áp ko, hiện tại cứ cho tốt về sự phục vụ khách rất tốt, và pin sạc rất rất chi là nhanh, độ mượt tạm thời dùng ổn áp.','2022-11-04',5);
INSERT INTO "Comment"("productId","name","content","date","rate") VALUES (32,N'Lan Anh',N'Máy khá tốt, có vài tính năng đặt biệt. Đáng mua','2022-01-21',5);
INSERT INTO "Comment"("productId","name","content","date","rate") VALUES (32,N'ĐOÀN THỊ KIM CƯƠNG',N'Tốt','2022-10-05',5);
INSERT INTO "Comment"("productId","name","content","date","rate") VALUES (32,N'ĐINH NGỌC HÀ TRỌNG DUY',N'Mọi thứ đều OK.','2023-03-10',5);
INSERT INTO "Comment"("productId","name","content","date","rate") VALUES (32,N'TRẦN THỊ KIM HƯƠNG',N'Tot','2023-07-27',5);
INSERT INTO "Comment"("productId","name","content","date","rate") VALUES (32,N'Tiên',N'Xài ok lắm','2022-01-25',5);
INSERT INTO "Comment"("productId","name","content","date","rate") VALUES (32,N'Chú Sơn',N'Máy dùng tốt, pin khoẻ sạc nhanh, hình ảnh sắc nét','2022-05-09',5);
INSERT INTO "Comment"("productId","name","content","date","rate") VALUES (32,N'Minh',N'Hiện tại sử dụng tốt','2022-10-09',4);
INSERT INTO "Comment"("productId","name","content","date","rate") VALUES (32,N'PHẠM HOÀNG THƯ',N'Máy chạy mượt, pin sạc nhanh lâu hết pin. Rất đáng mua.','2023-11-17',5);
INSERT INTO "Comment"("productId","name","content","date","rate") VALUES (32,N'Anh rô hối',N'Sài mướt .đt đẹp .rất ok','2022-10-30',4);
INSERT INTO "Comment"("productId","name","content","date","rate") VALUES (32,N'TRẦN TRUNG THỪA',N'Tôi rất thích sản phẩm của OPPO','2022-01-06',5);
INSERT INTO "Comment"("productId","name","content","date","rate") VALUES (32,N'TRIỀU TRANG NHI',N'Đt mượt thích nhất nghe nhạc loa âm thanh to rõ','2022-03-11',5);
INSERT INTO "Comment"("productId","name","content","date","rate") VALUES (32,N'CAO NGỌC MINH',N'Chất lượng sản phẩm ôkê,mượt, tôi thấy rất hài lòng','2023-07-15',5);
INSERT INTO "Comment"("productId","name","content","date","rate") VALUES (32,N'VI VĂN KHÁNH',N'tốt','2022-12-31',4);
INSERT INTO "Comment"("productId","name","content","date","rate") VALUES (32,N'Em Tùng',N'Đã mua máy 2 lần rất hài lòng ạ','2023-06-08',5);
INSERT INTO "Comment"("productId","name","content","date","rate") VALUES (32,N'PHAN KHÁNH DIỄN',N'Sản phẩm mới nên hiện tại mọi chức năng và hiệu năng đều tốt, độ bền thì chưa đánh giá dc, chờ thời gian','2022-03-10',4);
INSERT INTO "Comment"("productId","name","content","date","rate") VALUES (32,N'Phạm Thị Lương',N'Dùng cũng được','2021-11-02',4);
INSERT INTO "Comment"("productId","name","content","date","rate") VALUES (32,N'NGUYỄN NGỌC PHỐ',N'Ok','2023-04-20',5);
INSERT INTO "Comment"("productId","name","content","date","rate") VALUES (32,N'TRẦN THÚY KIỀU',N'Dạ xài OK ạ','2023-08-20',5);
INSERT INTO "Comment"("productId","name","content","date","rate") VALUES (32,N'LÊ THỊ HOÈ',N'tốt','2023-06-04',5);
INSERT INTO "Comment"("productId","name","content","date","rate") VALUES (32,N'NGÔ THANH ĐƯỢC',N'Rất hài lòng','2021-12-11',5);
INSERT INTO "Comment"("productId","name","content","date","rate") VALUES (32,N'CÔNG TY TNHH MTV HÒA PHÁT - NVB',N'Tốt','2023-02-09',5);
INSERT INTO "Comment"("productId","name","content","date","rate") VALUES (32,N'CÔNG THỊ HỒNG NGHĨA',N'Chiếc điện thoại Á 98 rất đẹp và tốt tôi đã mua và đang sử dụng dat mượt mà. OkA98','2022-04-11',4);
INSERT INTO "Comment"("productId","name","content","date","rate") VALUES (32,N'Cao Van Thi',N'Tạm ổn','2021-11-09',3);
INSERT INTO "Comment"("productId","name","content","date","rate") VALUES (32,N'HỒ THỊ TÂM',N'Nhân viên TV nhiệt tình.','2021-10-28',5);
INSERT INTO "Comment"("productId","name","content","date","rate") VALUES (32,N'Thông',N'tôi thấy rất hài lòng','2022-10-08',5);
INSERT INTO "Comment"("productId","name","content","date","rate") VALUES (32,N'Hoàng Giang',N'Đt này lướt rất mượt mà tôi mới dùng đã thấy thít','2023-11-05',5);
INSERT INTO "Comment"("productId","name","content","date","rate") VALUES (32,N'NGUYỄN QUỐC HUY',N'Máy mạnh khoẻ','2022-07-16',5);
INSERT INTO "Comment"("productId","name","content","date","rate") VALUES (32,N'VÕ NGỌC THIẾT',N'Ok tôi là khách hàng thường xuyên','2021-11-28',5);
INSERT INTO "Comment"("productId","name","content","date","rate") VALUES (32,N'LÊ HUY TUẤN',N'mới sài, chưa đủ thời gian để đánh giá. Cần thêm thời gian nữa','2022-10-02',3);
INSERT INTO "Comment"("productId","name","content","date","rate") VALUES (32,N'NGUYỄN ANH TUẤN',N'Rất tốt nhân viên nhiệt tình trách nhiệm','2023-03-08',5);
INSERT INTO "Comment"("productId","name","content","date","rate") VALUES (32,N'NGUYỄN THANH NHƯ',N'Với tầm giá 8tr hơn này thì chưa gì gọi là tốt lắm.','2022-09-25',3);
INSERT INTO "Comment"("productId","name","content","date","rate") VALUES (32,N'NGUYỄN VĂN CO',N'Nói chung là mước 
 pin cũng bệnh','2021-09-23',4);
INSERT INTO "Comment"("productId","name","content","date","rate") VALUES (32,N'Nguyễn Thị Thanh Đào',N'Dùng rất thích','2021-12-08',5);
INSERT INTO "Comment"("productId","name","content","date","rate") VALUES (32,N'Hương',N'Hiện tại, pin 2 ngày vẫn oki. Chụp hình nét, vào mạng nhanh.','2022-09-23',5);
INSERT INTO "Comment"("productId","name","content","date","rate") VALUES (32,N'TÔ THỊ NHƯ Ý',N'Sản phẩm tốt đáng mua','2023-09-27',5);
INSERT INTO "Comment"("productId","name","content","date","rate") VALUES (32,N'HỒ THỊ MỸ DUNG',N'Tốt lắm ạ , sài OK','2023-03-24',4);
INSERT INTO "Comment"("productId","name","content","date","rate") VALUES (32,N'Hiếu',N'Cảm ứng chưa được êm','2023-12-06',3);
INSERT INTO "Comment"("productId","name","content","date","rate") VALUES (32,N'BÙI VĂN NHÀN',N'Anh rất hài lòng sản phẩm này khi anh đã sử dụng tốt','2023-02-06',5);
INSERT INTO "Comment"("productId","name","content","date","rate") VALUES (32,N'MAI PHƯỚC LỘC',N'Sản phẩm OK','2021-08-13',5);
INSERT INTO "Comment"("productId","name","content","date","rate") VALUES (32,N'Dân',N'Rất tốt','2023-01-27',5);
INSERT INTO "Comment"("productId","name","content","date","rate") VALUES (32,N'Anh Long',N'Ok','2023-08-08',5);
INSERT INTO "Comment"("productId","name","content","date","rate") VALUES (32,N'NGUYỄN HỮU TUẤN',N'Cảm ơn rất tốt','2022-02-03',5);
INSERT INTO "Comment"("productId","name","content","date","rate") VALUES (32,N'BÙI THANH TRƯỜNG SƠN',N'OK','2023-02-23',5);
INSERT INTO "Comment"("productId","name","content","date","rate") VALUES (32,N'Bạn Trúc',N'camera trước chụp xấu vãi trưởng ngoài ra tất cả đều ok','2022-03-13',4);
INSERT INTO "Comment"("productId","name","content","date","rate") VALUES (32,N'TRƯƠNG CÔNG BÍCH',N'Dùng ok','2022-08-03',4);
INSERT INTO "Comment"("productId","name","content","date","rate") VALUES (32,N'Nguyễn Thị Bạch Thuỷ',N'Rất hài lòng, nhân viên
 nhiệt tình chu đáo.','2022-04-08',5);
INSERT INTO "Comment"("productId","name","content","date","rate") VALUES (32,N'LÊ THÀNH TÂM',N'Sản phẩm tốt','2023-09-28',5);
INSERT INTO "Comment"("productId","name","content","date","rate") VALUES (32,N'NGUYỄN MỘNG LÂM',N'Rất chất lượng','2021-12-06',5);
INSERT INTO "Comment"("productId","name","content","date","rate") VALUES (32,N'TRẦN NAM DƯƠNG',N'Hiện tại đang xài rất ổn định','2023-06-22',5);
INSERT INTO "Comment"("productId","name","content","date","rate") VALUES (32,N'Lê Chí Tài',N'Tốt','2023-05-17',5);
INSERT INTO "Comment"("productId","name","content","date","rate") VALUES (32,N'H NÔS KTUK',N'Rất tốt 👍👍👍','2021-11-11',5);
INSERT INTO "Comment"("productId","name","content","date","rate") VALUES (32,N'Pham Thi Hồng',N'Máy dùng mượt chụp ảnh đẹp','2023-07-16',5);
INSERT INTO "Comment"("productId","name","content","date","rate") VALUES (32,N'Sơn',N'Trạm vào máy dung','2023-11-10',3);
INSERT INTO "Comment"("productId","name","content","date","rate") VALUES (32,N'BÙI HẢI VÂN TRANG',N'Tôi rất hài lòng','2022-01-28',5);
INSERT INTO "Comment"("productId","name","content","date","rate") VALUES (32,N'HOÀNG THỊ BÍCH LIỄU',N'Sản phẩm này được rất ok','2022-09-22',5);
INSERT INTO "Comment"("productId","name","content","date","rate") VALUES (32,N'Nguyễn Thị Tuyền',N'Rắc hài lòng','2021-11-21',5);
INSERT INTO "Comment"("productId","name","content","date","rate") VALUES (32,N'Khoẻ',N'Rất tốt','2023-10-30',5);
INSERT INTO "Comment"("productId","name","content","date","rate") VALUES (32,N'Phan Đức Hiền',N'Ok','2023-05-24',5);
INSERT INTO "Comment"("productId","name","content","date","rate") VALUES (32,N'Trần Nhựt Hào',N'Đồ dùng ok','2021-11-07',5);
INSERT INTO "Comment"("productId","name","content","date","rate") VALUES (32,N'NGUYỄN THỊ THẢO',N'Đt pin sạc được nhanh, dùng mướt','2021-08-02',5);
INSERT INTO "Comment"("productId","name","content","date","rate") VALUES (32,N'Lê Vũ Luân',N'Rất hài lòng khi mua OPPO A98 🤗','2022-05-05',5);
INSERT INTO "Comment"("productId","name","content","date","rate") VALUES (32,N'Anh Hưng',N'Máy đẹp,bin chạy ổn, sạc bin mau đầy. nói chung là tuyệt vời.','2023-03-28',5);
INSERT INTO "Comment"("productId","name","content","date","rate") VALUES (32,N'TRẦN THỊ NGUYỆT',N'rất tốt','2022-10-27',5);
INSERT INTO "Comment"("productId","name","content","date","rate") VALUES (32,N'Hoàng Thị Lơn',N'A98 dùng thích, pin sạc nhanh, sử dụng lâu dài','2023-05-19',5);
INSERT INTO "Comment"("productId","name","content","date","rate") VALUES (32,N'TRẦN VĂN TRUNG',N'Máy sử dụng rất ok tốt pin khủng lướt mạng rất nhanh','2023-07-21',5);
INSERT INTO "Comment"("productId","name","content","date","rate") VALUES (32,N'Anh Thường',N'Máy mới lên dùng pin 2 ngày chưa hết. Sạc 40p là đầy. Sản phẩm xứng đáng với giá tiền. Thời gian sau thì ko rõ. Sau dùng 3 tháng sẽ rì viu thêm','2023-07-12',5);
INSERT INTO "Comment"("productId","name","content","date","rate") VALUES (32,N'Tươi',N'vv','2023-05-15',5);
INSERT INTO "Comment"("productId","name","content","date","rate") VALUES (32,N'ĐINH BÁ QUÂN',N'Máy dùng ổn, nhân viên nhiệt tình','2022-08-10',5);
INSERT INTO "Comment"("productId","name","content","date","rate") VALUES (32,N'NGUYỄN TRƯỜNG SƠN',N'Sản phẩm rất tốt.','2022-03-28',5);
INSERT INTO "Comment"("productId","name","content","date","rate") VALUES (32,N'TRẦN THỊ TÍM',N'Rất hài lòng về sản phẩm','2022-10-29',5);
INSERT INTO "Comment"("productId","name","content","date","rate") VALUES (32,N'NGUYỄN ANH THÁI',N'Tôt','2022-05-24',4);
INSERT INTO "Comment"("productId","name","content","date","rate") VALUES (32,N'HUỲNH THỊ TIẾT',N'NV tư vấn chưa được tốt .... chỉ nói về ưu điểm sp chứ ko nói yếu điểm. Mong muốn của tôi là nói rõ mặt tốt và và mặt yếu của sản phẩm.','2022-06-30',4);
INSERT INTO "Comment"("productId","name","content","date","rate") VALUES (32,N'PHÙNG THỊ HUỆ',N'Tốt','2021-11-23',5);
INSERT INTO "Comment"("productId","name","content","date","rate") VALUES (32,N'Chú Sắc',N'Rễ sử dụng bin bền hình thức đẹp','2023-10-10',5);
INSERT INTO "Comment"("productId","name","content","date","rate") VALUES (32,N'Chú Hạnh',N'OK','2021-08-12',5);
INSERT INTO "Comment"("productId","name","content","date","rate") VALUES (32,N'NGUYỄN ANH THƯ',N'Tuyệt','2021-08-13',5);
INSERT INTO "Comment"("productId","name","content","date","rate") VALUES (32,N'VÕ THỊ HƯƠNG',N'Bạn Giới tư vấn rất nhiệt tình , nhanh nhẹn','2021-12-31',5);
INSERT INTO "Comment"("productId","name","content","date","rate") VALUES (32,N'DANH CÀ KÁP',N'Tốt','2022-11-04',5);
INSERT INTO "Comment"("productId","name","content","date","rate") VALUES (32,N'Nguyễn Văn Giao',N'Chưa đủ thời gian trải nghiệm. Cảm nhận ban đầu tốt.','2021-12-22',4);
INSERT INTO "Comment"("productId","name","content","date","rate") VALUES (32,N'CAO VĂN BÌNH',N'Máy chạy mượt, pin dùng lâu','2023-10-23',4);
INSERT INTO "Comment"("productId","name","content","date","rate") VALUES (32,N'ĐINH THỊ MINH KIỀU',N'Tệ','2021-11-29',1);
INSERT INTO "Comment"("productId","name","content","date","rate") VALUES (32,N'HUỲNH VĂN ĐỆ',N'Rất tốt','2023-08-28',5);
INSERT INTO "Comment"("productId","name","content","date","rate") VALUES (32,N'Bùi Phương Châu',N'Dòng sản phẩm oppo cơ bản tốt!','2022-07-01',4);
INSERT INTO "Comment"("productId","name","content","date","rate") VALUES (32,N'LÊ THỊ BÍCH THẢO',N'Tốt','2022-04-05',4);
INSERT INTO "Comment"("productId","name","content","date","rate") VALUES (32,N'Nguyễn Thành Lực',N'Tot','2023-10-13',4);
INSERT INTO "Comment"("productId","name","content","date","rate") VALUES (32,N'Phạm Văn Hóa',N'Bình thường','2023-03-07',3);
INSERT INTO "Comment"("productId","name","content","date","rate") VALUES (32,N'NGUYỄN MẠNH CƯỜNG',N'Tôi rất hài lòng với sản phẩm và nhân viên hỗ trợ','2023-01-10',5);
INSERT INTO "Comment"("productId","name","content","date","rate") VALUES (32,N'ĐẶNG THỊ NGỌC CAM',N'Sản phẩm rất tốt','2023-03-03',5);
INSERT INTO "Comment"("productId","name","content","date","rate") VALUES (32,N'HUỲNH . NHƯ',N'Moi','2022-10-25',4);
INSERT INTO "Comment"("productId","name","content","date","rate") VALUES (32,N'NGUYỄN THỊ HỒNG CẨM',N'Nhanh , chụp ảnh đẹp','2023-12-14',5);
INSERT INTO "Comment"("productId","name","content","date","rate") VALUES (32,N'PHẠM MINH PHỤNG',N'Cảm ứng mượt mà lướt OK cam đẹp xài OK nhưng pin không dc bền','2022-12-05',4);
INSERT INTO "Comment"("productId","name","content","date","rate") VALUES (32,N'LÊ ĐỨC HỮU',N'Tiền nào của đó, tạm ổn','2023-07-11',4);
INSERT INTO "Comment"("productId","name","content","date","rate") VALUES (32,N'HỒ KHẮC HIỀN',N'Tốt','2022-02-22',4);
INSERT INTO "Comment"("productId","name","content","date","rate") VALUES (32,N'Lưu Tấn Giàu',N'Nhân viên và sản phẩm rất tot','2023-11-26',5);
INSERT INTO "Comment"("productId","name","content","date","rate") VALUES (32,N'PHAN THỊ ÁI PHƯƠNG',N'Nhân viên nhiệt tình , dễ thương','2023-08-01',5);
INSERT INTO "Comment"("productId","name","content","date","rate") VALUES (32,N'NGUYỄN THỊ HỒNG THƠM',N'Rất tốt và hài lòng về sản phẩm','2023-08-22',4);
INSERT INTO "Comment"("productId","name","content","date","rate") VALUES (32,N'TRẦN VĂN TUẤN',N'Sản phẩm oke','2023-03-03',4);
INSERT INTO "Comment"("productId","name","content","date","rate") VALUES (32,N'Anh Khánh',N'Dùng khám êm','2021-10-19',5);
INSERT INTO "Comment"("productId","name","content","date","rate") VALUES (32,N'Nguyễn Thế Thắng',N'Tính năng tốt dễ sử dụng','2022-10-18',5);
INSERT INTO "Comment"("productId","name","content","date","rate") VALUES (32,N'Trần Thị Hồng Tiên',N'Tốt','2023-02-08',4);
INSERT INTO "Comment"("productId","name","content","date","rate") VALUES (32,N'THỊ ĐÒ ĐA',N'Tốt','2022-12-06',4);
INSERT INTO "Comment"("productId","name","content","date","rate") VALUES (32,N'HUỲNH THỊ MỘNG TUYỀN',N'Nâng cấp thêm phần chụp ảnh. Phần soạn tin nhăn  ko dc nhạy lắm','2023-06-28',4);
INSERT INTO "Comment"("productId","name","content","date","rate") VALUES (32,N'CAO THANH TRÚC',N'máy mượt, chụp ảnh đẹp nét, rõ. Mình rất vừa ý khi mua sản phẩm này','2022-11-19',5);
INSERT INTO "Comment"("productId","name","content","date","rate") VALUES (32,N'HUỲNH PHƯỚC AN',N'Nhân viên nhiệt tình và nhanh chóng','2023-02-07',5);
INSERT INTO "Comment"("productId","name","content","date","rate") VALUES (32,N'NGUYỄN THANH BÌNH',N'Sản phẩm dùng rất tốt','2023-08-30',5);
INSERT INTO "Comment"("productId","name","content","date","rate") VALUES (32,N'Nghĩa',N'Ok','2021-10-29',5);
INSERT INTO "Comment"("productId","name","content","date","rate") VALUES (32,N'TRẦN THỊ NGỌC THẢO',N'Lướt mượt . Ok lắm','2023-09-16',4);
INSERT INTO "Comment"("productId","name","content","date","rate") VALUES (32,N'HUỲNH VĂN CÔNG',N'Hài lòng','2023-01-20',5);
INSERT INTO "Comment"("productId","name","content","date","rate") VALUES (32,N'TRẦN VĂN KHẢI',N'Đang trải nghiệm, khá ok','2022-05-08',4);
INSERT INTO "Comment"("productId","name","content","date","rate") VALUES (32,N'Lê Bá Sáng',N'Máy dùng tín hiệu tốt cũng như nhân viên chủ dao lễ phép.noi chúng tôi hai lòng','2022-06-29',5);
INSERT INTO "Comment"("productId","name","content","date","rate") VALUES (32,N'NGUYỄN PHÚC THỊNH',N'','2022-11-13',1);
INSERT INTO "Comment"("productId","name","content","date","rate") VALUES (32,N'NGUYỄN VĂN BẰNG',N'','2023-02-23',5);
INSERT INTO "Comment"("productId","name","content","date","rate") VALUES (32,N'NGỌC THUẬN',N'','2022-08-05',3);
INSERT INTO "Comment"("productId","name","content","date","rate") VALUES (32,N'Phạm Hải Ninh',N'','2023-06-03',5);
INSERT INTO "Comment"("productId","name","content","date","rate") VALUES (32,N'CHÂU VĂN ĐỆ',N'','2023-09-03',4);
INSERT INTO "Comment"("productId","name","content","date","rate") VALUES (32,N'NGUYỄN VĂN MINH',N'Tốt','2022-09-16',4);
INSERT INTO "Comment"("productId","name","content","date","rate") VALUES (32,N'Chị Diệu',N'','2022-10-25',4);
INSERT INTO "Comment"("productId","name","content","date","rate") VALUES (32,N'Khánh',N'','2023-01-19',5);
INSERT INTO "Comment"("productId","name","content","date","rate") VALUES (32,N'C Trang',N'','2022-10-09',5);
INSERT INTO "Comment"("productId","name","content","date","rate") VALUES (32,N'LÊ THANH PHƯƠNG',N'','2021-08-05',4);
INSERT INTO "Comment"("productId","name","content","date","rate") VALUES (32,N'TĂNG THỊ NGA',N'','2023-05-31',5);
INSERT INTO "Comment"("productId","name","content","date","rate") VALUES (32,N'NGUYỄN ĐỨC PHƯƠNG',N'','2021-09-10',1);
INSERT INTO "Comment"("productId","name","content","date","rate") VALUES (32,N'Minh Quí',N'Rất tốt','2021-12-09',5);
INSERT INTO "Comment"("productId","name","content","date","rate") VALUES (32,N'Chị Quế',N'','2023-03-14',5);
INSERT INTO "Comment"("productId","name","content","date","rate") VALUES (32,N'Võ Thành Lâm',N'','2023-03-12',5);
INSERT INTO "Comment"("productId","name","content","date","rate") VALUES (32,N'ĐOÀN THỊ THANH NGA',N'','2022-02-15',5);
INSERT INTO "Comment"("productId","name","content","date","rate") VALUES (32,N'Thoại',N'','2023-06-23',5);
INSERT INTO "Comment"("productId","name","content","date","rate") VALUES (32,N'VÕ THỊ THỦY',N'','2022-10-15',5);
INSERT INTO "Comment"("productId","name","content","date","rate") VALUES (32,N'ĐIỀU THỊ HÀ',N'','2022-06-23',5);
INSERT INTO "Comment"("productId","name","content","date","rate") VALUES (32,N'Định',N'','2022-01-06',4);
INSERT INTO "Comment"("productId","name","content","date","rate") VALUES (32,N'TRẦN THỊ KỸ',N'Sài cũng đc thời gian dài chưa biết thế nào . Nhưng mình ưng ý với sản phẩm nay','2022-03-23',4);
INSERT INTO "Comment"("productId","name","content","date","rate") VALUES (32,N'Anh Phúc',N'','2022-05-11',4);
INSERT INTO "Comment"("productId","name","content","date","rate") VALUES (32,N'NGUYỄN LIÊM SƠN',N'','2022-04-29',3);
INSERT INTO "Comment"("productId","name","content","date","rate") VALUES (32,N'Chú Nam',N'','2023-10-16',4);
INSERT INTO "Comment"("productId","name","content","date","rate") VALUES (32,N'Vừ Mí Súng',N'','2023-10-10',4);
INSERT INTO "Comment"("productId","name","content","date","rate") VALUES (32,N'Mỹ',N'','2023-11-17',4);
INSERT INTO "Comment"("productId","name","content","date","rate") VALUES (32,N'NGUYỄN THỊ HIỀN',N'','2022-12-03',3);
INSERT INTO "Comment"("productId","name","content","date","rate") VALUES (32,N'NGUYỄN THỊ VĨNH',N'','2022-04-19',4);
INSERT INTO "Comment"("productId","name","content","date","rate") VALUES (32,N'Chị Nga',N'','2021-10-19',5);
INSERT INTO "Comment"("productId","name","content","date","rate") VALUES (32,N'NGUYỄN VĂN TIẾP',N'','2021-09-25',3);
INSERT INTO "Comment"("productId","name","content","date","rate") VALUES (32,N'Ly',N'','2022-04-09',4);
INSERT INTO "Comment"("productId","name","content","date","rate") VALUES (32,N'Võ Đình Kiên',N'','2021-09-23',5);
INSERT INTO "Comment"("productId","name","content","date","rate") VALUES (32,N'Nguyễn Thị Phương',N'Sản phẩm rất tốt','2023-05-20',5);
INSERT INTO "Comment"("productId","name","content","date","rate") VALUES (32,N'Nguyễn Võ Phú Tuyền',N'','2022-11-19',5);
INSERT INTO "Comment"("productId","name","content","date","rate") VALUES (32,N'LÊ THỊ TUYẾT TRINH',N'','2022-06-08',5);
INSERT INTO "Comment"("productId","name","content","date","rate") VALUES (32,N'NGUYỄN THỊ MỸ',N'','2021-11-02',4);
INSERT INTO "Comment"("productId","name","content","date","rate") VALUES (32,N'Linh',N'','2021-10-30',4);
INSERT INTO "Comment"("productId","name","content","date","rate") VALUES (32,N'Cao Ngọc Luân',N'','2023-08-04',4);
INSERT INTO "Comment"("productId","name","content","date","rate") VALUES (32,N'HUỲNH THỊ THANH HẰNG',N'','2021-12-06',4);
INSERT INTO "Comment"("productId","name","content","date","rate") VALUES (32,N'LÒ THỊ SƯƠNG',N'','2022-06-27',5);
INSERT INTO "Comment"("productId","name","content","date","rate") VALUES (32,N'Phạm Xuân Điển',N'','2022-05-18',4);
INSERT INTO "Comment"("productId","name","content","date","rate") VALUES (32,N'NGUYỄN THỊ KHÉO',N'','2022-11-27',4);
INSERT INTO "Comment"("productId","name","content","date","rate") VALUES (32,N'Anh Lĩnh',N'','2023-10-21',4);
INSERT INTO "Comment"("productId","name","content","date","rate") VALUES (32,N'LÝ THỐNG NHẤT',N'','2023-10-15',5);
INSERT INTO "Comment"("productId","name","content","date","rate") VALUES (32,N'NGUYỄN THỊ ÚT',N'','2021-12-12',4);
INSERT INTO "Comment"("productId","name","content","date","rate") VALUES (32,N'Nguyễn Thúy Quỳnh',N'','2023-03-18',4);
INSERT INTO "Comment"("productId","name","content","date","rate") VALUES (32,N'BÙI VĂN ĐỢI',N'','2022-11-01',5);
INSERT INTO "Comment"("productId","name","content","date","rate") VALUES (32,N'Anh Quyền',N'','2023-10-11',5);
INSERT INTO "Comment"("productId","name","content","date","rate") VALUES (32,N'Khải',N'','2022-04-08',4);
INSERT INTO "Comment"("productId","name","content","date","rate") VALUES (32,N'Võ Văn Gởi',N'','2023-04-10',3);
INSERT INTO "Comment"("productId","name","content","date","rate") VALUES (32,N'Chị Kiều',N'','2022-05-13',4);
INSERT INTO "Comment"("productId","name","content","date","rate") VALUES (32,N'NGUYỄN THỊ NGỌC SANG',N'','2022-08-22',5);
INSERT INTO "Comment"("productId","name","content","date","rate") VALUES (32,N'NGUYỄN VĂN TÙNG',N'','2023-11-24',5);
INSERT INTO "Comment"("productId","name","content","date","rate") VALUES (32,N'Phan Thị Kim Ngọc',N'Dễ sử dụng','2023-07-23',5);
INSERT INTO "Comment"("productId","name","content","date","rate") VALUES (32,N'BÙI THỊ TRÚC NHÍ',N'','2021-09-30',5);
INSERT INTO "Comment"("productId","name","content","date","rate") VALUES (32,N'HỒ NGỌC HOÀI',N'','2022-12-21',4);
INSERT INTO "Comment"("productId","name","content","date","rate") VALUES (32,N'Linh',N'','2022-08-30',5);
INSERT INTO "Comment"("productId","name","content","date","rate") VALUES (32,N'NGÔ THỊ THÚY THƯ',N'','2023-04-14',3);
INSERT INTO "Comment"("productId","name","content","date","rate") VALUES (32,N'Thuý Vy',N'','2021-08-28',4);
INSERT INTO "Comment"("productId","name","content","date","rate") VALUES (32,N'Trần Duy Khánh',N'','2022-03-12',4);
INSERT INTO "Comment"("productId","name","content","date","rate") VALUES (32,N'Trần Hoài Phong',N'','2023-11-21',5);
INSERT INTO "Comment"("productId","name","content","date","rate") VALUES (32,N'NGUYỄN TIẾN ANH',N'','2023-06-02',3);
INSERT INTO "Comment"("productId","name","content","date","rate") VALUES (32,N'LÊ TÂN KHÁ',N'','2022-07-15',4);
INSERT INTO "Comment"("productId","name","content","date","rate") VALUES (32,N'NGUYỄN THÀNH PHONG',N'','2023-09-25',5);

INSERT INTO "Product" ("productId","total","typeId","image","cost","price","discount","rate","releaseDate","name") VALUES (33, 155, 3,'https://cdn.tgdd.vn/Products/Images/42/299248/oppo-reno8t-4g-den1-thumb-600x600.jpg',4490000,8490000,5,3.9,'2020-09-24', N'Điện thoại OPPO Reno8 T');
INSERT INTO "ProductDetail" ("productId","screen","os","cameraBehind","cameraFront","cpu","ram","rom","battery","sim") VALUES (33,N'AMOLED, 6.4", Full HD+',N'Android 13',N'Chính 100 MP & Phụ 2 MP, 2 MP',N'32 MP',N'MediaTek Helio G99', N'8 GB',N'256 GB',N'5000 mAh',N'2 Nano SIM');
INSERT INTO "Comment"("productId","name","content","date","rate") VALUES (33,N'Lưu Danh Hùng',N'Tốt lắm','2022-02-02',5);
INSERT INTO "Comment"("productId","name","content","date","rate") VALUES (33,N'Xương',N'Máy chụp ảnh không sắc nét ảnh y như người giấy. còn thua con Oppo A37 neo9. 6 năm trước con này giá gấp 3 con A37. Nhân viên ở Cửa Hàng Lai Uyên Bàu Bàng Bình Dương phục vụ tốt','2023-05-26',1);
INSERT INTO "Comment"("productId","name","content","date","rate") VALUES (33,N'Nguyễn Quang',N'may dung rat tot','2023-06-29',5);
INSERT INTO "Comment"("productId","name","content","date","rate") VALUES (33,N'Trang khoa',N'Sd nửa tháng nay thấy máy lỗi loa ngoài NC đt bên kia ko nghe rõ bị rèchế độ chờ cũng hao pin nhiều,kết nối mạng hay bị ko ổn địnhđiện chớp tắt là phải tắt wifi rồi bật lại mới sd đc','2021-08-18',3);
INSERT INTO "Comment"("productId","name","content","date","rate") VALUES (33,N'Vi',N'Máy sử dụng ổn định,rất tốt','2020-10-29',5);
INSERT INTO "Comment"("productId","name","content","date","rate") VALUES (33,N'Loc',N'Ok','2022-08-13',5);
INSERT INTO "Comment"("productId","name","content","date","rate") VALUES (33,N'Hoàng Sơn',N'Máy ổn cày Genshin 30 trở lên không quá nóng máy pin khá trâu không bị hao hụt pin nhiều nhmà chơi genshin vẫn bị văng mạng dù wifi 5g á khá buồn còn lại các chức năng khác t chưa khám phá','2021-11-21',4);
INSERT INTO "Comment"("productId","name","content","date","rate") VALUES (33,N'Anh Đẩu',N'Mình không dùng nhưng con mình dùng để học tạm ổn con về chuyên sâu mình không dùng nên không biết','2022-02-19',3);
INSERT INTO "Comment"("productId","name","content","date","rate") VALUES (33,N'Lê Văn Hải',N'Tốt','2023-03-18',5);
INSERT INTO "Comment"("productId","name","content","date","rate") VALUES (33,N'Chi',N'Dt sài rất mượt','2022-07-14',5);
INSERT INTO "Comment"("productId","name","content","date","rate") VALUES (33,N'Nue',N'Cấu hình tệ kết nối mạng thua cả Oppo a93 khuyên thật không nên mua','2023-04-06',1);
INSERT INTO "Comment"("productId","name","content","date","rate") VALUES (33,N'Thôi',N'Tuyệt vời','2022-12-12',5);
INSERT INTO "Comment"("productId","name","content","date","rate") VALUES (33,N'Đỗ Ngọc Hoà',N'Okd','2022-10-09',1);
INSERT INTO "Comment"("productId","name","content","date","rate") VALUES (33,N'Nguyễn Hiếu',N'Ok','2022-02-04',4);
INSERT INTO "Comment"("productId","name","content","date","rate") VALUES (33,N'Ho Nhu Lan Anh',N'Nhanh gọn','2021-12-20',4);
INSERT INTO "Comment"("productId","name","content","date","rate") VALUES (33,N'Cô Yên',N'Tôi mua nhiều sản phẩm của của hàng thấy rất tuyệt vời','2023-11-23',5);
INSERT INTO "Comment"("productId","name","content","date","rate") VALUES (33,N'Anh Quỳnh',N'Chất lượng ảnh tốt','2021-12-04',3);
INSERT INTO "Comment"("productId","name","content","date","rate") VALUES (33,N'Anh Ku',N'Sản phẩm tốt. Chạy mượt','2023-08-12',5);
INSERT INTO "Comment"("productId","name","content","date","rate") VALUES (33,N'Hiền',N'Ok','2020-10-07',5);
INSERT INTO "Comment"("productId","name","content","date","rate") VALUES (33,N'Trần Thị Thương ',N'Máy dùng nhanh nóng,chụp hình màu sắc rất tệ.ko 1tí hài lòng luôn','2023-08-09',1);
INSERT INTO "Comment"("productId","name","content","date","rate") VALUES (33,N'Bùi ',N'Máy dùng pin tụt quá nhanh','2023-02-01',1);
INSERT INTO "Comment"("productId","name","content","date","rate") VALUES (33,N'Đinh Văn Lợi',N'điện thoại mua về lỗi mà lên không giải quyết được gì','2023-03-07',1);
INSERT INTO "Comment"("productId","name","content","date","rate") VALUES (33,N'Nguyễn thị bích huyền',N'Máy sài nhanh tụt pin mới mua được 3 hôm thôi mà như đt sài cả năm gị pin tụt nhanh, truy cập wifi kém , hình chụp k sắc nét.','2021-03-27',1);
INSERT INTO "Comment"("productId","name","content","date","rate") VALUES (33,N'Sinh',N'Mua xài được 3 tuần máy chơi game liên Quan ngắm lúc lắc Quá','2023-09-05',2);
INSERT INTO "Comment"("productId","name","content","date","rate") VALUES (33,N'Phan thị thanh loan',N'Mh là ng mua sản phẩm dc 1 ngày và khuyên các bạn ko nên mua sản phẩm này. Vừa mua dc 2,3 tiếng mà toàn bị thoát ứng dụng. Hsau nt cg toàn bị thoát ra ngoài đến cửa hàng thì kêu đem ra hãng để sửa . Nchung với bằng đấy tiền mà máy lỗi ko thể chấp nhận đuo2cj','2022-09-13',1);
INSERT INTO "Comment"("productId","name","content","date","rate") VALUES (33,N'Hồ Thị Kim Ngân',N'Xài thấy ok','2021-05-21',4);
INSERT INTO "Comment"("productId","name","content","date","rate") VALUES (33,N'Nguyễn Minh Anh',N'Dùng rất tốt','2022-12-09',4);
INSERT INTO "Comment"("productId","name","content","date","rate") VALUES (33,N'Hà Thuận',N'Rất hài lòng','2022-04-15',5);
INSERT INTO "Comment"("productId","name","content","date","rate") VALUES (33,N'Hạnh',N'Ok','2023-08-06',5);
INSERT INTO "Comment"("productId","name","content","date","rate") VALUES (33,N'NGUYEN THAO NGOC',N'... .','2023-10-20',4);
INSERT INTO "Comment"("productId","name","content","date","rate") VALUES (33,N'Anh Toàn',N'Tuyệt tôi cảm thấy hài lòng về sản phẩm','2020-11-16',4);
INSERT INTO "Comment"("productId","name","content","date","rate") VALUES (33,N'CÔNG TY TNHH THUẾ VÀ KẾ TOÁN VLK',N'Chụp ảnh chưa OK (màu ảnh gốc ko sáng)','2023-06-11',3);
INSERT INTO "Comment"("productId","name","content","date","rate") VALUES (33,N'Phạm Thúy Anh',N'Sản phẩm tốt
 Nhân viên bán hàng nhiệt tình, chu đáo','2022-09-21',5);
INSERT INTO "Comment"("productId","name","content","date","rate") VALUES (33,N'NGUYỄN THỊ DIỄM BÌNH',N'Rất là ok','2021-04-20',5);
INSERT INTO "Comment"("productId","name","content","date","rate") VALUES (33,N'Anh Gương',N'Tốt','2023-09-28',4);
INSERT INTO "Comment"("productId","name","content","date","rate") VALUES (33,N'Chú Phương',N'Máy không tiếp nhận sim 2','2021-08-25',4);
INSERT INTO "Comment"("productId","name","content","date","rate") VALUES (33,N'Niệm',N'Sản phẩm bị nhiều vấn đề ở nhiều ứng dụng face,mes,zalo,shoppe,an toàn quyền riêng tư,...nhiều vấn đề lắm.Nhấn đúp màn hình mở k nhạy,nhấn chục làn mới lên,đem lên nhân viên kĩ thuật thì vào k có vấn đề gì????','2023-10-29',2);
INSERT INTO "Comment"("productId","name","content","date","rate") VALUES (33,N'Nguyễn Trung Chính',N'ok','2021-06-01',4);
INSERT INTO "Comment"("productId","name","content","date","rate") VALUES (33,N'Trương Tuấn Kiệt',N'ok','2022-03-15',5);
INSERT INTO "Comment"("productId","name","content","date","rate") VALUES (33,N'Lê Phương Duy',N'Tốt','2022-07-15',5);
INSERT INTO "Comment"("productId","name","content","date","rate") VALUES (33,N'Le tuan',N'Ok 👌👍','2022-11-05',4);
INSERT INTO "Comment"("productId","name","content","date","rate") VALUES (33,N'Tuấn',N'Nhân viên tư vấn nhiệt tình','2021-05-25',5);
INSERT INTO "Comment"("productId","name","content","date","rate") VALUES (33,N'Trần Viết Tuấn',N'Đt đẹp','2021-11-29',5);
INSERT INTO "Comment"("productId","name","content","date","rate") VALUES (33,N'Nguyễn Mạnh Hùng',N'Sản phẩm dùng tốt.','2023-10-10',4);
INSERT INTO "Comment"("productId","name","content","date","rate") VALUES (33,N'Tiến ',N'Máy xài quá nóng,mau hết pin nữa,','2021-01-09',1);
INSERT INTO "Comment"("productId","name","content","date","rate") VALUES (33,N'Anh Hoàn',N'Mới sài chưa quen máy','2022-11-28',4);
INSERT INTO "Comment"("productId","name","content","date","rate") VALUES (33,N'Lê Duy Tân',N'Tôi rất thích sản phẩm này','2021-07-16',4);
INSERT INTO "Comment"("productId","name","content","date","rate") VALUES (33,N'Hạnh ',N'Sản phẩm OK nha sẽ giới thiệu mọi người mua','2023-06-18',5);
INSERT INTO "Comment"("productId","name","content","date","rate") VALUES (33,N'Hậu',N'Đẹp mê ly luôn pin thì chưa biết sao nhưng thấy sạc pin nhanh ,mới mua để mai trãi nghiệm rồi đánh giá tiếp  .','2022-11-11',5);
INSERT INTO "Comment"("productId","name","content","date","rate") VALUES (33,N'An',N'Ổn','2023-09-21',4);
INSERT INTO "Comment"("productId","name","content","date","rate") VALUES (33,N'Thị mầu',N'Máy chạy cũng ổn, chụp hình không nét màu không tươi, sạc bin nhanh, bin trâu','2022-07-07',4);
INSERT INTO "Comment"("productId","name","content","date","rate") VALUES (33,N'Huy phạm ',N'Dùng quá chán tụt pin nhanh bắt mạng yếu hay bị chễ cuộc gọi hay bị giật lag mạng . Quá thất vọng','2023-10-21',2);
INSERT INTO "Comment"("productId","name","content","date","rate") VALUES (33,N'bùi đức tài',N'sản phẩm rất tốt chiếc máy này là máy cuối cùng mình chọn','2022-08-01',5);
INSERT INTO "Comment"("productId","name","content","date","rate") VALUES (33,N'Anh',N'mình xài con reno8T đẹp, máy mạnh, pin trâu xài liên tục nguyên ngày 4g chụp hình lướt thoải mái nhưng ko hao pin, chụp hình đẹp mướt. Rcm mng nên mua và cầm rât đằm tay. mình mua tgdd thì rất thích về dịch vụ, luôn nhanh gọn lẹ hiệu quả cho khách hàng.','2020-10-28',5);
INSERT INTO "Comment"("productId","name","content","date","rate") VALUES (33,N'Võ Ngọc Giàu',N'','2022-04-24',5);
INSERT INTO "Comment"("productId","name","content","date","rate") VALUES (33,N'Nguyễn Trọng Nguyễn',N'','2023-11-30',5);
INSERT INTO "Comment"("productId","name","content","date","rate") VALUES (33,N'Anh Nghĩa',N'','2021-08-17',4);
INSERT INTO "Comment"("productId","name","content","date","rate") VALUES (33,N'Em Ngân',N'','2022-04-20',5);
INSERT INTO "Comment"("productId","name","content","date","rate") VALUES (33,N'Cường',N'','2022-01-31',5);
INSERT INTO "Comment"("productId","name","content","date","rate") VALUES (33,N'Nguyễn Hoàng Khâm',N'','2021-08-20',4);
INSERT INTO "Comment"("productId","name","content","date","rate") VALUES (33,N'Hân',N'','2022-09-11',5);
INSERT INTO "Comment"("productId","name","content","date","rate") VALUES (33,N'Phạm Công Điển',N'','2022-09-16',5);
INSERT INTO "Comment"("productId","name","content","date","rate") VALUES (33,N'Hà Thị Thanh Nhàn',N'','2021-08-29',4);
INSERT INTO "Comment"("productId","name","content","date","rate") VALUES (33,N'Chị Vân',N'','2022-05-01',3);
INSERT INTO "Comment"("productId","name","content","date","rate") VALUES (33,N'Phạm Thị Ngọc Thuý',N'','2021-08-01',5);
INSERT INTO "Comment"("productId","name","content","date","rate") VALUES (33,N'Anh Thương',N'','2021-02-13',4);
INSERT INTO "Comment"("productId","name","content","date","rate") VALUES (33,N'Anh Duẩn',N'','2023-05-25',5);
INSERT INTO "Comment"("productId","name","content","date","rate") VALUES (33,N'Huỳnh Anh Tuấn',N'','2022-04-10',4);
INSERT INTO "Comment"("productId","name","content","date","rate") VALUES (33,N'Nguyễn Văn Ngọc Điền',N'','2020-11-22',5);
INSERT INTO "Comment"("productId","name","content","date","rate") VALUES (33,N'Nguyễn Văn Thái',N'','2022-02-11',5);
INSERT INTO "Comment"("productId","name","content","date","rate") VALUES (33,N'Nguyễn Thị Hà',N'','2023-07-10',4);
INSERT INTO "Comment"("productId","name","content","date","rate") VALUES (33,N'PHẠM VĂN THÁI',N'','2020-10-10',5);
INSERT INTO "Comment"("productId","name","content","date","rate") VALUES (33,N'C Phượng',N'','2022-06-23',5);

INSERT INTO "Product" ("productId","total","typeId","image","cost","price","discount","rate","releaseDate","name") VALUES (34, 93, 3,'https://cdn.tgdd.vn/Products/Images/42/292780/oppo-a77s-den-thumb-1-2-600x600.jpg',3290000,6290000,11,4.2,'2019-03-23', N'Điện thoại OPPO A77s');
INSERT INTO "ProductDetail" ("productId","screen","os","cameraBehind","cameraFront","cpu","ram","rom","battery","sim") VALUES (34,N'IPS LCD, 6.56", HD+',N'Android 12',N'Chính 50 MP & Phụ 2 MP',N'8 MP',N'Snapdragon 680', N'8 GB',N'128 GB',N'5000 mAh',N'2 Nano SIM');
INSERT INTO "Comment"("productId","name","content","date","rate") VALUES (34,N'NGUYỄN PHƯỚC HOÀNG NAM',N'Ok tính năng tốt. , mượt lắm','2022-03-19',5);
INSERT INTO "Comment"("productId","name","content","date","rate") VALUES (34,N'Phượng Liễu',N'Cảm ứng hay bị đơ ,bấm nhiều lần mới được,khởi động lại máy thì lâu lên','2020-12-06',3);
INSERT INTO "Comment"("productId","name","content","date","rate") VALUES (34,N'T dương',N'A77s pin không có nóng, sạc nhanh, pin cũng tạm được, khuyết điểm màn hình hay bị đơ.','2019-05-13',3);
INSERT INTO "Comment"("productId","name","content","date","rate") VALUES (34,N'Phạm Thanh Vũ',N'Điện thoại xài ok ạ','2021-08-20',4);
INSERT INTO "Comment"("productId","name","content","date","rate") VALUES (34,N'Nguyễn Minh Duy',N'Sản phẩm tốt, vẻ ngoài đẹp hệ điều hành, hiệu năng ổn định và mượt mà','2023-09-17',5);
INSERT INTO "Comment"("productId","name","content","date","rate") VALUES (34,N'Đoàn Phương Cương',N'Hiện tại đang dùng tốt, nhưng có lúc bắt mạng còn chậm Vô tixtok có lúc k hiển thị mạng','2020-07-28',4);
INSERT INTO "Comment"("productId","name","content","date","rate") VALUES (34,N'Nam',N'Điện thoại hay bị đơ, wifi bắt sóng yếu, pin dùng tạm ổn','2019-11-26',1);
INSERT INTO "Comment"("productId","name","content","date","rate") VALUES (34,N'Minh Hiếu',N'May muot.it hao pin moi thu deu tot. Moi nguoi nen mua','2019-04-20',5);
INSERT INTO "Comment"("productId","name","content","date","rate") VALUES (34,N'Thanh Huyền',N'Đang sử dụng . Thấy ok nha','2021-07-02',5);
INSERT INTO "Comment"("productId","name","content","date","rate") VALUES (34,N'LÊ VĂN HOÀNG DỮNG',N'Tốt nhất','2022-03-19',5);
INSERT INTO "Comment"("productId","name","content","date","rate") VALUES (34,N'Lâm Văn Hiền',N'Ok','2022-12-04',5);
INSERT INTO "Comment"("productId","name","content","date","rate") VALUES (34,N'Hà',N'Mới mua dùng cũng ổn so với giá thành','2023-11-04',4);
INSERT INTO "Comment"("productId","name","content","date","rate") VALUES (34,N'Nguyễn Hoàng Vũ',N'Sản phẩm hay gặp lỗi nhẹ. Có khi cảm ứng ko đc phải bấm nhiều lần','2021-08-02',3);
INSERT INTO "Comment"("productId","name","content","date","rate") VALUES (34,N'Đại Dương',N'Ok','2023-01-25',5);
INSERT INTO "Comment"("productId","name","content","date","rate") VALUES (34,N'Hoàng Thị Thu Hà',N'Mới dùng thấy ổn','2022-01-28',4);
INSERT INTO "Comment"("productId","name","content","date","rate") VALUES (34,N'Nguyễn trường giang',N'Sản phẩm dùng ổn định','2019-08-18',4);
INSERT INTO "Comment"("productId","name","content","date","rate") VALUES (34,N'Dương Cẩm Thành',N'Đả sài 7 tháng máy sử dụng tốt không nóng máy khi xem phim online cả 5h máy kết nối internet cực nhanh ....Hình ảnh đẹp ..','2020-06-17',5);
INSERT INTO "Comment"("productId","name","content","date","rate") VALUES (34,N'Cc',N'Camera chụp xấu','2020-08-29',3);
INSERT INTO "Comment"("productId","name","content","date","rate") VALUES (34,N'Nhok',N'Máy tạm ổn trong tầm giá','2019-08-18',4);
INSERT INTO "Comment"("productId","name","content","date","rate") VALUES (34,N'Thi Hong Nguyen',N'Dùng được 1 tuần, sử dụng trước mắt tốt, sạc 3 ngày mới hết, cảm ứng nhạy, loa to, chụp hình ổn, vô wifi nhanh, máy màu xanh đẹp. Giá 6.290.000. Nên mua','2022-11-01',5);
INSERT INTO "Comment"("productId","name","content","date","rate") VALUES (34,N'Trần Thị Anh Đào ',N'Âm thanh Zalo nhỏ quá','2020-01-24',3);
INSERT INTO "Comment"("productId","name","content","date","rate") VALUES (34,N'Lê Vân Thanh',N'Sau khi thử nhúng nước chụp hình vài phô thì em nó đã bị hơi nước trong camera và rè loa. Nên mặc dù có chống nước nhưng mình nghĩ là chống mưa phùn thôi nha. Mọi người có mua cũng đừng thử như mình nha 🤣🤣🤣','2023-03-16',4);
INSERT INTO "Comment"("productId","name","content","date","rate") VALUES (34,N'Hoàng lực',N'Dt ok mượt lắm chơi game thì nên mua e nó ngon trong tầm giá oppo mãi đỉnh','2021-06-02',5);
INSERT INTO "Comment"("productId","name","content","date","rate") VALUES (34,N'Nguyễn Thị Thanh Thảo ',N'Đt mình mới mua giờ muốn đổi sang reno8 Z thì bù bao nhiêu ạ?','2022-10-06',4);
INSERT INTO "Comment"("productId","name","content","date","rate") VALUES (34,N'Nguyen trung kiet',N'Máy này mua về nâng cấp lên chụp mới đẹp còn mới mua tệ lắm còn nhiu thì bt het','2021-03-03',4);
INSERT INTO "Comment"("productId","name","content","date","rate") VALUES (34,N'phan thị kim lệ ',N'xạt nhanh thiết kế đẹp','2019-10-18',5);
INSERT INTO "Comment"("productId","name","content","date","rate") VALUES (34,N'Chị Hằng',N'Tốt','2021-11-27',5);
INSERT INTO "Comment"("productId","name","content","date","rate") VALUES (34,N'Chi Thu',N'Ok 👌','2022-01-10',5);
INSERT INTO "Comment"("productId","name","content","date","rate") VALUES (34,N'Trần Đình Thảo',N'Tốt','2022-03-13',5);
INSERT INTO "Comment"("productId","name","content","date","rate") VALUES (34,N'A Hoàng Anh',N'Ok','2019-08-27',5);
INSERT INTO "Comment"("productId","name","content","date","rate") VALUES (34,N'Huỳnh Minh Thành',N'Sp ok','2022-01-13',5);
INSERT INTO "Comment"("productId","name","content","date","rate") VALUES (34,N'ALĂNG NHÊN',N'Tốt','2019-09-08',4);
INSERT INTO "Comment"("productId","name","content","date","rate") VALUES (34,N'Nguyễn Quân',N'con này dùng lướt web hay xem video thì ok, còn cái cái khác k ok mấy màn hình giọt nước hd ...., độ sáng 600nts k rõ mấy','2023-09-06',3);
INSERT INTO "Comment"("productId","name","content","date","rate") VALUES (34,N'Trịnh thị hà',N'Mình thấy bên ngoài màu đẹp, cấu hình khoẻ, ổn định.thiết kế bên ngoài câmf chắc chắm. Trang bị thêm sách nhanh 33w rất OK. Pin dùng lâu','2022-12-16',4);
INSERT INTO "Comment"("productId","name","content","date","rate") VALUES (34,N'Trần Bảo Trung',N'Ngon','2022-03-31',5);
INSERT INTO "Comment"("productId","name","content","date","rate") VALUES (34,N'Nguyễn Thị Thu Nguyệt',N'Máy chạy êm nhưng nút tắt nguồn hơi bất tiện phải sử dụng 2 nút mới tắt được','2021-03-20',4);
INSERT INTO "Comment"("productId","name","content","date","rate") VALUES (34,N'Nguyễn Nhựt Quân',N'Sản phẩm tốt','2023-05-12',5);
INSERT INTO "Comment"("productId","name","content","date","rate") VALUES (34,N'Nguyễn Hồng Vũ',N'Tốt','2021-12-27',5);
INSERT INTO "Comment"("productId","name","content","date","rate") VALUES (34,N'Phan Thị Thanh Danh',N'Sp ok','2020-01-07',5);
INSERT INTO "Comment"("productId","name","content","date","rate") VALUES (34,N'Nguyễn Thị N Tuyết',N'Dung OK, pin lâu hết, lướt mượt','2023-12-08',5);
INSERT INTO "Comment"("productId","name","content","date","rate") VALUES (34,N'NGUYỄN VĂN THƯƠNG',N'Rất tốt','2021-06-07',5);
INSERT INTO "Comment"("productId","name","content","date","rate") VALUES (34,N'Chú Hạnh',N'Hiện tại thấy máy hoạt động ổn định, tốt','2019-10-10',4);
INSERT INTO "Comment"("productId","name","content","date","rate") VALUES (34,N'Hưng',N'Còn lạc hậu không cải tiến mới','2023-08-27',3);
INSERT INTO "Comment"("productId","name","content","date","rate") VALUES (34,N'Vũ Gia Hanh',N'Pin trâu, máy khá mượt','2022-03-05',5);
INSERT INTO "Comment"("productId","name","content","date","rate") VALUES (34,N'Nga',N'Cảm ứng mượt,chụp ảnh sắc nét ,','2023-07-23',4);
INSERT INTO "Comment"("productId","name","content","date","rate") VALUES (34,N'Nguyễn Huỳnh Cẫm Tú',N'Tôi rất hài lòng','2021-02-17',5);
INSERT INTO "Comment"("productId","name","content","date","rate") VALUES (34,N'Ánh',N'Điện thoại dùng ổn số với giá, rất mượt','2020-02-05',5);
INSERT INTO "Comment"("productId","name","content","date","rate") VALUES (34,N'Trần Đại Phú',N'Đọc thì nghe cấu hình ngon lắm, chơi cái game 1Gb vào đc 1 chút là giật, lag , đơ màn hình. Kết nối wifi thì ôi thôi tệ còn hơn con Redmi cùi đang xài nữa. Nói chung mới mua OPPO lần đầu, chắc chắn là không có lần 2.','2022-12-28',2);
INSERT INTO "Comment"("productId","name","content","date","rate") VALUES (34,N'Hoang Thai Dang',N'Tuyệt','2023-02-22',5);
INSERT INTO "Comment"("productId","name","content","date","rate") VALUES (34,N'Thuận',N'Tốt','2022-07-24',5);
INSERT INTO "Comment"("productId","name","content","date","rate") VALUES (34,N'Nguyễn Đức Anh',N'Ok','2021-02-23',5);
INSERT INTO "Comment"("productId","name","content","date","rate") VALUES (34,N'Lê văn phi',N'tot','2020-12-31',5);
INSERT INTO "Comment"("productId","name","content","date","rate") VALUES (34,N'Vương',N'Không có giảm giá hay khuyến mại gì','2020-05-31',3);
INSERT INTO "Comment"("productId","name","content","date","rate") VALUES (34,N'Nguyễn Văn Bằng',N'Màn hình chỉ HD+ không được AMOLED hơi tiếc','2022-08-24',4);
INSERT INTO "Comment"("productId","name","content","date","rate") VALUES (34,N'Nguyễn Hữu Hưởng',N'Xxx','2020-11-03',4);
INSERT INTO "Comment"("productId","name","content","date","rate") VALUES (34,N'Cao Huy',N'Tốt','2020-01-23',5);
INSERT INTO "Comment"("productId","name","content","date","rate") VALUES (34,N'Anh Đình',N'Location: Khách chưa chọn địa chỉ <br>.','2020-07-07',3);
INSERT INTO "Comment"("productId","name","content","date","rate") VALUES (34,N'Hà Công Minh',N'Tốt','2021-11-16',5);
INSERT INTO "Comment"("productId","name","content","date","rate") VALUES (34,N'Kim Tiền',N'Mượt','2019-05-22',5);
INSERT INTO "Comment"("productId","name","content","date","rate") VALUES (34,N'- Lê Hoàng Khang',N'ok','2020-12-14',5);
INSERT INTO "Comment"("productId","name","content","date","rate") VALUES (34,N'Thảo Quyên ',N'Nhân viên ở chợ cái sơn xã phương bình huyện Phụng hiệp hậu Giang
 phục vụ tốt lắm dạ 5 sao','2021-08-17',5);
INSERT INTO "Comment"("productId","name","content","date","rate") VALUES (34,N'Phạm Xuân Hòa ',N'Điện thoại toàn quảng cáo. Tắt máy cũng quảng cáo. Thật bực mình. Ko làm sao xóa đc','2023-06-19',2);
INSERT INTO "Comment"("productId","name","content","date","rate") VALUES (34,N'Hồ Thị Cẩm Thi',N'Đt Xài êm, mượt','2020-09-20',5);
INSERT INTO "Comment"("productId","name","content","date","rate") VALUES (34,N'Nguyễn duy Vinh ',N'Lỗi rất nhiều phần mềm, xài ko được. Tụt pin nhanh','2023-09-16',1);
INSERT INTO "Comment"("productId","name","content","date","rate") VALUES (34,N'Bàn Văn Tài ',N'Ko hiển thị % pin, chạm màn hình để đánh thức thiết bị cũng ko có luôn.sai lầm khi nghe nv tư vấn 😔','2021-02-02',3);
INSERT INTO "Comment"("productId","name","content","date","rate") VALUES (34,N'NHƠN',N'Tốt so với tầm tiền','2021-01-29',3);
INSERT INTO "Comment"("productId","name","content","date","rate") VALUES (34,N'Dung',N'Nói chung là tốt đôi khi bị rung và tiếng bị rè.','2023-12-04',4);
INSERT INTO "Comment"("productId","name","content","date","rate") VALUES (34,N'Nguyễn Tuấn Khanh',N'5* dịch vụ','2023-12-06',5);
INSERT INTO "Comment"("productId","name","content","date","rate") VALUES (34,N'Cô Lê Thị Loan',N'Trước mắt thì ổn, để time mới.biết đc chất lượng thế nào. Kg thích là máy tự tải về màn hình nhiều ứng dụng quá','2023-11-03',5);
INSERT INTO "Comment"("productId","name","content","date","rate") VALUES (34,N'Linh ',N'Cho e hỏi là các dòng dt Oppo a77s này khi DMX và TGDD nhập hàng về điều khui hàng ra kiểm tra hộp có đầy đủ phụ kiện đung ko vậy.khi mua máy điều bị khui san thấy ko an tâm.','2020-11-01',3);
INSERT INTO "Comment"("productId","name","content","date","rate") VALUES (34,N'Tũn ',N'Máy ổn trong tầm giá','2023-11-29',4);
INSERT INTO "Comment"("productId","name","content","date","rate") VALUES (34,N'Cường',N'Hạ giá đến 15/1 mà mua 11/1 vẫn giá cũ','2022-08-21',2);
INSERT INTO "Comment"("productId","name","content","date","rate") VALUES (34,N'Hồng Ngân',N'Pin 5000 mà mau hết pin quá..','2023-11-19',2);
INSERT INTO "Comment"("productId","name","content","date","rate") VALUES (34,N'CÔNG TY CP TƯ VẤN',N'Tốt','2019-07-01',4);
INSERT INTO "Comment"("productId","name","content","date","rate") VALUES (34,N'NGUYỄN ĐỨC CẢNH',N'Máy dùng rất hay.phù hợp với mọi lứa tuổi','2019-07-26',5);
INSERT INTO "Comment"("productId","name","content","date","rate") VALUES (34,N'TRÁNG',N'Oppo A77S dùng thích','2023-06-20',5);
INSERT INTO "Comment"("productId","name","content","date","rate") VALUES (34,N'ĐĂNG ',N'Rất tốt','2021-12-07',5);
INSERT INTO "Comment"("productId","name","content","date","rate") VALUES (34,N'DU',N'Giao hàng nhanh, máy dùng ổn định, nhân viên cài máy nhiệt tình','2023-01-20',5);
INSERT INTO "Comment"("productId","name","content","date","rate") VALUES (34,N'ĐA',N'♥️♥️♥️','2019-05-03',5);
INSERT INTO "Comment"("productId","name","content","date","rate") VALUES (34,N'L C',N'Ok','2023-07-06',5);
INSERT INTO "Comment"("productId","name","content","date","rate") VALUES (34,N'ÁNH',N'Pin tốt màn hình nét','2023-04-19',5);
INSERT INTO "Comment"("productId","name","content","date","rate") VALUES (34,N'Kiều ',N'Mới đổi sang Oppo xài nên chưa bít như thế nào.nhưng NV phục vụ rất OK','2022-09-26',4);
INSERT INTO "Comment"("productId","name","content","date","rate") VALUES (34,N'THỌ',N'Nhân viên bán hàng ok','2023-06-26',5);
INSERT INTO "Comment"("productId","name","content","date","rate") VALUES (34,N'LONG',N'Đang sài chưa thấy lỗi','2020-02-21',4);
INSERT INTO "Comment"("productId","name","content","date","rate") VALUES (34,N'LỘC',N'Ok sp tốt','2020-05-24',4);
INSERT INTO "Comment"("productId","name","content","date","rate") VALUES (34,N'Lê Anh Tuấn Minh',N'Sản phẩm rất ok có nhiều tính năng hay lắm đối với tầm già này là ổn rồi đây là ý kiến cá nhân của mình','2020-10-13',5);
INSERT INTO "Comment"("productId","name","content","date","rate") VALUES (34,N'LAN',N'tư vấn nhiet tinh','2023-02-11',5);
INSERT INTO "Comment"("productId","name","content","date","rate") VALUES (34,N'TÙNG',N'Bình thường.','2019-07-01',3);
INSERT INTO "Comment"("productId","name","content","date","rate") VALUES (34,N'TOÀN',N'Máy Sài ok loi gì đẹp bền vừa túi tiền','2023-05-02',5);
INSERT INTO "Comment"("productId","name","content","date","rate") VALUES (34,N'DŨNG',N'Xài tốt','2021-04-13',5);
INSERT INTO "Comment"("productId","name","content","date","rate") VALUES (34,N'CHIẾN',N'Toi rat hai long số dùng rất tot','2023-10-29',5);
INSERT INTO "Comment"("productId","name","content","date","rate") VALUES (34,N'THÀNH',N'Bước đầu sử dụng thì tôi thấy OK.tôi thích sử dụng đt hãng Oppo','2020-10-23',4);
INSERT INTO "Comment"("productId","name","content","date","rate") VALUES (34,N'CẨM',N'Tôi thấy nhân viên rất nhiệt tình','2023-03-27',5);
INSERT INTO "Comment"("productId","name","content","date","rate") VALUES (34,N'DUNG',N'Hiện tại tôi sử dụng rất tốt','2021-04-25',5);
INSERT INTO "Comment"("productId","name","content","date","rate") VALUES (34,N'ĐOÀN',N'Rất tốt','2022-05-15',5);
INSERT INTO "Comment"("productId","name","content","date","rate") VALUES (34,N'TRANG',N'Hàng mới Sài cũng trưa biết sao','2019-11-20',4);
INSERT INTO "Comment"("productId","name","content","date","rate") VALUES (34,N'LƯƠNG',N'Ok','2022-04-15',4);
INSERT INTO "Comment"("productId","name","content","date","rate") VALUES (34,N'KHÔI',N'Điện thoại, sử dụng tốt, tôi ưng ý.tôi sẽ giới thiệu với bạn bè.','2023-11-13',4);
INSERT INTO "Comment"("productId","name","content","date","rate") VALUES (34,N'NHI',N'Nhân viên vui vẻ dễ thương phục vụ tận tình','2023-05-24',5);
INSERT INTO "Comment"("productId","name","content","date","rate") VALUES (34,N'TUẤN',N'Tốt','2022-05-07',5);
INSERT INTO "Comment"("productId","name","content","date","rate") VALUES (34,N'PHONG',N'Tốt . Nhân viên tư vấn nhiệt tình, làm thủ tục nhanh gọn lẹ .','2019-08-25',5);
INSERT INTO "Comment"("productId","name","content","date","rate") VALUES (34,N'LOAN',N'Sài bao êm','2019-07-27',5);
INSERT INTO "Comment"("productId","name","content","date","rate") VALUES (34,N'HUY',N'Xài cũng OK','2022-08-30',4);
INSERT INTO "Comment"("productId","name","content","date","rate") VALUES (34,N'Phương ',N'Sạc 33w mà sạc 1h20 mới đầy đt thì còn 20℅ phin 5000 mà chả hơn đt cũ mấy phân 😂 đt cũ dùng 3nam Số hơi đen ông anh cũng cái y vvậy mà sạc 45phut bấm cả ngày còn tới tôi thì..... 😂😂</span>','2023-06-13',3);
INSERT INTO "Comment"("productId","name","content","date","rate") VALUES (34,N'Trần Quốc Đạt',N'xài mượt, chụp ảnh nơi Đủ Sáng khá Đẹp còn thiếu sáng thì tạm ổn, Ram Mở Rộng thêm được 8g các tác vụ cơ bản mượt mà ít có hiện tượng giật lag tuy là độ phân giải HD+ nhưng màn hình khá đẹp...sạc 33W rất là nhanh luôn pin 5000 mình nằm bấm cả ngày suốt 12 tiếng với độ sáng 35% mà vẫn còn 15% pin còn phần âm thanh thì Con này To Mồm Thật :)) nói chung đáng đồng tiền và thiết kế đẹp hơn galaxy A23','2021-03-18',5);
INSERT INTO "Comment"("productId","name","content","date","rate") VALUES (34,N'TÍN',N'Good','2020-10-10',5);
INSERT INTO "Comment"("productId","name","content","date","rate") VALUES (34,N'Hà Lê',N'Vừa mùa hôm này mà sao ko được giảm giá. Tôi ở Huế','2021-02-27',2);
INSERT INTO "Comment"("productId","name","content","date","rate") VALUES (34,N'DANH',N'Màu không sắc nét','2022-01-14',2);
INSERT INTO "Comment"("productId","name","content","date","rate") VALUES (34,N'PHONG',N'Tot','2023-09-15',5);
INSERT INTO "Comment"("productId","name","content","date","rate") VALUES (34,N'QUYÊN',N'Vừa gọi Messenger và zalo ko đc .. Âm thanh có vấn đề ko à','2023-03-29',3);
INSERT INTO "Comment"("productId","name","content","date","rate") VALUES (34,N'TRẦN TUẤN VŨ',N'Chỉ một Chữ thôi nó quá tệ','2022-07-14',1);
INSERT INTO "Comment"("productId","name","content","date","rate") VALUES (34,N'Kiều my',N'Làm sao để cho phép tìm kiếm bằng hình ảnh trên máy này v ad','2019-04-27',4);
INSERT INTO "Comment"("productId","name","content","date","rate") VALUES (34,N'Nguyenvanha',N'Mua xong ngày mai giảm','2020-05-16',4);
INSERT INTO "Comment"("productId","name","content","date","rate") VALUES (34,N'OANH',N'Khi sử dụng hằn vân tay trên màn hình nhiều','2020-08-10',3);
INSERT INTO "Comment"("productId","name","content","date","rate") VALUES (34,N'MAI',N'Sản phẩm tốt.','2021-09-29',5);
INSERT INTO "Comment"("productId","name","content","date","rate") VALUES (34,N'LOAN',N'Hình ảnh nét','2019-05-31',5);
INSERT INTO "Comment"("productId","name","content","date","rate") VALUES (34,N'TÈO',N'Máy chạy mượt hợp với giá tiền nhân viên nhiệt tình','2019-11-21',5);
INSERT INTO "Comment"("productId","name","content","date","rate") VALUES (34,N'Phan Hoàng nhựt ',N'Máy Sài rất êm phụ vụ rất nhiệt tình ok','2022-09-05',5);
INSERT INTO "Comment"("productId","name","content","date","rate") VALUES (34,N'Nguyễn Thụy Nhân ',N'Cho Em Hỏi Là Cái Phần Làm Tươi Màn Hình Nên Để Ở 69Hz Hay 90 Hz Vậy Ạ!','2021-12-07',5);
INSERT INTO "Comment"("productId","name","content","date","rate") VALUES (34,N'Doan cong duc',N'Mới mua 2tuan gio đổi lại opop A96 phụ thêm nhiu ạk','2021-05-15',5);
INSERT INTO "Comment"("productId","name","content","date","rate") VALUES (34,N'Khanh phạm',N'Máy mua đươcj 10 ngày. Xài ok. Pin tốt.','2021-10-17',4);
INSERT INTO "Comment"("productId","name","content","date","rate") VALUES (34,N'QUÝ',N'Dùng rất mượt pin sài rất ok','2021-06-02',4);
INSERT INTO "Comment"("productId","name","content","date","rate") VALUES (34,N'HẰNG',N'Hài lòng về sản phẩm','2022-09-14',5);
INSERT INTO "Comment"("productId","name","content","date","rate") VALUES (34,N'THỨC',N'Mới dùng chưa thể đánh giá được chờ thời gian nữa, hình thức bên ngoài cho bốn sao.','2019-07-01',4);
INSERT INTO "Comment"("productId","name","content","date","rate") VALUES (34,N'LONG',N'Cảm ơn, rất tốt, tôi dùng thấy nhanh nhậy, không có gì trục trặc chưa phải sử lý lần nào .','2019-12-19',5);
INSERT INTO "Comment"("productId","name","content","date","rate") VALUES (34,N'han 81',N'máy mới  ra mắt. mà sao bộ nhớ trong lại có 2 file 1 tháng 1 . mọi thứ xài ổn ko đòi hỏi nhiều','2019-06-17',3);
INSERT INTO "Comment"("productId","name","content","date","rate") VALUES (34,N'Tân Bắp',N'Hi','2022-12-16',3);
INSERT INTO "Comment"("productId","name","content","date","rate") VALUES (34,N'ĐẠI',N'Rất hài lòng','2022-07-24',5);
INSERT INTO "Comment"("productId","name","content","date","rate") VALUES (34,N'Phạm Ngọc lan',N'Tốt','2020-04-02',5);
INSERT INTO "Comment"("productId","name","content","date","rate") VALUES (34,N'XỬ',N'Tốt','2019-12-04',5);
INSERT INTO "Comment"("productId","name","content","date","rate") VALUES (34,N'Lê Hoàng Vũ',N'Mình dùng được 2 ngày mọi thứ đều ổn trong tầm giá chỉ hơi tiếc là màn hình HD+ nên không được sắc nét lắm','2020-10-09',3);
INSERT INTO "Comment"("productId","name","content","date","rate") VALUES (34,N'Trần Văn Hiếu',N'','2020-08-23',5);
INSERT INTO "Comment"("productId","name","content","date","rate") VALUES (34,N'Hieu',N'','2021-06-18',4);
INSERT INTO "Comment"("productId","name","content","date","rate") VALUES (34,N'Zozo',N'','2021-05-10',5);
INSERT INTO "Comment"("productId","name","content","date","rate") VALUES (34,N'Huynh Gia Bao',N'','2021-11-03',3);
INSERT INTO "Comment"("productId","name","content","date","rate") VALUES (34,N'Nguyễn Thị Hồng Thu',N'','2021-06-25',5);
INSERT INTO "Comment"("productId","name","content","date","rate") VALUES (34,N'NGUYEN THI THANH NHI',N'','2020-05-29',5);
INSERT INTO "Comment"("productId","name","content","date","rate") VALUES (34,N'ANH HẢI',N'','2021-04-27',4);
INSERT INTO "Comment"("productId","name","content","date","rate") VALUES (34,N'Quân',N'','2022-01-30',5);
INSERT INTO "Comment"("productId","name","content","date","rate") VALUES (34,N'Kiều Văn Đông',N'','2023-06-09',5);
INSERT INTO "Comment"("productId","name","content","date","rate") VALUES (34,N'Hải',N'','2021-04-03',4);
INSERT INTO "Comment"("productId","name","content","date","rate") VALUES (34,N'Phùng Tấn Anh Kiệt',N'','2020-09-13',4);
INSERT INTO "Comment"("productId","name","content","date","rate") VALUES (34,N'Nguyễn Tấn Đạt',N'','2022-12-02',4);
INSERT INTO "Comment"("productId","name","content","date","rate") VALUES (34,N'Trần Văn Phúc',N'','2019-04-30',4);
INSERT INTO "Comment"("productId","name","content","date","rate") VALUES (34,N'Đặng Hoàng Khải',N'','2021-09-02',5);
INSERT INTO "Comment"("productId","name","content","date","rate") VALUES (34,N'Vòng Cỏng Mùi',N'','2021-04-12',4);
INSERT INTO "Comment"("productId","name","content","date","rate") VALUES (34,N'An',N'','2020-06-07',3);
INSERT INTO "Comment"("productId","name","content","date","rate") VALUES (34,N'Huỳnh Thị Trúc Ly',N'','2023-11-03',4);
INSERT INTO "Comment"("productId","name","content","date","rate") VALUES (34,N'Ngô Hoàng Minh',N'','2023-02-13',4);
INSERT INTO "Comment"("productId","name","content","date","rate") VALUES (34,N'Vi Nhật Tân',N'','2019-07-23',5);
INSERT INTO "Comment"("productId","name","content","date","rate") VALUES (34,N'Lê Công Hậu',N'','2021-04-19',4);
INSERT INTO "Comment"("productId","name","content","date","rate") VALUES (34,N'Vũ Thị Nga',N'','2021-09-28',4);
INSERT INTO "Comment"("productId","name","content","date","rate") VALUES (34,N'Hiền',N'','2023-08-19',3);
INSERT INTO "Comment"("productId","name","content","date","rate") VALUES (34,N'Truong Thi Thuy Trang',N'','2021-08-24',4);
INSERT INTO "Comment"("productId","name","content","date","rate") VALUES (34,N'THANH',N'','2022-05-12',4);
INSERT INTO "Comment"("productId","name","content","date","rate") VALUES (34,N'HƯƠNG',N'','2021-03-16',4);
INSERT INTO "Comment"("productId","name","content","date","rate") VALUES (34,N'LAN',N'','2019-04-22',4);
INSERT INTO "Comment"("productId","name","content","date","rate") VALUES (34,N'KIÊN',N'','2023-10-06',5);
INSERT INTO "Comment"("productId","name","content","date","rate") VALUES (34,N'NGUY%CAN',N'','2021-07-22',4);
INSERT INTO "Comment"("productId","name","content","date","rate") VALUES (34,N'LINH',N'','2022-10-07',5);
INSERT INTO "Comment"("productId","name","content","date","rate") VALUES (34,N'NHUẦN',N'','2023-10-10',5);
INSERT INTO "Comment"("productId","name","content","date","rate") VALUES (34,N'CHÂU',N'','2020-12-07',4);
INSERT INTO "Comment"("productId","name","content","date","rate") VALUES (34,N'Anh Luận',N'','2021-03-24',4);
INSERT INTO "Comment"("productId","name","content","date","rate") VALUES (34,N'THANH',N'','2022-01-28',4);
INSERT INTO "Comment"("productId","name","content","date","rate") VALUES (34,N'NẾT',N'','2019-03-25',5);

INSERT INTO "Product" ("productId","total","typeId","image","cost","price","discount","rate","releaseDate","name") VALUES (35, 174, 3,'https://cdn.tgdd.vn/Products/Images/42/288401/oppo-a17-den-thumb-600x600.jpg',2660000,3990000,12,4.4,'2020-09-22', N'Điện thoại OPPO A17');
INSERT INTO "ProductDetail" ("productId","screen","os","cameraBehind","cameraFront","cpu","ram","rom","battery","sim") VALUES (35,N'IPS LCD, 6.56", HD+',N'Android 12',N'Chính 50 MP & Phụ 0.3 MP',N'5 MP',N'MediaTek Helio G35', N'4 GB',N'64 GB',N'5000 mAh',N'2 Nano SIM');
INSERT INTO "Comment"("productId","name","content","date","rate") VALUES (35,N'Đoàn Trần Kiều Trinh',N'Điện thoại mới dùng được 23 tuần là bắt đầu đơ máy, vào ứng dụng rất chậm, sạc pin thì không được, mình muốn đổi trả Không biết có được không vậy','2021-02-16',1);
INSERT INTO "Comment"("productId","name","content","date","rate") VALUES (35,N'Giang',N'Máy dùng tốt, các tác vụ cơ bản dùng khá ổn, xem youtube 720p 60fps thì lag thôi rồi cần vào cài đặt bật chế độ hiệu suất cao lên thì hết lag, máy đôi khi bị đơ sau gửi tin nhắn nhanh đợi khoảng vài giây sau thì ổn. Nói chung là máy ổn với những người không chơi game tác vụ hằng ngày nghe gọi, xem youtube, nghe nhạc thì quá tốt.','2023-11-05',3);
INSERT INTO "Comment"("productId","name","content","date","rate") VALUES (35,N'Chị Tuyết',N'Sp ọk dùng dc','2023-08-07',5);
INSERT INTO "Comment"("productId","name","content","date","rate") VALUES (35,N'Hoàng Công',N'Sản phẩm sử dụng bình thường, đầy đủ chức năng như các hãng khá, bo cạnh đẹp','2023-09-10',4);
INSERT INTO "Comment"("productId","name","content","date","rate") VALUES (35,N'Tây',N'Rất ok','2021-10-09',5);
INSERT INTO "Comment"("productId","name","content","date","rate") VALUES (35,N'Huyền',N'Tốt','2022-03-17',5);
INSERT INTO "Comment"("productId","name","content","date","rate") VALUES (35,N'anh Công',N'Rất ổn','2021-05-02',5);
INSERT INTO "Comment"("productId","name","content","date","rate") VALUES (35,N'Phương Dung',N'Ok','2022-12-14',5);
INSERT INTO "Comment"("productId","name","content","date","rate") VALUES (35,N'Lục',N'Game center tự động tải rất nhiều game khi có wifi. Điều này vô tình làm cho máy bị đơNên tắt tính năng tự động tải game của ứng dụng này máy chạy sẽ mượt mà hơnA 17 có thể tắt một số ứng dụng không dùng đến đây là điều rất hay, giúp cho giao diện máy trở nên gọn gàng...','2021-06-06',4);
INSERT INTO "Comment"("productId","name","content","date","rate") VALUES (35,N'Bằng',N'Máy ok nghe gọi ổn','2021-10-05',5);
INSERT INTO "Comment"("productId","name","content","date","rate") VALUES (35,N'Anh Linh',N'Máy ổn','2023-05-16',5);
INSERT INTO "Comment"("productId","name","content","date","rate") VALUES (35,N'Nguyễn Văn Ninh',N'Đt quá yếu YouTube xem lắc lắm','2021-12-12',1);
INSERT INTO "Comment"("productId","name","content","date","rate") VALUES (35,N'Nông văn phong',N'Máy đẹp giá rẻ.quá ok','2023-08-06',5);
INSERT INTO "Comment"("productId","name","content","date","rate") VALUES (35,N'Chị Thảo',N'Điện thoại giá rẻ dùng ok','2021-05-25',5);
INSERT INTO "Comment"("productId","name","content","date","rate") VALUES (35,N'Huy',N'ok','2023-04-17',5);
INSERT INTO "Comment"("productId","name","content","date","rate") VALUES (35,N'HÀ VĂN HÓA',N'Máy dùng tốt','2020-11-06',5);
INSERT INTO "Comment"("productId","name","content","date","rate") VALUES (35,N'Bích Thuỷ',N'Tốt','2021-02-28',5);
INSERT INTO "Comment"("productId","name","content","date","rate") VALUES (35,N'Hao Pham',N'Tuyệt vời','2021-03-08',5);
INSERT INTO "Comment"("productId","name","content","date","rate") VALUES (35,N'Long',N'Dịch vụ cang ngay cang tuệ','2020-10-29',1);
INSERT INTO "Comment"("productId","name","content","date","rate") VALUES (35,N'Nguyễn Thi Linh',N'Rất hài lòng','2022-11-08',5);
INSERT INTO "Comment"("productId","name","content","date","rate") VALUES (35,N'Anh Dương',N'Tốtrất tốt. Chỉ hơi vội nên chưa dán đk màn hình','2023-06-03',5);
INSERT INTO "Comment"("productId","name","content","date","rate") VALUES (35,N'Phan Nguyễn Hoài thương',N'Ok lắm','2021-05-01',5);
INSERT INTO "Comment"("productId","name","content","date","rate") VALUES (35,N'HUỲNH VĂN BÀO',N'Sài rất tốt','2020-12-25',5);
INSERT INTO "Comment"("productId","name","content","date","rate") VALUES (35,N'Phạm Ngọc Mỹ Tú',N'Tốt','2020-12-11',5);
INSERT INTO "Comment"("productId","name","content","date","rate") VALUES (35,N'Nguyễn Văn Được',N'Tốt','2023-11-16',5);
INSERT INTO "Comment"("productId","name","content","date","rate") VALUES (35,N'Linh',N'Tôi rất hài lòng khi sd oppo A17','2023-05-16',5);
INSERT INTO "Comment"("productId","name","content","date","rate") VALUES (35,N'Hợi',N'Nhân viên thân thiện nhiệt tình','2022-08-13',5);
INSERT INTO "Comment"("productId","name","content","date","rate") VALUES (35,N'Lê Văn Phi',N'Tốt','2021-09-09',5);
INSERT INTO "Comment"("productId","name","content","date","rate") VALUES (35,N'A Nhân',N'Ok','2021-11-23',4);
INSERT INTO "Comment"("productId","name","content","date","rate") VALUES (35,N'Huỳnh Thị Ái Oanh',N'Hàng lỗi. Chạy chậm quá. Phải  trả lại hàng. Máy tự cài đặt trò chơi. Lướt k mượt','2022-05-15',2);
INSERT INTO "Comment"("productId","name","content","date","rate") VALUES (35,N'Hà Thanh Tuyền',N'tấm giá này đúng với mong muốn của mình, máy tốt','2021-02-23',5);
INSERT INTO "Comment"("productId","name","content","date","rate") VALUES (35,N'Vinh Ngo',N'Để Sài và ok','2022-12-19',5);
INSERT INTO "Comment"("productId","name","content","date","rate") VALUES (35,N'Lý Ngọc Thảo',N'Tốt','2023-06-15',4);
INSERT INTO "Comment"("productId","name","content","date","rate") VALUES (35,N'Nga',N'đẹp, giá rẻ','2023-04-29',5);
INSERT INTO "Comment"("productId","name","content","date","rate") VALUES (35,N'Hà Văn Điền',N'Tốt','2021-12-17',4);
INSERT INTO "Comment"("productId","name","content","date","rate") VALUES (35,N'Tạ văn Tuấn ',N'Nhân viên bán hàng nhiệt tình.. máy đẹp giá rẻ.. sản phẩm tốt nhất trong tầm giá tốt..','2021-06-26',5);
INSERT INTO "Comment"("productId","name","content","date","rate") VALUES (35,N'CÔNG TY CỔ PHẦN VIỆT MỸ QUẢN LÝ KHÁCH SẠN VÀ KHU NGHỈ DƯỠNG',N'So với phân khúc giá tiền tốt. Giao hàng nhanh. Nhân viên ngoan ngoãn, lễ phép, nhiệt tình và xinh gái.
 Đánh giá 6 ⭐️','2022-03-09',5);
INSERT INTO "Comment"("productId","name","content","date","rate") VALUES (35,N'Le Minh Tan',N'Ok','2020-10-07',5);
INSERT INTO "Comment"("productId","name","content","date","rate") VALUES (35,N'Hoàng Đạo',N'Ok','2023-04-21',5);
INSERT INTO "Comment"("productId","name","content","date","rate") VALUES (35,N'Diệp Quốc Khang',N'Phải nói là nhân viên điện máy xanh khu vực 2A Nguyễn Oanh Gò Vấp làm việc rất tệ
 Mình có mua 1 máy mà không được cộng điểm vào phần tích điểm có hỏi mà quản trị viên chả thèm giải đáp thắc mắc. Đó giờ mua bên ĐMX cũng nhiều mà đâu có gặp trường hợp nào như vầy. Mong là quản lý ĐMX làm việc lại với nhân viên và quản lý ở khu vực này.','2021-06-23',3);
INSERT INTO "Comment"("productId","name","content","date","rate") VALUES (35,N'Hoàng Thị Hằng',N'.','2023-02-12',3);
INSERT INTO "Comment"("productId","name","content","date","rate") VALUES (35,N'Trần Thị Yến Luy',N'Người lớn tuổi dễ nắm bắt sư dụng 
 Cammara sắc nét vào ban đêm...
 Đối với giá thành này quá rẻ ạ','2023-04-13',5);
INSERT INTO "Comment"("productId","name","content","date","rate") VALUES (35,N'Thảo',N'Sp tốt chụp ảnh nét chạy khá mượt mà. Nói chung là giá như vậy thì không dám đòi hỏi nhiều hơn.','2022-09-12',5);
INSERT INTO "Comment"("productId","name","content","date","rate") VALUES (35,N'Quân',N'Sài OK ,,chụp hình đẹp','2021-12-03',5);
INSERT INTO "Comment"("productId","name","content","date","rate") VALUES (35,N'Tú',N'Chậm.đơ liên tục','2022-07-13',2);
INSERT INTO "Comment"("productId","name","content","date","rate") VALUES (35,N'Anh Duyên',N'Ok nhưng bàn phím hơi chậm','2022-03-28',4);
INSERT INTO "Comment"("productId","name","content","date","rate") VALUES (35,N'Ngọc',N'Sản phẩm rất tốt phù hợp sử dụng bình thường, không đồi hỏi nhìu dc vì giá đi đôi với nhu cầu, muốn máy ngon thì bỏ tiền nhìu là lẻ đương nhiên…','2021-08-25',5);
INSERT INTO "Comment"("productId","name","content","date","rate") VALUES (35,N'Quá',N'rất tốt','2021-02-12',5);
INSERT INTO "Comment"("productId","name","content","date","rate") VALUES (35,N'PHONG',N'Mình thấy cái này pin khoẻ à','2023-01-31',4);
INSERT INTO "Comment"("productId","name","content","date","rate") VALUES (35,N'Nguyên',N'Máy hơi chậm','2023-03-25',3);
INSERT INTO "Comment"("productId","name","content","date","rate") VALUES (35,N'Ngo Quang Hong',N'Máy đẹp mượt mà giá thành rẻ 5sao','2023-08-12',5);
INSERT INTO "Comment"("productId","name","content","date","rate") VALUES (35,N'Nguyễn Xuân Phi',N'Máy Sài tốt nên mua','2022-12-05',5);
INSERT INTO "Comment"("productId","name","content","date","rate") VALUES (35,N'LU HIEU HIEP',N'Ok','2021-10-24',5);
INSERT INTO "Comment"("productId","name","content","date","rate") VALUES (35,N'Nguyễn Thị Tình',N'tốt','2023-07-24',4);
INSERT INTO "Comment"("productId","name","content","date","rate") VALUES (35,N'Phan Như Ý',N'ok','2021-01-20',5);
INSERT INTO "Comment"("productId","name","content","date","rate") VALUES (35,N'Dũng',N'Điện thoại quá lag ms mua về sài đơ nay mún trã lại đc ko ạ','2022-09-30',2);
INSERT INTO "Comment"("productId","name","content","date","rate") VALUES (35,N'ĐĂNG',N'Ok','2022-02-11',4);
INSERT INTO "Comment"("productId","name","content","date","rate") VALUES (35,N'DUY',N'Máy cũ chạy  hay bị đơ','2022-01-31',3);
INSERT INTO "Comment"("productId","name","content","date","rate") VALUES (35,N'HÀ',N'Máy dùng tôt yên tâm vì mới','2023-11-13',5);
INSERT INTO "Comment"("productId","name","content","date","rate") VALUES (35,N'Anh Long',N'Ok','2023-02-06',4);
INSERT INTO "Comment"("productId","name","content","date","rate") VALUES (35,N'Chị Thư',N'Máy ok , nhân viên tư vấn nhiệt tình','2020-11-04',4);
INSERT INTO "Comment"("productId","name","content","date","rate") VALUES (35,N'HÀ TUẤN HÙNG',N'Dùng được','2023-01-18',4);
INSERT INTO "Comment"("productId","name","content","date","rate") VALUES (35,N'Nguyễn Thị Phương Anh',N'Hài lòng','2022-12-28',5);
INSERT INTO "Comment"("productId","name","content","date","rate") VALUES (35,N'Nguyễn Thị Thu Hiền',N'Camera trước sau quả thực sắc nét thật, dù chụp ban đêm hơi kém nhưng nếu ở điều kiện đủ sáng thì chụp tấm nào cũng đẹp, cũng rực rỡ. Màn hình HD+ mà không hề bị rỗ khi nhìn nha, nhìn gần lắm mới thấy rỗ, LCD mà màu sắc rực rỡ gần như Amoled. Thiết kế bàn, 4tr nhìn như 6-7tr. Cộng thêm ColorOS mướt mườn mượt dù chê cái là chạy con chip cùi bắp thời nhà Tống =))). Loa to, k có loa kép nhưng to và chắc là ổn. Nhưng chê một cái là 2023 mà dùng Micro USB + sạc 10w nhưng bù lại là pin 5000 dùng 6-7 tiếng, khá ok. Sóng Wi-Fi bắt tốt, không lỗi lầm, may nữa là có cổng 3.5ml cho ae thích đu tai nghe có dây như t và thu âm bình thường, không tốt cũng không tệ.','2021-02-22',5);
INSERT INTO "Comment"("productId","name","content","date","rate") VALUES (35,N'A Ngân',N'Camera đẹp','2022-05-10',4);
INSERT INTO "Comment"("productId","name","content","date","rate") VALUES (35,N'Anh Lịch',N'Tốt','2022-09-05',4);
INSERT INTO "Comment"("productId","name","content","date","rate") VALUES (35,N'Nguyễn Văn Nhựt',N'Tốt so với giá tiền','2022-05-11',4);
INSERT INTO "Comment"("productId","name","content","date","rate") VALUES (35,N'Sơn',N'Dùng kém chất lượng ko tốt','2022-06-27',2);
INSERT INTO "Comment"("productId","name","content","date","rate") VALUES (35,N'Thái Thị Nhung',N'Xài ổn','2023-05-20',5);
INSERT INTO "Comment"("productId","name","content","date","rate") VALUES (35,N'BIA',N'Tốt  cũng  dùng được','2023-04-08',4);
INSERT INTO "Comment"("productId","name","content","date","rate") VALUES (35,N'LIÊN',N'Hiện tại sản phẩm dùng chưa có vấn đề gì rất tốt','2022-12-13',5);
INSERT INTO "Comment"("productId","name","content","date","rate") VALUES (35,N'HUẾ',N'Máy sài đc tháng bị đơ vao vao đc ứng dụng nào .mang xuống tgdd ơ yên đinh hai hau bảo kiểm tra tra thi nhân viên tự ý xóa nhiều ứng dụng.nhân viên kiểm tra lai thi ko sao.cái vấn đề tư y xóa ứng dụng của khách mà ko hỏi thi ko dc.mua may vê ma ko tai dc 1 số ứng dụng thì thật sự tệ quá.','2022-11-27',1);
INSERT INTO "Comment"("productId","name","content","date","rate") VALUES (35,N'ĐẠT',N'Tôi thấy','2023-06-03',4);
INSERT INTO "Comment"("productId","name","content","date","rate") VALUES (35,N'Đoàn Thúy Hằng',N'Tôi tắt nguồn không được.
 Ấn nút mở nguồn thì hiện lên Trợ lý google linh tinh.
 Bực cả mình. Chưa kể nút nguồn rất nhỏ và cạn.','2023-08-04',3);
INSERT INTO "Comment"("productId","name","content","date","rate") VALUES (35,N'BÌNH',N'Pin xài khoảng 15 phút là nóng rồi','2023-12-19',4);
INSERT INTO "Comment"("productId","name","content","date","rate") VALUES (35,N'LUYẾN',N'Tốt, vào mạng nhanh khỏe','2023-03-01',5);
INSERT INTO "Comment"("productId","name","content","date","rate") VALUES (35,N'LIÊM',N'Giá thiết kế nhỏ gọn hơn, tổng kích thước của máy chỉ nhỉnh hơn chiếc iphone 5s thì tuyệt vời hơn.','2022-09-16',4);
INSERT INTO "Comment"("productId","name","content","date","rate") VALUES (35,N'NAM',N'Tốt','2023-07-31',5);
INSERT INTO "Comment"("productId","name","content","date","rate") VALUES (35,N'THẢO',N'Máy đẹp, nv tư vấn nhiệt tình','2020-11-29',5);
INSERT INTO "Comment"("productId","name","content","date","rate") VALUES (35,N'MẠNH',N'Sài rất mượt ko lác mượt pin rất khoẻ','2022-06-24',5);
INSERT INTO "Comment"("productId","name","content","date","rate") VALUES (35,N'CHẤN ',N'Bền','2022-11-19',4);
INSERT INTO "Comment"("productId","name","content","date","rate") VALUES (35,N'MINH',N'Rất tốt','2022-05-10',5);
INSERT INTO "Comment"("productId","name","content","date","rate") VALUES (35,N'THÔNG',N'Tôi rât hai lòng và OK','2021-08-04',5);
INSERT INTO "Comment"("productId","name","content","date","rate") VALUES (35,N'Quang Thịnh ',N'Nhân viên nhiệt tình sản phẩm ổn trong tầm giá,mọi người nên mua','2022-04-15',5);
INSERT INTO "Comment"("productId","name","content","date","rate") VALUES (35,N'Phương ',N'Tôi rất hài lòng về sản phẩm','2021-10-18',5);
INSERT INTO "Comment"("productId","name","content","date","rate") VALUES (35,N'KHOA',N'Đc','2023-01-30',5);
INSERT INTO "Comment"("productId","name","content","date","rate") VALUES (35,N'ĐẠT',N'Rất tốt','2023-10-31',5);
INSERT INTO "Comment"("productId","name","content","date","rate") VALUES (35,N'LỢI',N'Rất tốt.... Mong phát triển mạnh mẽ hơn','2023-04-02',5);
INSERT INTO "Comment"("productId","name","content","date","rate") VALUES (35,N'Thân',N'','2023-01-01',5);
INSERT INTO "Comment"("productId","name","content","date","rate") VALUES (35,N'Huỳnh Văn Rỡ',N'','2021-08-24',4);
INSERT INTO "Comment"("productId","name","content","date","rate") VALUES (35,N'Nhung',N'','2023-02-10',5);
INSERT INTO "Comment"("productId","name","content","date","rate") VALUES (35,N'Mai',N'','2020-10-05',5);
INSERT INTO "Comment"("productId","name","content","date","rate") VALUES (35,N'Lan',N'','2022-02-02',5);
INSERT INTO "Comment"("productId","name","content","date","rate") VALUES (35,N'Quân',N'','2023-08-17',5);
INSERT INTO "Comment"("productId","name","content","date","rate") VALUES (35,N'Phó Vĩ Hào',N'','2022-02-28',5);
INSERT INTO "Comment"("productId","name","content","date","rate") VALUES (35,N'Anh Hiệp',N'','2022-07-27',5);
INSERT INTO "Comment"("productId","name","content","date","rate") VALUES (35,N'Khánh Vân',N'','2023-05-09',5);
INSERT INTO "Comment"("productId","name","content","date","rate") VALUES (35,N'Duyên',N'','2022-07-29',5);
INSERT INTO "Comment"("productId","name","content","date","rate") VALUES (35,N'Anh Hoàng Văn Huân',N'Nhân viên nhiệt tình chu đáo','2021-09-20',5);
INSERT INTO "Comment"("productId","name","content","date","rate") VALUES (35,N'Anh Đức',N'','2023-05-13',5);
INSERT INTO "Comment"("productId","name","content","date","rate") VALUES (35,N'Hoàng Lệ Quyên',N'','2021-07-06',5);
INSERT INTO "Comment"("productId","name","content","date","rate") VALUES (35,N'Thủy',N'','2023-07-05',4);
INSERT INTO "Comment"("productId","name","content","date","rate") VALUES (35,N'Thái Duy Chính',N'','2023-06-19',3);
INSERT INTO "Comment"("productId","name","content","date","rate") VALUES (35,N'Nguyễn Thu Trang',N'','2020-12-28',5);
INSERT INTO "Comment"("productId","name","content","date","rate") VALUES (35,N'A Nguyên',N'','2023-01-30',5);
INSERT INTO "Comment"("productId","name","content","date","rate") VALUES (35,N'Vera',N'','2023-07-08',5);
INSERT INTO "Comment"("productId","name","content","date","rate") VALUES (35,N'Chú Báo',N'','2021-09-19',4);
INSERT INTO "Comment"("productId","name","content","date","rate") VALUES (35,N'PHẠM MINH QUANG',N'','2023-01-15',4);
INSERT INTO "Comment"("productId","name","content","date","rate") VALUES (35,N'Thanh Xuân',N'','2023-12-14',4);
INSERT INTO "Comment"("productId","name","content","date","rate") VALUES (35,N'ĐẬU XUÂN HẢI',N'','2022-07-09',4);
INSERT INTO "Comment"("productId","name","content","date","rate") VALUES (35,N'Trần Văn Khải',N'','2023-08-06',5);
INSERT INTO "Comment"("productId","name","content","date","rate") VALUES (35,N'Hiền',N'','2021-09-28',5);
INSERT INTO "Comment"("productId","name","content","date","rate") VALUES (35,N'Cảnh',N'','2020-12-25',5);
INSERT INTO "Comment"("productId","name","content","date","rate") VALUES (35,N'Hà',N'','2021-07-25',5);
INSERT INTO "Comment"("productId","name","content","date","rate") VALUES (35,N'Anh Huy',N'','2023-06-01',4);
INSERT INTO "Comment"("productId","name","content","date","rate") VALUES (35,N'NGUYỄN VĂN KHỎI',N'','2022-04-10',5);
INSERT INTO "Comment"("productId","name","content","date","rate") VALUES (35,N'Bình',N'','2022-06-28',4);
INSERT INTO "Comment"("productId","name","content","date","rate") VALUES (35,N'Chu Văn Thìn',N'','2023-02-26',3);
INSERT INTO "Comment"("productId","name","content","date","rate") VALUES (35,N'Chú Dự',N'','2023-01-24',3);
INSERT INTO "Comment"("productId","name","content","date","rate") VALUES (35,N'Hà',N'','2021-10-26',5);
INSERT INTO "Comment"("productId","name","content","date","rate") VALUES (35,N'THÚY',N'','2023-11-03',3);
INSERT INTO "Comment"("productId","name","content","date","rate") VALUES (35,N'THẾ',N'','2021-02-28',5);
INSERT INTO "Comment"("productId","name","content","date","rate") VALUES (35,N'TRÌNH',N'','2022-10-30',4);
INSERT INTO "Comment"("productId","name","content","date","rate") VALUES (35,N'THUỶ',N'','2021-01-29',4);
INSERT INTO "Comment"("productId","name","content","date","rate") VALUES (35,N'LE THANH NHAN',N'','2022-12-18',5);

INSERT INTO "Product" ("productId","total","typeId","image","cost","price","discount","rate","releaseDate","name") VALUES (36, 154, 3,'https://cdn.tgdd.vn/Products/Images/42/288404/oppo-a17k-vang-thumb-%C4%83-600x600.jpg',2193334,3290000,9,3.9,'2022-08-03', N'Điện thoại OPPO A17K');
INSERT INTO "ProductDetail" ("productId","screen","os","cameraBehind","cameraFront","cpu","ram","rom","battery","sim") VALUES (36,N'IPS LCD, 6.56", HD+',N'Android 12',N'8 MP',N'5 MP',N'MediaTek Helio G35', N'3 GB',N'64 GB',N'5000 mAh',N'2 Nano SIM');
INSERT INTO "Comment"("productId","name","content","date","rate") VALUES (36,N'Hoàng khánh',N'Tôi mua máy oppo a17k này hơn 1 tháng theo tôi sử dụng không chơi game, dùng Facebook, zalo rất ổn không có hiện tượng giật lad máy , android 12 cũng hơi ngốn điện và độ sáng màn hình 600 nít cũng gây tốn pin trên máy này , tóm lại máy điện thoại oppo a17k này dùng được','2022-10-30',5);
INSERT INTO "Comment"("productId","name","content","date","rate") VALUES (36,N'Lý Văn minh',N'Máy cùi bắp quá, chơi game lác như','2022-12-20',1);
INSERT INTO "Comment"("productId","name","content","date","rate") VALUES (36,N'Thịnh Phát',N'Máy đẹp, cấu hình mượt mà cho tác vụ cơ bản, pin trâu,nhân viên tư vấn nhiệt tình , chất lượng phục vụ rất tốt, điểm 10 cho TGDĐ','2023-01-28',5);
INSERT INTO "Comment"("productId","name","content","date","rate") VALUES (36,N'Lê Văn Đoàn',N'Máy dùng hay bị đơ nói chung dòng A17 này chỉ dành cho những người ít tiền','2023-03-06',2);
INSERT INTO "Comment"("productId","name","content","date","rate") VALUES (36,N'Anh Toàn',N'Sản phẩm mới dùng chất lượng hợp mọi lứa tuổi','2023-04-26',5);
INSERT INTO "Comment"("productId","name","content","date","rate") VALUES (36,N'Phan phước tân',N'Mới mua tốn tiền mua mà ức chế. Đt muốn đứng lúc nào là đứng. Muốn văng ra khỏi ứng dụng lúc nào là văng, nhiều lúc muốn đập vô tường. TGDĐ riết bán hàng nản .','2022-10-06',1);
INSERT INTO "Comment"("productId","name","content","date","rate") VALUES (36,N'Thuận',N'Tốt','2023-09-22',5);
INSERT INTO "Comment"("productId","name","content","date","rate") VALUES (36,N'AN',N'Hiện mình sử dụng rất ổn','2023-03-30',5);
INSERT INTO "Comment"("productId","name","content","date","rate") VALUES (36,N'Phạm Minh Tân',N'Tốt lắm ạ','2023-05-18',5);
INSERT INTO "Comment"("productId","name","content","date","rate") VALUES (36,N'Halai',N'4g bật cả10 lần mới có sóng wá tệ','2023-02-05',1);
INSERT INTO "Comment"("productId","name","content","date","rate") VALUES (36,N'Bảo Tài',N'Sài tốt rẻ mà đẹp','2023-12-07',5);
INSERT INTO "Comment"("productId","name","content","date","rate") VALUES (36,N'Nguyễn Văn Bốn',N'Quá ok','2022-08-19',5);
INSERT INTO "Comment"("productId","name","content","date","rate") VALUES (36,N'ĐOÀN THỊ CẨM NHUNG',N'Máy chạy mượt ok','2023-03-22',5);
INSERT INTO "Comment"("productId","name","content","date","rate") VALUES (36,N'A Trình',N'Điện thoại dùng ổn','2023-11-03',4);
INSERT INTO "Comment"("productId","name","content","date","rate") VALUES (36,N'Tuyết Anh',N'Điện thoại mới mua sao ko tắt nguồn đc zậy Bấm nút nguồn mà toàn hiển thị lên google là sao','2022-12-27',3);
INSERT INTO "Comment"("productId","name","content","date","rate") VALUES (36,N'Vĩnh',N'Cho minh hỏi mới mua chưa du dung ipx4 trên máy có khả năng chống nước mưa hk ạ','2023-01-29',3);
INSERT INTO "Comment"("productId","name","content","date","rate") VALUES (36,N'Nguyễn Thị cam',N'Vừa mua xong .sao trên web có 2990 mà mình vừa mua 3.290 .tại cua hàng là sao. Có km 300k .dán mặt kính với ốp lưng.','2022-09-05',3);
INSERT INTO "Comment"("productId","name","content","date","rate") VALUES (36,N'Hoài',N'Tôi mới mua 2 đt ôp bồ sản phẩm phù hợp với tôi cảm ơn nhân viên trăm sóc khách hàng nhiệt tình','2023-04-25',5);
INSERT INTO "Comment"("productId","name","content","date","rate") VALUES (36,N'Quách Văn Hùng',N'Rất dật lát.nhưng phù hợp với giá tiền 3tr','2023-08-20',3);
INSERT INTO "Comment"("productId","name","content","date","rate") VALUES (36,N'kieukien',N'dung tot a','2022-09-09',4);
INSERT INTO "Comment"("productId","name","content","date","rate") VALUES (36,N'Thuý',N'Rất hài lòng','2023-04-20',5);
INSERT INTO "Comment"("productId","name","content","date","rate") VALUES (36,N'Đặng Ngọc Quí ',N'Máy chạy chậm hay bị đứng. Hỗ trợ không làm gì. Không nên tin nhân viên. Giờ giá giảm thấy sợ thiệt chứ','2022-09-27',1);
INSERT INTO "Comment"("productId","name","content","date","rate") VALUES (36,N'Tiên',N'Chậm','2023-06-21',2);
INSERT INTO "Comment"("productId","name","content","date","rate") VALUES (36,N'Minh Khang',N'Nhân viên tốt','2023-11-19',5);
INSERT INTO "Comment"("productId","name","content","date","rate") VALUES (36,N'Anh Liêm',N'Máy tốt','2022-12-06',5);
INSERT INTO "Comment"("productId","name","content","date","rate") VALUES (36,N'Phúc',N'Sài bình thường ha','2022-09-04',3);
INSERT INTO "Comment"("productId","name","content","date","rate") VALUES (36,N'LINH',N'Máy ok','2023-11-04',4);
INSERT INTO "Comment"("productId","name","content","date","rate") VALUES (36,N'Võ Phước Hùng',N'Good','2022-08-29',5);
INSERT INTO "Comment"("productId","name","content","date","rate") VALUES (36,N'Anh Kabin',N'Rất thích 👍','2023-07-14',5);
INSERT INTO "Comment"("productId","name","content","date","rate") VALUES (36,N'Trinh',N'Bị chai pin','2023-11-07',2);
INSERT INTO "Comment"("productId","name","content","date","rate") VALUES (36,N'Chú Sơn',N'Cảm ơn đã hỗ trợ','2023-03-24',4);
INSERT INTO "Comment"("productId","name","content","date","rate") VALUES (36,N'Nguyễn Thanh Túy',N'Sản phẩm sử dụng thấy tốt... Rất hài lòng...','2023-02-26',5);
INSERT INTO "Comment"("productId","name","content","date","rate") VALUES (36,N'Anh Hưng',N'Được','2023-08-21',5);
INSERT INTO "Comment"("productId","name","content","date","rate") VALUES (36,N'Tuấn Anh',N'Máy dùng ok','2022-08-27',4);
INSERT INTO "Comment"("productId","name","content","date","rate") VALUES (36,N'Hoàng Đinh Hồng',N'Rất tệ truy cập mạng rất lâu chơi gene lạng lách không chơi được','2022-09-23',2);
INSERT INTO "Comment"("productId","name","content","date","rate") VALUES (36,N'Anh Vũ',N'Máy dùng hơi chậm xíu nhưng mà ok','2022-09-23',4);
INSERT INTO "Comment"("productId","name","content","date","rate") VALUES (36,N'Trần Đình Hiệp',N'Chơi game hơi lag','2023-02-06',2);
INSERT INTO "Comment"("productId","name","content","date","rate") VALUES (36,N'DƯƠNG PHƯƠNG THẢO ',N'Cho em hỏi là điện thoại Oppo A17k hiện giờ sài bị lag,mình có thể đổi điện thoại mới và bù tiền vô được không ạ','2023-04-28',3);
INSERT INTO "Comment"("productId","name","content","date","rate") VALUES (36,N'Huyên',N'Tôi không thích dùng','2022-12-03',1);
INSERT INTO "Comment"("productId","name","content","date","rate") VALUES (36,N'TANG PHONG VU',N'OK xài rất ok','2023-04-18',5);
INSERT INTO "Comment"("productId","name","content","date","rate") VALUES (36,N'Đỗ Thị Ái',N'Hình ảnh rõ nét nhân viên thân thiện tư vấn nhiệt tình','2023-06-26',5);
INSERT INTO "Comment"("productId","name","content","date","rate") VALUES (36,N'Anh Thoại',N'Cầm lúc hay nóng','2023-04-07',3);
INSERT INTO "Comment"("productId","name","content","date","rate") VALUES (36,N'Trần Văn Thức',N'Tốt','2022-12-29',5);
INSERT INTO "Comment"("productId","name","content","date","rate") VALUES (36,N'Tú',N'Oke','2022-08-09',5);
INSERT INTO "Comment"("productId","name","content","date","rate") VALUES (36,N'C Phượng',N'Sp tốt','2023-01-16',5);
INSERT INTO "Comment"("productId","name","content","date","rate") VALUES (36,N'Anh Quang',N'Máy sử dụng tốt','2023-03-14',5);
INSERT INTO "Comment"("productId","name","content","date","rate") VALUES (36,N'Lê Xuân Lân',N'Loa hơi nhỏ','2022-09-03',4);
INSERT INTO "Comment"("productId","name","content","date","rate") VALUES (36,N'Anh Láng',N'Máy chạy không mượt , chữ hiển thị không nét . . .','2023-08-27',3);
INSERT INTO "Comment"("productId","name","content","date","rate") VALUES (36,N'Trần Thanh Tú',N'Máy sài ổn định trong tầm giá','2023-07-10',4);
INSERT INTO "Comment"("productId","name","content","date","rate") VALUES (36,N'Mi Sa',N'ok','2023-01-04',4);
INSERT INTO "Comment"("productId","name","content","date","rate") VALUES (36,N'Sùng A Nhung',N'Tôt','2023-11-15',4);
INSERT INTO "Comment"("productId","name","content","date","rate") VALUES (36,N'Thành',N'Cảm ơn chị','2023-01-13',5);
INSERT INTO "Comment"("productId","name","content","date","rate") VALUES (36,N'THANH',N'Máy cho người già dùng dc, nghe gọi lướt web thì ok','2022-11-16',3);
INSERT INTO "Comment"("productId","name","content","date","rate") VALUES (36,N'Ân',N'Rất ok 190000','2022-12-03',5);
INSERT INTO "Comment"("productId","name","content","date","rate") VALUES (36,N'Chị Thành',N'SP dùng ok','2023-07-10',4);
INSERT INTO "Comment"("productId","name","content","date","rate") VALUES (36,N'Gòn',N'tốt','2023-05-23',5);
INSERT INTO "Comment"("productId","name","content","date","rate") VALUES (36,N'Chú Thiều',N'Điện thoại Oppo a17 dùng tốt','2023-05-11',5);
INSERT INTO "Comment"("productId","name","content","date","rate") VALUES (36,N'Oanh',N'Máy tạm ổn','2023-04-10',3);
INSERT INTO "Comment"("productId","name","content","date","rate") VALUES (36,N'Mười',N'Dùng rất tốt ạ','2023-08-29',4);
INSERT INTO "Comment"("productId","name","content","date","rate") VALUES (36,N'Bình',N'cũng tốt hiện tại dùng cũng ok','2023-11-26',4);
INSERT INTO "Comment"("productId","name","content","date","rate") VALUES (36,N'CÔNG TY TNHH BABEENI VIỆT NAM',N'Ok tốt','2022-12-07',4);
INSERT INTO "Comment"("productId","name","content","date","rate") VALUES (36,N'Nguyễn Văn Lý',N'ok','2022-12-20',5);
INSERT INTO "Comment"("productId","name","content","date","rate") VALUES (36,N'Anh Quỳnh',N'ok','2023-09-05',5);
INSERT INTO "Comment"("productId","name","content","date","rate") VALUES (36,N'Chị Thúy',N'Đt nhanh hết pin','2022-11-07',3);
INSERT INTO "Comment"("productId","name","content","date","rate") VALUES (36,N'Trương Quốc An',N'Sau 2 ngày sử dụng mình có cảm giác oppo a17k có cảm giác tốt hơn oppo a16, còn oppo a16 có camera tốt hơn. Cuối cùng mình quyết định mua oppo a17k. Cảm giác vuốt, chạm nhạy hơn oppo a16 lại có khả năng chống vô nước và thiết kế vuông rất hợp model như tại sao lại làm cái màn hình giọt nước phát minh cũ của oppo. Chắc oppo muốn hoài niệm...haiz...','2023-06-05',4);
INSERT INTO "Comment"("productId","name","content","date","rate") VALUES (36,N'Đủ',N'Hài lòng','2022-11-17',4);
INSERT INTO "Comment"("productId","name","content","date","rate") VALUES (36,N'Nguyễn Văn Quỳnh',N'Dùng tốt.','2023-04-01',4);
INSERT INTO "Comment"("productId","name","content","date","rate") VALUES (36,N'Sỹ',N'Tốt','2023-09-27',4);
INSERT INTO "Comment"("productId","name","content","date","rate") VALUES (36,N'Chị Mai',N'Tốt','2023-08-19',4);
INSERT INTO "Comment"("productId","name","content","date","rate") VALUES (36,N'Mỹ Linh',N'Sản phẩm tốt,giá cả hợp lý','2023-09-09',4);
INSERT INTO "Comment"("productId","name","content","date","rate") VALUES (36,N'Lương Thị Thu',N'Sản phẩm tốt sẽ giới thiệu cho bạn bè','2023-09-27',5);
INSERT INTO "Comment"("productId","name","content","date","rate") VALUES (36,N'Ngân',N'Tốt','2023-11-05',4);
INSERT INTO "Comment"("productId","name","content","date","rate") VALUES (36,N'Hà Nguyễn ',N'Điện thoại hay bị đơ, cảm ứng tệ mặc dù mới mua 1 ngày. Thử máy trưng bày thấy ko ổn, vì đẹp nên kêu lấy máy mới thấy tạm tạm. Về nhà dùng thì càng thấy chậm rõ rệt. Trong cùng 1 phân khúc giá chỉ rẻ hơn Samsung 1 tí xíu mà trải nghiệm khác biệt quá.','2022-09-18',3);
INSERT INTO "Comment"("productId","name","content","date","rate") VALUES (36,N'Thanh',N'Điện thoại xài rất tốt','2022-10-15',5);
INSERT INTO "Comment"("productId","name","content","date","rate") VALUES (36,N'Kha',N'Nhân viên phục vụ nhiệt tình','2023-05-27',5);
INSERT INTO "Comment"("productId","name","content","date","rate") VALUES (36,N'Nguyễn',N'Bán điện thoại dỏm..1 cái điện thoại rắc rối..phần mềm tệ','2023-11-28',1);
INSERT INTO "Comment"("productId","name","content","date","rate") VALUES (36,N'Điệp ',N'Mới mua chưa được 2 tháng mà sử dụng không tốt chúc nào ,máy vẫn có sóng mà điện không được được ,ai điện lại cũng thê bao không liên lạc được, nhận tin nhắn được,mà không nhận cuộc gọi số được.trong khi máy sóng đầy đủ, gọi cho người khác vẫn được, vậy là bị gì trời','2023-04-06',1);
INSERT INTO "Comment"("productId","name","content","date","rate") VALUES (36,N'LÊ TRƯỜNG GIANG',N'máy tầm trung này sai ok...pin cầm ..tốt','2023-10-08',5);
INSERT INTO "Comment"("productId","name","content","date","rate") VALUES (36,N'Cẩm Tiên ',N'Xem tiktok và chơi gem hơi lag .máy có vài lúc bị đơ đa nhiệm hơi kém ,máy mau nóng','2022-10-17',3);
INSERT INTO "Comment"("productId","name","content","date","rate") VALUES (36,N'PẰNG',N'Dùng cũng được','2023-07-12',5);
INSERT INTO "Comment"("productId","name","content","date","rate") VALUES (36,N'Tran Thi Ha My',N'Rất ok','2023-04-29',5);
INSERT INTO "Comment"("productId","name","content","date","rate") VALUES (36,N'NGUYỄN TRỌNG ĐỊNH',N'Buồn về vấn đề tát nguồn ko đạt yêu cầu','2023-04-01',3);
INSERT INTO "Comment"("productId","name","content","date","rate") VALUES (36,N'Võ Minh Thảo',N'Ok .5sao','2023-01-29',5);
INSERT INTO "Comment"("productId","name","content","date","rate") VALUES (36,N'Anh Cường',N'Ok','2023-04-30',5);
INSERT INTO "Comment"("productId","name","content","date","rate") VALUES (36,N'Cô Nguyễn Thị Hường',N'Xứng đáng với giá trị của nó','2023-04-18',4);
INSERT INTO "Comment"("productId","name","content","date","rate") VALUES (36,N'Bác Công',N'Sử dụng rất tốt','2023-10-17',5);
INSERT INTO "Comment"("productId","name","content","date","rate") VALUES (36,N'Nguyễn Thị Luyến',N'Sản phẩm tốt','2022-11-12',4);
INSERT INTO "Comment"("productId","name","content","date","rate") VALUES (36,N'HUẾ',N'Sản phẩm tốt nhưng máy hơi chậm 🥲','2023-04-06',3);
INSERT INTO "Comment"("productId","name","content","date","rate") VALUES (36,N'Phạm Tuấn Giáp',N'Chậm giật','2023-08-19',1);
INSERT INTO "Comment"("productId","name","content","date","rate") VALUES (36,N'khach le',N'tốt','2023-10-19',5);
INSERT INTO "Comment"("productId","name","content","date","rate") VALUES (36,N'Đào Công Hiển',N'Biết trước ko bao giờ mua','2023-08-04',1);
INSERT INTO "Comment"("productId","name","content","date","rate") VALUES (36,N'Giáp Ngọc Tuấn',N'Rất tốt','2023-07-13',5);
INSERT INTO "Comment"("productId","name","content","date","rate") VALUES (36,N'RÊ',N'Mau hết pin','2023-05-08',1);
INSERT INTO "Comment"("productId","name","content","date","rate") VALUES (36,N'TÔN',N'Về tổng quan máy đẹp nhưng vào máy còn hơi chậm','2023-05-07',4);
INSERT INTO "Comment"("productId","name","content","date","rate") VALUES (36,N'TH%D4NG',N'Sản phẩm tốt, nhân viên phục vụ nhiệt tình chu đáo','2022-12-26',5);
INSERT INTO "Comment"("productId","name","content","date","rate") VALUES (36,N'DŨNG',N'Loa hơi rè','2023-08-13',3);
INSERT INTO "Comment"("productId","name","content","date","rate") VALUES (36,N'TRỊNH',N'Cũng tạm ổn','2022-08-13',4);
INSERT INTO "Comment"("productId","name","content","date","rate") VALUES (36,N'MAI',N'Tốt','2023-06-09',4);
INSERT INTO "Comment"("productId","name","content","date","rate") VALUES (36,N'TH NG',N'OK','2023-03-10',4);
INSERT INTO "Comment"("productId","name","content","date","rate") VALUES (36,N'TOÀN',N'Sản phẩm tốt giá cả vừa phải','2023-01-03',3);
INSERT INTO "Comment"("productId","name","content","date","rate") VALUES (36,N'Đinh Văn Sang',N'Điện thoại quá lag xem tik tok chơi game lag kinh khủng...','2022-10-09',2);
INSERT INTO "Comment"("productId","name","content","date","rate") VALUES (36,N'Nguyễn thị kim diển',N'E mua chưa được tháng muốn đổi máy khác nhưng mất cái hộp có được không ạ','2023-12-07',4);
INSERT INTO "Comment"("productId","name","content","date","rate") VALUES (36,N'PHẤN',N'Nhân viên phục vụ nhiệt tình','2023-01-04',4);
INSERT INTO "Comment"("productId","name","content","date","rate") VALUES (36,N'Thành Duyên',N'Dùng ok','2023-08-25',4);
INSERT INTO "Comment"("productId","name","content","date","rate") VALUES (36,N'LÃM',N'Tốt rất hài lòng','2022-08-21',5);
INSERT INTO "Comment"("productId","name","content","date","rate") VALUES (36,N'LINH',N'Tốt','2023-11-19',4);
INSERT INTO "Comment"("productId","name","content","date","rate") VALUES (36,N'SƠN',N'Điện thoại bị rớt 4g hoài khởi động lại mới Sài dc','2023-03-17',2);
INSERT INTO "Comment"("productId","name","content","date","rate") VALUES (36,N'HÀ',N'Âm thanh tốt','2022-11-28',5);
INSERT INTO "Comment"("productId","name","content","date","rate") VALUES (36,N'PHÚC',N'Lâu lâu hơi lắk','2023-11-05',4);
INSERT INTO "Comment"("productId","name","content","date","rate") VALUES (36,N'DUY',N'cũng OK nhug kết nối mạng hơi yếu với có lúc đứng máy xíu','2023-02-19',4);
INSERT INTO "Comment"("productId","name","content","date","rate") VALUES (36,N'NHƯ',N'ngon mà hơi yếu xí.tiền nào của nấy mà 😁','2023-03-19',5);
INSERT INTO "Comment"("productId","name","content","date","rate") VALUES (36,N'PHONG',N'tốt','2023-05-13',4);
INSERT INTO "Comment"("productId","name","content","date","rate") VALUES (36,N'HÀ',N'Ok','2023-07-27',5);
INSERT INTO "Comment"("productId","name","content","date","rate") VALUES (36,N'TRƯỜNG',N'Nhân viên nhiệt tình','2022-08-15',5);
INSERT INTO "Comment"("productId","name","content","date","rate") VALUES (36,N'BÌNH',N'Nhân viên thân thien','2022-10-28',4);
INSERT INTO "Comment"("productId","name","content","date","rate") VALUES (36,N'MINH',N'Sản phẩm rất tốt.👌👌👌','2023-02-13',5);
INSERT INTO "Comment"("productId","name","content","date","rate") VALUES (36,N'BÉ',N'Ok','2022-09-19',5);
INSERT INTO "Comment"("productId","name","content","date","rate") VALUES (36,N'Đức Anh',N'Cho em hỏi cái oppo a17k của em mỗi lần thoát ứng dụng ra vào lại là nó bị load lại từ đầu á,có cách nào để khắc phục ko ạ.','2023-02-28',4);
INSERT INTO "Comment"("productId","name","content","date","rate") VALUES (36,N'HẰNG',N'nhân viên tư vấn nhiệt tình và chu đáo lễ phép rất hài lòng với đội ngũ nhân viên','2022-12-09',4);
INSERT INTO "Comment"("productId","name","content","date","rate") VALUES (36,N'HAU',N'Tạm được hoi lag','2023-09-23',3);
INSERT INTO "Comment"("productId","name","content","date","rate") VALUES (36,N'Bùi Quang Hải ',N'Cảm thấy dùng OK','2023-12-11',4);
INSERT INTO "Comment"("productId","name","content","date","rate") VALUES (36,N'LIỄU',N'Rất tốt ạ','2023-02-25',5);
INSERT INTO "Comment"("productId","name","content","date","rate") VALUES (36,N'Nguyễn Thị Thu Thúy ',N'Tắt nguồn như thế nào vậy?','2023-01-15',3);
INSERT INTO "Comment"("productId","name","content","date","rate") VALUES (36,N'THANH',N'Tốt','2023-03-17',4);
INSERT INTO "Comment"("productId","name","content","date","rate") VALUES (36,N'HUY',N'Cũng tạm','2023-12-14',5);
INSERT INTO "Comment"("productId","name","content","date","rate") VALUES (36,N'TÙNG',N'Từ ôt','2023-01-21',5);
INSERT INTO "Comment"("productId","name","content","date","rate") VALUES (36,N'THỦY',N'Dùng rất tốt
 Mướt','2023-11-01',5);
INSERT INTO "Comment"("productId","name","content","date","rate") VALUES (36,N'ANH',N'Sản phẩm nhiều khi e thấy download chậm chút màn hình cảm ứng đôi lúc e thấy đơ','2022-12-29',3);
INSERT INTO "Comment"("productId","name","content","date","rate") VALUES (36,N'Văn mại',N'4G ổn, phát wifi mạnh, màn hình 720x1550 tạm nét, tầm giá 3m vậy là OK.','2023-10-13',4);
INSERT INTO "Comment"("productId","name","content","date","rate") VALUES (36,N'TIẾN',N'Oke','2022-11-03',4);
INSERT INTO "Comment"("productId","name","content","date","rate") VALUES (36,N'MAI',N'Nhân viên nhiệt tình chu đáo','2023-02-08',5);
INSERT INTO "Comment"("productId","name","content","date","rate") VALUES (36,N'BIÊN',N'Bt','2023-04-14',3);
INSERT INTO "Comment"("productId","name","content","date","rate") VALUES (36,N'Trần Thị Hà',N'','2023-03-29',4);
INSERT INTO "Comment"("productId","name","content","date","rate") VALUES (36,N'Nguyễn Tiến Tươi',N'','2023-07-29',5);
INSERT INTO "Comment"("productId","name","content","date","rate") VALUES (36,N'Trần Văn Tây',N'','2023-03-05',5);
INSERT INTO "Comment"("productId","name","content","date","rate") VALUES (36,N'Trần Thị Xuân',N'','2022-12-03',5);
INSERT INTO "Comment"("productId","name","content","date","rate") VALUES (36,N'Nga',N'','2023-11-15',3);
INSERT INTO "Comment"("productId","name","content","date","rate") VALUES (36,N'Nguyễn Văn Linh',N'','2022-08-07',4);
INSERT INTO "Comment"("productId","name","content","date","rate") VALUES (36,N'Chị Ái',N'','2022-08-22',5);
INSERT INTO "Comment"("productId","name","content","date","rate") VALUES (36,N'Hồ Văn Nhả',N'','2023-11-17',4);
INSERT INTO "Comment"("productId","name","content","date","rate") VALUES (36,N'Đăng Quốc Hậu',N'','2023-10-26',5);
INSERT INTO "Comment"("productId","name","content","date","rate") VALUES (36,N'Khanh',N'','2023-07-09',5);
INSERT INTO "Comment"("productId","name","content","date","rate") VALUES (36,N'Nguyễn Thị Huyền',N'','2023-09-03',4);
INSERT INTO "Comment"("productId","name","content","date","rate") VALUES (36,N'Phan Thị Tý',N'','2023-07-29',3);
INSERT INTO "Comment"("productId","name","content","date","rate") VALUES (36,N'Thái Khắc Hào',N'','2023-01-19',3);
INSERT INTO "Comment"("productId","name","content","date","rate") VALUES (36,N'Danh Thị Nguyệt',N'','2023-01-20',5);
INSERT INTO "Comment"("productId","name","content","date","rate") VALUES (36,N'Cô Nga',N'','2022-11-04',3);
INSERT INTO "Comment"("productId","name","content","date","rate") VALUES (36,N'Chị Được',N'','2023-11-03',4);
INSERT INTO "Comment"("productId","name","content","date","rate") VALUES (36,N'Anh Quang',N'Rất tốt','2023-07-15',4);
INSERT INTO "Comment"("productId","name","content","date","rate") VALUES (36,N'Chị Oanh',N'','2023-04-28',3);
INSERT INTO "Comment"("productId","name","content","date","rate") VALUES (36,N'Trần Thị Thùy Trang',N'','2022-10-08',4);
INSERT INTO "Comment"("productId","name","content","date","rate") VALUES (36,N'Minh Hiếu',N'','2022-09-23',5);
INSERT INTO "Comment"("productId","name","content","date","rate") VALUES (36,N'Chị Lan',N'','2023-02-13',3);
INSERT INTO "Comment"("productId","name","content","date","rate") VALUES (36,N'Sal',N'','2022-12-28',5);
INSERT INTO "Comment"("productId","name","content","date","rate") VALUES (36,N'Đặng Văn Luyện',N'','2023-01-29',5);
INSERT INTO "Comment"("productId","name","content","date","rate") VALUES (36,N'Lê Kim Dao',N'','2023-04-16',4);
INSERT INTO "Comment"("productId","name","content","date","rate") VALUES (36,N'Viên',N'','2022-10-18',3);
INSERT INTO "Comment"("productId","name","content","date","rate") VALUES (36,N'Nguyễn Văn Nhiều',N'','2023-11-23',5);
INSERT INTO "Comment"("productId","name","content","date","rate") VALUES (36,N'Chị Phương',N'','2023-09-29',4);
INSERT INTO "Comment"("productId","name","content","date","rate") VALUES (36,N'HUẾ',N'','2022-10-09',4);
INSERT INTO "Comment"("productId","name","content","date","rate") VALUES (36,N'LIÊN',N'','2023-12-02',4);
INSERT INTO "Comment"("productId","name","content","date","rate") VALUES (36,N'LI U',N'','2023-01-15',4);
INSERT INTO "Comment"("productId","name","content","date","rate") VALUES (36,N'TOÀN',N'Mua dùng dùng 2 hôm tình hình vào mạng rất tệ ko dùng đc phải đổi lại máy khác mất 20% số tiền đã mua','2023-10-10',1);

INSERT INTO "Product" ("productId","total","typeId","image","cost","price","discount","rate","releaseDate","name") VALUES (37, 195, 4,'https://cdn.tgdd.vn/Products/Images/42/316771/xiaomi-redmi-13c-xanh-la-1-2-3-600x600.jpg',2060000,3090000,6,3.6,'2019-03-15', N'Điện thoại Xiaomi Redmi 13C 4GB');
INSERT INTO "ProductDetail" ("productId","screen","os","cameraBehind","cameraFront","cpu","ram","rom","battery","sim") VALUES (37,N'IPS LCD, 6.74", HD+',N'Android 13',N'Chính 50 MP & Phụ 2 MP',N'8 MP',N'MediaTek Helio G85', N'4 GB',N'128 GB',N'5000 mAh',N'2 Nano SIM');
INSERT INTO "Comment"("productId","name","content","date","rate") VALUES (37,N'Lá triệu Tùng',N'Mình mua zedmi 13c mình có đôi lúc nó còn bị nóng máy mình nghĩ là máy này đã sắp qua sử dụng rồi sao lại thế giới di động lại còn bán cho mình biết thế nào mình mua ở cửa hàng ngoài còn tốt hơn mất công mất việc quá đi đi lại lại rất là mệt tóm lại là mình không hài lòng','2023-07-19',1);
INSERT INTO "Comment"("productId","name","content","date","rate") VALUES (37,N'Sỹ',N'Sản phẩm tốt','2021-11-16',4);
INSERT INTO "Comment"("productId","name","content","date","rate") VALUES (37,N'Ma Văn Nam',N'Chất lượng sản phẩm tuyệt vời','2021-09-23',5);
INSERT INTO "Comment"("productId","name","content","date","rate") VALUES (37,N'Trần Huy Hoàng',N'Ad chỉ mình cách cài đặt âm thanh trên redmi 13c với.đang dùng tự dưng tịt hết cả âm lượng.trong khi volume vẫn mở hết cỡ mà ko có tiếng.phải khởi động lại máy mới có âm thanh','2019-03-26',3);
INSERT INTO "Comment"("productId","name","content","date","rate") VALUES (37,N'Tạ Quang Chiến',N'Ngon nhầ tầm giá','2021-12-21',5);
INSERT INTO "Comment"("productId","name","content","date","rate") VALUES (37,N'Trần Quốc Tuyến',N'Ok','2022-05-03',4);
INSERT INTO "Comment"("productId","name","content","date","rate") VALUES (37,N'Nguyễn Văn Tân',N'Máy chạy chậm chỉ Sài cơ bản','2022-06-22',3);
INSERT INTO "Comment"("productId","name","content","date","rate") VALUES (37,N'Khoa',N'Mới xài chưa được 1 tháng, chưa có cảm nhận.','2023-11-20',4);

INSERT INTO "Product" ("productId","total","typeId","image","cost","price","discount","rate","releaseDate","name") VALUES (39, 89, 4,'https://cdn.tgdd.vn/Products/Images/42/309814/xiaomi-13-t-xanh-duong-thumb-thumb-600x600.jpg',8990000,11990000,8,3.7,'2020-08-05', N'Điện thoại Xiaomi 13T 5G 8GB');
INSERT INTO "ProductDetail" ("productId","screen","os","cameraBehind","cameraFront","cpu","ram","rom","battery","sim") VALUES (39,N'AMOLED, 6.67", 1.5K',N'Android 13',N'Chính 50 MP & Phụ 50 MP, 12 MP',N'20 MP',N'MediaTek Dimensity 8200-Ultra', N'8 GB',N'256 GB',N'5000 mAh',N'2 Nano SIM');
INSERT INTO "Comment"("productId","name","content","date","rate") VALUES (39,N'nguyễn Viết Cương',N'máy đẹp, dùng ngon. Thấy mọi người nói WIFI với 3G kém nhưng thực tế thì dùng ngon nhé.','2021-03-01',5);
INSERT INTO "Comment"("productId","name","content","date","rate") VALUES (39,N'Đặng Thị Cẩm Thơ',N'Lúc đầu đọc comment cũng thấy ngừơi dùng nói bắt sóng wf yếu. Mua về dùng thì đúng là bắt wf và 4G cực kỳ yếu dt cũ sony bắt Wf và dùng 4G oke, còn mở xiaome T13 thì chạy video, lướt web, you tube quay tròn tròn wf thì ko bắt dc và 4G thì cũng ko coi video dc dù vẫn hiện full sóng 4g. Dùng hơi bị ức chế, còn mấy cái khác thì đang ổn máy mới mua dc 2 tuần Còn cái này nữa ko biết do máy or tâm linh mà đánh giá trên máy xiaome thì ko gửi đi dc bâm muốn liệt máy ko đi. Quay qua con sony đánh giá thử xem.','2021-01-02',3);
INSERT INTO "Comment"("productId","name","content","date","rate") VALUES (39,N'Tuấn',N'Loa kép mở tô hay bị rè loa.mong phản hồi','2021-07-14',3);
INSERT INTO "Comment"("productId","name","content","date","rate") VALUES (39,N'Trần thanh liêm',N'Bắt wifi yếu quá','2023-05-27',3);
INSERT INTO "Comment"("productId","name","content","date","rate") VALUES (39,N'Phước vô',N'Mong muốn hỗ trợ kỹ thuật sớm liên hệ để hỗ trợ, thanks','2021-09-21',3);
INSERT INTO "Comment"("productId","name","content","date","rate") VALUES (39,N'Bùi Thành',N'Tôi không hài lòng với cách bạn vân anh quản lý của tgdd thôn đại thượng xã đại đồng huyện tiên du tỉnh bắc ninh lúc tối tôi có đóng tiền trả góp sản phẩm này tôi không hài lòng về cách phục vụ của bạn mặc dù bạn làm quản lý cửa hàng.','2023-12-03',1);
INSERT INTO "Comment"("productId","name","content","date","rate") VALUES (39,N'Tình',N'Theo mình thì về ưu điểm thì rất nhiều. Còn về nhược điểm thì mình thấy có 1 vấn đề làm mình khó chịu nhất là về Wifi, chả hiểu sao mạng mình mạnh mà sử dụng 1 khoảng thời gian là nó lại đứng mạng và tuột về 144Mbps mình tắt wifi mở lại thì nó về lại 866Mbps máy chục triệu mà bắt wifi yếu chả hiểu được. Còn về pin thì trung bình 1 ngày nếu mình chỉ lướt web và xem phim thì pin từ 100 về lại dưới 10 thì khoảng 1314 tiếng còn chơi game thì khoảng 1012 tiếng nói chung là cũng khá ổn. Mà nói chung là do sạc nhanh 67w nên về vài chục % rảnh cắm sạc tí là có pin sài rồi nên cũng không quan trọng lắm. Còn về cấu hình, camera,... thì rất oke luôn.','2022-04-03',3);
INSERT INTO "Comment"("productId","name","content","date","rate") VALUES (39,N'Trình',N'Dùng được gần 1 tháng mọi thứ đều tốt. nhân viên tư vấn nhiệt tình. có điều màn hình có 1 chấm sáng nhỏ cùng lúc cảm biến vân tay sáng không chụp ảnh lại được. Không biết dùng lâu dài nó có ảnh hưởng gì không.','2020-10-08',4);
INSERT INTO "Comment"("productId","name","content","date","rate") VALUES (39,N'Ngô bảo anh tú',N'Mình mua dt dc 1 tháng h muốn đổi qua 13T pro phải bù thế nào nhỉ máy mới 99%','2022-04-13',4);
INSERT INTO "Comment"("productId","name","content","date","rate") VALUES (39,N'ĐạtZiTi',N'Màng đẹp ,chip mạnh, loa kép nghe lớn và đã tai','2022-06-05',4);
INSERT INTO "Comment"("productId","name","content","date","rate") VALUES (39,N'Lê văn lực',N'Mình mua vừa đúg tròn 1 thág. Nay vệ mới để ý. Viền cam cũg hở. Ốg kính 1x bị lỏng, có bụi. Tối nay mới ra bảo hàh đổi trả. Chứ máy mới có kháng bụi mà như này kg ổn','2023-11-17',3);
INSERT INTO "Comment"("productId","name","content","date","rate") VALUES (39,N'HUỲNH TẤN LỘC',N'Trong tầm giá phân khúc thì con này ngon bổ rẻ','2021-01-15',4);
INSERT INTO "Comment"("productId","name","content","date","rate") VALUES (39,N'Trần sơn',N'Máy tụt pin nhanh.','2021-01-30',2);
INSERT INTO "Comment"("productId","name","content","date","rate") VALUES (39,N'Đoàn Văn Đàm',N'Máy ổn','2022-10-27',5);
INSERT INTO "Comment"("productId","name","content","date","rate") VALUES (39,N'Thanh',N'Điện thoại ổn mượt... riêng về phần bắt wifi thì như đặc cầu,đem so sánh thì chắc ngang với tốc độ 3G,trên chục triệu mà được mỗi con chip với cái màn hình tạm được','2020-09-25',3);
INSERT INTO "Comment"("productId","name","content","date","rate") VALUES (39,N'Nguyễn Trọng Hiếu',N'Mua được 1 tháng máy ổn. Nhưng phần sạc bị chập chờn lúc đem ra TGDD thì sạc bình thường, về thì đang sạc tự ngắt rồi sạc tiếp, bực mình.','2021-11-07',2);
INSERT INTO "Comment"("productId","name","content","date","rate") VALUES (39,N'Quân',N'Ổn','2020-12-09',5);
INSERT INTO "Comment"("productId","name","content","date","rate") VALUES (39,N'ĐẶNG NGỌC CHIẾN',N'BẮT WIFI KÉM. MẠNG DI ĐỘNG KHI SÓNG YẾU THÌ TỰ NGẮT MẠNG LUÔN. KHÁ ỨC CHẾ.','2022-06-03',2);
INSERT INTO "Comment"("productId","name","content","date","rate") VALUES (39,N'Nguyễn Thành Nhân',N'Vừa mua về có test hiệu năng của máy với Tốc Chiến 120fps và Pubg Mobile 90fps điện thoại rất mượt nha. Nhân viên hỗ trợ tư vấn nhiệt tình','2022-01-12',5);
INSERT INTO "Comment"("productId","name","content","date","rate") VALUES (39,N'Chí Đặng',N'Quá tuyệt vời','2021-11-04',5);
INSERT INTO "Comment"("productId","name","content","date","rate") VALUES (39,N'nguyễn văn hải',N'chất lượng tốt.sạc pin nhanh.chơi pupg mượt.chíp mạnh thì tiêu thụ pin nhiều là chuyện bình thường.muốn pin lâu thì mua chíp tầm trung thì pin sẽ lâu','2021-10-11',5);
INSERT INTO "Comment"("productId","name","content","date","rate") VALUES (39,N'Linh',N'Để qua đêm tụt pin khi sạc đầy 100% , v lỗi do pin hay do máy , dù có đem lên tgdd hay đmx thì chả giải quyết đc , toàn viện lý do đủ kiểu , trog khi sạc pin đầy rút ra ngủ qa đêm thì tắt hết ứg dụng tất cả kể cả wifi , mà nv vẫn đỗ lỗi cho ứg dụng cái kiểu , nói trên đây cho mn biết , chứ đem lên cx vậy , mà đổi thì lỗ','2023-09-14',3);
INSERT INTO "Comment"("productId","name","content","date","rate") VALUES (39,N'Toàn',N'Xài tốt mượt mà pin sạc nhanh khá trâu bò, chơi game lâu thì máy nóng nhẹ tại có ốp lưng Tầm giá này thì tốt hơn so với nhiều đt khác','2023-05-26',5);
INSERT INTO "Comment"("productId","name","content","date","rate") VALUES (39,N'Phạm Ngọc Thương',N'Mình dùng hơn nửa tháng r Không hiểu sao máy bắt wifi yếu thực sự','2023-10-04',4);
INSERT INTO "Comment"("productId","name","content","date","rate") VALUES (39,N'Đỗ Bá Hiển',N'Ok','2021-04-22',4);
INSERT INTO "Comment"("productId","name","content","date","rate") VALUES (39,N'Lê vũ anh tuấn',N'Bị hở viền kèm bắt wf yếu','2023-09-07',2);
INSERT INTO "Comment"("productId","name","content","date","rate") VALUES (39,N'Ngân',N'Có bị hở viền camera','2021-03-12',3);
INSERT INTO "Comment"("productId","name","content","date","rate") VALUES (39,N'Luân',N'Có ai bị hở viền camera giống e ko vậy','2023-09-07',4);
INSERT INTO "Comment"("productId","name","content","date","rate") VALUES (39,N'Hồ thị trang',N'Máy hơi nóng.tụt pin khá nhanh.nhận tín hiệu hơi kém','2021-07-19',3);
INSERT INTO "Comment"("productId","name","content","date","rate") VALUES (39,N'Trần Khánh Phương',N'Ko đc như mong đợi, wifi hoi yếu máy nóng lên dù mình chỉ lướt web và xem tiktok ,chưa có chơi game.ko biết có bị lỗi ko nữa','2022-05-13',3);
INSERT INTO "Comment"("productId","name","content","date","rate") VALUES (39,N'Nguyễn thị hằng',N'Sử dựng tốt nhưng có điều bắt wifi yếu hơn các máy khác . Khi ngồi bên máy khác wifi rất mạnh . Máy mình cột sóng cũng full nhưng tốc độ lại yếu hơn . Ko biết có phải do lỗi của máy ko','2022-10-18',4);
INSERT INTO "Comment"("productId","name","content","date","rate") VALUES (39,N'Đức',N'Ngon cam chụp xịn nha tầm giá này mà leica cảm biến Sony là ngon lắm r số 1 tầm giá','2023-02-14',5);
INSERT INTO "Comment"("productId","name","content","date","rate") VALUES (39,N'Đạt',N'Pin trâu chơi game k nóng máy. Ae nên xoá app k cần sài . Và tắt cập nhập hệ thống và chlay. LH để mình chỉ 100% mượt https//www.facebook.com/minhdat.nguyen.71271mibextidZbWKwL','2022-05-12',5);
INSERT INTO "Comment"("productId","name","content","date","rate") VALUES (39,N'Phạm nghĩa Tú',N'Mới mua sáng nay, chưa biết thế nào Vẫn cho 5 sao vì sự nhiệt tình, chuyên nghiệp của 2 em nhân viên.','2021-03-25',5);
INSERT INTO "Comment"("productId","name","content","date","rate") VALUES (39,N'Trần Thắng',N'Máy dùng thì OK nhưng pin xuống hơi nhanh. Ac nhân viên rất nhiệt tình','2022-01-18',4);
INSERT INTO "Comment"("productId","name","content","date","rate") VALUES (39,N'Mạnh Hùng',N'Pin xuốn hơi nhanh .có lẽ do dùng ssM51 quen rồi.chụp hình chưa đẹp lắm.tạm đc .NV nhiệt tình.hơi nghiệp dư tý','2020-10-25',4);
INSERT INTO "Comment"("productId","name","content","date","rate") VALUES (39,N'C Trang',N'dùng ok','2020-08-31',5);
INSERT INTO "Comment"("productId","name","content","date","rate") VALUES (39,N'MAI',N'Máy nóng, pin tụt, chụp ảnh xấu','2021-10-15',1);
INSERT INTO "Comment"("productId","name","content","date","rate") VALUES (39,N'Phi',N'Sạc nhanh pin trâu nhưng bắt wifi khá kém','2023-08-10',4);
INSERT INTO "Comment"("productId","name","content","date","rate") VALUES (39,N'Nguyễn Thanh Liêm',N'Phải nói Xiaomi 13 T là siêu phẩm trong tầm giá này.Toàn diện về mọi mặt.Sau khoảng 3 ngày sử dụng minh nêu ra những ưu điểm của Xiaomi 13TThiết kế đẹp ,chứng nhận chống nước và bụi IP68, phiên bản da nhân tạo xanh dương quá nhìn quá sang.Màn AMOLED đẹp tuyệt vời, độ sâu màu 12 bit, màu sắc chính xác, 144Hz, Dolby Vision , HDR10+ lun, xem netflix bao phê.Lúc trước mình nghĩ màn samsung đẹp nhất nhưng sau khi xài 13T thì mình nghĩ lại.Dĩ nhiên ko so được với dòng s22 s23 rùi .Pin trâu, sạc nhanh.Loa Dolby Atmos chất lượng nghe rất hay.Thua so 12T pro nhưng mình không thể đòi hỏi quá nhiều ở tầm giá này.Camera với hỗ trợ phần cứng và phần mềm LEICA tuyệt vời toàn diện, chụp ảnh quá đẹp.Chụp ban đêm khác 1 trời 1 vực so với con xiaomi 12 T.Mình nghĩ nhiều bạn nói Samsung chụp đẹp hơn như con S23FE mới ra, nhưng coi trên bài đánh giá thì hơn không nhiều và trừ camera thì samsung thua toàn diện so với 13T.Khuyết điểmChụp camera trước thấy bình thường thua con oppo hay sam sung cùng tầm tiền.Cầu hình chưa phải mạnh nhất , OnePlus Nord 3 ăn đứt em này.Xiaomi 12T sạc 120W, sang 13T còn 67W.','2020-11-15',5);
INSERT INTO "Comment"("productId","name","content","date","rate") VALUES (39,N'Thanh Phong',N'Dùng vài ngày cho cảm giác bình thường. Camera khá tốt khi đủ sáng, đủ để xài ko xuất sắc lắm. Pin ổn cho ai ít chơi game vì có sạc nhanh. Ai dùng chơi game nên cân nhắc, máy nóng mà mặt kính trơn nên phải dùng ốp rồi nên càng nóng. Màn hình ổn, Tóm lại, nếu dùng hoạt động cơ bản lướt web, face, tik,.... chụp choẹt đi chơi thì ok, dù giá hơi cao. Còn dùng chơi game thì hơi đuối tí.','2021-06-17',4);
INSERT INTO "Comment"("productId","name","content","date","rate") VALUES (39,N'Trương Minh Thịnh',N'Ok','2023-11-14',4);
INSERT INTO "Comment"("productId","name","content","date","rate") VALUES (39,N'PT Vỹ',N'Mượt,đẹp,pin trâu,cam tốt,giải trí game nhẹ như liên quân thì tuyệt vời,loa nhỏ mở to thì dễ bị rè,đồng hồ tặng kèm đẹp to hiển thị rất nét,5 không phải bàn,chấm cho anh nhân viên bên TGDD thêm 5 nữa','2023-04-27',5);
INSERT INTO "Comment"("productId","name","content","date","rate") VALUES (39,N'Nhựt',N'Sau một ngày sử dụng thì thấy vẫn chưa có gì bất ổn và vẫn chưa có gì để chê từ chơi game đến camera nói chung xứng đáng đồng tiền con này xài 34 năm trở lên nữa thoải mái + với anh, chị,em ở thế giới Di động rất nhiều tình luôn nói chung 5 sao có gì xảy ra không ổn về sau túi sẽ đánh giá thêm cho ae tham khảo máy rất đáng mua','2021-06-30',5);
INSERT INTO "Comment"("productId","name","content","date","rate") VALUES (39,N'Nguyễn giang',N'Ko định mua nhưng nv tgdd thuận thành bắc ninh rất nhiệt tình nên mua.sơ bộ đánh giá.máy ổn trong tầm giá.thiết kế ngoại hình đẹp bắt mắt.cấu hình ổn.mình ko chơi game nên ko rõ lắm.trong cv mình quét qr tương đối nhiều.thấy máy nhận diện nhanh.ko bị hiện tượng lag giật.xài ok lắm.pin thì mình ko để ý lắm.90% lúc 6h sáng.đến 6h tối vẫn thấy còn 43% thì cũng ok đấy','2021-09-09',4);
INSERT INTO "Comment"("productId","name","content","date","rate") VALUES (39,N'Lưu',N'Lỗi nhận diện khuôn mặt vs dấu vân tay hay bị trùng lặp,Máy xài được 2 ngày thì bị đơ tự reset 4 lầnSạc nóng máySử dụng chơi game nóng','2020-10-05',2);
INSERT INTO "Comment"("productId","name","content","date","rate") VALUES (39,N'Nhi',N'Mình Sài ổn mà pin sạc một lần Sài được 2 ngày luong','2021-09-04',4);
INSERT INTO "Comment"("productId","name","content","date","rate") VALUES (39,N'Hoàng Thị sang',N'K dùng gì mà hảo pin quá','2022-11-06',3);
INSERT INTO "Comment"("productId","name","content","date","rate") VALUES (39,N'Phú',N'Máy nói chung ok có cái để qua đêm pim tụt khiếp quá . Chắc có bản update sau sẽ ok hơn','2022-07-29',4);
INSERT INTO "Comment"("productId","name","content","date","rate") VALUES (39,N'Thien',N'Để qua đêm tụt 10% pin,vậy có phải máy gặp vấn đề ko','2020-09-17',3);
INSERT INTO "Comment"("productId","name","content","date","rate") VALUES (39,N'Lê Quang Vinh',N'','2023-11-27',5);
INSERT INTO "Comment"("productId","name","content","date","rate") VALUES (39,N'Kimvanda',N'Ad cho hỏi nếu mua máy này xài tầm 1 tháng nếu có lỗi thì đem trả có được 1 đổi 1 k ạ','2023-09-26',1);
INSERT INTO "Comment"("productId","name","content","date","rate") VALUES (39,N'A Duy',N'','2020-10-12',5);
INSERT INTO "Comment"("productId","name","content","date","rate") VALUES (39,N'Anh Kiệt',N'','2021-02-20',5);
INSERT INTO "Comment"("productId","name","content","date","rate") VALUES (39,N'Nguyễn Thị Hồng Duyên',N'','2022-08-02',5);

INSERT INTO "Product" ("productId","total","typeId","image","cost","price","discount","rate","releaseDate","name") VALUES (40, 119, 4,'https://cdn.tgdd.vn/Products/Images/42/302531/xiaomi-13-lite-xanh-thumb-1-600x600.jpg',10490000,11490000,8,4.0,'2019-02-01', N'Điện thoại Xiaomi 13 Lite 5G');
INSERT INTO "ProductDetail" ("productId","screen","os","cameraBehind","cameraFront","cpu","ram","rom","battery","sim") VALUES (40,N'AMOLED, 6.55", Full HD+',N'Android 12',N'Chính 50 MP & Phụ 8 MP, 2 MP',N'Chính 32 MP & Phụ 8 MP',N'Snapdragon 7 Gen 1 8 nhân', N'8 GB',N'256 GB',N'4500 mAh',N'2 Nano SIM');
INSERT INTO "Comment"("productId","name","content","date","rate") VALUES (40,N'Võ Phú Cường',N'Mua máy gần 2 tháng thấy máy hay lỗi trễ thông báo mess và zalo. Không biết có cách khắc phục không','2021-11-10',3);
INSERT INTO "Comment"("productId","name","content","date","rate") VALUES (40,N'Khách hàng',N'Mình có qua mua trả góp trực tiếp tại TGDĐ. Trên đó họ đề giá là hỗ trợ trả góp 0% nhưng khi mình tính số tiền còn lại thì dư lên hơn 2 trăm ngàn. Vậy là trả góp vẫn mất lãi nha cả nhà','2021-03-08',4);
INSERT INTO "Comment"("productId","name","content","date","rate") VALUES (40,N'Như',N'Điện thoại xài rất ok nhé','2020-09-05',5);
INSERT INTO "Comment"("productId","name","content","date","rate") VALUES (40,N'Đào Nguyễn Hoa Diễm',N'Điện thoại hao pin quá. Ngày đầu mua về sau 1 đêm tuột 10% pin. Những ngày sau tôi lên mạng xem cách tiết kiệm pin bằng cách tắt các chức năng, ứng dụng không cần thiết thì vẫn hao pin 6% mỗi đêm dù không làm gì cả. Cầm đt lướt fb, tiktok, shopee tầm 5p là nóng máy và pin tuột nhanh lắm. Tuy nhiên, điểm vớt vác được ở con máy này là chụp ảnh nét, chân thực,rất đẹp.','2020-10-06',3);
INSERT INTO "Comment"("productId","name","content","date","rate") VALUES (40,N'Nguyễn viết quý',N'Tốt nhưng hình như bị lỗi cảm biến tiệm cận. Mỗi lần có ng gọi tới tối thui màn hình khi nghe. Kết thúc cuộc gọi là tối thui luôn. K hiện sáng lại.','2022-06-22',4);
INSERT INTO "Comment"("productId","name","content","date","rate") VALUES (40,N'Khánh Tiger',N'Xài 3 tháng, thấy thua Samsung xa, gần đây đang nghe gọi tự nhiên bị văng ra luôn, ai đi ngoài đường nhiều thì nên cân nhắc vì rung yếu. Đúng là tiền nào của đó','2021-01-31',3);
INSERT INTO "Comment"("productId","name","content","date","rate") VALUES (40,N'Trịnh Văn Ánh',N'Xài hơn nữa năm lâu lâu đơ đứng hình màn hình không thao tác được phải khởi động lại máy còn mọi thứ thì ổn trong tầm giá.','2021-05-23',3);
INSERT INTO "Comment"("productId","name","content","date","rate") VALUES (40,N'Huy',N'Mua dề đt cứ lag nói chuyện thì rè loa đt nói nó tệ 9triệu mấy gần 10 triệu mà cứ như 2/3 triệu sài hôm giờ nó lag loa rè chịu không được lên nói nghĩ tức quá 10tr để mua cái khác','2019-03-22',1);
INSERT INTO "Comment"("productId","name","content","date","rate") VALUES (40,N'Phương HB Vlogs',N'Sau 1 tháng sử dụng Điện thoại Xiaomi 13 Lite 5G . Tôi cảm thấy Tất cả đều tốt , Chưa thấy gặp lỗi gì cả . Cái quan trọng nhất vẫn là Sản phẩm này có giá cả rất hợp lý','2019-07-29',5);
INSERT INTO "Comment"("productId","name","content","date","rate") VALUES (40,N'Nhật Minh',N'Mình thấy đt xài rất tốt, đẹp, thời trang.','2022-02-07',5);
INSERT INTO "Comment"("productId","name","content","date","rate") VALUES (40,N'Hồ Hương',N'Mình không chơi game. Mua về để nghe gọi lướt facebook mesenger và zalo. Cảm thấy rất ưng. Mình thấy nói tin nhắn chậm. Chứ mình không thấy chậm gì cả. Gọi điện thoại zalo hay meseng rất ok.','2023-02-21',5);
INSERT INTO "Comment"("productId","name","content","date","rate") VALUES (40,N'Nguyễn Văn Hùng',N'Moi nguoi nên mua','2019-07-22',5);
INSERT INTO "Comment"("productId","name","content","date","rate") VALUES (40,N'Cường',N'Sài nhiều ứng dụng bị nóng tự giảm màng hình khi Sài phút 15 trở lên bị lắc khi live','2023-11-01',2);
INSERT INTO "Comment"("productId","name","content","date","rate") VALUES (40,N'Huỳnh Thị Thắm',N'Mới dùng nên cho 4 sao','2019-10-27',4);
INSERT INTO "Comment"("productId","name","content","date","rate") VALUES (40,N'đinh hoàng lâm',N'thiết kế đẹp nhỏ gọn pin ổn sd được 1 ngàycamera phải nói rất ok lun chụp đẹp cả ngày lẫn đêm nếu nếu ko chuyên có thể up lên fb ngay ko cần sửacấu hình thì ko nói gì thêm xiaomi lúc nào củng rộng rảiriêng hệ điều hành chê nha lúc chơi game nhẹ như farm hero saga bật âm thanh có hiện tượng lag còn như liên quân thì ko. có hiện tượng sụp nguồn khi vô tiktok cái này là do ko tương thích bị xung đột phần mềm đa nhiệm kém mình hay nghe truyện audio trên chrom những máy trước sẽ ko có tình trạng load trang lại khi thoát vẫn sẽ phát audio nhưng máy này phát audio 23 tập sẽ load lại phải vào trang bật lại rất bất tiện','2022-10-04',4);
INSERT INTO "Comment"("productId","name","content","date","rate") VALUES (40,N'Nguyễn Phú Khánh',N'Mới dùng 2 tháng đã lỗi. 1 Bị sọc màn hình2 Mic bị lỗi người nghe bị chậm chờn không nhận ra tiếng nói của mình','2021-11-09',2);
INSERT INTO "Comment"("productId","name","content","date","rate") VALUES (40,N'Nguyễn đình hiếu',N'Từ lúc mua đổi máy 3 lầnvẫn bi lỗi không nhận đc thông báo tin nhắn Zalo message cầm ra bảo hành 5 lần cho đưa lên hãng kiểm tra cầm về vẫn bị cầm ra lần 6 thì bảo giủi lên hãng 1 lần nữa rồi mua cái mái về để dùng hay chỉ để lên bảo hành.thôi dính 1 lô lỗi không khác phục còn đổi thư cho khách hàng dùng bấm cái này sai má nó lm như mình kh biết dùng điện thoại nữa.ah né cái này ra chư mang hoạ vào thân mất thời gian','2019-02-13',1);
INSERT INTO "Comment"("productId","name","content","date","rate") VALUES (40,N'Anh Nhân',N'Điện thoại bị lỗi.xài rất bựckhi có cuộc gọi đếnhay đi lâu lâu cứ bị tối màn hình rồi treo cả buổi điện thoại mới sáng màn hình lại ko biết bị gì luôn','2022-03-30',2);
INSERT INTO "Comment"("productId","name","content","date","rate") VALUES (40,N'Minh Thuận',N'Kiểu dáng đẹp mỏng nhẹ là OK..','2022-01-24',4);
INSERT INTO "Comment"("productId","name","content","date","rate") VALUES (40,N'Dũng',N'Ok. Sản phẩm tốt','2019-03-21',5);
INSERT INTO "Comment"("productId","name","content","date","rate") VALUES (40,N'Nguyễn Thị Huỳnh Diễm',N'Sản phẩm tốt','2020-02-19',5);
INSERT INTO "Comment"("productId","name","content","date","rate") VALUES (40,N'Tuấn',N'Chụp ảnh đẹp .màu tươi. mượt','2022-05-27',5);
INSERT INTO "Comment"("productId","name","content","date","rate") VALUES (40,N'NGUYỄN BẢO TOÀN',N'Tốt','2021-01-29',5);
INSERT INTO "Comment"("productId","name","content","date","rate") VALUES (40,N'Trần văn việt',N'bỏ 10tr ra mua về đến nhà dùng mơi biết máy không nhận tin nhắn về thực hiện chuyển tiền cho OPP mãi không thấy tn về lấy sđt khác nt sang cũng không thấy tn về mà phải gọi đi thì tn mới đẩy về 1 mà còn ko gọi đi là tn không về mang ra tgdđ bảo do lỗi hệ điều hành rồi bảo về cho hệ điều hành mới up 3 lần hệ đều hành vẫn lỗi không nhận tn đt thì thỉnh thoảng dõ sóng báo đầy mà lấy đt khác gọi sang thuê bao không thể tin tưởng đc.','2020-06-17',1);
INSERT INTO "Comment"("productId","name","content","date","rate") VALUES (40,N'Đoàn Thị Kim Quyên',N'Máy đẹp hơn mong đợi,chất lượng phải chờ time xài','2022-08-15',5);
INSERT INTO "Comment"("productId","name","content","date","rate") VALUES (40,N'Ngân',N'Phần mềm ok','2020-06-13',4);
INSERT INTO "Comment"("productId","name","content","date","rate") VALUES (40,N'Anh Nghĩa',N'Sản phẩm hay khởi động lại máy. Nhiều lúc treo máy','2020-04-02',3);
INSERT INTO "Comment"("productId","name","content","date","rate") VALUES (40,N'Bùi Văn Liến',N'Sai một tuần rồi may mượt nói chung on rất tot','2022-03-06',5);
INSERT INTO "Comment"("productId","name","content","date","rate") VALUES (40,N'CHU HUYỀN ĐỨC',N'Sp ưng ý , cảm nhận bạn đầu sử dụng hài lòng , chất lượng thì dùng thời gian nữa mới đánh giá thêm ...','2022-07-26',4);
INSERT INTO "Comment"("productId","name","content","date","rate") VALUES (40,N'Vân',N'Tôi k thích ĐT xiaomi 13 lite 5G ,vì tôi dùng được 2 ngày bị lỗi, tôi đã đổi sam sung, và đã mất phí 20%','2020-09-08',1);
INSERT INTO "Comment"("productId","name","content","date","rate") VALUES (40,N'Thanh',N'Sử dụng mượt, ưu điểm vượt trội so với tầm giá của các sản phẩm khác, tắm nền AMOLED đẹp, màn tràn viền khi sử dụng cảm thấy sang trọng và trơn chu hơn nhờ tần số quét lên đến 120z','2020-03-06',5);
INSERT INTO "Comment"("productId","name","content","date","rate") VALUES (40,N'Nguyễn Linh',N'Ko xứng so với giá tiền cho lắm, mình dùng dc 1 tháng r, dạo gần đây máy lag liên tục, nhất là khi dùng messenger bàn phím đơ ko thể đánh chữ dc. Pin thì cũng bth, sạc bth mà hụt pin khá nhanh. Mình có nhắn cho c nvien nhờ hỗ trợ nhưng cũm ko thấy phản hồi','2023-02-21',2);
INSERT INTO "Comment"("productId","name","content","date","rate") VALUES (40,N'Thuỳ',N'Sử dụng rất mượt và êm ạ','2020-10-05',5);
INSERT INTO "Comment"("productId","name","content","date","rate") VALUES (40,N'Phan Tấn Tài ',N'Hao pin nhanh, cam oke, game k chơi nên k biết','2021-02-01',3);
INSERT INTO "Comment"("productId","name","content","date","rate") VALUES (40,N'Lê Hiền',N'Mẫu mã đẹp, nhưng vẫn chưa cải thiện được 2 vấn đề: 1 là lưu số ĐT bị giới hạn số ký tự. 2 là khóa vân tay chập chờn, lúc được lúc không.','2021-07-08',3);
INSERT INTO "Comment"("productId","name","content","date","rate") VALUES (40,N'Anh An',N'Điện thoại dùng rất tốt.pin trâu sạc nhanh 😁
 Nhân viên nhiệt tình.dễ thương vui vẻ 10 điểm','2023-11-25',5);
INSERT INTO "Comment"("productId","name","content","date","rate") VALUES (40,N'Anh Long',N'Lỗi','2020-01-21',1);
INSERT INTO "Comment"("productId","name","content","date","rate") VALUES (40,N'Đoàn Văn Dũng',N'Ok','2020-08-10',5);
INSERT INTO "Comment"("productId","name","content","date","rate") VALUES (40,N'LÂM VĂN THƠM',N'Mọi thứ đều ổn','2019-09-27',5);
INSERT INTO "Comment"("productId","name","content","date","rate") VALUES (40,N'Trần Thanh Duy',N'Good','2021-11-17',5);
INSERT INTO "Comment"("productId","name","content","date","rate") VALUES (40,N'Đặng Đình Nghiêm',N'Máy dùng ổn, mua lúc máy mới ra xong 1 tháng sau rớt giá 2tr.','2022-02-07',1);
INSERT INTO "Comment"("productId","name","content","date","rate") VALUES (40,N'Quân',N'Máy ko dùng cũng nóng máy','2022-12-13',3);
INSERT INTO "Comment"("productId","name","content","date","rate") VALUES (40,N'Lý Trường Giang',N'Tốt','2023-07-24',5);
INSERT INTO "Comment"("productId","name","content","date","rate") VALUES (40,N'Nguyễn Văn Hồng',N'ok','2019-03-25',5);
INSERT INTO "Comment"("productId","name","content","date","rate") VALUES (40,N'Lê Hoàng Khương',N'Sản phẩm tốt','2019-04-21',5);
INSERT INTO "Comment"("productId","name","content","date","rate") VALUES (40,N'TRẦN THỊ LINH',N'Nhan vien de thuong rat nhiet tinh','2020-08-14',5);
INSERT INTO "Comment"("productId","name","content","date","rate") VALUES (40,N'PHẠM VĂN THỦ',N'Nhưng tôi không biết tải nhạc','2021-07-29',4);
INSERT INTO "Comment"("productId","name","content","date","rate") VALUES (40,N'HÀ THỊ THẠCH THẢO',N'Tốt','2023-04-27',4);
INSERT INTO "Comment"("productId","name","content","date","rate") VALUES (40,N'Nguyễn Huỳnh Thanh Thủy',N'Hiện tại sản phẩm rất tốt, phù hợp với nhu cầu sử dụng của mình.','2021-04-23',5);
INSERT INTO "Comment"("productId","name","content","date","rate") VALUES (40,N'Võ Văn Hoàng',N'Bình thường','2019-05-18',3);
INSERT INTO "Comment"("productId","name","content","date","rate") VALUES (40,N'Thảo',N'Máy cơ bản ổn, bước đầu rất hài lòng','2021-05-01',4);
INSERT INTO "Comment"("productId","name","content","date","rate") VALUES (40,N'Phạm Quang Hưng',N'Mua máy ngay từ ngày đầu tiên mở bán đến giờ. Ưu điểm thiết kế đẹp và bắt mắt, sạc nhanh, camera ổn, thao tác bàn phím khá nhanh không bị chậm. Nhưng nếu dùng chơi game máy rất nóng và pin tụt không phanh, và có một vấn đề là mỗi lần mở bàn phím cảm ứng lên để soạn tin nhắn hay làm gì liên quan tới bàn phím thì thi thoảng thấy bàn phím bị nhấp nháy mà không tìm ra nguyên nhân, chỉ duy nhất lúc mở bàn phím cảm ứng lên để soạn tin nhắn thì mới bị còn tất cả những lúc khác thì màn hình điện thoại hoan toàn bình thường','2019-05-02',3);
INSERT INTO "Comment"("productId","name","content","date","rate") VALUES (40,N'NGUYỄN VĂN VINH',N'Máy sử dụng tốt','2021-11-12',5);
INSERT INTO "Comment"("productId","name","content","date","rate") VALUES (40,N'VÒNG DỊCH TIẾN',N'Đẹp độc chất','2022-03-28',5);
INSERT INTO "Comment"("productId","name","content","date","rate") VALUES (40,N'Thuỳ Linh',N'Điện thoại dùng rất ok, tôi đã mua dùng câi thứ 3 rồi.
 Tuy nhiên, hôm qua chỉ 1 ngày có 3 lần Fastboot.  Sẽ nhờ hướng dẫn lại.
 Vẫn tin dùng mua hàng ở Thế Giới di động','2019-02-18',5);
INSERT INTO "Comment"("productId","name","content","date","rate") VALUES (40,N'TRẦN THỊ MẾN',N'Sản phẩm ok','2020-12-20',5);
INSERT INTO "Comment"("productId","name","content","date","rate") VALUES (40,N'Chị Mi',N'Xài ok','2022-12-29',5);
INSERT INTO "Comment"("productId","name","content","date","rate") VALUES (40,N'Nguyễn Thanh Châu',N'Tốt','2020-03-30',4);
INSERT INTO "Comment"("productId","name","content","date","rate") VALUES (40,N'NGUYỄN VĂN GIỮ',N'Điện thoại hay bị mất sóng,kết nối mạng yếu','2022-03-03',1);
INSERT INTO "Comment"("productId","name","content","date","rate") VALUES (40,N'PHẠM XUÂN NGỌC',N'Các chức năng sử dụng đơn giản,','2022-05-09',4);
INSERT INTO "Comment"("productId","name","content","date","rate") VALUES (40,N'NGUYỄN HỒNG NHUNG',N'Điện thoại dùng ổn. Hình đẹp.','2021-01-06',5);
INSERT INTO "Comment"("productId","name","content","date","rate") VALUES (40,N'Anh Quang',N'Dùg muotj ok','2019-08-15',4);
INSERT INTO "Comment"("productId","name","content","date","rate") VALUES (40,N'Hùng',N'Ok','2023-01-21',4);
INSERT INTO "Comment"("productId","name","content","date","rate") VALUES (40,N'Lý Trung Tuấn',N'Sau nửa tháng sử dụng sản phẩm tương đối tốt, pin sử dụng cả ngày ok,sạc mau đầy pin. Ảnh chụp khá ổn trong tầm giá, thao tác mượt mà. Test game liên quân rất ok ở tất cả Fps, đang chơi có cuộc gọi đến vẫn không ảnh hưởng. máy không nóng khi chơi. Tuy nhiên vẫn có 1 số nhược điểm. Thứ nhất, khi call video ban đêm thiếu ánh sáng hình ảnh bị loè loẹt không nhận dạng được khuôn mặt. Thứ 2, khi lướt Facebook nếu có chia sẻ gì lên chính trang của mình thì FB tự trở về vị trí ban đầu gây phiền hà việc lướt face. mặt khác khi livetream xong quay lại không hiển thị lượt xem. Thỉnh thoảng khi nhấn vào xem video chia sẻ của ai đó lại báo do lỗi kỹ thuật này nọ, tôi thử lấy máy khác thì xem bình thường.Nhìn chung máy sài khá tốt, mượt, thời trang, đáp ứng nhu cầu làm việc của tôi. Đánh giá 4 sao','2021-06-09',4);
INSERT INTO "Comment"("productId","name","content","date","rate") VALUES (40,N'Nông Tư Duyệt',N'Tôi dùng từ 11/3/2023. Cảm nhận là rất tốt. Tiền nào của đấy thôi 😀
 Nhân viên TGDD rất nhiệt tình.','2023-05-07',5);
INSERT INTO "Comment"("productId","name","content","date","rate") VALUES (40,N'Nghiêm Phúc Thịnh',N'Nói chung rất mượt. Pin quá ok','2020-05-07',5);
INSERT INTO "Comment"("productId","name","content","date","rate") VALUES (40,N'Thu Giang',N'ok','2023-10-10',5);
INSERT INTO "Comment"("productId","name","content","date","rate") VALUES (40,N'NGUYỄN HỮU QUYNH',N'Máy dùng tạm ổn chưa thấy lỗi gì','2023-11-12',4);
INSERT INTO "Comment"("productId","name","content","date","rate") VALUES (40,N'Lâm Văn Súng',N'Dùng khá ok','2020-01-25',5);
INSERT INTO "Comment"("productId","name","content","date","rate") VALUES (40,N'Đỗ hoài ly',N'Minh  mới  dùng  nên   cũng  chưa  sử  dungh   hết  mọi tính  năng máy  nhìn   chung  khá  ổn','2022-06-25',4);
INSERT INTO "Comment"("productId","name","content","date","rate") VALUES (40,N'TRẦN HOÀI ÂN',N'Rất ok','2023-03-12',5);
INSERT INTO "Comment"("productId","name","content","date","rate") VALUES (40,N'Anh Thái',N'','2023-11-20',5);
INSERT INTO "Comment"("productId","name","content","date","rate") VALUES (40,N'Phan Tâm',N'','2019-08-24',5);
INSERT INTO "Comment"("productId","name","content","date","rate") VALUES (40,N'Đạt',N'','2023-06-18',5);
INSERT INTO "Comment"("productId","name","content","date","rate") VALUES (40,N'Lợi',N'','2019-11-23',1);
INSERT INTO "Comment"("productId","name","content","date","rate") VALUES (40,N'Nguyen Dang Khoa',N'','2023-01-04',3);
INSERT INTO "Comment"("productId","name","content","date","rate") VALUES (40,N'Nguyễn Quang Huy',N'','2022-07-11',4);
INSERT INTO "Comment"("productId","name","content","date","rate") VALUES (40,N'Anh Trường',N'Ổn định nhưng chưa mượt mà lắm nói chung xài tốt','2019-08-16',4);
INSERT INTO "Comment"("productId","name","content","date","rate") VALUES (40,N'Chị Quế',N'','2023-12-18',4);
INSERT INTO "Comment"("productId","name","content","date","rate") VALUES (40,N'Nguyễn Thị Thậm',N'','2022-03-23',4);
INSERT INTO "Comment"("productId","name","content","date","rate") VALUES (40,N'Chị Nhung',N'','2022-01-30',5);
INSERT INTO "Comment"("productId","name","content","date","rate") VALUES (40,N'Tú',N'','2020-05-24',4);
INSERT INTO "Comment"("productId","name","content","date","rate") VALUES (40,N'TẠ THỊ ANH',N'','2019-08-03',5);
INSERT INTO "Comment"("productId","name","content","date","rate") VALUES (40,N'NGUYỄN THỊ NĂNG',N'','2019-04-25',5);

INSERT INTO "Product" ("productId","total","typeId","image","cost","price","discount","rate","releaseDate","name") VALUES (41, 200, 4,'https://cdn.tgdd.vn/Products/Images/42/309846/xiaomi-redmi-note-12-vang-1-thumb-momo-600x600.jpg',5490000,6490000,13,3.4,'2020-12-22', N'Điện thoại Xiaomi Redmi Note 12 (8GB/256GB)');
INSERT INTO "ProductDetail" ("productId","screen","os","cameraBehind","cameraFront","cpu","ram","rom","battery","sim") VALUES (41,N'AMOLED, 6.67", Full HD+',N'Android 13',N'Chính 50 MP & Phụ 8 MP, 2 MP',N'13 MP',N'Snapdragon 685 8 nhân', N'8 GB',N'256 GB',N'5000 mAh',N'2 Nano SIM');
INSERT INTO "Comment"("productId","name","content","date","rate") VALUES (41,N'Nguyễn Thị Điễm',N'Mua được hơn 1 tháng. Chụp hình mờ. Bấm khởi động lại mà tắt nguồn cả tiếng mới lên. Xài Xiaomi cũng nhiều lần mà bị hụt hẫng với chiếc này','2022-11-30',3);
INSERT INTO "Comment"("productId","name","content","date","rate") VALUES (41,N'Nguyễn văn huân',N'Chụp ảnh quá tệ,Bắt mạng quá kém,MN k nên mua','2023-08-30',1);
INSERT INTO "Comment"("productId","name","content","date","rate") VALUES (41,N'Nguyễn Trọng Thái',N'Lỗi đè modal, các thông báo đè lên nhau mãi không dừng, UX quá cùi tăng giảm âm lượng nó đứng yên luôn phải vuốt thả mới ẩn đi. Lỗi responsive hiển thị thao tác màn hình ngang bị ẩn mấy nút bấm, ngồi kế bên wifi vẫn bị ngắt wifi. Vào ứng dụng Viettel money cái required hỏi quyền bị xung đột với modal của ứng dụng khác không click được gì. Xiaomi redmi 9C xài còn ngon hơn con này, mua có 3tr mà quá trời bền. Nhưng có kết nối 4G lại không có mạng, 2 con Xiaomi y chang nhau luôn. Camera 50MP mà chụp mờ quá trời. Muốn đổi sang máy khác. Đang trên tgdd đổi máy luôn, mới mua đúng 1 ngày. Sợ thật. Lỡ mà lỗi mai mình đi làm rồi ta nói nó cực kỳ phiền luôn. Lỗi 1 thì còn chấp nhận chứ còn lỗi từ mạng tới UX, UI thì chịu rồi.','2021-10-25',1);
INSERT INTO "Comment"("productId","name","content","date","rate") VALUES (41,N'Bình Anh',N'Nếu bạn nếu xác định mua sản phẩm này thì nên suy nghĩ và cân nhắc trước khi mua nha...hay bị mất 4g wifi hay bị đung may khởi động cũng phải gần 10p mới lên máy nữa.... trường hợp này đem ra siêu thị thì các bạn kêu chụp hình ảnh hay quay video lại đến khi quay lại thì các bạn kêu vô căn cứ... mà đôi trả thì vương hồ sơ trả góp bán người thì mất giá kg bằng 1 phần 3.... đành ngậm ngùi để sai... còn tệ hơn cả SS a12 cách đây 2 năm nên bạn nào có ý định mua sản phẩm này thì suy nghĩ kỹ rồi mua','2021-10-31',1);
INSERT INTO "Comment"("productId","name","content","date","rate") VALUES (41,N'Lê Xuân Triểu',N'Mọi thứ đều ổn nhưng thường xuyên mất 4g . Tắt nguồn khởi động lại vẫn không hết','2021-06-07',2);
INSERT INTO "Comment"("productId","name","content","date","rate") VALUES (41,N'Miên',N'Sử dụng một thời gian máy rớt mạng liên tục,mất wifi,dòng sau này kém quá.','2022-07-13',2);
INSERT INTO "Comment"("productId","name","content","date","rate") VALUES (41,N'Lý Chí Dũng',N'Sau 1tuan xai moi thu đeu tot','2022-03-04',5);
INSERT INTO "Comment"("productId","name","content","date","rate") VALUES (41,N'Sang',N'Xài tạm ổn với tầm giá,nhưng camera thì quá tệ,chụp hình k rõ,mang cái iphone 8 ra chụp vẫn đẹp hơn máy này','2023-02-03',3);
INSERT INTO "Comment"("productId","name","content","date","rate") VALUES (41,N'Hiếu',N'sao bị lỗi không kết nối được 4G nhỉ quá chán với tình hình này quá','2022-11-30',3);
INSERT INTO "Comment"("productId","name","content","date","rate") VALUES (41,N'Ca luong thanh tam',N'Sau 1 tuần sử dụng nx như sau ưu tác vụ tốt,bộ nhớ cao,pin trâu,Nhược camera tệ,sóng wifi bắt kém,đôi lúc còn không ổn định dù 5 vạch và ở gần củ phát,ae lưu ý trước khi mua,loa ngoài để nghe nhạc cũng k ổn','2023-02-14',3);
INSERT INTO "Comment"("productId","name","content","date","rate") VALUES (41,N'Mv khoa',N'Chơi liên quân giật lác.muc đc 1 tuần đã đi đổi cái mới vẫn bị.thất vọng wa.ai định mua thì từ bỏ ý định ngay nhé tránh sai lầm như mình','2022-06-04',1);
INSERT INTO "Comment"("productId","name","content","date","rate") VALUES (41,N'Hà Quang Diệp',N'Hay bị mất 4g và wifi.đt bắt sóng 4g quá kém.','2022-08-29',2);
INSERT INTO "Comment"("productId","name","content","date","rate") VALUES (41,N'Đặng Nguyễn Nhựt Linh',N'Loa ngoài thiết kế lỗ trống trên mặt màn hình dễ bám bụi đầy loa','2023-07-02',3);
INSERT INTO "Comment"("productId","name","content","date","rate") VALUES (41,N'A tú',N'Ok tốt','2022-03-25',5);
INSERT INTO "Comment"("productId","name","content","date","rate") VALUES (41,N'Chị Hoài',N'Dùng 3 thág r rất ok','2022-08-20',5);
INSERT INTO "Comment"("productId","name","content","date","rate") VALUES (41,N'Hoàng Minh Cảnh',N'Mới mua về được 2 tuần đã gặp lỗi mất 4G rồi. Khởi động lại kâu nx chứ.','2022-05-22',1);
INSERT INTO "Comment"("productId","name","content","date","rate") VALUES (41,N'Nguyễn Thị ánh Hồng',N'Liên tục bị mất 4g , phải tắt nguồn khởi động lại','2021-02-16',2);
INSERT INTO "Comment"("productId","name","content","date","rate") VALUES (41,N'Lê Thị Kim Chi',N'Tuyệt vời. Nhân viên nhiệt tình, vui vẻ.','2022-04-02',5);
INSERT INTO "Comment"("productId","name","content","date","rate") VALUES (41,N'Huỳnh Đức',N'đt e bị rớt trầy viền thì có sửa dc kh ạ','2021-12-12',5);
INSERT INTO "Comment"("productId","name","content","date","rate") VALUES (41,N'Dinh',N'Spham ok','2022-08-23',5);
INSERT INTO "Comment"("productId","name","content","date","rate") VALUES (41,N'ngô văn phi',N'không ổn xíu nào, liên tục tắt nguồn khởi động lại, quá tệ','2022-05-22',1);
INSERT INTO "Comment"("productId","name","content","date","rate") VALUES (41,N'Lê ơt',N'Điện thoại rất tệ mua rồi giờ thối hận,bửa mua về thì bị lỗi ra cần hỗ trợ thì đợi 2 tiếng mới đổi máy mới,giờ day sạc bị hự phải gửi về bảo hành 7 ngày mới có ,rồi kg biết có hư gì nữa kg nữa chắt bán luôn quá,nên xin ace có mưa thì né máy này ra nhà','2022-03-25',1);
INSERT INTO "Comment"("productId","name","content","date","rate") VALUES (41,N'Khánh',N'Dùng tạm ổn, các tác vụ đều khá tốt chỉ có gửi tin nhắn sms thì rất lâu mới gửi đi được 45s1p','2023-04-09',4);
INSERT INTO "Comment"("productId","name","content","date","rate") VALUES (41,N'Quý',N'Sản phẩm quá tệ mới mua về mà bắt mạng 4g yếu k chạy nổi','2021-08-31',1);
INSERT INTO "Comment"("productId","name","content","date","rate") VALUES (41,N'Nguyễn Năng Lực',N'Mới dùng hơn 2 tháng, loa zè, màu nhoè','2023-05-10',2);
INSERT INTO "Comment"("productId","name","content","date","rate") VALUES (41,N'Chị Hậu',N'Sp tốt','2022-11-18',5);
INSERT INTO "Comment"("productId","name","content","date","rate") VALUES (41,N'Phạm Thị Ý',N'Ok','2022-02-13',4);
INSERT INTO "Comment"("productId","name","content","date","rate") VALUES (41,N'Tô Hoàng Tấn Phát',N'Em vừa mua đc 1 tuần sao nó cớ lag và đứng không biết sao khắc phục','2023-08-05',3);
INSERT INTO "Comment"("productId","name","content","date","rate") VALUES (41,N'Phan Thị Ngọc Mai',N'Dòng này xài cùi hơn cái xiami redmi 8 hồi xưa của mình nữa, pin thì nhanh hết, mua cái đầu bị lỗi nóng máy đơ màn hình này kia đã đem đi đổi lại máy mới mà xài thấy cũng chán. Mua lúc tháng 7 là bán giá gần 6tr5, giờ sale còn có 5tr5 chắc do bị nhiều người chê quá rồi, đó giờ thích xài xiaomi vì pin rất trâu, bền nữa. Mà cái dòng mới này đúng thất vọng','2021-04-28',2);
INSERT INTO "Comment"("productId","name","content","date","rate") VALUES (41,N'Nguyễn văn quang',N'Camera 50 chấm mà chụp xấu vậy.','2021-10-20',2);
INSERT INTO "Comment"("productId","name","content","date","rate") VALUES (41,N'Nguyễn',N'Mạng bắt yếu, các ảnh, video trong thư viện ảnh muốn chỉnh của phải tải trình cắm gì đó của điện thoại về mà tải không được','2022-08-14',3);
INSERT INTO "Comment"("productId","name","content","date","rate") VALUES (41,N'Lê Hồng Hải',N'Dùng xuống pin nhanh, máy hay bị đơ. Mạng bắt yếu, mặc dù báo mạng 5 vạch. Sai lầm khi mua trả góp con này. Được mỗi nhân viên nhiên nhiệt tình. Chứ cái điện thoại dùng mà nản quá','2021-08-15',3);
INSERT INTO "Comment"("productId","name","content","date","rate") VALUES (41,N'Nguyễn văn thọ',N'Mới mua về đã bị lỗi 4g rồi .. cứ phải tắt đi bật lại nhưng mở lại thì lâu. Thấy con này cũng nhiều ng báo lỗi 4g. Wifi cũng yếu nữa.. tệ quá','2021-10-17',2);
INSERT INTO "Comment"("productId","name","content","date","rate") VALUES (41,N'Nguyễn Long Nhật',N'Sài tốt nhưng cam hok được đẹp','2021-05-10',5);
INSERT INTO "Comment"("productId","name","content","date","rate") VALUES (41,N'Nguyễn đình Trường',N'Dùng ổn nhưng thì thoảng hãy mất 4G .phải khởi động lại máy','2021-12-19',5);
INSERT INTO "Comment"("productId","name","content","date","rate") VALUES (41,N'VÕ KHÁNH TUYÊN',N'WIFI và đặc biệt là 4G rất tệ Thường xuyên bị không truy cập được cứ phải bật Chế độ bay hoặc phải Khởi động lại để khắc phục. Dùng rất ức chế vì không biết khi nào được khi nào mất trong khi phải cần kết nối thường xuyên cho công việc','2022-01-01',2);
INSERT INTO "Comment"("productId","name","content","date","rate") VALUES (41,N'Nguyễn Văn Thiện',N'Điện thoại mới mua về được vài ngày là nó Lag và đứng hình không bấm gì được.Cần bảo hành gấp cái máy. Máy mua cho phụ huynh dưới quê nên chưa đi bảo hành được.  xxxx039548','2022-08-17',2);
INSERT INTO "Comment"("productId","name","content","date","rate") VALUES (41,N'Hoá',N'đt cx tạm ổn phần sao đt cảm giác ko kínhgỏ kêu tiếng cạch cạch','2022-03-10',3);
INSERT INTO "Comment"("productId","name","content","date","rate") VALUES (41,N'Võ Minh Đức',N'Lân đầu dùng Xiaomi mua phải con này muốn đúng hụt hẩng.Mình mua 1 con dùng dc khoảng 2 đến 3 ngày bị lỗi mạng 4g mất sóng với cuộc gọi bị treo suốt rất bức xúc khi nói chuyện điện thoại đến khúc quan trọng thì alo alo hoài.....','2022-04-19',1);
INSERT INTO "Comment"("productId","name","content","date","rate") VALUES (41,N'Nhân',N'Tốt','2021-07-15',5);
INSERT INTO "Comment"("productId","name","content","date","rate") VALUES (41,N'Trần Quang Khương',N'Máy dùng tốt chơi game ok','2021-10-28',5);
INSERT INTO "Comment"("productId","name","content","date","rate") VALUES (41,N'Tấn khoa',N'Máy Sài tốt nhưng lâu lâu hay bị mất 4g phải khởi động lại mới bật được 4g','2021-02-26',4);
INSERT INTO "Comment"("productId","name","content","date","rate") VALUES (41,N'Phan Thế Quốc',N'Lân đầu dùng Xiaomi mua phải con này muốn đúng hụt hẩng.Mình mua 1 con dùng dc khoảng 4 đến 5 ngày bị lỗi mạng 4g với cuộc gọi bị treo. Ra TGDD được đổi lấy con khác. Về dùng vẫn bị lỗi 4g. Chán vô cùng.','2021-05-05',2);
INSERT INTO "Comment"("productId","name","content","date","rate") VALUES (41,N'Vương',N'Cục Sạc Bị Lỗi Có Đổi Lại Không AD','2022-12-20',3);
INSERT INTO "Comment"("productId","name","content","date","rate") VALUES (41,N'Nguyễn Lý',N'Cũng ok . Nhưng hình ảnh k bằng Xiaomi 8lite','2022-12-10',3);
INSERT INTO "Comment"("productId","name","content","date","rate") VALUES (41,N'Dm',N'Camera xấu pin k được trâu lắm','2021-03-10',3);
INSERT INTO "Comment"("productId","name","content","date","rate") VALUES (41,N'Nguyễn Tư Ái',N'Pin rất yếu. Chỉ nghe gọi lướt Facebook ít mà từ 7h sáng đến 16h30 đã sập nguồn. Ra đổi cái khác mất 20%. Nản','2022-08-31',1);
INSERT INTO "Comment"("productId","name","content","date","rate") VALUES (41,N'Pham văn điệp',N'Pin trau .may lâu lau vân bị đơ','2022-11-14',3);
INSERT INTO "Comment"("productId","name","content","date","rate") VALUES (41,N'Hải',N'Dòng 8 256GB tầm trung này xài tốt chiến game OK nên mua','2021-04-01',5);
INSERT INTO "Comment"("productId","name","content","date","rate") VALUES (41,N'Phụng',N'điện thoại tốt nhán viên phục vụ tốt','2021-10-03',4);
INSERT INTO "Comment"("productId","name","content","date","rate") VALUES (41,N'NGÔ VĂN KHẢI',N'OK','2023-09-16',5);
INSERT INTO "Comment"("productId","name","content","date","rate") VALUES (41,N'Anh Chiến',N'Cũng ok ạ. Phù hợp với túi tiền. Trải nghiệm khá ok','2023-08-29',5);
INSERT INTO "Comment"("productId","name","content","date","rate") VALUES (41,N'PHẠM VĂN THỎA',N'Nhân viên nhiệt tình thân thiện sản phẩm ủy tín chất lượng','2022-07-15',5);
INSERT INTO "Comment"("productId","name","content","date","rate") VALUES (41,N'Nguyễn Đức phu',N'','2022-12-10',1);
INSERT INTO "Comment"("productId","name","content","date","rate") VALUES (41,N'Thắng',N'','2023-01-29',4);
INSERT INTO "Comment"("productId","name","content","date","rate") VALUES (41,N'Trần Phước Sang',N'','2022-06-09',5);
INSERT INTO "Comment"("productId","name","content","date","rate") VALUES (41,N'Chị Hà',N'','2023-05-19',4);
INSERT INTO "Comment"("productId","name","content","date","rate") VALUES (41,N'Nguyễn Khánh Thoại',N'','2021-02-16',5);
INSERT INTO "Comment"("productId","name","content","date","rate") VALUES (41,N'Tran minh hien',N'','2022-08-07',5);
INSERT INTO "Comment"("productId","name","content","date","rate") VALUES (41,N'Vu Quyet Thang',N'','2023-06-26',3);
INSERT INTO "Comment"("productId","name","content","date","rate") VALUES (41,N'Hiền',N'','2023-04-13',5);
INSERT INTO "Comment"("productId","name","content","date","rate") VALUES (41,N'Anh Vịnh',N'','2023-10-29',5);
INSERT INTO "Comment"("productId","name","content","date","rate") VALUES (41,N'Anh Đức',N'','2023-10-24',5);
INSERT INTO "Comment"("productId","name","content","date","rate") VALUES (41,N'Quốc Vĩ',N'','2023-05-13',5);
INSERT INTO "Comment"("productId","name","content","date","rate") VALUES (41,N'Tân',N'','2023-01-28',4);
INSERT INTO "Comment"("productId","name","content","date","rate") VALUES (41,N'Hoàng',N'','2021-01-02',5);
INSERT INTO "Comment"("productId","name","content","date","rate") VALUES (41,N'Phạm HOÀI NHÂN',N'','2023-12-07',5);
INSERT INTO "Comment"("productId","name","content","date","rate") VALUES (41,N'Nguyễn Thanh Hải',N'','2023-02-26',5);
INSERT INTO "Comment"("productId","name","content","date","rate") VALUES (41,N'Nguyễn Văn Tứ',N'','2022-10-16',5);
INSERT INTO "Comment"("productId","name","content","date","rate") VALUES (41,N'Nguyễn Duy Ban',N'','2022-02-16',4);
INSERT INTO "Comment"("productId","name","content","date","rate") VALUES (41,N'Như',N'','2022-01-12',5);
INSERT INTO "Comment"("productId","name","content","date","rate") VALUES (41,N'Nguyễn Trúc Nguyên',N'','2023-03-02',3);
INSERT INTO "Comment"("productId","name","content","date","rate") VALUES (41,N'NGUYỄN QUỐC HOÀI NAM',N'','2023-03-05',3);
INSERT INTO "Comment"("productId","name","content","date","rate") VALUES (41,N'CÔNG TY TNHH TƯ VẤN THIẾT KẾ PCCC BẢO MINH',N'','2023-02-16',4);
INSERT INTO "Comment"("productId","name","content","date","rate") VALUES (41,N'Mai Thị Thu Hà',N'','2023-10-22',5);

INSERT INTO "Product" ("productId","total","typeId","image","cost","price","discount","rate","releaseDate","name") VALUES (42, 59, 4,'https://cdn.tgdd.vn/Products/Images/42/309816/xiaomi-13t-pro-xanh-thumb-600x600.jpg',13990000,15990000,6,3.9,'2021-09-09', N'Điện thoại Xiaomi 13T Pro 5G');
INSERT INTO "ProductDetail" ("productId","screen","os","cameraBehind","cameraFront","cpu","ram","rom","battery","sim") VALUES (42,N'AMOLED, 6.67", 1.5K',N'Android 13',N'Chính 50 MP & Phụ 50 MP, 12 MP',N'20 MP',N'MediaTek Dimensity 9200+ 5G 8 nhân', N'12 GB',N'256 GB',N'5000 mAh',N'2 Nano SIM');
INSERT INTO "Comment"("productId","name","content","date","rate") VALUES (42,N'Ngân',N'Từ s21ultra tự nhiên bị sọc màn qua, sử dụng samsung suốt nhiều năm nay, đa số đều có những vấn đề tự phát sinh về màn hình khi hết bảo hành, nên quyết định từ giả samsung. Sử dụng được e này vài ngày, cảm nhận màn cùng 1 tấm ảnh thua samsung rất nhiều, mặc dù màn này đã 1.5K, pải qua nhiều ngày mới chấp nhận được sự thật này. Ảnh từ Camera cũng không sinh động như s21ultra. Gọn gàng hơn s21ultra, mượt, nhưng khoá báo chí tắt rồi tự mở lại rất khó chịu về vấn đề này. Chơi game cũng khá mượt, sạc 120w rất nhanh nhưng sử dụng đến cuối ngày là về 20%. Tóm lại 10 không có nhưng cũng ổn rồi. Nên mua nhe mọi người, hi vọng không có vấn đề gì phát sinh trong quá trình sử dụng.','2022-01-30',4);
INSERT INTO "Comment"("productId","name","content","date","rate") VALUES (42,N'Đặng Quốc Huy',N'Đã mua cỡ hơn 2 tháng và xài rất ngon','2021-09-12',5);
INSERT INTO "Comment"("productId","name","content","date","rate") VALUES (42,N'Phương nam',N'Sao máy mới mua mà bị đèn xanh nơi camera trước vậy','2023-03-02',2);
INSERT INTO "Comment"("productId","name","content","date","rate") VALUES (42,N'Vinh',N'Máy dùng tốt,anh chị nhân viên nhiệt tình,nhưng mà máy em sao bây giờ cầm máy mình lắc nhẹ thôi cũng nghe tiếng kêu lạch cạch bên trong ko biết giờ muốn đổi máy mới có được ko .','2022-12-24',4);
INSERT INTO "Comment"("productId","name","content","date","rate") VALUES (42,N'Ngọc',N'Màn hình đẹp. Máy chạy nhanh, mượt. Có điều pin tụt nhanh quá. Tổng thời gian on screen chắc chừng 4 tiếng là cùng. Không dùng được hết 1 ngày làm việc. Phải cắm sạc 1 lần','2022-04-10',3);
INSERT INTO "Comment"("productId","name","content","date","rate") VALUES (42,N'Quang Tuấn',N'Tsao mà máy tụt pin nhanh kinh khủng thật dù mình đã up rom beta mới nhất xài những tác vụ rất nhẹ mà pin tụt như tụt','2023-05-11',3);
INSERT INTO "Comment"("productId","name","content","date","rate") VALUES (42,N'Giau',N'1 sao vì sang dữ liệu không được, 1 sao vì trong tầm giá nhưng nhận được bản 256G','2023-09-20',1);
INSERT INTO "Comment"("productId","name","content","date","rate") VALUES (42,N'Lâm pha',N'Nói chung xài ổn với phân khúc trong tầm giá','2023-10-02',5);
INSERT INTO "Comment"("productId","name","content","date","rate") VALUES (42,N'Chiến',N'Pin lỗi hay sao ấy.Sạc tầm 45 phút mới đầy pin. Chậm hơn cả máy chỉ có sạc 67W. Mà dùng cũng k đc hết 1 ngày. Mình so ngay với máy cũ của mình dùng đc 4 năm pin còn khỏe hơn con này','2021-10-10',2);
INSERT INTO "Comment"("productId","name","content","date","rate") VALUES (42,N'Hoàng hiệp',N'V , lúc mua 15tr hơn 1 tháng sau còn 12 , tụt giá kinh thật','2022-07-24',2);
INSERT INTO "Comment"("productId","name","content","date","rate") VALUES (42,N'Tiến',N'Nhìn chung xài dc 3 ngày thì mình đánh giá pin tệ hơn con mi 10t pro của mình. Con mi10t xài hơn 3 năm pin bây h xài cả ngày mới hết. Con này mới mua đã con xài 3 năm 2 con đều 5000mAh . rất nóng máy','2023-07-27',2);
INSERT INTO "Comment"("productId","name","content","date","rate") VALUES (42,N'Vinh',N'H thấy k ổn r nek','2022-12-12',3);
INSERT INTO "Comment"("productId","name","content","date","rate") VALUES (42,N'Nguyễn an Trung',N'Sao điện thoại này kết nối cổng 5G wifi ko đc vậy','2022-10-14',4);
INSERT INTO "Comment"("productId","name","content","date","rate") VALUES (42,N'Thanh',N'camera sịn sò, sạc 15p đầy pin. 5 sao chất lượng nhé.Tui đang dùng đây các mợ','2023-03-31',5);
INSERT INTO "Comment"("productId","name","content","date","rate") VALUES (42,N'Vũ Văn Tùng',N'Mới lên đời từ note 8 pro qua 13t pro, không có gì để chê','2021-11-12',5);
INSERT INTO "Comment"("productId","name","content","date","rate") VALUES (42,N'Tâm',N'Sao máy sài tụt pin nhanh quá. Có cách nào khắc phục được không ạ','2023-09-01',3);
INSERT INTO "Comment"("productId","name","content","date","rate") VALUES (42,N'Nguyễn Huỳnh Đức',N'Tốt, dùng 2 ngày rồi cảm nhận thấy hài lòng, mình đã chuyển từ 14promax sang con này và không thất vọng, chắc do mình dùng 14 pro max quen hay sao đấy mà thấy con này tụt pin khá nhanh nhưng bù lại được sạc nhanh 120 w nên cũng bù đắp lại được, hầu như mình chưa bị chậm thông báo, camera chụp cũng đẹp đối với mình, sóng sánh cũng khỏe, đặc biệt mình thích nhất là chuẩn kháng nước ip68, nói chung là ok mọi người nên mua và trải nghiệm nhé, mình cũng không phải fan hãng nào cả, thấy tốt thì mình chia sẻ cho mọi người tham khảo','2023-04-16',5);
INSERT INTO "Comment"("productId","name","content","date","rate") VALUES (42,N'Nguyễn Khánh',N'Xiaomi 13pro này không có sạc ngược cho máy khác phải không','2023-02-13',4);
INSERT INTO "Comment"("productId","name","content","date","rate") VALUES (42,N'Nguyễn Văn Đức',N'Đây có phải cap sạc chuẩn của Xiaomi k mn, k hỗ trợ sạc nhanh 120 w. Em mua hàng đã qua sửa dụng nên k biết ạ','2023-03-04',4);
INSERT INTO "Comment"("productId","name","content","date","rate") VALUES (42,N'Nguyễn Cường',N'Mình dùng xiaomi 8 năm rồi, chưa máy nào làm mình thất vọng, xiaomi 13t pro quả thật rất đáng sử dụng và là chiếc máy mình hài lòng nhất trong những chiếc xiaomi mình đã sử dụng từ trước đến giờ, màn hình hiển thị cực đẹp, máy mượt mà dùng không bị nóng, mình ko chơi game nên ko đánh giá về game, pin đủ dùng 1 ngày thoải mái kèm sạc siêu siêu nhanh, mình thường sạc tầm 25% mà sạc đầy chỉ khoảng 18 phút. Máy ảnh chụp tuyệt đẹp, nét căng, chi tiết. Điểm yếu là camera trước ko đc đẹp và hơi ảo ảnh chút. Nói chung chiếc máy này là số 1 trong phân khúc.','2022-06-04',5);
INSERT INTO "Comment"("productId","name","content","date","rate") VALUES (42,N'Vũ Cường',N'Máy thi thoảng bị rớt cuộc gọi. Khi ra cửa hàng kiểm tra gọi thử 7 cuộc thì lại không bị rớt nên không thể làm gì ngoài việc bê máy về ngậm ngùi sống chung với bệnh. Ngoài việc rớt cuộc gọi thì đánh giá chung máy hoạt động tốt. Đúng như quảng cáo','2022-06-28',3);
INSERT INTO "Comment"("productId","name","content","date","rate") VALUES (42,N'Nguyễn Hoàng Kha',N'Toàn diện trong phân khúc, pin, màn hình, loa, Camera, mình đã trải nghiệm đủ 3 màu thấy đẹp nhất là xanh lá.','2022-01-31',5);
INSERT INTO "Comment"("productId","name","content","date","rate") VALUES (42,N'Nguyễn xuân mạnh',N'Máy khá nóng khi chơi game, kể cả dùng tác vụ thường. Chậm thông báo, có lúc báo lại tb. chất lượng Âm thanh ko được tốt lắm ra blut cũng vậy. 1 số ứg dụng looading lâu. Còn đâu pin, độ mượt, sạc nhanh, camera thì rất rất ngon. Các lỗi trên có thể do hệ điều hành, lâu lâu bị giật nhẹ.','2022-12-12',2);
INSERT INTO "Comment"("productId","name","content","date","rate") VALUES (42,N'Linh',N'Tác vụ ổn, màn một số ứng dụng bị đơ,k tiếp nhận cảm ứng','2023-03-09',3);
INSERT INTO "Comment"("productId","name","content","date","rate") VALUES (42,N'Luyen',N'Máy mượt mà, ít nóng, cam đẹp, thiết kế sang trọng, mang lại trải nghiệm hài lòng.','2022-09-11',5);
INSERT INTO "Comment"("productId","name","content","date","rate") VALUES (42,N'Trần Văn Phường',N'Máy mượt dáng đẹp màng hình sáng cao game tốt sạc nhanh IP 68 ống kính Laica Tính năng cao cấp máy chính hãng giá tầm trung','2022-10-21',5);
INSERT INTO "Comment"("productId","name","content","date","rate") VALUES (42,N'Anh Hiếu',N'Tính ngày mua đến nay vẫn mượt màVề lâu dài để kiểm chứng sau','2023-09-17',5);
INSERT INTO "Comment"("productId","name","content","date","rate") VALUES (42,N'Nguyễn Lộc',N'khuyên m.n nên ra Cellphones mua bên đó bản 12/512 bằng với giá bên này 12/256 , sai lầm khi mua ở đây, chán','2022-04-10',2);
INSERT INTO "Comment"("productId","name","content","date","rate") VALUES (42,N'Duy hậu',N'Mảy bị đơ nha tự động sập nguồn nhân viên nhiệt tình máy đơ quá','2023-01-22',3);
INSERT INTO "Comment"("productId","name","content","date","rate") VALUES (42,N'Lê Văn Thao',N'Đã dùng được hơn 1 tuần.dùng cũng ok.chụp ảnh đẹp vì có leica + pin 5k cũng trâu','2021-10-18',5);
INSERT INTO "Comment"("productId","name","content","date","rate") VALUES (42,N'Anh Tú',N'Máy rất tốt rất đáng mua.Sạc 19 phút đã đầy pin.Hà Nội Thế Giới Di Động 18B Trần Phú  Hà Đông bán hàng tư vấn rất tốt.Mọi người nên đến đó mua nhé','2022-05-20',5);
INSERT INTO "Comment"("productId","name","content","date","rate") VALUES (42,N'Lê Duy quang',N'Tại sao tôi mua sản phẩm 13t pro lại không được tích điểm và cũng không thấy nói gì về quà tặng','2023-10-04',3);
INSERT INTO "Comment"("productId","name","content","date","rate") VALUES (42,N'Đoàn Văn Nam',N'Máy đẹp mượt, chơi game tốt','2023-02-17',5);
INSERT INTO "Comment"("productId","name","content","date","rate") VALUES (42,N'trần anh',N'máy dùng tốt,đã dùng 1 tuần cảm giác rất tuyệt trong tầm giá của 1 con máy chính hãng','2023-02-24',5);
INSERT INTO "Comment"("productId","name","content","date","rate") VALUES (42,N'Tín',N'Đặt trước 1 máy ở TGDD, 1 máy ở Cellphones. 2 máy giá bằng nhau nhưng Cellphones thì 512g, còn TGDD 256g. Sai lầm khi đặt trực bên này','2021-12-25',2);
INSERT INTO "Comment"("productId","name","content","date","rate") VALUES (42,N'Bảo Trần',N'Máy hiệu năng tốt đáng để mua','2023-01-20',5);
INSERT INTO "Comment"("productId","name","content","date","rate") VALUES (42,N'Huỳnh Vĩnh Đường',N'','2022-11-29',4);
INSERT INTO "Comment"("productId","name","content","date","rate") VALUES (42,N'Đỗ Văn Mạnh',N'','2022-08-10',4);
INSERT INTO "Comment"("productId","name","content","date","rate") VALUES (42,N'Trần Tư Mẩn',N'','2021-11-04',5);
INSERT INTO "Comment"("productId","name","content","date","rate") VALUES (42,N'LÊ VĂN THÀNH',N'','2022-10-18',5);
INSERT INTO "Comment"("productId","name","content","date","rate") VALUES (42,N'Trần Đức Hùng',N'','2022-06-17',5);
INSERT INTO "Comment"("productId","name","content","date","rate") VALUES (42,N'Trần Văn Duy Minh',N'','2021-09-19',4);
INSERT INTO "Comment"("productId","name","content","date","rate") VALUES (42,N'Đào Khắc Kiên',N'','2023-09-27',5);

INSERT INTO "Product" ("productId","total","typeId","image","cost","price","discount","rate","releaseDate","name") VALUES (43, 131, 4,'https://cdn.tgdd.vn/Products/Images/42/234621/Xiaomi-12-xam-thumb-mau-600x600.jpg',12990000,13990000,7,3.8,'2020-05-20', N'Điện thoại Xiaomi 12 5G');
INSERT INTO "ProductDetail" ("productId","screen","os","cameraBehind","cameraFront","cpu","ram","rom","battery","sim") VALUES (43,N'AMOLED, 6.28", Full HD+',N'Android 12',N'Chính 50 MP & Phụ 13 MP, 5 MP',N'32 MP',N'Snapdragon 8 Gen 1', N'8 GB',N'256 GB',N'4500 mAh',N'2 Nano SIM');
INSERT INTO "Comment"("productId","name","content","date","rate") VALUES (43,N'Thắng',N'Mới mua được 1 ngày thấy rất là ổn. Mình chỉ dùng để nghe gọi rồi lướt mxh thì thấy rất ổn','2023-04-19',5);
INSERT INTO "Comment"("productId","name","content","date","rate") VALUES (43,N'Trần Quốc an',N'Ms mua hôm qua nhưng sao fps nóng lên là tuộc chơi gem nhẹ thôi liên quân thôi mà tầm 45 phút là tuột fps xuống 4550 khó chịu','2023-04-14',3);
INSERT INTO "Comment"("productId","name","content","date","rate") VALUES (43,N'A Băng',N'Màng hình Amoled,tần số quét 120hz,chíp khá mạnh,độ sáng cao,thì đương nhiên phải đổi lại là tốn pin,hãng cũng trang bị sat nhanh 67w,sạt khoảng 30p đầy pin.Nếu mình hiểu thì vậy là quá ổn rồi.','2020-08-28',5);
INSERT INTO "Comment"("productId","name","content","date","rate") VALUES (43,N'Nguyễn Thị Nhàn',N'Pin tụt quá nhanh','2023-09-08',2);
INSERT INTO "Comment"("productId","name","content","date","rate") VALUES (43,N'Hà Văn Tương',N'Mới lấy máy lúc chiều về.sạc đầy pin 100% xài chưa tới 10p tục pin còn 93%...nhanh thật.máy mới mà như vậy.mốt củ rồi ko biết còn tụt tới cỡ nào...','2022-07-30',3);
INSERT INTO "Comment"("productId","name","content","date","rate") VALUES (43,N'Mình tuấn',N'Có cách nào để khác phục tình trạng máy nóng lên khi đang chơi game không .. chứ thật sự khi chơi game máy nóng thì xuất hiện . Hiện tượng bị lag','2023-11-17',3);
INSERT INTO "Comment"("productId","name","content","date","rate") VALUES (43,N'Thành',N'Ko bắt được wifi','2021-10-09',3);
INSERT INTO "Comment"("productId","name","content","date","rate") VALUES (43,N'Tôn Thất Bảo',N'Vẫn còn hay lag với mau nóng','2022-12-06',3);
INSERT INTO "Comment"("productId","name","content","date","rate") VALUES (43,N'Đoàn Thanh Hải',N'Chỉ lướt Facebook, zalo, đọc báo thôi mà máy nóng khiếp, nếu chơi game chắc có thể chiên trứng được luôn.','2022-09-10',2);
INSERT INTO "Comment"("productId","name","content","date","rate") VALUES (43,N'Trần Ẩn',N'màn đẹp nhưng không sáng lắm so với cùng phân khúc.tác vụ thường mượt nhiệt độ bình thường,game nặng thì hơi ấm ấm.camera chính ở auto chụp ổn','2022-01-04',4);
INSERT INTO "Comment"("productId","name","content","date","rate") VALUES (43,N'Tình',N'Máy xài rất OK, nhưng có một vấn đề là hơi hao pin, được cái sạc nhanh','2023-06-18',4);
INSERT INTO "Comment"("productId","name","content","date","rate") VALUES (43,N'Anh Nhơn',N'OK','2021-01-03',4);
INSERT INTO "Comment"("productId","name","content","date","rate") VALUES (43,N'Anh Quân',N'Điện thoại rất mượt sử dụng rất tốt.','2020-10-16',5);
INSERT INTO "Comment"("productId","name","content","date","rate") VALUES (43,N'Nam',N'Mới mua cuối tháng 9 tại ĐMX Na Dương, máy chỉ dùng một lúc là nóng ran dù chỉ sử dụng bình thường, thật sự quá thất vọng, sai lầm vì đã mua','2021-07-15',1);
INSERT INTO "Comment"("productId","name","content","date","rate") VALUES (43,N'Quỳnh Như',N'Chơi game chưa thật sự mượt và ưng ý cho lắm, pin tuột nhanh. Tối còn 85% pin, không treo game, không bật nhạc hay coi gì, chỉ có kết nối wifi thôi, vậy mà không cắm sạc và đi ngủ qua đêm, sáng dậy hết pin tự sập nguồn','2022-09-04',3);
INSERT INTO "Comment"("productId","name","content","date","rate") VALUES (43,N'Nguyễn Văn Triển',N'Mọi thứ đều ổn. Nhưng chỉ lướt facebook và tiktok mà sao máy nóng và tụt bin hơi nhanh','2023-12-07',4);
INSERT INTO "Comment"("productId","name","content","date","rate") VALUES (43,N'Hung Nguyen',N'Máy rất nóng và hao pin nha các bạn.Bình thường mình chơi lq trên mấy đt tầm 5tr khác dù cũng nóng do chip cùi nhưng chỉ tốn 5% pin mỗi trận. Còn cái xiaomi 12 này chip Snap 8 Gen 1 mà chơi lq cài cấu hình gần thấp nhất vẫn nóng như cục than pin thì mất tới 9% một game. Dù đã bật tiết kiệm pin và chỉnh tần số quét màn hình 60hz. Sạc đầy 100% pin và chỉ chơi 18phút cho 1 ván liên quân đã còn 89% Hối hận khi mua cái đt này.Các bạn né xa hãng xiaomi này.Bên samsung tối ưu rất tốt máy luôn mát và cực kỳ tiết kiệm pin.','2021-05-22',2);
INSERT INTO "Comment"("productId","name","content","date","rate") VALUES (43,N'Hiền',N'Ưu điểm Nhỏ gọn đẹp chơi game mượt không giật lag.Nhược điểm MÁY XÀI CỰC KÌ NHANH NÓNGGGGGGGG.DÙNG ĐC XÍU MÁY CỰC NÓNG LUÔN. NHIỀU GAME ĐANG CHƠI MÁY NÓNG TỰ OUT GAME LUÔN.THỈNH THOẢNG LƯớT TIKTOK HAY XEM PHIM CŨNG NÓNG.','2020-08-25',3);
INSERT INTO "Comment"("productId","name","content","date","rate") VALUES (43,N'Nguyễn Võ Bảo Khiêm',N'Máy mua về sử dụng 1 tuần đang dùng lướt Facebook Xem video thì bị đen màn hình xong rồi thoát ra màn hình khóa1 ngày bị 2 lần','2022-07-23',3);
INSERT INTO "Comment"("productId","name","content","date","rate") VALUES (43,N'Nguyễn Thị Phước Xinh',N'Máy gọn vừa tay sạc pin nhanh nhưng hơi tụt pin mình xài ko chơi game nhưng pin tuột nhanh máy chụp hình đẹp bắt nét chuẩn sống động hi vọng phiên bản cập nhật mới sẽ ổn hơn pin tuột nhanh thôi ngoài ra mỗi thứ đều tốt','2023-01-13',4);
INSERT INTO "Comment"("productId","name","content","date","rate") VALUES (43,N'Lưu Thành Danh',N'Mua đc gần 1 tháng xài tốt . Có gì đâu . Thích nhất màn hình cong. Máy nhỏ dễ cầm sử dụng 1 tay ko bị chạm nhầm. Chơi game thì máy nào ko nóng. Rất hài lòng khi mua máy này','2022-09-30',5);
INSERT INTO "Comment"("productId","name","content","date","rate") VALUES (43,N'Nguyễn Đăng Khoa',N'Không thể kết nối được wifi trong khi thử tất cả máy khác đều được. Thật sự rất bực mình. Lúc có lúc không','2023-11-07',2);
INSERT INTO "Comment"("productId","name","content","date","rate") VALUES (43,N'Nguyễn Thị Thúy Vi',N'Em mới mua cái Xiaomi 12 gần 1 tuần mấy hôm nay nay buổi tối trước khi ngủ em sạc pin 100% rồi mới rút ra nhưng sáng dậy thấy nó bị tuột pin có hôm ko tuột pin nhưng có hôm tuột 15% có hôm tuột 10% còn bị nóng máy nữa ạ trong khi đó em ko hề xạc pin để qua đêm ạ','2020-08-21',5);
INSERT INTO "Comment"("productId","name","content","date","rate") VALUES (43,N'Duc',N'Được tư vấn là chip 8gen1 chơi game mạnh mẻ mà mua về thua mấy máy 5tr nóng máy','2022-05-01',1);
INSERT INTO "Comment"("productId","name","content","date","rate") VALUES (43,N'NGUYỄN KIM GIÀU',N'Tốt','2023-06-13',5);
INSERT INTO "Comment"("productId","name","content","date","rate") VALUES (43,N'Thành Đô ',N'Nóng lắm k như qc mát mẻ','2023-05-26',3);
INSERT INTO "Comment"("productId","name","content","date","rate") VALUES (43,N'NGUYỄN MINH TUẤN',N'Rất hài lòng','2022-06-10',5);
INSERT INTO "Comment"("productId","name","content","date","rate") VALUES (43,N'NGUYỄN HOÀI PHONG',N'Ok','2020-07-20',4);
INSERT INTO "Comment"("productId","name","content","date","rate") VALUES (43,N'NGUYỄN ĐẶNG HỮU LỘC',N'Có 1 thất vọng nhỏ là miếng dán màn hình khuôn của máy đã bị mất ... Lý do là trong lúc vận chuyển ... Mình ko thích cái lý do đó vì mình ko phải con nít ... Dán lại miếng dán khác thì nó rất khó chịu khi thao tác cử chỉ vuốt chạm trên màn hình ... Làm mình ko tin là.máy chưa qua sử dụng','2021-10-24',3);
INSERT INTO "Comment"("productId","name","content","date","rate") VALUES (43,N'Chị Liên',N'Đt lướt mượt. K biết sài lâu có bị chậm lại hok','2021-12-05',5);
INSERT INTO "Comment"("productId","name","content","date","rate") VALUES (43,N'Văn Quý ',N'Mới hai tháng đen thui màn hình. Gửi hãng 15 ngày ai bù cho mình đây. Sản phẩm bị lỗi rồi mình cũng phải chịu vậy sao. Cay ....','2022-12-17',2);
INSERT INTO "Comment"("productId","name","content","date","rate") VALUES (43,N'Hưng',N'Trên thông tin máy có ghi âm cuộc gọi mà không có các nào cài được tự ghi âm','2023-05-04',3);
INSERT INTO "Comment"("productId","name","content","date","rate") VALUES (43,N'NGUYỄN ĐỨC LONG',N'Khuyến mại máy lọc không khí mà chưa thấy gửi về','2021-05-06',4);
INSERT INTO "Comment"("productId","name","content","date","rate") VALUES (43,N'Nguyễn Thị Mai',N'Mới mua dc vài bữa nhưng nhìn chung rất là ngon nhất trong tầm giá này rồi cam suất sắc luôn tiếc là không mua sớm hơn bạn nhân viên rất nhiệt tình','2021-10-20',5);
INSERT INTO "Comment"("productId","name","content","date","rate") VALUES (43,N'Du',N'ko thích màn hình cong, khó vuốt chuyển app sang tab khác.','2022-01-20',3);
INSERT INTO "Comment"("productId","name","content","date","rate") VALUES (43,N'Hoàng Anh Đức ',N'Sao xem YouTube màu đỏ nó thể hiện rực rỡ quá vậy ad','2022-04-26',4);
INSERT INTO "Comment"("productId","name","content","date","rate") VALUES (43,N'Giang',N'Đảm bảo trầm giá 13tr không em nào vượt qua được Xiaomi 12. Quá chất lượng cho một sản phẩm.','2020-10-07',5);
INSERT INTO "Comment"("productId","name","content","date","rate") VALUES (43,N'Nguyễn Hồng Lâm',N'Máy xài rất ok nhân viên TGDD cũng rất ok luôn','2022-07-21',5);
INSERT INTO "Comment"("productId","name","content","date","rate") VALUES (43,N'Gbao',N'Dịch vụ, thái độ với khách hành rất tốt. Ngoài hiệu năng cao thì máy khá nóng nhưng đã quyết định mua thì không trách bên TGDĐ được. Tóm lại vẫn hài lòng về sản phẩm và cực kỳ thích thái độ của nhân viên.','2023-11-12',5);
INSERT INTO "Comment"("productId","name","content","date","rate") VALUES (43,N'Nguyễn Văn Trường',N'Sản phẩm rất tốt','2020-06-29',5);
INSERT INTO "Comment"("productId","name","content","date","rate") VALUES (43,N'Mỹ',N'Ok','2021-08-18',5);
INSERT INTO "Comment"("productId","name","content","date","rate") VALUES (43,N'HIẾU',N'pin hơi hẻo. còn lại ok','2022-01-21',4);
INSERT INTO "Comment"("productId","name","content","date","rate") VALUES (43,N'Nguyễn Văn Lâm',N'Dùng tốt máy đẹp vừa tay','2020-12-09',5);
INSERT INTO "Comment"("productId","name","content","date","rate") VALUES (43,N'Tạ Văn Hoàng',N'Pin tụt nhanh.máy nóng','2022-10-23',2);
INSERT INTO "Comment"("productId","name","content","date","rate") VALUES (43,N'Nguyễn Ngọc Sơn',N'Máy dùng ổn. Sau 2 tuần sử dụng thì mình thấy có số lỗi sau: Thứ nhất là thông báo một số ứng dụng chậm (như mess của mình có những tin nhắn chậm vài tiếng); Thứ 2 là cập nhật cũng như tải một số ứng dụng khá là chậm, đôi khi không tải được.','2020-11-18',3);
INSERT INTO "Comment"("productId","name","content","date","rate") VALUES (43,N'NGUYỄN THANH ',N'Sp xài ok.k lỗi vặt.....','2022-09-05',5);
INSERT INTO "Comment"("productId","name","content","date","rate") VALUES (43,N'Trương Hoàng Vũ',N'Sp ok, nhỏ gọn, snap 8 gen 1 hơi nóng, nghe nhạc, lướt tittok ok hết','2021-09-09',5);
INSERT INTO "Comment"("productId","name","content","date","rate") VALUES (43,N'Chú Phúc',N'Sau hơn 2 tuần sử dụng Xiaomi 12 mình thấy rất ổn, mọi hoạt động đều tốt, mượt mà, tầm giá13 triệu chưa có điện thoại nào vượt qua xiaomi 12','2021-01-17',5);
INSERT INTO "Comment"("productId","name","content","date","rate") VALUES (43,N'Phạm Minh Trung',N'Nhân viên tư vấn phục vụ nhiệt tình! Rất hài lòng!','2021-06-09',5);
INSERT INTO "Comment"("productId","name","content","date","rate") VALUES (43,N'Minh',N'Tốt','2020-09-07',5);
INSERT INTO "Comment"("productId","name","content","date","rate") VALUES (43,N'Sang cùa',N'Ko có miếng dán màn hình thay thế sao ạ. Miếng mình bị hỏng rồi','2021-09-30',4);
INSERT INTO "Comment"("productId","name","content","date","rate") VALUES (43,N'OANH',N'Sp dùng mượt','2021-05-09',4);
INSERT INTO "Comment"("productId","name","content","date","rate") VALUES (43,N'HẠNH',N'Chip cao mà vào mạng tệ hơn cả dòng máy tầm trung :((','2021-01-17',1);
INSERT INTO "Comment"("productId","name","content","date","rate") VALUES (43,N'DUY',N'Mua máy đổi trả, máy như mới còn bảo hành dài. Nhận xét về máy thì nhỏ gọn, tốc độ xử lý nhanh, chụp hình quay phim rất đẹp, lúc mới lấy về máy nhanh nóng và pin tụt khá nhanh, sau update phần mềm cũng như AI tối ưu theo thói quen sử dụng của người dùng nên máy bớt nóng hơn, pin cũng ok hơn. Nhược điểm là hệ điều hành MIUI khá nặng. Hy vọng Xiaomi cải tiến hơn nữa MIUI','2021-02-23',5);
INSERT INTO "Comment"("productId","name","content","date","rate") VALUES (43,N'PH%DAC',N'Máy tốt, đẹp, tính năng hay','2023-06-28',5);
INSERT INTO "Comment"("productId","name","content","date","rate") VALUES (43,N'Phạm quốc thịnh',N'Mọi thứ đều tốt cho đến khi vào game','2020-08-02',3);
INSERT INTO "Comment"("productId","name","content","date","rate") VALUES (43,N'ĐỨC',N'Máy như mới, chạy rất tốt. Quan trọng là nhân viên rất rất lịch sự. Trong lúc mua máy có xíu trục trặc nhưng thái độ của nhân viên làm mình ko giận được.... Rất hài lòng ^^ !','2020-09-10',5);
INSERT INTO "Comment"("productId","name","content","date","rate") VALUES (43,N'A Tư',N'Con này đa nhiệm quá kém,tầm này mua s22 samsung ngon hơn.','2023-05-23',2);
INSERT INTO "Comment"("productId","name","content","date","rate") VALUES (43,N'Hồ Nhựt Kha',N'Máy mới khui hộp chạy MIUI 13.0.3 rất nóng & pin tụt nhanh. Khi được update lên MIUI 13.0.8 thì bớt nóng hẳn, pin cũng ổn định hơn.
 Tác vụ mượt, nhanh. Màn hình 120hz mượt. Độ sáng vừa phải, ngoài trời nắng hơi khó nhìn.
 Camera tốt nhưng quay phim nhiều rất nóng máy.
 P/s: màu tím rất đẹp','2020-10-05',4);
INSERT INTO "Comment"("productId","name","content","date","rate") VALUES (43,N'DUNG',N'XÀI ĐƯỢC 20 NGÀY, MÁY NHANH TUỘT PIN KINH KHỦNG, MÌNH XÀI CƠ BẢN KHÔNG CHƠI GAME GÌ NẶNG MÀ MÁY RẤT NÓNG. CÒN LẠI THÌ OK.','2023-02-09',3);
INSERT INTO "Comment"("productId","name","content","date","rate") VALUES (43,N'Trường Sơn',N'Rất tệ, mang tiếng cấu hình cao mà chơi liên quân FPS tụt còn 45, hiếm khi lên được FPS 60. Máy nóng thì khỏi bàn','2023-06-21',1);
INSERT INTO "Comment"("productId","name","content","date","rate") VALUES (43,N'Trương Thanh Khải',N'em cảm thấy mình mua đt cũ tại lúc lấy đt ra mình kiểm tra thì đã có game sẵn trong máy màng hình cũng được dán trước','2022-04-28',4);
INSERT INTO "Comment"("productId","name","content","date","rate") VALUES (43,N'Vũ Hoàng Minh Nhật',N'Dịch vụ RẤT TỐT từ Bác giữ xe đến nhân viên kinh doanh, sản phẩm tôi thấy ỔN, sau 2 tuần sử dụng, cảm giác điện thoại rất mượt nhưng đôi khi hay bị đơ và load lại từ đầu.... K biết do tính năng của smart phone hay hệ điều hành lỗi.... => Tổng Quát mọi dịch vụ của Thế Giới Di Động tôi cho 9 điểm.','2020-09-25',5);
INSERT INTO "Comment"("productId","name","content","date","rate") VALUES (43,N'Nguyễn Duy Long',N'Quá tuyệt vời, xứng đáng từng xu','2022-08-19',5);
INSERT INTO "Comment"("productId","name","content","date","rate") VALUES (43,N'PHONG',N'Sản phẩm sử dụng khá oke! Màn hình rất đẹp màng cong nên thị giác nhìn rất thích mắt 9/10, nhược điểm rất dễ xước. Camera 8-10 chụp ảnh khá rực nhìn rất tươi, zoom khá vỡ hạt do không có camera tele, Hiệu năng máy sử dụng khá mượt , nhưng khi chơi game nó sẽ rất nhanh nóng , miui sẽ lock fps khi chơi game( liên quân maxseting 49 fps) khuyến khích dùng gắn quạt tản nhiệt sau khi nóng màn hình giảm tầng số quét xuống 60hz khá khó chịu. Phần mềm máy nhận thông báo khá oke, không bị trể đa nhiệm tốt. Cảm giác cầm nóng khi dùng ốp tốt , nhưng khi dùng bt khá trơn , mặt lưng kính mờ nên ít bám mồ hôi vân tay. Loa âm thanh loa trên dưới khá đồng điều nhưng âm lượng không quá to, chất âm ngang vs iphone 12 thôi không quá xuất sắc. Pin sử dụng onsceen khoảng 5h do mình chơi game khá nhiều ngày sạc 3 lần, bù lại sạc rất nhanh 30p hơn 80% ! Tổng kết 8/10 điểm trên thang giá 15 tr','2021-09-16',5);
INSERT INTO "Comment"("productId","name","content","date","rate") VALUES (43,N'Mr D',N'Chạy 4g nóng máy, lỗi sms','2023-12-04',2);
INSERT INTO "Comment"("productId","name","content","date","rate") VALUES (43,N'NGUY%CAN',N'Nóng đến mức máy cảnh báo luôn','2021-04-28',3);
INSERT INTO "Comment"("productId","name","content","date","rate") VALUES (43,N'Việt ',N'Pin xài pin tụt quá nhanh, mặc dù pin 4500
 Tôi k hài lòng về vấn đề này','2023-11-23',2);
INSERT INTO "Comment"("productId","name","content","date","rate") VALUES (43,N'Bùi Sơn',N'Xạc ko dây ko hoạt động đc là sao ad?','2022-12-27',3);
INSERT INTO "Comment"("productId","name","content","date","rate") VALUES (43,N'Trong khuong',N'Pin tụt quá nhanh','2023-10-12',3);
INSERT INTO "Comment"("productId","name","content","date","rate") VALUES (43,N'CHUNG',N'Thứ 1 ko có tai nghe ...... Thứ 2 chụp hình cũng ko đẹp ......','2022-10-29',3);
INSERT INTO "Comment"("productId","name","content","date","rate") VALUES (43,N'Nguyên',N'Ngon. Bổ. rẻ. Màn hình 120 hz mượt vô cùng. Pin ổn áp','2020-10-10',5);
INSERT INTO "Comment"("productId","name","content","date","rate") VALUES (43,N'TRỊNH HỒNG LÂM',N'Đáng đồng tiền bát gạo','2021-02-27',5);
INSERT INTO "Comment"("productId","name","content","date","rate") VALUES (43,N'THUẬN',N'Tốt','2021-07-26',5);
INSERT INTO "Comment"("productId","name","content","date","rate") VALUES (43,N'KHOA',N'Pin quá yếu','2021-08-27',2);
INSERT INTO "Comment"("productId","name","content","date","rate") VALUES (43,N'Ngô Quý Thành',N'Ngày 05/06/2022 mình có mua điện thoại Xiaomi 12 tại Điện máy xanh ngã tư Đồng Xoài, đến đêm ngày 10/06/2022 máy tự cập nhật lên phiên bản mới. Mình nghĩ giống như các máy trước nên mình ấn cài đặt. Mình không để ý, đến sáng hôm 11/06/2022 mình mới phát hiện toàn bộ danh bạ mình lưu trên sim đã bị xóa. Mình có ra Điện máy xanh thì kỹ thuật viên trả lời là không khắc phục được. Mong mọi người cân nhắc khi mua điện thoại của hãng này.','2022-02-10',1);
INSERT INTO "Comment"("productId","name","content","date","rate") VALUES (43,N'Mr ngọc',N'Ngon bổ rẻ.
 Nhanh gọn tốc độ rất mượt mà.
 Màn hình không quá to củng không quá nhỏ.
 Đầu tư cái ốp lưng cầm phê luôn.','2021-05-11',5);
INSERT INTO "Comment"("productId","name","content","date","rate") VALUES (43,N'Đinh Hoàng Việt',N'Cầm nắm, thiết kế: Cực kỳ sang và thon gọn, không quá bè và cấn như S22, S22 ultra, iPhone 13, mặt lưng không bám vân tay và rất đẹp, bù lại rất trơn
 Màn hình: Cực kỳ đẹp, cong 2 bên nhìn rất giống dòng S ngày trước, vuốt chạm rất nhạy, vân tay nhanh cực kỳ
 Camera: Thực sự tốt so với giá tiền, này đánh giá trên Youtube rất nhiều rồi
 Hiệu năng: Khá kém vì máy mau nóng, chơi Liên Quân lâu sẽ nóng tay và sụt fps, chơi Genshin chỉ nên để ở medium nếu không muốn bị giật lag sớm. Xài bình thường máy rất rất mượt nên không có gì để chê
 Pin: Hơi kém do máy nóng, xài cơ bản, bật 4g khoảng 5 tiếng là cạn pin, cắm vô tầm 15p là được tầm 60-70% pin nên không phải vấn đề gì lắm.
 -> Máy chỉ nên được 4 sao do sở hữu Snap 8 gen 1 nhưng hiệu năng chơi game không như mong đợi, nếu người dùng chơi game ít và cần máy không quá to, chụp hình đẹp thì máy rất đáng sở hữu','2021-05-02',4);
INSERT INTO "Comment"("productId","name","content","date","rate") VALUES (43,N'Đoàn văn hoàng',N'Nhỏ gọn cute đáng yêu
 Lúc mua về máy hơi nóng sụt pin nhanh ghê sau khi cập nhật thì nó hơi đỡ chút vẫn nong nóng .xi lên học huawei về cách tối ưu pin và thời gian chờ
 8gen 1 cũng mạnh nhưng vẫn thấy lác lác 
 Mua giá 15 triệu cũng tạm dk rẻ hơn s22','2020-11-05',4);
INSERT INTO "Comment"("productId","name","content","date","rate") VALUES (43,N'Nguyễn Thị Thi',N'Chán thật sự. Lên Miui 13 mà pin tụt nhanh quá. 100% pin từ 7h sáng tới 2h trưa ko làm gì hết để máy ko mà tụt 33% pin. Đã v còn rất nóng máy. Gần 20 củ bỏ ra đc con chip nhưng bị bóp hiệu năng','2021-08-16',3);
INSERT INTO "Comment"("productId","name","content","date","rate") VALUES (43,N'Trần Thanh Tuấn',N'Hôm này nay đã trải nghiệm được tuân lúc đầu thì rất mượt nhưng nóng và nhanh hết pin kinh khủng luôn nhưng nhờ đi ra TGDD ho trợ và cập nhật lên phiên bảng với phải nói là rất rất hài lòng luôn bỏ ra gần 20tr tuy hơi tiết cái là không kháng bụi nước thôi nên 4*','2023-06-16',4);
INSERT INTO "Comment"("productId","name","content","date","rate") VALUES (43,N'Trường',N'','2023-10-11',4);
INSERT INTO "Comment"("productId","name","content","date","rate") VALUES (43,N'Huy',N'','2021-07-13',4);
INSERT INTO "Comment"("productId","name","content","date","rate") VALUES (43,N'Nguyễn Viết Thăng',N'','2023-11-09',5);
INSERT INTO "Comment"("productId","name","content","date","rate") VALUES (43,N'NGUYỄN THỊ THÚY AN',N'','2021-07-10',4);
INSERT INTO "Comment"("productId","name","content","date","rate") VALUES (43,N'Lê hồng thảo',N'','2021-05-02',3);
INSERT INTO "Comment"("productId","name","content","date","rate") VALUES (43,N'HỘ KINH DOANH LIÊN HƯƠNG',N'','2020-06-03',5);
INSERT INTO "Comment"("productId","name","content","date","rate") VALUES (43,N'Vũ Văn Hào',N'','2020-08-05',4);
INSERT INTO "Comment"("productId","name","content","date","rate") VALUES (43,N'Huỳnh Đạt',N'','2023-12-19',5);
INSERT INTO "Comment"("productId","name","content","date","rate") VALUES (43,N'Nguyễn Phước Tài',N'','2021-11-30',5);
INSERT INTO "Comment"("productId","name","content","date","rate") VALUES (43,N'A Tuấn',N'','2022-06-14',4);
INSERT INTO "Comment"("productId","name","content","date","rate") VALUES (43,N'Hiệp',N'','2020-06-10',5);
INSERT INTO "Comment"("productId","name","content","date","rate") VALUES (43,N'Anh Minh',N'','2021-09-22',5);
INSERT INTO "Comment"("productId","name","content","date","rate") VALUES (43,N'MẠNH',N'','2021-06-15',5);
INSERT INTO "Comment"("productId","name","content","date","rate") VALUES (43,N'Thóng Hưng Khang',N'','2023-06-16',5);
INSERT INTO "Comment"("productId","name","content","date","rate") VALUES (43,N'Lâm Tiến Khoa',N'','2020-11-10',5);
INSERT INTO "Comment"("productId","name","content","date","rate") VALUES (43,N'MẠNH',N'','2022-01-20',5);
INSERT INTO "Comment"("productId","name","content","date","rate") VALUES (43,N'TÂM',N'','2022-01-13',5);

INSERT INTO "Product" ("productId","total","typeId","image","cost","price","discount","rate","releaseDate","name") VALUES (44, 183, 4,'https://cdn.tgdd.vn/Products/Images/42/278886/xiaomi-redmi-note-12-pro-5g-momo-1-600x600.jpg',6490000,9490000,15,3.9,'2022-10-29', N'Điện thoại Xiaomi Redmi Note 12 Pro 5G');
INSERT INTO "ProductDetail" ("productId","screen","os","cameraBehind","cameraFront","cpu","ram","rom","battery","sim") VALUES (44,N'AMOLED, 6.67", Full HD+',N'Android 12',N'Chính 50 MP & Phụ 8 MP, 2 MP',N'16 MP',N'MediaTek Dimensity 1080 8 nhân', N'8 GB',N'256 GB',N'5000 mAh',N'2 Nano SIM');
INSERT INTO "Comment"("productId","name","content","date","rate") VALUES (44,N'Trang Công Tiến',N'Máy mới mua mà độ sáng màn hình giảm cái ấn vô lại thì ko sáng lại như củ, đi đổi máy thì ko cho, nói lỗi phần mềm đợi máy cập nhật hệ thống. Mà đợi tới giờ hết hạng đổi máy luôn mà máy vẫn còn bị lỗi. Ko biết bên cửa hàng làm ăn kiểu gì nữa, quá chán','2023-04-25',1);
INSERT INTO "Comment"("productId","name","content","date","rate") VALUES (44,N'Trần khương',N'Vừa mua lúc sáng...về cài đặt các kiểu mất cả buổi..đến lúc gắn sim thì khe sim kg lấy ra được..hài ...lại mất thời gian ra cửa hàng...','2023-08-02',4);
INSERT INTO "Comment"("productId","name","content","date","rate") VALUES (44,N'Võ Minh Tâm',N'Nhân viên tư vấn nhiệt tình','2023-02-20',5);
INSERT INTO "Comment"("productId","name","content","date","rate") VALUES (44,N'Nguyễn Trọng mạnh',N'Mình dùng gần đc 1thang thấy dung ok .. bữa mua nv tu vẫn nhiệt tình.. chơi liên quân rất ok..loa lớn..','2023-10-13',5);
INSERT INTO "Comment"("productId","name","content","date","rate") VALUES (44,N'Nguyễn Văn Thái',N'Dùng đc gần 1 tháng thì xuất hiện tình trạng sạc pin chỉ đến 99% là ngưng không lên được 100%','2023-04-09',3);
INSERT INTO "Comment"("productId","name","content","date","rate") VALUES (44,N'Hieu',N'Hơi tệ so với tưởng tượng.về màn thì xem phim hơi nhòe.chơi liên quân cảm ứng không nhạy lắm.pin thì lỗi sạc đến 98% thì ngừng không lên được 100%.mới mua 12/11 2023 song mà ny mới 13/11 đã thấy nhiều lỗi','2023-04-21',1);
INSERT INTO "Comment"("productId","name","content","date","rate") VALUES (44,N'Phú',N'Tốt trong tầm giá , có ít lỗi nhưng không đáng kể','2023-01-07',4);
INSERT INTO "Comment"("productId","name","content","date","rate") VALUES (44,N'Khổng Tuấn Vĩ',N'Sản phẩm chất lượng. Nhân viên vui vẻ nhiệt tình','2023-10-09',5);
INSERT INTO "Comment"("productId","name","content","date","rate") VALUES (44,N'Huỷ',N'OK','2023-02-10',5);
INSERT INTO "Comment"("productId","name","content","date","rate") VALUES (44,N'nguyenvanthong',N'cái điện thoại này bán giá 6triệu thì hợp lý. màn đơ gọi zalo lúc nghe dk lúc không .chíp thì yếu khởi động lại thì lâu. pin thì sạc đến 99% thì dừng lại lỗi nhiều mà không thấy cập nhật phần mềm sửa lỗi. bọn xaomi này xắp theo sau nokia rồi','2023-04-21',1);
INSERT INTO "Comment"("productId","name","content","date","rate") VALUES (44,N'Phạm thiện',N'Điện thoại cơ bản thì tốt, nhưng vấn đề ở Pin. Pin tụt nhanh so với các sản phẩm khác đã dùng qua. Không biết có cách nào khắc phục không, mình thấy sản phẩm ra mắt cũng lâu, mà chưa thấy ổn định phần này.','2023-11-30',4);
INSERT INTO "Comment"("productId","name","content","date","rate") VALUES (44,N'Võ thị thúy hoa',N'Tôi mới 20ngày phải đổi qua đth khác Điện thoại lỗi rất nhiều Màn hình thì đơ Loa thì lỗi có âm thanh Sạc thì nhảy lúc được lúc không Mic thì thu rất tệ nge k rỏSạc k lên đầy đc 100% đứng ở 98%Pin 5000 mà nhanh hết Sạc thì nóng máy khỏi nóiNói chung đth rất tệ K nên mua','2023-07-18',1);
INSERT INTO "Comment"("productId","name","content","date","rate") VALUES (44,N'Dương Hưu Thắng',N'Máy xài được 1 tháng thấy rất ổn áp.cam đẹp sạc pin nhanh','2023-06-25',5);
INSERT INTO "Comment"("productId","name","content","date","rate") VALUES (44,N'Mai Thị Lan',N'Xài ok so với giá tiền','2023-10-17',4);
INSERT INTO "Comment"("productId","name","content","date","rate") VALUES (44,N'Vy',N'đt nhanh hết PIN hết quá mình đang thử sử dụng thêm 1 vài hôm nữa xem có ổn định không','2023-05-28',3);
INSERT INTO "Comment"("productId","name","content","date","rate") VALUES (44,N'Phạm Bảo',N'điện thoại mới mua được 1 tháng mấy, để điện thoại không xài qua đêm sáng dậy mở lên bị chậm và giật phải khởi động máy lại mới bình thường được.','2023-03-23',3);
INSERT INTO "Comment"("productId","name","content","date","rate") VALUES (44,N'Phạm Đức Anh',N'Bề ngoài đẹp. Thời lượng pin tốt. Chất lượng ảnh và video ổn. Hơi tiếc là vẫn chỉ ở android 12. Không chơi game nên không đánh giá được hiệu năng. Giá hợp túi tiền','2023-10-25',5);
INSERT INTO "Comment"("productId","name","content","date","rate") VALUES (44,N'Đỗ Thị Thúy Vy',N'Đt lướt rất mượt nha, chơi game genshin chạy đc đồ họa cao mà ko bị lag, pin trâu dù xài 4G để chơi game mà vẫn lâu hết pin','2022-11-22',5);
INSERT INTO "Comment"("productId","name","content","date","rate") VALUES (44,N'Đạt',N'Tốt','2023-08-28',5);
INSERT INTO "Comment"("productId","name","content","date","rate") VALUES (44,N'Lê nguyên',N'Tui sài rất ok mà sao a chị e chê wa z','2023-07-20',5);
INSERT INTO "Comment"("productId","name","content","date","rate") VALUES (44,N'châu',N'pin sạc không đầy .cứ dừng mức 98% chán nản thật sự','2023-08-25',1);
INSERT INTO "Comment"("productId","name","content","date","rate") VALUES (44,N'Vu van đôn',N'Redmi12pro5g mình mới mua mà chỉ ấn 2lần thì mở đc màn hình. Còn tắt thì ấn 2 lần k đc là sao ạ. Và mình xem video trên fb thì khoảng tầm 35 p thì màn hình tự nhiên tối đi. Mình phải chạm tay vào màn hình thì mới sáng trở lại. Mình cảm thấy rất bất tiện khi xem video ở trên fb hay xem phim mà màn hình cứ tự nhiên tối đi như thế','2022-12-08',2);
INSERT INTO "Comment"("productId","name","content","date","rate") VALUES (44,N'Lt phong',N'Vẫn là lỗi sac ko đầy 100%','2023-05-21',2);
INSERT INTO "Comment"("productId","name","content","date","rate") VALUES (44,N'Tống Phước Nguyên',N'Điện thoại mua mới mà bộ nhớ đã có lưu ảnh từ mấy tháng trước.Gọi điện cho CSKH thì lại bảo ra tận cửa hàng để đk nghe giải thích.Không hiểu sinh ra cái số đt CSKH để làm quái chi','2023-12-14',1);
INSERT INTO "Comment"("productId","name","content","date","rate") VALUES (44,N'Duy',N'mới dùng được 3th mà wifi bắt sóng rất yếu trong khi đứng sát cục wiffi. các thiêt bị khác sử dụng bth','2022-11-23',1);
INSERT INTO "Comment"("productId","name","content","date","rate") VALUES (44,N'Dương Hữu Thắng',N'Mới mua ngày hôm qua.tạm thời thì thấy ổn áp kg biết time tiếp nó như thế nào.màn AMOLED nhưng màu sắc không được đẹp cho lắm.nhân viên TGDD tư vấn rất nhiệt tình nên rất ưng í','2023-10-27',4);
INSERT INTO "Comment"("productId","name","content","date","rate") VALUES (44,N'Dũng',N'Tối qua mới mua. Trên áp giá 8290 đến cửa hàng mua thì giá lại 8790.','2023-06-19',2);
INSERT INTO "Comment"("productId","name","content","date","rate") VALUES (44,N'A Tâm',N'Pin thì trâu sạc thì nhanh. Chỉ có điều thông báo mess chậm mấy tiếng','2023-08-12',3);
INSERT INTO "Comment"("productId","name","content","date","rate") VALUES (44,N'Nguyễn Hữu Mạnh',N'Messenger không hiện bong bóng chat là sao ạ mặc dù đã cấp hết quyền r ạ. bong bóng bên zalo thì hình vuông','2023-09-23',3);
INSERT INTO "Comment"("productId","name","content","date","rate") VALUES (44,N'Vinh',N'Sản phẩm sử dụng rất Ok','2023-01-29',5);
INSERT INTO "Comment"("productId","name","content","date","rate") VALUES (44,N'Lê Quốc Anh',N'Mua về 10 ngày sạc pin 13 lần có 2 lần dừng lại ở 98 và 99%','2023-02-26',4);
INSERT INTO "Comment"("productId","name","content","date","rate") VALUES (44,N'Hùng',N'Sài tốtMượnỔn áp','2023-07-19',4);
INSERT INTO "Comment"("productId","name","content","date","rate") VALUES (44,N'Quốc cường',N'điện thoại tốt tuy nhiên có hiện tượng sạc chỉ báo pin có 82% là có theo các đánh giá trước sau khi nghiên cứu thấy chưa chắc đã phải là do pin mà là do sạc vì khi tôi dùng sạc khác thì chỉ lên được 82% nhưng khi dùng sạc theo máy 67W thì lên được 100% vẫn sạc theo máy tôi thay dây sạc khác thì chỉ lên được 83% khi thay dây theo sạc thì lên được 100% theo tôi nghĩ có thể phần mềm kiểm soát sạc pịn yêu cầu sạc phải đủ công xuất và dây phải đủ để tải cường độ dòng điện thì mới sạc đủ được đây là trải nghiệm của mình mn có thể tham khảo và thử nghiệm lại','2023-06-15',5);
INSERT INTO "Comment"("productId","name","content","date","rate") VALUES (44,N'Tho',N'Máy nay nhanh hết pin mà sạc pin 95 phần trăm là dung lại ko hiểu','2023-10-02',4);
INSERT INTO "Comment"("productId","name","content","date","rate") VALUES (44,N'Nguyễn Thị Tân An',N'Đth tốt nhưng hơi nhạy quá. Chơi game oke','2023-04-21',5);
INSERT INTO "Comment"("productId","name","content","date","rate") VALUES (44,N'Nguyễn công sang',N'Mới mua được 3 ngày. Đt k sạc đủ 100% pin. Pin tuột nhanh. Có thể đổi máy mới được không. Và đổi thì có mất phí k ạ.','2023-01-12',3);
INSERT INTO "Comment"("productId","name","content","date","rate") VALUES (44,N'Thanh Sang',N'Sau 1 thời gian dùng thì thấy điện thoại cũng tạm ổn thôi. Loa nghe to rõ.Nghe gọi ổn.Camera chụp quay video đẹp chống rung tốt. Bắt sóng Wifi tốt.Pin nếu chỉ lướt Facebook xem Youtube nhắn tin và dùng vài chức năng cơ bản khác thì dùng được hơn 1 ngày.Chơi game với hiệu xuất cao nhất của máy liên tục thì 1 ngày sạc từ 12 lần.Chơi game tốt mượt.Màn hình nếu ai quen dùng tone màu tươi thì sẽ không quen chỉnh tone màu theo RGB không quen thì sẽ rất khó.Bong bóng chat thì tôi thấy rất khó chịu với bong bóng chat của Zalo. Bong bóng hình vuông rất xấu không thể tự thêm đoạn chat với người khác. Khi nhấn vào bong bóng chat thì ô chat không hiện ra 2 bên màn hình mà chừa ra 1 khoảng nhìn xấu tệ.Messenger thì bong bóng chat bình thường hình tròn tràn ra 2 bên thêm đoạn chat được.Còn các ứng dụng chat khác thì chưa dùng không rõ.Không thể tắt hoạt động nền của vài app hoàn toàn được buộc đóng hay xóa dữ liệu rồi nó cũng tự chạy ngầm lại.Ban đầu khi chưa có nhiều ứng dụng game thì máy dùng lâu nóng. Nhưng khi tải hầu hết các ứng dụng game mình cần thì sẽ thấy nhanh nóng hơn dù chỉ dùng trình duyệt để đọc truyện. Không biết do hiện tại là mùa hè nên mới bị vậy hay do máy.Khi điện thoại rung thì sẽ có thêm tiếng giống như bộ phận nào đó trong điện thoại phát ra.','2023-03-08',3);
INSERT INTO "Comment"("productId","name","content","date","rate") VALUES (44,N'Hà',N'Hay lỗi phần sạc pin','2022-11-22',4);
INSERT INTO "Comment"("productId","name","content","date","rate") VALUES (44,N'Long',N'Điện thoại sạc gì tới 9 mấy % bắt đầu mở màn hình lên coi là bị đứng pin','2022-11-19',1);
INSERT INTO "Comment"("productId","name","content","date","rate") VALUES (44,N'Như',N'Sau 1 tháng thì bị đơ bật tắt màn hình cũng vậy ko hết đơ chỉ khi khởi động lại thì mới hết nhưng khởi động lại lâu bàn phím cập nhật xong cũng bị đơ lúc hiện lúc ko. Ko cài đặt gì nhưng lâu lâu đt tự tắt nguồn. Loa thì sài sau 1 tháng nghe nhỏ hơn nhiều so với note 10 pro.','2023-09-29',2);
INSERT INTO "Comment"("productId","name","content","date","rate") VALUES (44,N'Đỗ Thụy Hội Uyên',N'RẤT TỐT','2022-10-31',5);
INSERT INTO "Comment"("productId","name","content","date","rate") VALUES (44,N'Duc',N'Nói chung là tệ nha lúc ms mua sạc k lên 100% đã đỗi máy mới. Máy mới dc 1 tháng lại bị như z pin thì tuột như tuột quần còn 80% chơi game dc 2 tiếng còn 30% chả hiểu sao pin 5000 mà thua con pin 4000 nữa thất vọng toàn tập','2023-10-22',2);
INSERT INTO "Comment"("productId","name","content","date","rate") VALUES (44,N'Kiệt',N'Sạc không lên 100 cứ 98 mãi lúc trước còn 98 này 97 là hết lên mái mốt chắc không zo pin luôn quá.','2022-11-03',2);
INSERT INTO "Comment"("productId","name","content","date","rate") VALUES (44,N'Mai thành phố',N'Kiểu dán đẹp cấu hình ok so với tầm giá trong phân khúc này nhưng so về camera và pin thì kg bằng oppo sài wifi thì đở sài 4g thì hơi nóng pin thì sạc 1 tiến đầy sài cũng kg nhưng do kg có hỗ trợ siêu tiết kiệm pin như oppo nên dựt cũng nhanh nói chung tầm giá này sài thì z là ok ròi.','2023-10-22',5);
INSERT INTO "Comment"("productId","name","content","date","rate") VALUES (44,N'Lê Anh Tuấn',N'Sau 1 ngày trải nghiệm mình có 1 số đánh giá sauMàn hình cảm ứng rất nhạy âm thanh có 2 loa lại còn điều chỉnh được âm bas chép rất OK camera nếu chụp người thì màu hơi bệt ko nịnh bằng ooppo còn chụp cảnh hay video thì rất ok pin thì từ lúc mua về dùng mãi chưa hết nên chưa sạc nên không biết sạc có nhanh không cũng không thấy nóng máy gì hết vì thấy mọi người chê quá chắc do mình không chơi game máy ko nóng','2023-02-09',5);
INSERT INTO "Comment"("productId","name","content","date","rate") VALUES (44,N'Quốc phong',N'Máy gì sài 2 tháng sạc lỗi. Sạc đến 98% là đứng. K hiểu máy 9tr mà như z. Quá thất vọng','2023-02-18',1);
INSERT INTO "Comment"("productId","name","content","date","rate") VALUES (44,N'Trần Thu Huyền',N'Mọi người nên cân nhắc khi mua Xiaomi note 12 pro 5g. Sạc pin không nên 100% mình đã ra quầy và được đổi máy khác.Nhưng sau khi dùng khoảng hơn tháng thì lỗi pin không sạc đầy lại tiếp tục xảy ra. Chưa kể còn hay lag.','2023-06-08',1);
INSERT INTO "Comment"("productId","name","content","date","rate") VALUES (44,N'Nu',N'Hiện tại xài cũng ok lắm, cảm ứng mượt, độ sáng rỏ nét','2023-12-13',4);
INSERT INTO "Comment"("productId","name","content","date","rate") VALUES (44,N'Lê Xuân Hùng',N'Dùng tốt, cảm ứng nhạy, màu khá đẹp','2023-06-13',4);
INSERT INTO "Comment"("productId","name","content","date","rate") VALUES (44,N'Huỳnh Hữu Nghị',N'Xài ok','2022-11-06',4);
INSERT INTO "Comment"("productId","name","content","date","rate") VALUES (44,N'Tú',N'Có lẽ pin bị lỗi,không cầm pin..sạc đầy100% và đóng ứng dụng,để đêm tới sáng,mấ 18% pin.nhà sảng xuất đưa ra là 58p đầy mà sạc 35p đã 100% chứng tỏ pin lỗi','2023-04-27',2);
INSERT INTO "Comment"("productId","name","content","date","rate") VALUES (44,N'Nghĩa',N'Tốt','2023-08-19',5);
INSERT INTO "Comment"("productId","name","content","date","rate") VALUES (44,N'Dương Văn Phú',N'Ok rất hài lòng','2023-10-08',5);
INSERT INTO "Comment"("productId","name","content","date","rate") VALUES (44,N'Trần Văn Bắc',N'Máy mượt đẹp','2023-10-18',5);
INSERT INTO "Comment"("productId","name","content","date","rate") VALUES (44,N'A Tuân ( ai văng tô mỳ)',N'Thiết kế bình thường, pin không khỏe lắm tác vụ nặng hay bị nóng ở phần cam xài bt  ở độ sáng auto tầm 1 ngày sạc hơn tiếng xíu, cam theo tôi ok, xài mivideo có QC, mở máy ra đc KM mấy game như hình, cấu hình vậy chấp nhận được không yếu, chip mới nên 1 số app chạy chưa như ý. Hơi tiếc khi mua sớm giờ có gói trả góp rẻ hơn lúc đầu. Nhân viên giao hàng tận nơi thanks','2023-03-01',3);
INSERT INTO "Comment"("productId","name","content","date","rate") VALUES (44,N'Trường An Nguyễn',N'Trải nghiệm thấy bình thường
 Vào titok úp video quá lag đứng máy thua con redmi note 9s 
 Chơi game thì chưa có vấn đề gì
 Mới thì chắc còn ổn nhưng lâu dài không chắc được như con 9s chip 720','2023-10-17',3);
INSERT INTO "Comment"("productId","name","content","date","rate") VALUES (44,N'Võ thanh tâm',N'Nếu đem so với các đối thủ thì xiaomi lúc nào cũng có ưu thế về sạc nhanh, loa kép, chip khá mạnh, màn hình khá đẹp.','2023-12-08',4);
INSERT INTO "Comment"("productId","name","content","date","rate") VALUES (44,N'Đinh công hậu ',N'Điện thoại gọi zalo ko nghe rõ nhé mọi người','2023-01-13',3);
INSERT INTO "Comment"("productId","name","content","date","rate") VALUES (44,N'Nguyễn Thế Tấn',N'Dùng rất tốt, rất vừa ý','2023-07-29',5);
INSERT INTO "Comment"("productId","name","content","date","rate") VALUES (44,N'Phạm Văn Duyệt',N'Máy dùng tốt ban đầu hơi nóng máy khi sạc . Nhưng khi xong rùi thì lại bình thường dùng cũng mượt và oki.','2023-08-29',4);
INSERT INTO "Comment"("productId","name","content","date","rate") VALUES (44,N'Loan',N'cho mình hỏi  xxxx771068 đây có phải sdt của tgdd ko ạ','2023-01-27',5);
INSERT INTO "Comment"("productId","name","content","date","rate") VALUES (44,N'Hoài Thanh ',N'Điểm nhấn là mặt lưng hơi giống iPhone 14 pro. có hệ thống tản nhiệt.màn hình 120hz AMOLED. Nhưng nó ko nét bằng mấy con sam sung.lưu đánh bạ vào sim thì bị lỗi','2023-08-23',3);
INSERT INTO "Comment"("productId","name","content","date","rate") VALUES (44,N'Quốc',N'Good!','2023-09-29',4);
INSERT INTO "Comment"("productId","name","content","date","rate") VALUES (44,N'Lưu Thị Thanh Trúc ',N'Nhanh hết pin quá game tầm 20p nóng máy, chụp ảnh khá đẹp màu sắc rõ','2023-03-26',4);
INSERT INTO "Comment"("productId","name","content","date","rate") VALUES (44,N'Nguyễn Minh Phát',N'tốt','2022-11-09',5);
INSERT INTO "Comment"("productId","name","content","date","rate") VALUES (44,N'Tâm',N'Mua ở TGDD sài hơn 1tuần thấy tốt.ok lắm.chụp hình ổn.pin trâu bò lắm sạc nhanh OK lun.chơi game ổn sài tốt','2022-11-08',5);
INSERT INTO "Comment"("productId","name","content","date","rate") VALUES (44,N'TRẦN VĂN NHẤT',N'OK nhưng nhanh hết pin quá','2023-10-22',4);
INSERT INTO "Comment"("productId","name","content","date","rate") VALUES (44,N'Nguyễn Thị Thanh',N'Nói chung là tốt. Đang cảm nhận thêm xem pin có bền ko hay thôi.','2023-06-09',4);
INSERT INTO "Comment"("productId","name","content","date","rate") VALUES (44,N'Anh Đại',N'Dùng ok','2023-09-01',4);
INSERT INTO "Comment"("productId","name","content","date","rate") VALUES (44,N'Nguyễn Hoàng Dự',N'Phần cứng: thiết kế đẹp, mỏng nhẹ, cạnh vuông trông cqmr giác cũng rất cứng cáp chắc chắn, cầm vừa tay.
 Phần mềm: vuốt thả mượt, hình ảnh sinh động, do mua giùm nên chưa trãi nghiệm trực tiếp được bao nhiêu.
 
 Thấy so với giá tiền thì cảm thấy sản phẩm cũng ổn áp đó chứ','2022-12-19',4);
INSERT INTO "Comment"("productId","name","content","date","rate") VALUES (44,N'Võ Văn Đức',N'Ok','2022-11-26',5);
INSERT INTO "Comment"("productId","name","content","date","rate") VALUES (44,N'Án',N'Rất hài lòng','2023-03-29',5);
INSERT INTO "Comment"("productId","name","content","date","rate") VALUES (44,N'Huy',N'dùng đc 2 tuần hư nút giảm âm lượng, ra tgdd đc đổi mới 100%, có điều hình ảnh và dữ liệu sang qua ko đủ hizz hizz. tgdd xử lý quá tốt .','2023-10-19',5);
INSERT INTO "Comment"("productId","name","content","date","rate") VALUES (44,N'Anh Thức',N'Okee','2023-07-04',5);
INSERT INTO "Comment"("productId","name","content","date","rate") VALUES (44,N'Nguyễn Hữu Thịnh',N'Pin tuột mau quá..chơi game ko ngon.','2023-07-12',3);
INSERT INTO "Comment"("productId","name","content","date","rate") VALUES (44,N'Vũ Thị Hải',N'Mới dùng được 1 ngày và cảm nhận là máy dùng rất nóng mặc dù chỉ đọc báo và dùng Zalo.','2023-09-06',3);
INSERT INTO "Comment"("productId","name","content","date","rate") VALUES (44,N'Anh Luân',N'Ok','2023-08-08',5);
INSERT INTO "Comment"("productId","name","content","date","rate") VALUES (44,N'Quách Thanh Hiễn',N'Xài máy rất nhanh nóng k biết có ảnh hưởng gì k vậy ạ','2023-11-21',4);
INSERT INTO "Comment"("productId","name","content","date","rate") VALUES (44,N'Truong Van Quoc Khanh',N'Dùng được hơn 2 tuần pin nhanh còn lại tạm ổn','2023-10-11',3);
INSERT INTO "Comment"("productId","name","content","date","rate") VALUES (44,N'Trần hao',N'SP OK ..pin cầm ,ko lag ,4G SD lâu ko nóng máy lắm.','2023-02-13',5);
INSERT INTO "Comment"("productId","name","content","date","rate") VALUES (44,N'Ngọc Nguyễn',N'Máy đẹp, chụp hình đẹp, máy chạy mượt','2022-11-28',5);
INSERT INTO "Comment"("productId","name","content","date","rate") VALUES (44,N'Thịnh',N'Ok trong phân khúc giá','2023-09-27',5);
INSERT INTO "Comment"("productId","name","content","date","rate") VALUES (44,N'Nguyễn Duy Hân',N'Cấu hình tốt,giá hợp lí.hơi nhiều quảng cáo.các bạn phải vào cài đặt tắt hết thì dùng ok','2023-10-03',4);
INSERT INTO "Comment"("productId","name","content","date","rate") VALUES (44,N'TRẦN DUY PHÚC',N'Máy hay bị đơ. Lác nhẹ.','2022-11-20',3);
INSERT INTO "Comment"("productId","name","content","date","rate") VALUES (44,N'Vương đình anh',N'Mn ơi cho mình hỏi muốn cài đặt chuông thông báo tin nhắn đến của Zalo thì cái ntn đc ko ah','2023-08-25',4);
INSERT INTO "Comment"("productId","name","content","date","rate") VALUES (44,N'Tâm',N'Máy đẹp, mượt, pin tốt , sạc nhanh , phù hợp nhu cầu của mình, nên không chê vào đâu được..','2022-12-18',5);
INSERT INTO "Comment"("productId","name","content","date","rate") VALUES (44,N'LÊ VIỆT HÙNG',N'Máy đẹp mượt mà ko bị giật lag','2023-08-28',5);
INSERT INTO "Comment"("productId","name","content","date","rate") VALUES (44,N'NGUYỄN THÀNH LUÂN',N'Điện thoại đẹp, đang dung còn realme x2pro chuyển qua con này thấy màn con này cứ rực rực. Da người màu gì cũng cứ chuyển san màu đỏ. Còn lại camera, hiệu năng quá tốt trong tầm giá. 
 Nhân viên tư vấn nhiệt tình.','2023-10-04',5);
INSERT INTO "Comment"("productId","name","content","date","rate") VALUES (44,N'Bùi Thanh Hải ',N'Dùng rất tốt sạc cũng nhanh nữa.','2023-08-29',5);
INSERT INTO "Comment"("productId","name","content","date","rate") VALUES (44,N'PHẠM THANH HIỂN',N'Máy màn hình to nên xem phim hay chơi game rất ổn.
 Sạc nhanh 64w nên cũng khá ok.','2023-05-31',4);
INSERT INTO "Comment"("productId","name","content","date","rate") VALUES (44,N'Anh Vinh',N'Sản phẩm tốt nhẹ nữa tui hài lòng sám phẩm này','2023-08-30',5);
INSERT INTO "Comment"("productId","name","content","date","rate") VALUES (44,N'Nguyễn Thị Thu Hương',N'Nghe gọi rõ, không bị rè, chụp ảnh đẹp, chơi game không bị giật lag. Nói chung đth này tốt trong tầm giá 👍','2023-10-25',5);
INSERT INTO "Comment"("productId","name","content","date","rate") VALUES (44,N'Hoaanh hoà',N'Giá tầm trung ngon đáng dùng nha mn :>','2023-09-29',5);
INSERT INTO "Comment"("productId","name","content","date","rate") VALUES (44,N'ĐOÀN NGỌC TRUNG',N'Rất tốt','2023-09-05',5);
INSERT INTO "Comment"("productId","name","content","date","rate") VALUES (44,N'Dương Văn Đồng',N'Bán hàng nhanh giao nhanh chất lượng mới dùng thấy ok','2022-11-07',4);
INSERT INTO "Comment"("productId","name","content","date","rate") VALUES (44,N'ĐOÀN LÊ KHÁNH DUY',N'Sản phẩm tuyệt vời','2022-12-05',5);
INSERT INTO "Comment"("productId","name","content","date","rate") VALUES (44,N'Lương Văn Hòa',N'Sao lúc chưa ra đặt cọc lại mắc hơn vậy, biết vậy chờ','2023-07-23',4);
INSERT INTO "Comment"("productId","name","content","date","rate") VALUES (44,N'Cty cổ phần công nghệ môi trường techcom',N'tốt','2023-06-15',5);
INSERT INTO "Comment"("productId","name","content","date","rate") VALUES (44,N'NGUYEN VAN LINH',N'Sản phẩm tốt, giá phải chăng, bảo hành hợp lý. Với giá tiền này ổn áp','2023-12-10',5);
INSERT INTO "Comment"("productId","name","content","date","rate") VALUES (44,N'Lorenico Loyola',N'Ok','2023-02-02',5);
INSERT INTO "Comment"("productId","name","content","date","rate") VALUES (44,N'Trần lê trung hiếu',N'Phục vụ tốt','2023-09-07',5);
INSERT INTO "Comment"("productId","name","content","date","rate") VALUES (44,N'TRẦN VĂN LÀNH',N'Rắt tốt','2023-02-03',5);
INSERT INTO "Comment"("productId","name","content","date","rate") VALUES (44,N'THÁI THỊ CẨM THU',N'Ok','2023-03-27',5);
INSERT INTO "Comment"("productId","name","content","date","rate") VALUES (44,N'CÔNG TY TNHH HẢI DUNG',N'Tôi mua cho cháu gái - cháu rất thích khi được dùng mẫu mới nhất, cấu hình cao và đúng dịp sinh Nhật','2023-02-13',5);
INSERT INTO "Comment"("productId","name","content","date","rate") VALUES (44,N'NGÔ THỊ NHƯ Ý',N'Tốt','2023-06-04',5);
INSERT INTO "Comment"("productId","name","content","date","rate") VALUES (44,N'NGUYỄN LÂM TRƯƠNG QUÂN',N'Ok','2022-12-06',4);
INSERT INTO "Comment"("productId","name","content","date","rate") VALUES (44,N'LÊ THỊ THU',N'Mới mua dùng ngon.','2023-01-17',4);
INSERT INTO "Comment"("productId","name","content","date","rate") VALUES (44,N'Anh Hà',N'Cũng thấy khá OK.','2023-04-17',4);
INSERT INTO "Comment"("productId","name","content","date","rate") VALUES (44,N'Phạm văn lâm',N'Sài máy rất nóng','2023-05-01',1);
INSERT INTO "Comment"("productId","name","content","date","rate") VALUES (44,N'Chị Hoà',N'Nhanh hết pin, máy nóng khi sạc','2023-06-02',3);
INSERT INTO "Comment"("productId","name","content","date","rate") VALUES (44,N'Hùng',N'','2023-08-18',5);
INSERT INTO "Comment"("productId","name","content","date","rate") VALUES (44,N'Nguyễn Thị Chúc Linh',N'','2023-06-06',5);
INSERT INTO "Comment"("productId","name","content","date","rate") VALUES (44,N'Anh Đạt',N'','2023-05-10',3);
INSERT INTO "Comment"("productId","name","content","date","rate") VALUES (44,N'Bùi Văn Chiến',N'','2023-04-02',4);
INSERT INTO "Comment"("productId","name","content","date","rate") VALUES (44,N'ĐẶNG THÁI BẢO',N'Tốt so với giá tiền. Màn hình AMOLES và chip khác biệt thật sự','2023-09-19',5);
INSERT INTO "Comment"("productId","name","content","date","rate") VALUES (44,N'Hoàng Thắng',N'','2023-06-02',4);
INSERT INTO "Comment"("productId","name","content","date","rate") VALUES (44,N'Hải',N'','2022-11-22',5);
INSERT INTO "Comment"("productId","name","content","date","rate") VALUES (44,N'Lê Quang Bá',N'','2023-06-20',4);
INSERT INTO "Comment"("productId","name","content","date","rate") VALUES (44,N'Quân Trần',N'','2023-04-23',5);
INSERT INTO "Comment"("productId","name","content","date","rate") VALUES (44,N'Tăng Diệu Phong',N'','2023-03-30',4);
INSERT INTO "Comment"("productId","name","content","date","rate") VALUES (44,N'NGUYỄN VĨNH TÚ',N'','2023-07-28',4);
INSERT INTO "Comment"("productId","name","content","date","rate") VALUES (44,N'Trần Văn Bảo',N'','2023-05-13',4);
INSERT INTO "Comment"("productId","name","content","date","rate") VALUES (44,N'ĐÀO ANH TUẤN',N'','2022-11-12',5);
INSERT INTO "Comment"("productId","name","content","date","rate") VALUES (44,N'Vũ như Huyên',N'','2022-10-30',4);
INSERT INTO "Comment"("productId","name","content","date","rate") VALUES (44,N'Trần Hữu Nghị',N'','2023-01-07',5);
INSERT INTO "Comment"("productId","name","content","date","rate") VALUES (44,N'TRẦN THỊ THẢO',N'','2022-11-26',4);
INSERT INTO "Comment"("productId","name","content","date","rate") VALUES (44,N'lục văn khánh',N'','2023-05-19',5);
INSERT INTO "Comment"("productId","name","content","date","rate") VALUES (44,N'Thọ',N'','2023-07-29',2);
INSERT INTO "Comment"("productId","name","content","date","rate") VALUES (44,N'Anh Thành',N'','2023-11-24',4);
INSERT INTO "Comment"("productId","name","content","date","rate") VALUES (44,N'Trần văn thụ',N'','2023-01-10',4);
INSERT INTO "Comment"("productId","name","content","date","rate") VALUES (44,N'Nguyễn Hoàng Thiện',N'','2022-12-09',4);
INSERT INTO "Comment"("productId","name","content","date","rate") VALUES (44,N'Công Vũ',N'','2023-05-05',4);

INSERT INTO "Product" ("productId","total","typeId","image","cost","price","discount","rate","releaseDate","name") VALUES (46, 174, 4,'https://cdn.tgdd.vn/Products/Images/42/299734/xiaomi-redmi-12-pro-4g-xanh-thumb-600x600.jpg',5190000,7190000,11,3.7,'2022-09-19', N'Điện thoại Xiaomi Redmi Note 12 Pro 128GB');
INSERT INTO "ProductDetail" ("productId","screen","os","cameraBehind","cameraFront","cpu","ram","rom","battery","sim") VALUES (46,N'AMOLED, 6.67", Full HD+',N'Android 11',N'Chính 108 MP & Phụ 8 MP, 2 MP, 2 MP',N'16 MP',N'Snapdragon 732G', N'8 GB',N'128 GB',N'5000 mAh',N'2 Nano SIM (SIM 2 chung khe thẻ nhớ)');
INSERT INTO "Comment"("productId","name","content","date","rate") VALUES (46,N'Anh tuấn',N'Cho tui hỏi redmi Note 12 pro 128gb có hỗ trợ dán kính cường lực không ạ cho tui xin ý kiến','2023-04-17',4);
INSERT INTO "Comment"("productId","name","content","date","rate") VALUES (46,N'Chi',N'Mới mua mà sử dụng wifi không ổn','2023-03-04',3);
INSERT INTO "Comment"("productId","name","content","date","rate") VALUES (46,N'Mai Minh Hoàng',N'Mới mua hôm 9/12 hụt pin kinh khủng và nóng đem lại tgdt thì gửi hãng test 15 ngày sài thua con 11s nữa có cái nhân viên nhiệt tình','2023-05-04',1);
INSERT INTO "Comment"("productId","name","content","date","rate") VALUES (46,N'Nguyễn Thị Bích Thi',N'Mới mua máy, nhưng khi cấm tai nghe thực hiện cuộc gọi trên mess hay zalo là bên đối phương bị vọng tiếng lại','2023-10-09',3);
INSERT INTO "Comment"("productId","name","content","date","rate") VALUES (46,N'Tâm nguyễn',N'Mới mua dt được 10 ngày , có cảm giác không được mượt , thao tác bấm bị khựng khoảng 1 2 giây mới nhảy , hay out ứng dụng , hay mất sóng mặc dù khu vực sóng khỏe , liệu có thể đổi mới được không ạ','2023-08-08',2);
INSERT INTO "Comment"("productId","name","content","date","rate") VALUES (46,N'Nguyễn Minh Phú',N'Tôi mua sản phẩm mới mà nhân viên shop lại lấy hàng trưng bày ra bán cho tôi, sản phẩm giờ chơi game rất lag và tuột pin nhanh','2023-10-01',1);
INSERT INTO "Comment"("productId","name","content","date","rate") VALUES (46,N'Anh Đức',N'Không sử dụng để qua đêm tụt mất 20% pin ,chơi game cực lag ,fps lên xuống liên tục ,quá tệ','2023-04-16',1);
INSERT INTO "Comment"("productId","name","content","date","rate") VALUES (46,N'Ma thế Hinh',N'Mới mua được 2 ngày pin thì không như mong đợi để qua đêm pin bị hao tầm 15% có thể đổi mới không ạ','2023-03-07',3);
INSERT INTO "Comment"("productId","name","content","date","rate") VALUES (46,N'Sen',N'Tôi đã bán lại với giá 4.613.000kTôi chưa bao giờ mua chiếc đt nào tệ như chiếc đt này.đã vạy còn trong bảo hành 1 đổi 1 mà vẫn ko dc hỗ trợ đổi.tôi thật là thất vọng khi đặt chân đến tgdd mua đt...tôi chắc chắn rằng tôi và người thân gia đình bạn bè .hay những người tôi quen biết sẽ ko bso h đặt chân đến tgdd.tôi sẽ kể những uất ức của bản thân khi đến nhờ hỗ trợ đổi máy.thật ko tin tgdd coi thường nguòi mua hàng đến bảo hành đến vây.','2023-09-01',1);
INSERT INTO "Comment"("productId","name","content","date","rate") VALUES (46,N'Trực',N'Mới mua giá 6tr390Giờ còn 5tr990Biết vậy để từ từ mua tiết kiệm đuợc tiền','2023-11-08',4);
INSERT INTO "Comment"("productId","name","content","date","rate") VALUES (46,N'Hoàng lệ quyên',N'Mới mua 6tr390 dc 2 hôm quay lại xem giá giảm còn 5tr990 vậy có cay ko, đọc đánh giá mới để ý lúc mua máy ko nguyên hộp, nhân viên mang ra là khui sẵn như máy cũ. Mình ko dc khui hộp lấy máy ra như máy mới, mới 2 ngày dùng thấy cũng tạm thôi. So với giá thì chưa xứng.','2023-11-22',3);
INSERT INTO "Comment"("productId","name","content","date","rate") VALUES (46,N'Giàng A chà',N'Điện thoại pin đột nhiên sạch thì thích quá nó 30 40 phút là đầy camera thì bình thường Lúc mình mua thì hơn 6 cũ','2023-06-23',3);
INSERT INTO "Comment"("productId","name","content","date","rate") VALUES (46,N'Phụng chiến',N'Mình mới mua trưa hôm nay. Nhưng hệ điều hành dùng k thích. Muốn hỏi là mai đổi qua máy khác mất phí bao nhiêu% ạ','2023-07-05',3);
INSERT INTO "Comment"("productId","name","content","date","rate") VALUES (46,N'Huỳnh Phúc An',N'Máy được, tạm ổn. Chơi game đuối, 6,5 triệu mà máy không lên nổi 400000 điểm máy như vầy giá cao nhất cỡ 5,5 triệu. Dịch vụ cũng tạm, giống như ép khách mua lẹ lẹ đẩy hàng cho nhanh để chạy kpi. Các phần khác thì máy ngon nhưng chip đuối 2023. Mua về xài 2 3 năm nữa chắc ko chơi đc game gì','2023-10-24',3);
INSERT INTO "Comment"("productId","name","content","date","rate") VALUES (46,N'Hồ Đông Sử',N'Máy tốt, mượt nhưng nhân viên đem máy đã bị bóc seal không biết có mua phải hàng trưng bày không hơi thất vọng. trong khi bạn mình mua nơi khác được nguyên seal. Bạn nhân viên cũng tốt nhưng lại tạo cho mình sự không thoải mái kiểu như muốn đẩy hàng nhanh hay sao ấy thích mấy bạn nhân viên xưa hơn tinh tế','2022-11-05',3);
INSERT INTO "Comment"("productId","name","content","date","rate") VALUES (46,N'Trần Hinh',N'Mới trải nghiệm 2 ngày loa hơi nhỏ, hơi khó nghe, pin tụt nhanh. Nói chung tạm tạm','2023-07-24',3);
INSERT INTO "Comment"("productId","name","content","date","rate") VALUES (46,N'Nguyễn thành danh',N'Máy quá tệ chơi game nhẹ như liên quân bật cấu hình thấp nhất mà còn giật lag hối hận khi mua','2023-07-06',1);
INSERT INTO "Comment"("productId","name","content","date","rate") VALUES (46,N'Trầm thị bích hanh',N'Máy tệ. Quá phí, đứng phải khpỉ động lại mới mua hơn 1 tháng','2023-08-30',1);
INSERT INTO "Comment"("productId","name","content","date","rate") VALUES (46,N'Thắng',N'Rất thất vọng về SP các bạn ko nên dùng SP của xiaume, pin hao gữi bảo hành thì trung tâm báo không lỗi, Đt để qua đêm hào trên 20 pin, nhân viên trung tâm TDDĐ thì ko nhiệt tình, cứ bảo trung tâm bảo hành báo ko lỗi, nếu đổi máy khác mất 20 giá trị SP','2022-09-26',1);
INSERT INTO "Comment"("productId","name","content","date","rate") VALUES (46,N'văn truờng',N'máy quá tệ... quá chậm đơ máy liên tục','2022-11-29',1);
INSERT INTO "Comment"("productId","name","content","date","rate") VALUES (46,N'Tú',N'Máy đơ nhiều lúc muốn đập máy đi thôi','2023-08-04',1);
INSERT INTO "Comment"("productId","name","content","date","rate") VALUES (46,N'Lâm thị kim hương',N'Máy thì nóng hổi, hao pin thì nhanh, lâu lâu cũng hơi lag, đứng màn hình khong lướt không bấm gì được phải khởi động lại. Thất vọng','2023-11-11',3);
INSERT INTO "Comment"("productId","name","content","date","rate") VALUES (46,N'Trần Văn Dũng',N'Bật hien thì thời gian sạc pin ở đâu vậy ạ','2022-11-22',5);
INSERT INTO "Comment"("productId","name","content","date","rate") VALUES (46,N'Nguyễn Văn Cường',N'Máy của mình vừa mua được 1 tuầnKhi gọi video call messenger hay là video call zalo mic thu âm đều rất kém. Gọi nói chuyện bình thường mà bên kia nghe rất nhỏ','2023-07-19',3);
INSERT INTO "Comment"("productId","name","content","date","rate") VALUES (46,N'Huỳnh Duy Tân',N'Mong cập nhật lên MIUI mới đở hao pin và đở lag','2023-11-29',3);
INSERT INTO "Comment"("productId","name","content","date","rate") VALUES (46,N'Thu',N'rat ok','2023-07-06',5);
INSERT INTO "Comment"("productId","name","content","date","rate") VALUES (46,N'Vy',N'Mình mới xài con này hơn 10 ngày. Rất tệ, pin tụt nhanh, chơi game mình chỉnh từ cấu hình thấp nhất đến cao nhât lúc nào giao tranh thì fps lên xuống liên tục. Mình cũng là fan xiaomi, nhưng đây là lần đầu mình thất vọng quá. Nếu ai mua con này để chơi game thì xin đừng. Còn mua đọc báo, nghe nhạc thì đc. Ưu điểm đc mỗi cái sạc nhanh.','2023-10-18',1);
INSERT INTO "Comment"("productId","name","content","date","rate") VALUES (46,N'đỗ thị chức',N'thay màn hinh với mặt lưng con nay bao nhieu vậy ad','2023-06-06',4);
INSERT INTO "Comment"("productId","name","content","date","rate") VALUES (46,N'Vi văn đông',N'Hối hận khi mua đt này.Chơi game thì giật lác, quảng cáo thì xuất hiện liên tục.Chán','2022-11-26',2);
INSERT INTO "Comment"("productId","name","content","date","rate") VALUES (46,N'Nguyễn đình tài',N'Đth không chơi game mà dùng liên tục để gọi và lướt thôi mà nửa ngày đã hết pin là sao ạ','2023-09-28',2);
INSERT INTO "Comment"("productId","name","content","date","rate") VALUES (46,N'Lê Viết Tâm',N'Máy chơi game quá lag pin thì nhanh tụt lâu lâu bị lỗi tối màn hình tầm 15p rồi mới bình thường lại Máy mua trả góp được 3 tháng hay 4 tháng gì rồi giờ muốn đổi máy khác thì phải làm sao','2023-02-10',1);
INSERT INTO "Comment"("productId","name","content","date","rate") VALUES (46,N'Trần Phước Thiện',N'Pin mau tuột hơn cả con redmi note 11 lúc trước tui dùnh','2023-10-10',2);
INSERT INTO "Comment"("productId","name","content","date","rate") VALUES (46,N'Bảo Anh',N'Là Đt 5G hay 4G ạ Muốn mua ốp mà ng ta hỏi ko biết','2022-12-20',5);
INSERT INTO "Comment"("productId","name","content","date","rate") VALUES (46,N'Thạch Song La',N'Mọi tác vụ khác điều ổn nhưng không hiểu sao máy dùng chip Snapdragon 732G mà chơi pubg liên tục bị tụt FPS khi combat kể cả chơi arena cũng tụt FPS liên tục liên quân thì tạm ổn đôi khi vẫn tụt FPS nhưng chỉ thỉnh thoảng theo mình đánh giá chỉ chơi game là ko ổn tụ fps rất khó chịu còn lại điều ok','2023-11-18',3);
INSERT INTO "Comment"("productId","name","content","date","rate") VALUES (46,N'Nguyen Duy Anh',N'Ok','2023-11-29',5);
INSERT INTO "Comment"("productId","name","content","date","rate") VALUES (46,N'Phan Nhật Thiên',N'Dạ tgdd có thể gọi cho em vào lúc 4 giờ chiều không ạ','2023-07-09',4);
INSERT INTO "Comment"("productId","name","content","date","rate") VALUES (46,N'Lê chánh',N'Mua đc 5 ngày mà bị lỗi gửi tn 23p tin nhắn mới gửi đi đc..','2023-05-09',3);
INSERT INTO "Comment"("productId","name","content","date","rate") VALUES (46,N'Dung',N'E mới mua 2 ngày mà để qua đêm pin tụt 20%','2023-10-19',2);
INSERT INTO "Comment"("productId","name","content","date","rate") VALUES (46,N'Bình',N'Ok. Máy mượt','2023-05-24',5);
INSERT INTO "Comment"("productId","name","content","date","rate") VALUES (46,N'Nguyễn Đức Điền',N'Về chơi liên quân tình trạng lúc combat hơi lag fps nhảy . Hơi tốn pin .','2023-10-29',3);
INSERT INTO "Comment"("productId","name","content","date","rate") VALUES (46,N'TRẦN THỊ NHUNG',N'Okok','2023-12-10',5);
INSERT INTO "Comment"("productId","name","content","date","rate") VALUES (46,N'Chị The',N'Viết văn bản toàn bị nhảy phông chữ, độ sáng màm hình tối','2023-01-10',3);
INSERT INTO "Comment"("productId","name","content","date","rate") VALUES (46,N'Chị Dung',N'Tôi mới dùng sang dòng sản phẩm này có lẽ là chưa quen nhưng hiện tại tôi cảm thấy sản phẩm Redmi Note 12 Pro dùng tốt ạ','2023-03-20',4);
INSERT INTO "Comment"("productId","name","content","date","rate") VALUES (46,N'Anh Thành',N'tốt','2023-12-08',4);
INSERT INTO "Comment"("productId","name","content","date","rate") VALUES (46,N'Trần toàn',N'Máy cứ nổi cập nhật hoài chán mua lần','2022-11-18',2);
INSERT INTO "Comment"("productId","name","content","date","rate") VALUES (46,N'Huỳnh hồng tiến',N'Pin ko cầm.. Mới mua dc 2 tùân.. Quá chán nản..hểt hy vọng vào e này rồi','2023-01-06',1);
INSERT INTO "Comment"("productId","name","content","date","rate") VALUES (46,N'Đinh Tú',N'Sau hơn 1 tháng sử dụng điện thoại này thì mình có đánh giá ntnĐiện thoại mình dùng để chơi gameNhưng lúc mình sạc đầy pin xong để qua đêm pin bị tuột từ 100% xuống còn 85%, xong hôm nay mình bận ko chơi game mình để tới 13h00 chiều nay, tuột tiếp từ 85% xuống còn 68% Chơi game thì ko lag, ko giật mấy, nhưng pin gì mà xuống khiếp quá, mình mua lúc 30/8 giờ là 7/10 mới có hơn 1 tháng thôi mà pin như vậy rồi là sao ạ','2023-06-17',2);
INSERT INTO "Comment"("productId","name","content","date","rate") VALUES (46,N'nhựt',N'Pin xài nói chung cũng mau tuộtHay nóng máyChơi game lag và nóngNói chung mua chụp hình lướt web xem phim thì oke chứ chơi game thì kiếm còn nào ngon hơn','2022-12-03',4);
INSERT INTO "Comment"("productId","name","content","date","rate") VALUES (46,N'Trí',N'Khá làg, phải load lại mới chạy, kbiet do mớii 13 hay lỗi vặt hay sao ấy','2023-09-07',3);
INSERT INTO "Comment"("productId","name","content","date","rate") VALUES (46,N'Trần Văn Thế',N'Máy tốt trong tầm giá','2023-12-07',5);
INSERT INTO "Comment"("productId","name","content","date","rate") VALUES (46,N'Trang',N'Máy em mới dùng được 2 ngày khá nóng tối sạc đầy 100% tắt máy đi ngủ sáng nay dậy chỉ còn 95% máy mới mà hao pin còn kém hơn máy cũ em dùng. Cắm sạc mà lúc rút cục sạc nóng ran phát sợ. Cho em hỏi đây là bình thường hay bất thường nhé ạ CSKH rep hộ em','2023-06-11',3);
INSERT INTO "Comment"("productId","name","content","date","rate") VALUES (46,N'Giang',N'Dùng ô cê lăm','2023-01-16',5);
INSERT INTO "Comment"("productId","name","content","date","rate") VALUES (46,N'Phạm Tiến Lực',N'Máy quá tệ mới mua sử dụng được đúng 2 ngày sài ứng dụng bình thường mà máy nóng kinh khủng tự báo nhiệt và tự out tất cả ứng dụng đang xài đem ra 2 cái thế giới di động chỉnh tới lui vẫn không khắc phục làm sao sử dụng đây','2023-06-13',1);
INSERT INTO "Comment"("productId","name","content","date","rate") VALUES (46,N'Toán',N'Trải nghiệm 1 tháng cho ai định mua. Lúc đầu thì mới ngon. Sau hơn tháng là máy bắt đầu hiện tượng giật lác khi xem titok và facebook. Trong khi mạng rất khỏe nhé. Nói chung sai lầm khi mua con này. K bằng con note 11s trước của mình. Quá tệ','2023-02-07',2);
INSERT INTO "Comment"("productId","name","content","date","rate") VALUES (46,N'Trần Lê Phan',N'Khá Ôk để xem sau này ntn đã','2022-10-13',5);
INSERT INTO "Comment"("productId","name","content","date","rate") VALUES (46,N'Nguyễn Thanh Điền',N'Máy sài mượt hiển thị tốt sạc nhanh chỉ hơn 30 phút là đầy nhưng máy tụt pin nhanh quá tối tắt máy tắt hết ứng dụng kiểm tra pin 80% ngủ sáng ra kiểm tra còn 60% trong khi các điện thoại trước đây để qua đêm chỉ tụt 23% máy này tụy gấp 10 lần ko biết do đặc điểm hay máy lỗi nữa','2023-11-10',3);
INSERT INTO "Comment"("productId","name","content","date","rate") VALUES (46,N'Nguyễn hoàng vũ',N'máy cũ bị âm ảnh . đổ bóng mà đem bán.vì tin tưởng tgdd làm ăn đàng hoàng mua ko kiểm ra về phát hiện đem ra trả thì bị trừ 10%.. tgdd làm an ngày càng mất uy tín. chẳng khác nào biết máy lỗi vẩn đem bán cho khách xong để thu lấy 10% giá trị rồi lại đem máy đó đi bán để khách khác mua không để ý lại bị mất 10% như tui nữa thật sự quá tệ quá tệ','2023-01-24',1);
INSERT INTO "Comment"("productId","name","content","date","rate") VALUES (46,N'Duơng tấn khoa',N'Máy tốt mà hào pin hơi nhanh nên chuyển sang 60hz sẽ đở hào pin hơn còn lại ok.','2023-04-23',5);
INSERT INTO "Comment"("productId","name","content","date","rate") VALUES (46,N'Nguyễn Văn Thành',N'Mới mua hôm chủ nhật. Xạc được lần giờ xạc không vào','2023-04-07',3);
INSERT INTO "Comment"("productId","name","content","date","rate") VALUES (46,N'Dat',N'E đang sài máy này muốn đổi sang redmi 12pr 5g thì bù bao nhiêu v','2023-04-04',4);
INSERT INTO "Comment"("productId","name","content","date","rate") VALUES (46,N'Tiến Phương',N'Xiaomi redmi note 12pro. Mình mới mua tại thế giới di động. Bị lỗi cảm biến quay hồi chuyển. Khi vào chế độ web hay một số ứng dụng sẽ k hiện nút chuyển chế độ xoay ngang dưới góc phải như trong hình. Lên gặp bộ phận kỹ thuật thế giới di động hỏi thì được trả lời là máy không có chức năng này. Trong khi tất cả các máy ở cửa hàng mình kiểm tra qua đều có kể cả những máy 2  3 triệu cũng có. Mong bên kỹ thuật giải thích cho mình trường hợp máy này nhé.','2023-01-31',1);
INSERT INTO "Comment"("productId","name","content","date","rate") VALUES (46,N'Hà tư',N'Tụt pin nhanh thậtchắc đổi qua dòng khác mất','2023-12-16',2);
INSERT INTO "Comment"("productId","name","content","date","rate") VALUES (46,N'Tiến mùi',N'Chip 732 mà nóng quá. Còn nhanh hao pin. So với note 9s trước mình dùng thì con note 12 pro này thua xa','2022-10-03',4);
INSERT INTO "Comment"("productId","name","content","date","rate") VALUES (46,N'Trần văn Dũng',N'E mới mua trả góp giờ e muốn đổi sang máy khác có đc ko ạ','2022-11-05',4);
INSERT INTO "Comment"("productId","name","content","date","rate") VALUES (46,N'Đào Thanh Đạt',N'con này đẹp màn hình cũng đẹp pin ổn sạc 67w nhanh cam chụp đẹp nhưng mà mỗi tội nhu cầu duy nhất của mình là chơi game và con này lỏ đúng con chip  nên với mình con này không hợp  nhưng mà lỡ mua rồi thì thoi chứ mình tính mua s20 fe cơ mà nó hết hàng rồibonus mấy chị nhân viên tư vấn cute lắm','2022-11-01',5);
INSERT INTO "Comment"("productId","name","content","date","rate") VALUES (46,N'Tiến mùi',N'Pin hơi yếu','2023-11-29',4);
INSERT INTO "Comment"("productId","name","content","date","rate") VALUES (46,N'Lê chang',N'Mới mua 1 tháng.sạc pin đã k vào.vậy có được bảo hành đổi sạc mới k vậy','2023-06-02',2);
INSERT INTO "Comment"("productId","name","content","date","rate") VALUES (46,N'Đại',N'Điện thoại này bắt mạng kém quá. Chơi liên quân thì giật lag nhiều.','2023-02-03',2);
INSERT INTO "Comment"("productId","name","content","date","rate") VALUES (46,N'Trang',N'Mới mua máy đuợc 2 hôm. Máy nóng tụt pin nhanh. Nên xem xét truớc khi mua','2023-02-19',1);
INSERT INTO "Comment"("productId","name","content","date","rate") VALUES (46,N'Quân',N'máy này chơi pubg nóng lên lắc qua . đổi sang oppo reno 10 thì cần bù bao nhiêu vậy ad.','2022-11-18',3);
INSERT INTO "Comment"("productId","name","content","date","rate") VALUES (46,N'Nguyễn Vũ Xuyên',N'Chơi game nặng không Phù hợp','2023-08-10',5);
INSERT INTO "Comment"("productId","name","content","date","rate") VALUES (46,N'Võ Thị Thanh Thuý',N'Mình mua sản phẩm này sai đc gần 2 tháng rồi. Rất tốt quá ok luôn. Mình rất vui. Khi chọn đúng như mong muốn ạ. Xin cảm ổn.','2023-09-15',5);
INSERT INTO "Comment"("productId","name","content","date","rate") VALUES (46,N'Ông Hữu',N'Thấy mấy người kêu chơi game ko ổn. Chia sẻ cho .mới mua thấy cũng vậy .sau phải bật 120HZ. Và cứ cài full seting trong game lên. Chiến ầm ầm','2023-09-19',3);
INSERT INTO "Comment"("productId","name","content","date","rate") VALUES (46,N'Đức phạm',N'Mới góp cái rụp 10t 7tr1 h 15t còn 6tr8 công bằng ở đâu','2022-11-30',3);
INSERT INTO "Comment"("productId","name","content","date","rate") VALUES (46,N'Đức miên',N'Con này chơi game thì nó tệ phải nói luôn nóng máy lag tệ hơn con huawe ram 4g nữa con nốt 8 và 10 pro cấu hình ngang nhau thậm chí là ram ít hơn mà chơi game rất mượt giòng sau này chịu thua luôn.','2023-05-30',2);
INSERT INTO "Comment"("productId","name","content","date","rate") VALUES (46,N'Lê văn phương',N'Ko hơn 11 pro mấy','2023-11-04',3);
INSERT INTO "Comment"("productId","name","content","date","rate") VALUES (46,N'Tiến Đức',N'Ok','2023-05-19',4);
INSERT INTO "Comment"("productId","name","content","date","rate") VALUES (46,N'Hương',N'T giá này chất luợng ok.','2023-10-24',5);
INSERT INTO "Comment"("productId","name","content","date","rate") VALUES (46,N'Trần điệp',N'Wi-Fi bắt kém','2023-03-17',3);
INSERT INTO "Comment"("productId","name","content","date","rate") VALUES (46,N'Lương Thị Thuý Tùng',N'Dễ sử dụng, máy pin lâu','2023-12-12',4);
INSERT INTO "Comment"("productId","name","content","date","rate") VALUES (46,N'Phạm Viết Huynh',N'Mới mua máy hồi tối. Máy gì vừa vào game liên quân là bắt đầu nóng. Giật lag kinh khủng k thể di chuyển được. Quá thất vọng','2023-09-08',1);
INSERT INTO "Comment"("productId","name","content","date","rate") VALUES (46,N'Hồ minh phơ',N'Vá tệ vá vá tệ mua cái dt vá chán vá buồn chơi game liên quân còn thua các dồng mấy kia','2023-07-18',1);
INSERT INTO "Comment"("productId","name","content","date","rate") VALUES (46,N'Đắc Thị Thùy Nhung',N'Sài tot cảm ứng nhạy','2023-01-28',4);
INSERT INTO "Comment"("productId","name","content","date","rate") VALUES (46,N'Nguyễn Đức',N'Điện thoại này bảo hành bao lâu vậy Shop','2023-04-13',5);
INSERT INTO "Comment"("productId","name","content","date","rate") VALUES (46,N'A kết',N'Con này sài chip 732 mà đánh liên quân lắc như gì. Không được mướt. So sánh thua chip helo G95 luôn. Lại luôn á trời. Nói chung là xài thì cũng ok nhưng cảm giác như pin chưa trâu lắm.','2023-03-03',3);
INSERT INTO "Comment"("productId","name","content","date","rate") VALUES (46,N'BÙI NHƯ Ý',N'không bằng note 10 pro! giá thì cao hơn','2023-11-23',4);
INSERT INTO "Comment"("productId","name","content","date","rate") VALUES (46,N'Nguyễn đức toản',N'Dùng đc 1 tuần thấy nếu để lướt FB hay xem phim thì ổn loa trong tầm giá nge hay nhưng .con chip máy mới ra mà lại nhét 732g vào ko bằng con 685 trên redmi not12 thật sự để chơi game thì là con máy vất đi','2023-07-28',1);
INSERT INTO "Comment"("productId","name","content","date","rate") VALUES (46,N'PHẠM QUANG MINH',N'sử dụng tốt nhâm viên nhiệt tình hỗ trợ','2022-12-31',5);
INSERT INTO "Comment"("productId","name","content","date","rate") VALUES (46,N'Dương',N'Máy chơi game nhanh nóng, còn lại thì khá là ổn áp','2023-09-19',4);
INSERT INTO "Comment"("productId","name","content","date","rate") VALUES (46,N'Lê Trung Hậu',N'Lâu lâu hơi lắc. Nhưng mà sạc pin siêu nhanh. Đẹp','2022-12-22',3);
INSERT INTO "Comment"("productId","name","content","date","rate") VALUES (46,N'Hiệp',N'Không tệ','2023-08-24',4);
INSERT INTO "Comment"("productId","name","content","date","rate") VALUES (46,N'LƯƠNG THỊ MỸ DUYÊN',N'Ok lắm','2023-04-28',5);
INSERT INTO "Comment"("productId","name","content","date","rate") VALUES (46,N'Nam',N'Binh thuong','2023-11-09',3);
INSERT INTO "Comment"("productId","name","content","date","rate") VALUES (46,N'Vũ Tiến Bộ',N'Thiết bị mới, chưa thể nói gì','2023-09-25',4);
INSERT INTO "Comment"("productId","name","content","date","rate") VALUES (46,N'nguyễn tuấn hữu',N'Chức năng chụp hình ở chế độ AI bị lỗi, cứ bật lên là treo máy, khởi động lại. Đã được đổi máy mới, nhưng giờ lại thấy cái ốp lưng theo máy như hàng sida, ốp lưng mà cạnh sắc bén, cầm hoặc cứa nghi đứt tay quá. lần đầu dùng hãng Redmi không biết do lần này xui hay đều như vậy, nếu vậy không nên dùng hãng này nữa. Đánh giá 3* là vì thái độ của nhân viên TGDD rất nhiệt tình.','2022-10-13',3);
INSERT INTO "Comment"("productId","name","content","date","rate") VALUES (46,N'NGUYỄN THUẬT',N'Tốt','2023-01-02',5);
INSERT INTO "Comment"("productId","name","content","date","rate") VALUES (46,N'Ngọc',N'Mọi thứ đều ổn nhưng pin k ổn chút nào đã đổi 1 lân do lỗi pin để qua đêm tụt 30% về đến ngày t3 máy mới lại bị tụi tiếp k biết do phần mềm hay lỗi từ miximiao nữa chứ con t2 vẫn bị nv à!','2023-10-17',3);
INSERT INTO "Comment"("productId","name","content","date","rate") VALUES (46,N'Anh Trường',N'Tạm ổn','2023-12-12',4);
INSERT INTO "Comment"("productId","name","content","date","rate") VALUES (46,N'PALĂNG THỊ MINH TRANG',N'Nó hơi giật lag','2023-07-13',4);
INSERT INTO "Comment"("productId","name","content","date","rate") VALUES (46,N'Chị Phương',N'Máy xài khá mượt, cấu hình đẹp.','2023-05-07',4);
INSERT INTO "Comment"("productId","name","content","date","rate") VALUES (46,N'DƯƠNG CÔNG HẢI',N'Sản phẩm dùng tốt','2023-05-27',5);
INSERT INTO "Comment"("productId","name","content","date","rate") VALUES (46,N'Nguyễn Thị Thơ',N'Đến hiện tại thì rất ok nha mn
 Về lâu dài thì k pít 😁','2023-11-29',4);
INSERT INTO "Comment"("productId","name","content","date","rate") VALUES (46,N'Anh Nhiên',N'Tôi thấy rất ok','2023-12-06',5);
INSERT INTO "Comment"("productId","name","content","date","rate") VALUES (46,N'Khải Minh',N'Sản phẩm sử dụng cũng oke pin rất trâu ạ','2023-05-07',4);
INSERT INTO "Comment"("productId","name","content","date","rate") VALUES (46,N'LÝ VĂN LUẬN',N'Cảm ứng đôi khi không phản hồi','2023-04-26',3);
INSERT INTO "Comment"("productId","name","content","date","rate") VALUES (46,N'Hoàng Minh Khải',N'Tốt','2022-11-12',4);
INSERT INTO "Comment"("productId","name","content","date","rate") VALUES (46,N'Anh Thành',N'Máy chạy rất muợn','2022-11-15',5);
INSERT INTO "Comment"("productId","name","content","date","rate") VALUES (46,N'Huỳnh Thị Kim Huệ',N'Rất tốt','2023-01-16',5);
INSERT INTO "Comment"("productId","name","content","date","rate") VALUES (46,N'Triệu Văn Giang',N'Mới mua đc vài ngày chưa thể đánh giá được chất luợng về sau. Cứ cho 5 sao truớc đã','2022-12-02',5);
INSERT INTO "Comment"("productId","name","content","date","rate") VALUES (46,N'Phan Văn Ninh',N'Điện thoại mới sao lại có sẵn ứng dụng mua hàng, tôi chán ghét việc đó, tôi mua điện thoại với mục đích của chính tôi, mấy cái app vớ vẩn gây xung đột chương trình, thật đáng ghét, có gỡ thì vẫn dính tập tin rác tôi biết nhà sản xuất sẽ bóp hiệu năng sau một đoạn thời gian với những bản cập nhật hệ thống, nhưng tôi bỏ tiền mua điện thoại cũng phải đuợc thoải mái một chút trải nghiệm thời gian đầu chứ','2023-11-04',4);
INSERT INTO "Comment"("productId","name","content","date","rate") VALUES (46,N'Nguyễn Viết Sáng',N'Hao pin nhanh','2023-07-28',3);
INSERT INTO "Comment"("productId","name","content","date","rate") VALUES (46,N'Nguyễn Thị Thu Hà',N'Cục sạc 67w nên vô pin rất nhanh, chưa đầy 1h pin 100℅, pin sài nhanh tỉ lệ thuận với chế độ sạc😂
 Camera chụp như IOS, 
 Nói chung là cái gì mới mẻ đều ngon, sau 1 năm mới rõ ạ :))','2023-02-10',4);
INSERT INTO "Comment"("productId","name","content","date","rate") VALUES (46,N'CÔNG TY TNHH ĐÔNG GIANG BP',N'Điện thoại tốt','2022-10-15',4);
INSERT INTO "Comment"("productId","name","content","date","rate") VALUES (46,N'TRẦN CÔNG KHANH',N'Máy tốt x@i ok game mượt','2022-11-06',4);
INSERT INTO "Comment"("productId","name","content","date","rate") VALUES (46,N'Phùng Mạnh Tùng',N'Ok OK 👌👌👌','2023-10-19',4);
INSERT INTO "Comment"("productId","name","content","date","rate") VALUES (46,N'LƯU TRƯỜNG CHINH',N'Rất nhiệt tình','2023-03-03',5);
INSERT INTO "Comment"("productId","name","content","date","rate") VALUES (46,N'TRẦN ANH BÌNH',N'Ok','2023-11-12',5);
INSERT INTO "Comment"("productId","name","content","date","rate") VALUES (46,N'Ngọc Quý',N'Good','2023-06-07',5);
INSERT INTO "Comment"("productId","name","content","date","rate") VALUES (46,N'Võ Văn Tèo',N'Ok','2023-06-29',5);
INSERT INTO "Comment"("productId","name","content","date","rate") VALUES (46,N'TRẦN THỊ MỸ HẠNH',N'Tốt','2023-10-13',4);
INSERT INTO "Comment"("productId","name","content","date","rate") VALUES (46,N'Lê Tấn Sang',N'Rất tốt sài ổn','2022-10-09',5);
INSERT INTO "Comment"("productId","name","content","date","rate") VALUES (46,N'Chị Hậu',N'Ổn','2022-11-26',4);
INSERT INTO "Comment"("productId","name","content","date","rate") VALUES (46,N'LÊ THỊ KIM PHỤNG',N'Sản phẩm tốt. Nhân viên tư vấn nhiệt tình','2022-11-25',4);
INSERT INTO "Comment"("productId","name","content","date","rate") VALUES (46,N'Anh Nam',N'Dịch vụtốt. Sp chất luợng','2023-12-05',5);
INSERT INTO "Comment"("productId","name","content","date","rate") VALUES (46,N'Phạm Văn Tư',N'Sản phẩm này dùng tốt','2023-08-01',4);
INSERT INTO "Comment"("productId","name","content","date","rate") VALUES (46,N'Triệu Văn Bắc',N'Máy phù hợp với giá tiền','2023-12-04',5);
INSERT INTO "Comment"("productId","name","content","date","rate") VALUES (46,N'PHAN VĂN KHỎE',N'Sản phẩm tốt trong tầm giá!','2023-01-14',5);
INSERT INTO "Comment"("productId","name","content","date","rate") VALUES (46,N'TRẦN ANH ĐỨC',N'Vừa ý với giá tiền','2022-10-17',5);
INSERT INTO "Comment"("productId","name","content","date","rate") VALUES (46,N'Nguyen Hoang Dung',N'Mua dc 3 ngày, hay lag, f tắt nguồn mở lại ms gọi được, hqa giờ ngta đt cứ báo bận minh gọi cũng ko đc, tắt nguồn mở lại mới sdung duoc hic','2023-10-19',4);
INSERT INTO "Comment"("productId","name","content","date","rate") VALUES (46,N'HỒ ĐÌNH TẠO',N'Rồi  OK lắm.mà  bữa  sau xưng hô cho đúng giới tính  nhé','2023-10-31',5);
INSERT INTO "Comment"("productId","name","content","date","rate") VALUES (46,N'Nguyễn Ngọc Hà',N'Đang trải nghiệm','2023-10-14',4);
INSERT INTO "Comment"("productId","name","content","date","rate") VALUES (46,N'Võ Thành Phước',N'Ok','2022-10-02',4);
INSERT INTO "Comment"("productId","name","content","date","rate") VALUES (46,N'TÔ VĂN QUYỀN',N'Tốt','2022-11-24',4);
INSERT INTO "Comment"("productId","name","content","date","rate") VALUES (46,N'Bạn Nhà',N'Quảng cáo quá nhiều','2023-01-18',3);
INSERT INTO "Comment"("productId","name","content","date","rate") VALUES (46,N'LÊ THÀNH VŨ',N'Quá Ok','2023-08-14',5);
INSERT INTO "Comment"("productId","name","content","date","rate") VALUES (46,N'NGUYỄN NGỌC NHÂN',N'Ok','2023-04-13',5);
INSERT INTO "Comment"("productId","name","content","date","rate") VALUES (46,N'LÊ ĐÌNH HIẾU',N'OK đó','2023-11-18',5);
INSERT INTO "Comment"("productId","name","content","date","rate") VALUES (46,N'Em khánh',N'Vip pro','2023-04-25',5);
INSERT INTO "Comment"("productId","name","content","date","rate") VALUES (46,N'NGUYỄN THÀNH LIÊM',N'Sản phẩm tốt','2023-11-14',4);
INSERT INTO "Comment"("productId","name","content","date","rate") VALUES (46,N'TRẦN MINH CHIẾN',N'Máy mới mà lác quá','2023-01-16',2);
INSERT INTO "Comment"("productId","name","content","date","rate") VALUES (46,N'Chị Thi',N'Tôi thấy rất tốt','2023-09-28',5);
INSERT INTO "Comment"("productId","name","content","date","rate") VALUES (46,N'Anh Vũ',N'Nhân viên rất nhiệt tình','2023-08-24',5);
INSERT INTO "Comment"("productId","name","content","date","rate") VALUES (46,N'Cô Minh',N'sp tốt','2023-10-04',4);
INSERT INTO "Comment"("productId","name","content","date","rate") VALUES (46,N'Phan thái tây dương',N'Tư vấn tốt','2022-11-09',4);
INSERT INTO "Comment"("productId","name","content","date","rate") VALUES (46,N'Hậu',N'Tốt','2023-04-23',4);
INSERT INTO "Comment"("productId","name","content","date","rate") VALUES (46,N'ĐỖ THỊ THU BA',N'Rất tốt','2023-12-15',5);
INSERT INTO "Comment"("productId","name","content","date","rate") VALUES (46,N'VÕ THÀNH PHƯƠNG',N'Máy sử dụng tốt. Đáp ứng đủ nhu cầu.','2023-05-19',5);
INSERT INTO "Comment"("productId","name","content","date","rate") VALUES (46,N'Chi Vy',N'Sài okey đó còn bền không thì sau này mới biết được','2023-04-15',5);
INSERT INTO "Comment"("productId","name","content","date","rate") VALUES (46,N'Văn Tiến Trung',N'Sử dụng ban đầu thấy tốt, chưa có lỗi gì. Chip mạnh ko giật lag. Màn hình đẹp. Sp tốt trong mức giá tầm trung','2023-06-01',5);
INSERT INTO "Comment"("productId","name","content","date","rate") VALUES (46,N'Nguyen Thi Kim Băng',N'Rât tôt','2023-02-18',4);
INSERT INTO "Comment"("productId","name","content","date","rate") VALUES (46,N'LÊ TRẦN QUỐC ÂN',N'Đẹp','2023-10-20',5);
INSERT INTO "Comment"("productId","name","content","date","rate") VALUES (46,N'TÒNG VĂN TẮM',N'Mình thích mua hàng trong thế giới di động','2023-07-02',4);
INSERT INTO "Comment"("productId","name","content","date","rate") VALUES (46,N'NGUYỄN THÁI BẢO',N'Pin hơi nhanh hết','2023-12-16',4);
INSERT INTO "Comment"("productId","name","content","date","rate") VALUES (46,N'TRẦN HẢI QUAN',N'Dùng ok','2023-02-09',4);
INSERT INTO "Comment"("productId","name","content","date","rate") VALUES (46,N'Nguyen Thanh Tri',N'Tốt','2023-09-05',4);
INSERT INTO "Comment"("productId","name","content","date","rate") VALUES (46,N'Nguyễn Phạm Hoàng Lân',N'Nó ổn lắm, ny em thích =))))))','2023-05-08',4);
INSERT INTO "Comment"("productId","name","content","date","rate") VALUES (46,N'Nguyễn Thị Mỹ Linh',N'Sản phẩm ok trong tầm giá rất hài lòng về sản phẩm','2023-09-04',5);
INSERT INTO "Comment"("productId","name","content","date","rate") VALUES (46,N'Anh Duy',N'Ok','2023-05-08',4);
INSERT INTO "Comment"("productId","name","content","date","rate") VALUES (46,N'NGUYỄN KHÁNH DUY',N'Tốt','2023-10-17',5);
INSERT INTO "Comment"("productId","name","content","date","rate") VALUES (46,N'TRÀ THỊ KIM HẠNH',N'Mẫu mã đẹp, lượt rất mượt, mở khoá vân tay bên hông hơi bất tiện.','2023-11-17',4);
INSERT INTO "Comment"("productId","name","content","date","rate") VALUES (46,N'NGUYỄN THANH TÙNG',N'Sản phẩm rất tốt','2023-11-09',5);
INSERT INTO "Comment"("productId","name","content","date","rate") VALUES (46,N'53273 - Nguyễn Thị Huệ',N'Sp dùng mượt, pin lâu','2023-08-06',5);
INSERT INTO "Comment"("productId","name","content","date","rate") VALUES (46,N'Quách Văn Thân',N'Ngon bổ rẻ','2023-06-28',5);
INSERT INTO "Comment"("productId","name","content","date","rate") VALUES (46,N'Lê Văn Tùng',N'Dùng rất ổn định','2023-11-11',5);
INSERT INTO "Comment"("productId","name","content","date","rate") VALUES (46,N'Lê Hà Tuyên',N'Điện thoại nghe gọi rất chán. Lúc thì mất sóng, lúc thì bị rè. Nhân viên DMX rất nhiệt tình, mình đã được đổi sang một máy khác cùng loại theo chương trình 1 đổi 1 trong tháng đầu. Nhưng tình hình máy vẫn không khác. Chất lượng máy quá chán. DMX nên lọc những mã chất lượng kém khỏi danh sách bán hàng để tránh mất khách','2023-06-13',1);
INSERT INTO "Comment"("productId","name","content","date","rate") VALUES (46,N'Ba Rau De',N'Tgdd giờ tệ quá, tgdd là tập đoàn lớn mà tôi đi trả điện thoại thì nv bảo không có tiền mặt để trả, đứa thì bảo là không có tiền mặt để trả hẹn lúc khác qua đổi, đứa thì lại kêu tôi đi bán ở tiệm dt ngoài, thế giới di động lớn vậy thì làm sao mà không có tiền mặt trong cửa hàng, vô lý thật','2023-05-03',1);
INSERT INTO "Comment"("productId","name","content","date","rate") VALUES (46,N'Lê Quang Vinh',N'','2022-11-09',3);
INSERT INTO "Comment"("productId","name","content","date","rate") VALUES (46,N'Phạm Thế Hân',N'','2022-10-18',5);
INSERT INTO "Comment"("productId","name","content","date","rate") VALUES (46,N'Trinh',N'','2023-01-03',5);
INSERT INTO "Comment"("productId","name","content","date","rate") VALUES (46,N'Nguyễn Thị Hằng',N'','2022-12-14',4);
INSERT INTO "Comment"("productId","name","content","date","rate") VALUES (46,N'Nguyễn Ngọc Hân',N'','2023-09-22',4);
INSERT INTO "Comment"("productId","name","content","date","rate") VALUES (46,N'Hoàng Thái Phương',N'','2023-01-02',5);
INSERT INTO "Comment"("productId","name","content","date","rate") VALUES (46,N'Hải',N'','2023-10-05',4);
INSERT INTO "Comment"("productId","name","content","date","rate") VALUES (46,N'LÊ NHẬT TẤN',N'','2023-08-02',4);
INSERT INTO "Comment"("productId","name","content","date","rate") VALUES (46,N'A Thuận',N'','2023-04-06',5);
INSERT INTO "Comment"("productId","name","content","date","rate") VALUES (46,N'Nguyễn Trọng Đức',N'','2023-09-13',3);
INSERT INTO "Comment"("productId","name","content","date","rate") VALUES (46,N'Phạm thị hằng',N'','2023-07-18',3);
INSERT INTO "Comment"("productId","name","content","date","rate") VALUES (46,N'Anh Khoa',N'','2022-12-20',5);
INSERT INTO "Comment"("productId","name","content","date","rate") VALUES (46,N'Em Kiệt',N'','2023-04-12',5);
INSERT INTO "Comment"("productId","name","content","date","rate") VALUES (46,N'TRẦN THỊ ÚT THẢO',N'','2023-06-15',5);
INSERT INTO "Comment"("productId","name","content","date","rate") VALUES (46,N'Bùi Đức Hiệp',N'','2023-07-25',4);
INSERT INTO "Comment"("productId","name","content","date","rate") VALUES (46,N'Tiến',N'','2023-04-12',5);
INSERT INTO "Comment"("productId","name","content","date","rate") VALUES (46,N'Đặng Văn Dừa',N'','2023-03-30',4);
INSERT INTO "Comment"("productId","name","content","date","rate") VALUES (46,N'Trần Nguyễn Phước Tâm',N'','2023-09-13',5);
INSERT INTO "Comment"("productId","name","content","date","rate") VALUES (46,N'Nguyen Van Hoa',N'','2022-11-08',4);
INSERT INTO "Comment"("productId","name","content","date","rate") VALUES (46,N'NGUYỄN XUÂN LAN',N'','2023-02-05',5);
INSERT INTO "Comment"("productId","name","content","date","rate") VALUES (46,N'CẤN THỊ THANH TÂM',N'','2023-07-26',5);
INSERT INTO "Comment"("productId","name","content","date","rate") VALUES (46,N'Nguyễn Thị Hồng Thắm',N'','2023-12-08',4);
INSERT INTO "Comment"("productId","name","content","date","rate") VALUES (46,N'Chị An',N'','2023-10-29',5);
INSERT INTO "Comment"("productId","name","content","date","rate") VALUES (46,N'HÀ VIỆT ĐỖ QUYÊN',N'','2022-10-22',4);
INSERT INTO "Comment"("productId","name","content","date","rate") VALUES (46,N'Chi',N'','2022-12-27',5);
INSERT INTO "Comment"("productId","name","content","date","rate") VALUES (46,N'Anh Nguyễn Trung Tấn',N'','2023-07-29',4);
INSERT INTO "Comment"("productId","name","content","date","rate") VALUES (46,N'Phạm Chí Trung',N'','2023-04-08',4);
INSERT INTO "Comment"("productId","name","content","date","rate") VALUES (46,N'Mùi Thị Thảo',N'','2023-08-31',4);
INSERT INTO "Comment"("productId","name","content","date","rate") VALUES (46,N'Chị Thu',N'','2023-04-03',5);
INSERT INTO "Comment"("productId","name","content","date","rate") VALUES (46,N'NGUYỄN THẾ MẠNH',N'','2022-10-15',4);
INSERT INTO "Comment"("productId","name","content","date","rate") VALUES (46,N'NGUYỄN THANH TIẾN',N'','2023-02-05',5);
INSERT INTO "Comment"("productId","name","content","date","rate") VALUES (46,N'Phùng Quang Dương',N'','2023-05-17',5);
INSERT INTO "Comment"("productId","name","content","date","rate") VALUES (46,N'Chú Tiến',N'','2022-12-31',4);
INSERT INTO "Comment"("productId","name","content","date","rate") VALUES (46,N'Nguyễn Tuấn Kiệt',N'','2023-03-03',4);
INSERT INTO "Comment"("productId","name","content","date","rate") VALUES (46,N'Tuệ Viên',N'','2022-11-17',4);
INSERT INTO "Comment"("productId","name","content","date","rate") VALUES (46,N'Trần Thị Nụ',N'','2023-05-04',5);
INSERT INTO "Comment"("productId","name","content","date","rate") VALUES (46,N'HOÀNG VĂN THÔNG',N'','2023-05-04',5);
INSERT INTO "Comment"("productId","name","content","date","rate") VALUES (46,N'NGUYỄN HUỲNH TRẦN THƯỜNG',N'','2022-09-20',4);
INSERT INTO "Comment"("productId","name","content","date","rate") VALUES (46,N'Lý Thành Phát',N'','2023-03-25',4);
INSERT INTO "Comment"("productId","name","content","date","rate") VALUES (46,N'Chiêm Thị Thái Ngân',N'','2022-10-10',5);

INSERT INTO "Product" ("productId","total","typeId","image","cost","price","discount","rate","releaseDate","name") VALUES (47, 56, 4,'https://cdn.tgdd.vn/Products/Images/42/273335/xiaomi-redmi-note12s-den-thumb-600x600.jpg',3690000,6690000,17,3.6,'2020-12-11', N'Điện thoại Xiaomi Redmi Note 12S');
INSERT INTO "ProductDetail" ("productId","screen","os","cameraBehind","cameraFront","cpu","ram","rom","battery","sim") VALUES (47,N'AMOLED, 6.43", Full HD+',N'Android 13',N'Chính 108 MP & Phụ 8 MP, 2 MP',N'16 MP',N'MediaTek Helio G96', N'8 GB',N'256 GB',N'5000 mAh',N'2 Nano SIM');
INSERT INTO "Comment"("productId","name","content","date","rate") VALUES (47,N'Thomas',N'Máy ram 8g nhưng rất chậm, hay giật, lag mình k chơi game, chỉ dùng các tác vụ cơ bản','2023-07-30',1);
INSERT INTO "Comment"("productId","name","content","date","rate") VALUES (47,N'Nguyễn Thật',N'Nhân viên tư vấn tốt, rõ về lịch sử sản phẩm. Còn sản phẩm tốt không thì sau 1 2 năm mới biết','2021-11-14',3);
INSERT INTO "Comment"("productId","name","content","date","rate") VALUES (47,N'Tiên Tiên',N'Sản phẩm ổn, đôi khi đứng máy nhẹ','2022-06-01',4);
INSERT INTO "Comment"("productId","name","content","date","rate") VALUES (47,N'Ta van nam',N'Mỗi mua đc 1 tháng k rơi hay gì mà tư nhiên hỏng mích gọi message và Zalo còn gọi thường vẫn đc','2023-01-28',1);
INSERT INTO "Comment"("productId","name","content","date","rate") VALUES (47,N'Bùi Văn Đạt',N'Dùng được 3 tháng đã hỏng micro chính rồi.','2021-08-24',2);
INSERT INTO "Comment"("productId","name","content","date","rate") VALUES (47,N'Phan Thị Minh Hằng',N'Loa ngoài của messenger rất nhỏ','2022-07-17',2);
INSERT INTO "Comment"("productId","name","content","date","rate") VALUES (47,N'TÚ TÚ',N'Tốt','2021-04-10',4);
INSERT INTO "Comment"("productId","name","content","date","rate") VALUES (47,N'Trần Thanh Luân',N'Điện thoại mua hồi tháng 7 đây xài ko rơi rớt vậy mà bên hông bị bung keo hở rồi','2021-07-25',1);
INSERT INTO "Comment"("productId","name","content","date","rate") VALUES (47,N'Nguyễn Trung Nghĩa',N'Rất tốt trong tầm giá...','2023-08-20',5);
INSERT INTO "Comment"("productId","name","content","date","rate") VALUES (47,N'Dien',N'Loa ngoài tệ,nhiều lúc tự mất loa ngoài phải dọn bộ nhớ mới dc','2023-12-02',2);
INSERT INTO "Comment"("productId","name","content","date","rate") VALUES (47,N'Lã văn cường',N'OK mới trải nghiệm 1day','2023-07-04',4);
INSERT INTO "Comment"("productId","name","content","date","rate") VALUES (47,N'Trung',N'Tệ, lắm lỗi vặt, có quảng cáo game thôi mà sập cả máy phải khởi động lại, lắm đồ lặt vặt nhưng vô dụng, call Messenger thì không chia sẻ màn hình được xong lúc sau thì may Mic, thất vọng','2021-06-20',1);
INSERT INTO "Comment"("productId","name","content","date","rate") VALUES (47,N'Thập',N'Máy này thường xuyên bị lỗi nháy màn hình, dù đã đổi sang con thứ 2, mức độ ngày càng tăng, cảm giác rất khó chịu.','2021-07-10',3);
INSERT INTO "Comment"("productId","name","content","date","rate") VALUES (47,N'Nguyễn Bá Dũng',N'Điện thoại xem video Tik Tok . hay Youtube . Chơi Game ảnh nhìn rất là nhạt dù bật cấu hình cao mọi thứ lên hết ảnh vẫn nhạt . đem so với điện thoại cùi khác khi xem 1 video thì hình ảnh hoàn toàn khác . lướt Facebook hay xem Tik Tok thì lâu lâu bị văng ra màng hình điện thoại luôn phải vào lại từ đầu và mất video đang xem luôn...tệ thật sự','2022-07-28',3);
INSERT INTO "Comment"("productId","name","content","date","rate") VALUES (47,N'Duy',N'Bên máy có vấn đề, mong bộ phận tư vấn sớm hỗ trợ','2022-04-22',4);
INSERT INTO "Comment"("productId","name","content","date","rate") VALUES (47,N'Lê Thương',N'Loa cực kì kém nói chuyện mà 1 bên nói 1 bên cứ hả với hở . Thua xa redmi 9T hơn đc dung lượng bộ nhớ với camera thôi. Ẩn cuộc gọi không hiển thị thông báo kết nối . Quá chán .','2021-11-17',1);
INSERT INTO "Comment"("productId","name","content","date","rate") VALUES (47,N'Cao xuân dũng',N'Loa nghe gọi chán vô cùng. Lúc được lúc không','2022-11-03',1);
INSERT INTO "Comment"("productId","name","content","date","rate") VALUES (47,N'Nguyễn Văn vạn',N'Sài hơn 1 tháng thì máy mạnh camera đẹp','2022-01-21',5);
INSERT INTO "Comment"("productId","name","content","date","rate") VALUES (47,N'nguyễn bá quyết',N'hỗ troẹ đâu k thấy. zalo k inbox. sdt k goi','2022-02-03',1);
INSERT INTO "Comment"("productId","name","content","date","rate") VALUES (47,N'Hung',N'Đối với người dùng cơ bản thì điện thoại đáp ứng tốt mượt mà pin ổn thiết kế ổn mặt lưng hơi dễ xước với giá tiền như này thì tổng quan là tốt.','2022-04-25',5);
INSERT INTO "Comment"("productId","name","content","date","rate") VALUES (47,N'Tường',N'Loa nghe gọi thông thường và khi nghe gọi bằng app như Mess zalo âm thanh siêu nhỏ.','2022-01-02',2);
INSERT INTO "Comment"("productId","name","content","date","rate") VALUES (47,N'Quang',N'Dùng được tuần đầu. Hình dáng hoặc hiệu năng mình không đánh giá. Vấn đề bảo mật thấy tệ. Đôi khi máy đang tắt chạm đúp màn hình rồi vuốt lên là mở được khóa. Khuôn mặt có khi xa nửa mét điện thoại đang nghiêng nó cũng mở mật mã . cảm ứng lâu lâu bị đơ test vẫn bình thường không biết phải tại aap không . mình không dùng âp gì nặng đang lươt web lâu lâu cũng bị văng ra màn hình chính. Mình so sánh con này ngoài dung lượng ra nó không hơn nhiều con nova 3i cách đây 6năm. Loa cực tệ. Ai gọi đến chuông bé tí âm lượng lúc nào cũng maximum rồi. mình so với con kháv bình thường nha mình có cảm giác nó chia âm thanh ra làm hai đường nên nhỏ vậy . tóm lại giá này ổn chứ không ngon tí nào','2022-03-02',4);
INSERT INTO "Comment"("productId","name","content","date","rate") VALUES (47,N'Nguyễn Ngọc nam',N'Đt thì dùng tạm ổn.moi lấy đt đc 3 ngày mà điện thoại có ai gọi đến là máy hay bị tự tắt nguồn','2021-09-26',3);
INSERT INTO "Comment"("productId","name","content","date","rate") VALUES (47,N'phượng',N'Chưa trải nghiệm hết toàn bộ tính năng nhưng tạm thời tốt mượt ok','2022-07-20',5);
INSERT INTO "Comment"("productId","name","content","date","rate") VALUES (47,N'Phạm Hồng Hạnh',N'Dùng rất tốt trong tầm giá','2022-02-04',5);
INSERT INTO "Comment"("productId","name","content","date","rate") VALUES (47,N'Bùi Chứ',N'Máy em mới mua gần một tháng không biết em muốn đổi sang Xiaomi redmi note 12 pro không ạ cần bao nhiều tiền ạ','2023-07-04',4);
INSERT INTO "Comment"("productId","name","content","date","rate") VALUES (47,N'Hoàng Văn Nguyên',N'Hầu như là cũng tạm OK. Thông báo một số ứng dụng thì hơi chậm chắc là vấn đề từ hãng trước dùng Xiaomi redmi note 7 cũng gặp tình trạng tương tự đặc biệt là các ứng dụng game. Lúc sạc thì hơi nóng máy chút thôi.','2022-05-08',4);
INSERT INTO "Comment"("productId","name","content","date","rate") VALUES (47,N'Trinh thanh ha',N'Sài rất ok .. Nhưng loa bị vấn đề nói nghe rất nhỏ...','2022-04-23',3);
INSERT INTO "Comment"("productId","name","content","date","rate") VALUES (47,N'Lê Huỳnh Anh Tú',N'Tot','2023-01-27',5);
INSERT INTO "Comment"("productId","name","content","date","rate") VALUES (47,N'Phền Phạm',N'Sau gần 1 tháng sử dụng. Thì mình cũng không hài lòng một số vấn đề. Loa kép nhưng quá nhỏ. Ko biết phải do phần miềm ko. Máy cũng khá nhanh nóng nếu chơi game. đợi update miui mới xem sao. Loa nghe thua cả redmi note 11 trước mình xài. Mặt lưng nhựa nên khá ộp ẹp và rất dễ trầy xước mặc dù mình có đeo ốp. hoàn thiện ko chắc chắn như redmi note 11. Nhưng bù lại máy mượt. pin trâu Sạc rất nhanh. Màn hình đẹp độ sáng tốt. Bộ nhớ nhiều thoải mái lưu trữ. Hiệu năng ổn camera trước ok nên xài thêm app sefile sẽ tốt hơn. Camera sau tuy 108MP nhưng chụp ok thôi chứ ko đẹp. Hy vọng bản cập nhật tới sẽ cải thiện phần loa với Phần nhiệt độ. Mình đánh giá sp này 6/10','2022-11-20',3);
INSERT INTO "Comment"("productId","name","content","date","rate") VALUES (47,N'Đức',N'Máy k hỗ trợ NFC','2021-08-24',3);
INSERT INTO "Comment"("productId","name","content","date","rate") VALUES (47,N'Trường',N'Sao e xài ch được 1 tháng mà nó bị chậm thông báo Messenger hay zalo đều hiển thị chậm','2022-07-04',3);
INSERT INTO "Comment"("productId","name","content","date","rate") VALUES (47,N'Huỳnh Mi',N'Mới mua điện thoại được 3 ngày xài rất chán điện thoại sạc pin lâu đầy xài thì mau hết pin Mỗi lần cài đặt thì hiện lên quảng cáo của shopee và Lazada điện thoại này không đáng mua nha mọi người','2023-07-08',1);
INSERT INTO "Comment"("productId","name","content","date","rate") VALUES (47,N'Nguyễn Văn huy',N'Điện thoại vào zalo gọi nhóm nghe lúc lớn lúc nhỏ','2022-01-02',3);
INSERT INTO "Comment"("productId","name","content","date","rate") VALUES (47,N'Cao Minh Hiếu',N'Điện thoại mới mua chưa được 1 tháng mà máy rất lag, lướt tiktok thoát ra phải khởi động 1 chút mới quay lại được màn hình chính. Pin thì lại không cầm. Với dung lượng 5000 mà xài tới chiều là phải dùng dự phòng','2022-12-22',2);
INSERT INTO "Comment"("productId","name","content","date","rate") VALUES (47,N'VÕ QUANG THÁI',N'Mỗi mua Sài thấy cũng được cho 4sao','2022-02-25',4);
INSERT INTO "Comment"("productId","name","content","date","rate") VALUES (47,N'Nguyễn Hữu Minh Duy',N'Sản phẩm tốt trong tầm giá.','2022-06-08',5);
INSERT INTO "Comment"("productId","name","content","date","rate") VALUES (47,N'Chu Viết Tài',N'Tốt mà hay nóng máy','2023-01-27',3);
INSERT INTO "Comment"("productId","name","content","date","rate") VALUES (47,N'TRẦN VĂN CƯỜNG',N'Chụp ảnh đẹp,nge nhạc hay, cảm ứng mượt, OK','2023-08-13',4);
INSERT INTO "Comment"("productId","name","content","date","rate") VALUES (47,N'Chị Vân',N'Sử dụng bình thường','2023-04-17',3);
INSERT INTO "Comment"("productId","name","content","date","rate") VALUES (47,N'Nguyễn Hùng Cường ',N'Mới mua tại Ngô Gia Tự Hải Phòng, đang khuyến mãi nên nua cả đồng hồ được giảm giá 30 % các bạn rất nhiệt tình chu đáo','2021-10-30',5);
INSERT INTO "Comment"("productId","name","content","date","rate") VALUES (47,N'Phú',N'Lâu lâu bị lag nhưng cài v đc','2022-02-25',4);
INSERT INTO "Comment"("productId","name","content","date","rate") VALUES (47,N'Ngô Thị Thu Nga',N'Pin trâu, dùng mượt, thích nhất camera, trông thật thật mà vẫn xinh xinh. So với giá này thì k có gì để bàn cãi','2022-02-09',5);
INSERT INTO "Comment"("productId","name","content","date","rate") VALUES (47,N'Anh Hùng',N'Pin kém','2023-07-11',1);
INSERT INTO "Comment"("productId","name","content","date","rate") VALUES (47,N'ĐINH QUANG NGUYÊN KHÔI',N'Ok rất tốt!','2023-03-25',5);
INSERT INTO "Comment"("productId","name","content","date","rate") VALUES (47,N'Nguyễn Quang Hòa',N'Sp dùng tốt, mượt mà, pin trâu, sạc nhanh đầy, nghe nhạc tốt','2023-02-12',5);
INSERT INTO "Comment"("productId","name","content","date","rate") VALUES (47,N'LÝ VĂN VƯỢNG',N'Ok','2021-01-27',4);
INSERT INTO "Comment"("productId","name","content","date","rate") VALUES (47,N'Ma Ngọc Văn',N'Hơn được mỗi bộ nhớ vẫn bị nóng như các đời trước','2023-05-08',4);
INSERT INTO "Comment"("productId","name","content","date","rate") VALUES (47,N'Anh Thái',N'Máy mạnh bền không chưa biết','2023-10-20',3);
INSERT INTO "Comment"("productId","name","content","date","rate") VALUES (47,N'Minh',N'Mượt, camera net','2023-11-22',5);
INSERT INTO "Comment"("productId","name","content","date","rate") VALUES (47,N'NGUYỄN DUY BÁ',N'Sản phẩm này tốt','2023-03-18',4);
INSERT INTO "Comment"("productId","name","content","date","rate") VALUES (47,N'NGUYỄN THỊ PHƯƠNG',N'dùng khá mượt','2023-02-17',5);
INSERT INTO "Comment"("productId","name","content","date","rate") VALUES (47,N'NGUYỄN QUỐC BẢO',N'NV tận tình','2022-05-02',5);
INSERT INTO "Comment"("productId","name","content","date","rate") VALUES (47,N'Chị Nga',N'Rất hài lòng với sản phẩm','2023-09-18',5);
INSERT INTO "Comment"("productId","name","content","date","rate") VALUES (47,N'Thu',N'Rất nhiệt tình','2021-06-25',5);
INSERT INTO "Comment"("productId","name","content","date","rate") VALUES (47,N'DƯƠNG VĂN GIANG',N'Mjh thấy dịch vụ rất tốt các bạn nhan viên nhiệt tình chu đáo','2023-04-18',4);
INSERT INTO "Comment"("productId","name","content","date","rate") VALUES (47,N'Bình',N'','2022-03-27',5);
INSERT INTO "Comment"("productId","name","content","date","rate") VALUES (47,N'NGUYỄN VĂN HẬU',N'Tôi sẽ giới thiệu về sản phẩm của mình cho người và bạn bè của tôi được biết','2021-11-22',5);
INSERT INTO "Comment"("productId","name","content","date","rate") VALUES (47,N'lê quốc suỹ',N'','2021-04-20',4);
INSERT INTO "Comment"("productId","name","content","date","rate") VALUES (47,N'Lương Thành Danh',N'','2021-05-09',4);
INSERT INTO "Comment"("productId","name","content","date","rate") VALUES (47,N'Nguyễn Thị Hải Ngọc',N'','2022-09-13',5);
INSERT INTO "Comment"("productId","name","content","date","rate") VALUES (47,N'NGUYỄN THỊ THÙY NINH',N'','2021-04-28',3);
INSERT INTO "Comment"("productId","name","content","date","rate") VALUES (47,N'Nguyễn Hữu Nhịn',N'','2023-04-21',3);
INSERT INTO "Comment"("productId","name","content","date","rate") VALUES (47,N'Nguyễn thanh nam',N'','2021-07-24',3);
INSERT INTO "Comment"("productId","name","content","date","rate") VALUES (47,N'Nguyễn Nhân Chung',N'','2022-02-14',5);
INSERT INTO "Comment"("productId","name","content","date","rate") VALUES (47,N'Đào Thị Thanh Vân',N'','2023-11-30',4);
INSERT INTO "Comment"("productId","name","content","date","rate") VALUES (47,N'Tệt',N'','2022-04-18',5);
INSERT INTO "Comment"("productId","name","content","date","rate") VALUES (47,N'NGUYỄN THỊ LUYỆN',N'','2022-11-25',5);
INSERT INTO "Comment"("productId","name","content","date","rate") VALUES (47,N'Ngọc Linh',N'','2021-08-08',3);
INSERT INTO "Comment"("productId","name","content","date","rate") VALUES (47,N'A Thành',N'','2022-01-07',4);
INSERT INTO "Comment"("productId","name","content","date","rate") VALUES (47,N'NGUYỄN CẢI TIẾN',N'','2023-05-16',4);

INSERT INTO "Product" ("productId","total","typeId","image","cost","price","discount","rate","releaseDate","name") VALUES (48, 168, 4,'https://cdn.tgdd.vn/Products/Images/42/303575/xiaomi-redmi-12c-green-thumb-600x600.jpg',2393334,3590000,30,4.3,'2020-07-25', N'Điện thoại Xiaomi Redmi 12C 64GB');
INSERT INTO "ProductDetail" ("productId","screen","os","cameraBehind","cameraFront","cpu","ram","rom","battery","sim") VALUES (48,N'IPS LCD, 6.71", HD+',N'Android 12',N'Chính 50 MP & Phụ QVGA',N'5 MP',N'MediaTek Helio G85', N'4 GB',N'64 GB',N'5000 mAh',N'2 Nano SIM');
INSERT INTO "Comment"("productId","name","content","date","rate") VALUES (48,N'Lê Văn An',N'Sử dụng 3 ngày. Cảm thấy ổn. Pin dùng cả ngày dư, cảm ổn, tác vụ ổn định đợi thêm vài tháng xem có j khác ko tạm thời là đáng tiền','2022-04-24',5);
INSERT INTO "Comment"("productId","name","content","date","rate") VALUES (48,N'Lalahay',N'Sạc pin rất tệ.co luc vào lúc không.nhung vẫn báo đang sạc.co khi sạc cả buổi không đầy pin','2023-04-11',2);
INSERT INTO "Comment"("productId","name","content","date","rate") VALUES (48,N'Minh thien',N'Theo mình thì máy ok, pin lâu thật, xài cá ngày luôn tui mua 2 cái luôn','2021-03-14',5);
INSERT INTO "Comment"("productId","name","content","date","rate") VALUES (48,N'Tran Thi Kim Dung',N'Tạm ổn','2021-09-29',5);
INSERT INTO "Comment"("productId","name","content","date","rate") VALUES (48,N'Phan Hội',N'Thấy máy chạy nhanh so với tầm giá, pin trâu','2022-12-25',4);
INSERT INTO "Comment"("productId","name","content","date","rate") VALUES (48,N'Nguyễn Hoàng Kha',N'Pin trâu, tác vụ hàng ngày ổn, mua tặng mẹ, giá tiền cấu hình ổn cho phụ huynh dùng.','2022-07-03',5);
INSERT INTO "Comment"("productId","name","content","date","rate") VALUES (48,N'Chị phương',N'Dt dùng oke','2021-04-27',4);
INSERT INTO "Comment"("productId","name","content","date","rate") VALUES (48,N'Minh',N'Sao đth này nhiều quảng cáo hiện ra quá vậy, đang dùng bth hiện ra cái quảng cáo tải app thực sự khó chịu mặc dù đã vào cài đặt tắt quảng cáo. mong tgdd phản hồi','2020-07-30',3);
INSERT INTO "Comment"("productId","name","content","date","rate") VALUES (48,N'Van',N'Ok','2023-03-22',4);
INSERT INTO "Comment"("productId","name","content","date","rate") VALUES (48,N'THẠCH . SƯƠNG',N'Tốt','2021-01-30',4);
INSERT INTO "Comment"("productId","name","content","date","rate") VALUES (48,N'Anh Thắng',N'Mình mua cho bậc phụ huynh dùng tạm ổn, máy giá rẻ cho nên ko kì vọng nhiều. Cảm ơn tgdd nhé','2021-11-24',3);
INSERT INTO "Comment"("productId","name","content","date","rate") VALUES (48,N'Phụng',N'Máy xài tốt, pin trâu, ram có thể mở rộng được','2022-04-13',5);
INSERT INTO "Comment"("productId","name","content","date","rate") VALUES (48,N'Phúc',N'Máy dùng tốt bền bỉ , hiệu năng ổn , chip chơi được game','2020-08-20',4);
INSERT INTO "Comment"("productId","name","content","date","rate") VALUES (48,N'Phi Thanh',N'Hiện tại dùng rất ổn . Chưa xảy ra tình trạng gì','2022-02-24',5);
INSERT INTO "Comment"("productId","name","content","date","rate") VALUES (48,N'LÊ ANH THƯ',N'Tạm ổn','2022-01-25',3);
INSERT INTO "Comment"("productId","name","content","date","rate") VALUES (48,N'Trúc Linh',N'Sản phẩm đang sài thấy ok ạ. Tốt, cho người cao tuổi thì ok','2023-06-16',4);
INSERT INTO "Comment"("productId","name","content","date","rate") VALUES (48,N'Bùi Trọng Hữu',N'Đt dùng ok có điều hay bị rớt mạng','2022-11-27',3);
INSERT INTO "Comment"("productId","name","content","date","rate") VALUES (48,N'Diễm Hằng',N'Sản phẩm sử dụng ok','2020-12-14',5);
INSERT INTO "Comment"("productId","name","content","date","rate") VALUES (48,N'Chị Hằng',N'Rất tốt','2021-10-28',5);
INSERT INTO "Comment"("productId","name","content","date","rate") VALUES (48,N'Chi Trinh',N'ổn trong tầm giá','2021-11-17',4);
INSERT INTO "Comment"("productId","name","content","date","rate") VALUES (48,N'Nghiệp',N'Tốt','2022-11-19',4);
INSERT INTO "Comment"("productId","name","content","date","rate") VALUES (48,N'Nguyễn Văn Lợi',N'May ok','2021-09-29',5);
INSERT INTO "Comment"("productId","name","content","date","rate") VALUES (48,N'Nguyễn Văn Của',N'Tốt','2023-11-09',4);
INSERT INTO "Comment"("productId","name","content","date","rate") VALUES (48,N'Lê Duy Linh',N'Sữ dụng ổn','2021-07-06',4);
INSERT INTO "Comment"("productId","name","content","date","rate") VALUES (48,N'Nguyễn Văn Tư',N'Tốt lắm o k','2023-04-16',5);
INSERT INTO "Comment"("productId","name","content","date","rate") VALUES (48,N'Tài',N'SP OK hợp túi tiền','2022-04-19',5);
INSERT INTO "Comment"("productId","name","content","date","rate") VALUES (48,N'Tuấn',N'Sản phẩm rất tốt','2023-06-05',5);
INSERT INTO "Comment"("productId","name","content","date","rate") VALUES (48,N'Võ Ngọc Duy Quang',N'Ok','2021-01-24',4);
INSERT INTO "Comment"("productId","name","content","date","rate") VALUES (48,N'Phạm Tấn Linh',N'Tốt lắm ok','2021-02-08',5);
INSERT INTO "Comment"("productId","name","content","date","rate") VALUES (48,N'hồ văn tâm',N'máy mạnh có điều k mượt do miui','2021-04-10',5);
INSERT INTO "Comment"("productId","name","content","date","rate") VALUES (48,N'Chị Phương',N'Rất tốt','2022-03-04',5);
INSERT INTO "Comment"("productId","name","content","date","rate") VALUES (48,N'Lê đình tiến',N'Máy hay bị sụp nguồn và tự khởi động lại.. Có cách khắv phục không ạ','2021-12-02',4);
INSERT INTO "Comment"("productId","name","content","date","rate") VALUES (48,N'Tuyền',N'Cảm nhận sau khi xài 2 ngày mình thấy như sau red 12c giá rẻ ưu điểm là 64g cơ bản lưu được nhiều dữ liệu hơn so với các dòng máy khác cùng phân khúc máy cầm nhẹ tay đẹp tuy nhiên camera 50Mp thì hơi ảo nha chụp ko sắt nét cảm giác nó mờ mờ sao á. Pin thì bình thường xài nhiều k quá 1 ngày. Nói chung tầm giá này dùng để sử dụng phổ thông là quá oke lướt face instagram zalo...youtube thì quá ổn. Lúc mình mua máy đổi trả nên giá rẻ hơn máy mới nữa.','2021-01-30',5);
INSERT INTO "Comment"("productId","name","content","date","rate") VALUES (48,N'Phan Minh Đương',N'Giá sài ok','2023-06-07',5);
INSERT INTO "Comment"("productId","name","content","date","rate") VALUES (48,N'Dang Van Thao',N'Tốt','2020-12-12',5);
INSERT INTO "Comment"("productId","name","content","date","rate") VALUES (48,N'Trần Viết Đại',N'Sài ok nhưng tới ngày thứ 8 thì phát hiện màn hình bị hình ô vuông như hình sài rất khó chịu ảnh hưởng','2023-07-14',1);
INSERT INTO "Comment"("productId","name","content","date","rate") VALUES (48,N'Nguyễn Đức',N'đôi màn hình và nhật ký cuộc gọi không thấy ra nhân viên xem cũng không có luôn còn lại điều ổn','2023-02-16',3);
INSERT INTO "Comment"("productId","name","content","date","rate") VALUES (48,N'Tuyền',N'Đt mới ra này chị mới mua .lưu số khi được khi o lưu số đt được kì quá.o như đt khác','2021-03-17',2);
INSERT INTO "Comment"("productId","name","content","date","rate") VALUES (48,N'Trần Thuỳ Trang',N'Máy bập một lúc ms lên ( từ lúc mua về đã thế )','2023-01-20',3);
INSERT INTO "Comment"("productId","name","content","date","rate") VALUES (48,N'Trần Thị Hồng Thuỷ',N'Điện thoại Sài rất tốt','2023-07-21',5);
INSERT INTO "Comment"("productId","name","content","date","rate") VALUES (48,N'Vu',N'Tốt','2022-06-17',5);
INSERT INTO "Comment"("productId","name","content","date","rate") VALUES (48,N'Nguyễn Duy',N'Máy xài tốt mượt. Pin rất trâu xài ít thì 2 ngày còn liên tục thì 3 ngày. Nhân viên tư vấn nhiệt tình. Nhân viên nữ tại thế giới di động 431 giải phóng Eadrang Eahleo Daklak Dán miếng dán màn hình rất chuyên nghiệp','2021-12-31',5);
INSERT INTO "Comment"("productId","name","content","date","rate") VALUES (48,N'Đặng Thị Ngọc Ánh',N'Nói Chung điện thoại dùng thông thường là OK,nếu chơi game nặng như freefire thì sẽ bị giật,và nóng máy ,nếu mn mua để lướt FB, Inta, tik tok thì rất là ổn ,pin khá trâu dùng 1 ngày liên tục vẫn còn pin .
 Mỗi tội camera ko đc tốt cho lắm nhưng tầm giá sinh viên thế này là cũng đc rồi','2022-12-25',5);
INSERT INTO "Comment"("productId","name","content","date","rate") VALUES (48,N'Phạm Lê Quang',N'Giá rẻ dùng ok','2023-06-07',5);
INSERT INTO "Comment"("productId","name","content","date","rate") VALUES (48,N'Hồ Nam',N'Sản phẩm ok','2022-04-21',5);
INSERT INTO "Comment"("productId","name","content","date","rate") VALUES (48,N'Nguyễn Thị Kim Loan',N'Tốt','2022-01-13',4);
INSERT INTO "Comment"("productId","name","content","date","rate") VALUES (48,N'Anh Huỳnh',N'Tốt','2021-04-05',4);
INSERT INTO "Comment"("productId","name","content","date","rate") VALUES (48,N'Chú Sơn',N'Moi sử dụng được hơn hai tháng chưa biết hết được yêu điểm hay là nhược điểm của điện thoại,','2021-06-24',3);
INSERT INTO "Comment"("productId","name","content","date","rate") VALUES (48,N'Anh Huy',N'Màn hình hơi bị giực giực á','2022-05-22',4);
INSERT INTO "Comment"("productId","name","content","date","rate") VALUES (48,N'Việt Tiến',N'Sản phẩm sài tốt','2023-09-19',4);
INSERT INTO "Comment"("productId","name","content","date","rate") VALUES (48,N'Trang',N'Sản phẩm ok','2021-08-19',5);
INSERT INTO "Comment"("productId","name","content","date","rate") VALUES (48,N'Tân',N'Sản phẩm tốt','2023-06-07',5);
INSERT INTO "Comment"("productId","name","content","date","rate") VALUES (48,N'Ngô Minh Hiểu',N'Ok','2023-07-02',5);
INSERT INTO "Comment"("productId","name","content","date","rate") VALUES (48,N'Lê Thị Ngọc Như',N'Sài khá tốt nhưng đôi lúc hơi đứng màn hình.','2021-12-02',4);
INSERT INTO "Comment"("productId","name","content","date","rate") VALUES (48,N'Dũng',N'Rất ưng ý','2023-03-20',5);
INSERT INTO "Comment"("productId","name","content","date","rate") VALUES (48,N'Anh Đào Thế Nguyện',N'Tốt','2021-08-16',5);
INSERT INTO "Comment"("productId","name","content","date","rate") VALUES (48,N'Nguyễn Văn Thành',N'Giá tiền phù hợp với sp','2020-11-21',4);
INSERT INTO "Comment"("productId","name","content","date","rate") VALUES (48,N'Anh Đạo',N'Sản phẩm tốt trong tầm giá
 Nhân viên tư vấn nhiệt tình','2023-09-11',4);
INSERT INTO "Comment"("productId","name","content","date","rate") VALUES (48,N'Chị Thịnh',N'Bt','2020-12-14',3);
INSERT INTO "Comment"("productId","name","content","date","rate") VALUES (48,N'Lý',N'Dùng tốt','2021-07-22',5);
INSERT INTO "Comment"("productId","name","content","date","rate") VALUES (48,N'NguyenVu Binh',N'hàng sử dụng lỗi màn hình treo logo sập nguồn','2020-11-12',1);
INSERT INTO "Comment"("productId","name","content","date","rate") VALUES (48,N'Hoàng Duy Hưng',N'Hàng chính hãng, đẹp, dùng tốt','2023-08-06',5);
INSERT INTO "Comment"("productId","name","content","date","rate") VALUES (48,N'Chú Huy',N'Ok tốt','2022-12-21',4);
INSERT INTO "Comment"("productId","name","content","date","rate") VALUES (48,N'Trần Minh Mẫn',N'Good','2021-01-30',5);
INSERT INTO "Comment"("productId","name","content","date","rate") VALUES (48,N'Trương Quảng Thanh',N'Ok','2021-01-15',5);
INSERT INTO "Comment"("productId","name","content","date","rate") VALUES (48,N'Cường',N'Giá cả ổn áp, pin trâu. Tuy nhiên để chơi game thì hơi yếu.','2020-11-11',4);
INSERT INTO "Comment"("productId","name","content","date","rate") VALUES (48,N'Phan sỹ',N'Máy tốt
 Mượt
 Êm
 Nói chung là oke hơn so với giá tiền','2020-09-24',5);
INSERT INTO "Comment"("productId","name","content","date","rate") VALUES (48,N'Nguyễn thế công',N'Rơi vỡ màn hình kính có thay được ko','2023-10-25',3);
INSERT INTO "Comment"("productId","name","content","date","rate") VALUES (48,N'Chhom Ri',N'Hi','2022-07-19',5);
INSERT INTO "Comment"("productId","name","content","date","rate") VALUES (48,N'bác bình',N'Đt rất tốt','2022-09-10',4);
INSERT INTO "Comment"("productId","name","content","date","rate") VALUES (48,N'Pham Tran Minh Phong',N'Sp tốt','2021-07-14',5);
INSERT INTO "Comment"("productId","name","content","date","rate") VALUES (48,N'Mai danh toan ',N'Lúc chiều tối ra hỏi vẫn là giá hơn 3tr500','2022-03-06',1);
INSERT INTO "Comment"("productId","name","content","date","rate") VALUES (48,N'Nguyễn Việt',N'Đơn hàng #69354127 nhân viên giao hàng rất thân thiện, giao hàng đúng thời gian, Không còn j tuyệt vời hơn  đánh giá tdgd 5 sao nhân viên giao hàng 5 sao','2021-09-19',5);
INSERT INTO "Comment"("productId","name","content","date","rate") VALUES (48,N'Vinh',N'Nhân viên phục vụ tận tính, sản phẩm không bị lỗi và vấn đề gì!','2023-10-28',5);
INSERT INTO "Comment"("productId","name","content","date","rate") VALUES (48,N'Chú Trương Minh Đức',N'MÁy ok','2023-07-25',4);
INSERT INTO "Comment"("productId","name","content","date","rate") VALUES (48,N'Lý Phủ Chòi',N'Tiền nào của nấy thôi tốt','2020-09-14',4);
INSERT INTO "Comment"("productId","name","content","date","rate") VALUES (48,N'Vân',N'Không thể mua được ốp lưng và cường lực cho máy','2022-08-18',2);
INSERT INTO "Comment"("productId","name","content","date","rate") VALUES (48,N'Anh Thống',N'Nói chung là dùng ok','2022-11-22',5);
INSERT INTO "Comment"("productId","name","content","date","rate") VALUES (48,N'Lê Hoàng Đệ',N'Sản phẩm tốt trong tầm giá, pin khá trâu','2023-10-21',4);
INSERT INTO "Comment"("productId","name","content","date","rate") VALUES (48,N'Phùng Gia Cao',N'Tốt trong tầm giá 3 triệu','2022-05-29',4);
INSERT INTO "Comment"("productId","name","content","date","rate") VALUES (48,N'Huynh Truong Nguyen',N'Sạc tới 90% pin thì bị chập chờn ( lúc vào lúc không) máy hay bị treo','2021-10-18',2);
INSERT INTO "Comment"("productId","name","content","date","rate") VALUES (48,N'Dũng',N'Máy tốt','2021-06-13',5);
INSERT INTO "Comment"("productId","name","content","date","rate") VALUES (48,N'Ngô Văn Mạnh',N'Thái độ phục vụ chuyên nghiệp . máy dùng ôn trong tầm giá','2020-10-27',5);
INSERT INTO "Comment"("productId","name","content","date","rate") VALUES (48,N'Chị Dung',N'Máy dùng OK, nhân viên phục vụ nhiệt tình 😍','2021-09-26',5);
INSERT INTO "Comment"("productId","name","content","date","rate") VALUES (48,N'Anh Hải',N'ok','2023-04-11',5);
INSERT INTO "Comment"("productId","name","content","date","rate") VALUES (48,N'Trịnh văn nam',N'Máy quá kém đa nhiệm k bằng 1 nửa 10 c','2020-09-08',1);
INSERT INTO "Comment"("productId","name","content","date","rate") VALUES (48,N'Lê Văn Hào',N'Ok','2023-01-05',5);
INSERT INTO "Comment"("productId","name","content","date","rate") VALUES (48,N'Phạm Tha Tu',N'Tốt','2022-01-11',5);
INSERT INTO "Comment"("productId","name","content","date","rate") VALUES (48,N'Anh Cần',N'Máy dùng khá ok','2022-04-30',4);
INSERT INTO "Comment"("productId","name","content","date","rate") VALUES (48,N'Ngọc Huệ',N'ok','2023-07-27',4);
INSERT INTO "Comment"("productId","name","content","date","rate") VALUES (48,N'Trung',N'Máy sử dụng oke. Phù hợp với giá','2022-03-02',3);
INSERT INTO "Comment"("productId","name","content","date","rate") VALUES (48,N'Thanh',N'Rất tốt','2022-05-26',5);
INSERT INTO "Comment"("productId","name","content","date","rate") VALUES (48,N'Nguyễn Tường Thuật',N'Máy chạy mượt pin trâu nhất là mành hình sắt nét...','2021-12-03',5);
INSERT INTO "Comment"("productId","name","content","date","rate") VALUES (48,N'Phú Võ',N'Pin 5000 nhưng xài hảo pin lắm','2020-08-08',3);
INSERT INTO "Comment"("productId","name","content","date","rate") VALUES (48,N'Lê Thanh Nhàn',N'Trước mắt thì ngon lành, đợi thời gian koi sao','2022-10-15',5);
INSERT INTO "Comment"("productId","name","content","date","rate") VALUES (48,N'Khánh',N'Ok','2020-12-22',4);
INSERT INTO "Comment"("productId","name","content","date","rate") VALUES (48,N'Võ Thị Thuỳ Dương',N'Nhân viên nhiệt tình vui vẻ nhanh nhẹn','2023-09-02',5);
INSERT INTO "Comment"("productId","name","content","date","rate") VALUES (48,N'Ka Sam',N'Xài được điện thoại rất tốt, cảm ơn','2021-10-02',5);
INSERT INTO "Comment"("productId","name","content","date","rate") VALUES (48,N'Tài',N'Mặc dù sản phẩm rẻ tiền nhưng dùng khá vừa ý. Trước dùng SS A70 quá đều.','2023-10-20',5);
INSERT INTO "Comment"("productId","name","content","date","rate") VALUES (48,N'Nguyễn Viết Thi',N'Tốt','2023-02-19',5);
INSERT INTO "Comment"("productId","name","content","date","rate") VALUES (48,N'Anh Tuấn ANh',N'Máy sài đôi lúc bị đơ phải khởi động lại','2023-01-02',3);
INSERT INTO "Comment"("productId","name","content","date","rate") VALUES (48,N'Anh Cường',N'A','2021-05-29',5);
INSERT INTO "Comment"("productId","name","content","date","rate") VALUES (48,N'Võ Thị Thuỳ Dương',N'Nhân viên tư vấn nhiệt tình . hỗ trợ nhanh nhẹn','2021-10-12',5);
INSERT INTO "Comment"("productId","name","content","date","rate") VALUES (48,N'Em trường',N'Em rất hài lòng','2021-04-20',5);
INSERT INTO "Comment"("productId","name","content","date","rate") VALUES (48,N'Đinh Lê Vi',N'Điện thoại sài ổn ... Không bị gì 😅','2022-03-26',5);
INSERT INTO "Comment"("productId","name","content","date","rate") VALUES (48,N'Nguyễn Văn Thuận',N'Dùng ok','2021-09-10',4);
INSERT INTO "Comment"("productId","name","content","date","rate") VALUES (48,N'Phạm Hoàng Nhi',N'Tôi thấy hài lòng','2021-08-05',5);
INSERT INTO "Comment"("productId","name","content","date","rate") VALUES (48,N'Nông Thị Loan',N'Sản phẩm ok nhân viên nhiệt tình tư vấn và rất thân thiện','2021-10-15',5);
INSERT INTO "Comment"("productId","name","content","date","rate") VALUES (48,N'Em Khải',N'Ok','2020-10-08',5);
INSERT INTO "Comment"("productId","name","content","date","rate") VALUES (48,N'Anh Cường',N'Điện thoại rất tốt nhân viên hiệp anh tư vấn rất nhiệt tình','2023-08-12',5);
INSERT INTO "Comment"("productId","name","content","date","rate") VALUES (48,N'Anh Ân',N'Tot','2023-02-01',5);
INSERT INTO "Comment"("productId","name","content","date","rate") VALUES (48,N'Anh Bảo',N'tốt','2022-12-19',5);
INSERT INTO "Comment"("productId","name","content","date","rate") VALUES (48,N'K Brưt',N'Sài ổn','2022-04-13',3);
INSERT INTO "Comment"("productId","name","content","date","rate") VALUES (48,N'Khánh',N'Ok','2020-10-09',4);
INSERT INTO "Comment"("productId","name","content","date","rate") VALUES (48,N'Trắng',N'ok','2020-11-12',5);
INSERT INTO "Comment"("productId","name","content","date","rate") VALUES (48,N'Cẩm Lìl',N'Rất tốt','2021-03-21',5);
INSERT INTO "Comment"("productId","name","content","date","rate") VALUES (48,N'Đặng Ngọc Hải',N'ok','2021-05-20',5);
INSERT INTO "Comment"("productId","name","content","date","rate") VALUES (48,N'146907 - Nguyễn Thanh Thiên',N'Sp tốt','2021-05-07',5);
INSERT INTO "Comment"("productId","name","content","date","rate") VALUES (48,N'Châu Ngọc Vẹn',N'Máy êm, mượt','2022-07-19',4);
INSERT INTO "Comment"("productId","name","content","date","rate") VALUES (48,N'Võ Đức Thành',N'Good','2021-09-29',5);
INSERT INTO "Comment"("productId","name","content","date","rate") VALUES (48,N'Anh Đức',N'Sản phẩm tốt','2021-11-05',5);
INSERT INTO "Comment"("productId","name","content","date","rate") VALUES (48,N'Nguyễn Thị Như Quỳnh',N'Nhân viên tư vấn nhiệt tình','2021-10-15',5);
INSERT INTO "Comment"("productId","name","content","date","rate") VALUES (48,N'Huy',N'Ok','2020-08-13',5);
INSERT INTO "Comment"("productId","name","content","date","rate") VALUES (48,N'MUA MÍ LÙNG',N'Điện thoại dùng rất mượt và ok ạ','2021-05-27',5);
INSERT INTO "Comment"("productId","name","content","date","rate") VALUES (48,N'Chị Lộc',N'ok','2022-12-26',4);
INSERT INTO "Comment"("productId","name","content","date","rate") VALUES (48,N'Chú Cường',N'Tôi thấy sản phẩm này sử dụng cũng rất mượt mà và nhanh nhạy màn hình rất sắc nét nói chung là ok','2023-01-09',4);
INSERT INTO "Comment"("productId","name","content","date","rate") VALUES (48,N'E vinh',N'Mn nên mua ạ','2023-09-13',5);
INSERT INTO "Comment"("productId","name","content","date","rate") VALUES (48,N'CÔNG TY TRÁCH NHIỆM HỮU HẠN C.S.P',N'Rất tốt','2021-06-25',5);
INSERT INTO "Comment"("productId","name","content","date","rate") VALUES (48,N'Anh Định',N'Điện thoại sài rất ok','2023-05-12',5);
INSERT INTO "Comment"("productId","name","content","date","rate") VALUES (48,N'Hoàng Duy',N'Mượt','2022-05-31',5);
INSERT INTO "Comment"("productId","name","content","date","rate") VALUES (48,N'Nguyễn Thị Trà My',N'Giờ mới dùng chứ BT','2022-10-17',5);
INSERT INTO "Comment"("productId","name","content","date","rate") VALUES (48,N'Nguyễn Văn Mạnh',N'Bật nguồn lên.nguồn khởi động rất chậm','2021-07-21',3);
INSERT INTO "Comment"("productId","name","content","date","rate") VALUES (48,N'Anh Thế Kỷ',N'Hhc','2021-07-05',5);
INSERT INTO "Comment"("productId","name","content","date","rate") VALUES (48,N'Phan Thị Ái',N'Máy tốt.nhân viên tư vấn nhiệt tình vui vẻ','2020-09-02',5);
INSERT INTO "Comment"("productId","name","content","date","rate") VALUES (48,N'TỐNG VĂN HÀ',N'Sản phẩm dùng nhất OK','2022-04-18',5);
INSERT INTO "Comment"("productId","name","content","date","rate") VALUES (48,N'NGUYỄN THỊ RƠI',N'Sản phẩm rất tốt rất hài lòng về sản phẩm nầy','2022-01-22',5);
INSERT INTO "Comment"("productId","name","content","date","rate") VALUES (48,N'Nguyễn Đức Tuân',N'Ok giá rẻ cấu hình cao','2023-06-25',5);
INSERT INTO "Comment"("productId","name","content","date","rate") VALUES (48,N'Đỗ Đăng Hoàng',N'Điện thoại tầm thấp với giá hơn 3tr này thì mình thấy là dùng được rồi. Tiền nào của đấy các bạn ạ!','2021-01-17',4);
INSERT INTO "Comment"("productId","name","content","date","rate") VALUES (48,N'Phạm mạnh tuấn',N'Máy xài tốt, bắt sóng wifi mạnh, pin khoẻ, lướt ứng dụng lazada, face, tiktok, YouTube, chrome mượt mà. Chơi game liên quân ở mức cấu hình trung bình fps 45 OK. Máy sạc chậm, cáp sạc micro usb khó ghim.','2021-02-15',5);
INSERT INTO "Comment"("productId","name","content","date","rate") VALUES (48,N'Trần Quốc Quạt',N'Cảm ứng k ăn bán hàng tệ quá','2023-02-06',1);
INSERT INTO "Comment"("productId","name","content","date","rate") VALUES (48,N'Phan Văn Cường',N'Oke','2022-04-06',5);
INSERT INTO "Comment"("productId","name","content","date","rate") VALUES (48,N'Trần Trung Kiên',N'Tốt','2020-08-20',5);
INSERT INTO "Comment"("productId","name","content","date","rate") VALUES (48,N'Trương Văn Ớt',N'Được được tốt tốt','2021-07-11',4);
INSERT INTO "Comment"("productId","name","content","date","rate") VALUES (48,N'C Quỳnh',N'Oki','2023-10-21',4);
INSERT INTO "Comment"("productId","name","content","date","rate") VALUES (48,N'Mai Thị In',N'Cùng 1 giá tiền với Oppo nhưng lại ít chức năng hơn. Máy chạy k mượt như qc','2023-02-21',3);
INSERT INTO "Comment"("productId","name","content","date","rate") VALUES (48,N'TẠ THỊ HƯƠNG',N'Máy dùng tốt lướt mượt','2022-10-08',4);
INSERT INTO "Comment"("productId","name","content","date","rate") VALUES (48,N'Hoai',N'Máy tầm hơn 3 triệu nhưng dùng rất mượt','2022-12-12',5);
INSERT INTO "Comment"("productId","name","content","date","rate") VALUES (48,N'Chị Lan',N'😊😊','2022-04-01',4);
INSERT INTO "Comment"("productId","name","content","date","rate") VALUES (48,N'PHAN THỊ BÍCH THẢO',N'Do đã dùng quen các dòng redmi nên mình thấy rất ổn, camera chụp cảnh hơi xám nhưng chụp tài liệu thì rất nét. Nhân viên có nói trước với mình về tình trạng thi thoảng lag máy nhưng tạm thời chưa thấy. Bắt wifi nhạy hơn các dòng redmi mình từng dùng.','2022-06-26',5);
INSERT INTO "Comment"("productId","name","content","date","rate") VALUES (48,N'Nam',N'Dùng cũng rất ok','2021-11-08',5);
INSERT INTO "Comment"("productId","name","content","date","rate") VALUES (48,N'Nguyen',N'Đừng tạm đc thôi','2021-09-09',3);
INSERT INTO "Comment"("productId","name","content","date","rate") VALUES (48,N'Nguyễn Khắc Luận',N'ok','2022-05-18',4);
INSERT INTO "Comment"("productId","name","content","date","rate") VALUES (48,N'Hồ Thanh Văn',N'Lag','2021-09-18',2);
INSERT INTO "Comment"("productId","name","content","date","rate") VALUES (48,N'Chị Ái',N'Nhân viên tư vấn nhanh nhẹn nhiệt tình','2022-09-07',5);
INSERT INTO "Comment"("productId","name","content","date","rate") VALUES (48,N'Nguyễn Văn Đoán',N'ok','2023-01-17',5);
INSERT INTO "Comment"("productId","name","content","date","rate") VALUES (48,N'Nguyễn Thị Bích Nhung',N'Nhân viên tư vấn rất nhiệt tình .. rất hài lòng về cách phục vụ','2022-07-04',5);
INSERT INTO "Comment"("productId","name","content","date","rate") VALUES (48,N'HỒ VĂN DƯƠNG',N'ok','2022-05-25',4);
INSERT INTO "Comment"("productId","name","content","date","rate") VALUES (48,N'Như Quỳnh',N'Sản phẩm tốt','2021-03-14',5);
INSERT INTO "Comment"("productId","name","content","date","rate") VALUES (48,N'Nguyễn thị bích trâm',N'Nhân viên tư vấn nhiệt tình và cẩn thận.','2022-12-27',5);
INSERT INTO "Comment"("productId","name","content","date","rate") VALUES (48,N'CÔNG TY CỔ PHẦN KIM KHÍ DG',N'Sản phẩm tốt','2023-05-18',5);
INSERT INTO "Comment"("productId","name","content","date","rate") VALUES (48,N'Ngọc Anh',N'...','2022-04-29',4);
INSERT INTO "Comment"("productId","name","content","date","rate") VALUES (48,N'HOÀNG THỊ ĐỘ',N'Nhân viên tư vấn nhiệt tình ,thân thiện','2021-12-17',5);
INSERT INTO "Comment"("productId","name","content","date","rate") VALUES (48,N'Anh Năm',N'Đc đó tôi hài lòng','2020-08-24',4);
INSERT INTO "Comment"("productId","name","content","date","rate") VALUES (48,N'Giang',N'Máy dùng rất mượt không lỗi gì hết chất lượng tuyệt vời 😊','2021-12-13',5);
INSERT INTO "Comment"("productId","name","content","date","rate") VALUES (48,N'Yến',N'ok','2022-01-17',4);
INSERT INTO "Comment"("productId","name","content","date","rate") VALUES (48,N'Hải',N'Dùng khá mượt nhưng lâu lâu vẫn bị một số lỗi nhỏ nên cho 4 sao','2021-11-13',4);
INSERT INTO "Comment"("productId","name","content","date","rate") VALUES (48,N'Anh Khang',N'Thường xuyên đứng máy . Mới mua mà như mưa 15 năm trước','2022-02-25',1);
INSERT INTO "Comment"("productId","name","content","date","rate") VALUES (48,N'Anh Phúc',N'Quá nhanh hết pin 0 nhu quảng cáo','2022-09-25',3);
INSERT INTO "Comment"("productId","name","content","date","rate") VALUES (48,N'Nguyễn Hồng Tâm',N'','2023-12-03',5);
INSERT INTO "Comment"("productId","name","content","date","rate") VALUES (48,N'Minh Tiến',N'','2020-07-28',5);
INSERT INTO "Comment"("productId","name","content","date","rate") VALUES (48,N'Phan Liễu',N'','2022-03-04',5);
INSERT INTO "Comment"("productId","name","content","date","rate") VALUES (48,N'Chị Mộng Châu',N'','2023-10-04',1);
INSERT INTO "Comment"("productId","name","content","date","rate") VALUES (48,N'Bùi Quang Sáng',N'','2023-12-16',4);
INSERT INTO "Comment"("productId","name","content","date","rate") VALUES (48,N'PHẠM THANH HIỀN',N'','2023-11-21',4);
INSERT INTO "Comment"("productId","name","content","date","rate") VALUES (48,N'Ngọc Phương',N'','2022-12-09',5);
INSERT INTO "Comment"("productId","name","content","date","rate") VALUES (48,N'Nguyễn Hoàng An',N'','2021-05-06',5);
INSERT INTO "Comment"("productId","name","content","date","rate") VALUES (48,N'Nguyễn Văn Bành',N'','2020-12-03',5);
INSERT INTO "Comment"("productId","name","content","date","rate") VALUES (48,N'Lê Hành',N'','2021-09-30',5);
INSERT INTO "Comment"("productId","name","content","date","rate") VALUES (48,N'Duc',N'','2022-05-28',5);
INSERT INTO "Comment"("productId","name","content","date","rate") VALUES (48,N'Nguyễn Hoàng',N'','2023-01-23',5);
INSERT INTO "Comment"("productId","name","content","date","rate") VALUES (48,N'Huỳnh Nguyễn Trọng Tín',N'','2023-05-18',5);
INSERT INTO "Comment"("productId","name","content","date","rate") VALUES (48,N'Tài',N'','2023-05-24',4);
INSERT INTO "Comment"("productId","name","content","date","rate") VALUES (48,N'Hồ Minh Hải',N'','2022-09-18',5);
INSERT INTO "Comment"("productId","name","content","date","rate") VALUES (48,N'Anh Chiến',N'','2020-11-24',5);
INSERT INTO "Comment"("productId","name","content","date","rate") VALUES (48,N'Dũng',N'','2021-09-18',5);
INSERT INTO "Comment"("productId","name","content","date","rate") VALUES (48,N'Trần Thi Luyến',N'','2022-06-24',4);
INSERT INTO "Comment"("productId","name","content","date","rate") VALUES (48,N'Cao Như Tùng',N'','2021-11-27',4);
INSERT INTO "Comment"("productId","name","content","date","rate") VALUES (48,N'Ngân',N'','2021-07-31',5);
INSERT INTO "Comment"("productId","name","content","date","rate") VALUES (48,N'Vũ Thị Thúy Kiều',N'','2023-11-15',5);
INSERT INTO "Comment"("productId","name","content","date","rate") VALUES (48,N'Vũ Xuân Thắng',N'','2021-07-15',4);
INSERT INTO "Comment"("productId","name","content","date","rate") VALUES (48,N'Chị Miền',N'','2023-11-20',5);
INSERT INTO "Comment"("productId","name","content","date","rate") VALUES (48,N'Anh Tuấn',N'','2022-12-12',4);
INSERT INTO "Comment"("productId","name","content","date","rate") VALUES (48,N'Nguyễn Mạnh Cường',N'','2021-07-14',5);
INSERT INTO "Comment"("productId","name","content","date","rate") VALUES (48,N'Pham Thi Thu Kieu',N'','2022-09-24',4);
INSERT INTO "Comment"("productId","name","content","date","rate") VALUES (48,N'Trần Xuân Tùng',N'','2023-04-27',4);
INSERT INTO "Comment"("productId","name","content","date","rate") VALUES (48,N'Huỳnh - Hậu',N'','2021-06-29',5);
INSERT INTO "Comment"("productId","name","content","date","rate") VALUES (48,N'Nguyễn Thị Bộ',N'','2021-05-17',4);
INSERT INTO "Comment"("productId","name","content","date","rate") VALUES (48,N'Phương',N'','2021-08-30',1);
INSERT INTO "Comment"("productId","name","content","date","rate") VALUES (48,N'Phạm Duy Định',N'','2021-12-27',3);
INSERT INTO "Comment"("productId","name","content","date","rate") VALUES (48,N'A LIS',N'Ok','2021-03-23',3);
INSERT INTO "Comment"("productId","name","content","date","rate") VALUES (48,N'Chị Hà',N'','2022-09-09',5);
INSERT INTO "Comment"("productId","name","content","date","rate") VALUES (48,N'Chi Sương',N'','2021-06-11',3);
INSERT INTO "Comment"("productId","name","content","date","rate") VALUES (48,N'Thảo',N'','2023-09-03',4);
INSERT INTO "Comment"("productId","name","content","date","rate") VALUES (48,N'GIÁP VĂN ĐÔ',N'','2021-11-09',4);
INSERT INTO "Comment"("productId","name","content","date","rate") VALUES (48,N'147856 - Phạm Ngọc Quý',N'','2021-08-11',1);
INSERT INTO "Comment"("productId","name","content","date","rate") VALUES (48,N'Lê Đình Khiêm',N'','2022-12-08',3);
INSERT INTO "Comment"("productId","name","content","date","rate") VALUES (48,N'NGUYỄN THỊ BẠCH VÂN',N'','2023-08-20',4);
INSERT INTO "Comment"("productId","name","content","date","rate") VALUES (48,N'Cô Mí',N'','2022-02-20',5);
INSERT INTO "Comment"("productId","name","content","date","rate") VALUES (48,N'Đinh Trọng Nghĩa',N'Phục vụ tốt chất lượng cao','2020-12-19',5);
INSERT INTO "Comment"("productId","name","content","date","rate") VALUES (48,N'Nguyễn Thị Cương',N'','2021-06-12',5);
INSERT INTO "Comment"("productId","name","content","date","rate") VALUES (48,N'LÝ ĐỨC HÙNG',N'','2023-01-29',3);
INSERT INTO "Comment"("productId","name","content","date","rate") VALUES (48,N'Nguyễn Minh Hiếu',N'','2020-09-11',4);
INSERT INTO "Comment"("productId","name","content","date","rate") VALUES (48,N'NGUYỄN THỊ TRƯỜNG AN',N'','2022-07-10',4);
INSERT INTO "Comment"("productId","name","content","date","rate") VALUES (48,N'Bùi Thị Hương',N'','2022-06-30',5);
INSERT INTO "Comment"("productId","name","content","date","rate") VALUES (48,N'E Hải',N'','2021-03-30',5);
INSERT INTO "Comment"("productId","name","content","date","rate") VALUES (48,N'Đỗ Mạnh Hoà',N'Tôi ko phải cgai','2023-07-10',5);
INSERT INTO "Comment"("productId","name","content","date","rate") VALUES (48,N'Đinh Thị Bích Hạnh',N'','2020-12-27',4);
INSERT INTO "Comment"("productId","name","content","date","rate") VALUES (48,N'Minh',N'','2021-12-20',3);
INSERT INTO "Comment"("productId","name","content","date","rate") VALUES (48,N'Anh Hùng',N'','2023-01-04',4);
INSERT INTO "Comment"("productId","name","content","date","rate") VALUES (48,N'LA THÀNH',N'','2023-01-01',3);
INSERT INTO "Comment"("productId","name","content","date","rate") VALUES (48,N'Phan Thị Năm',N'','2023-01-19',4);
INSERT INTO "Comment"("productId","name","content","date","rate") VALUES (48,N'Chị Dung',N'','2022-06-08',4);

INSERT INTO "Product" ("productId","total","typeId","image","cost","price","discount","rate","releaseDate","name") VALUES (49, 178, 4,'https://cdn.tgdd.vn/Products/Images/42/302655/xiaomi-redmi-note-12-plus-xanh-duong-thumb-600x600.jpg',1860000,2790000,14,4.0,'2020-08-03', N'Điện thoại Xiaomi Redmi A2+');
INSERT INTO "ProductDetail" ("productId","screen","os","cameraBehind","cameraFront","cpu","ram","rom","battery","sim") VALUES (49,N'IPS LCD, 6.52", HD+',N'Android 13 (Go Edition)',N'Chính 8 MP & Phụ QVGA (248 x 328 Pixels)',N'5 MP',N'MediaTek Helio G36 8 nhân', N'3 GB',N'64 GB',N'5000 mAh',N'2 Nano SIM');
INSERT INTO "Comment"("productId","name","content","date","rate") VALUES (49,N'Ân',N'Chất lượng tốt trong tầm giá','2021-10-13',5);
INSERT INTO "Comment"("productId","name","content","date","rate") VALUES (49,N'Anh Đông',N'Tạm ổn','2023-03-25',4);
INSERT INTO "Comment"("productId","name","content","date","rate") VALUES (49,N'Tuấn hoàng',N'Ok hàng tốt','2021-12-10',5);
INSERT INTO "Comment"("productId","name","content","date","rate") VALUES (49,N'Hùng',N'Bị lỗi nhiều','2022-06-19',1);
INSERT INTO "Comment"("productId","name","content","date","rate") VALUES (49,N'Kim Trinh',N'Chậm','2020-12-30',3);
INSERT INTO "Comment"("productId","name","content","date","rate") VALUES (49,N'Đỗ Thành Nhơn',N'Có cái tu nó tắt hoài','2021-02-06',4);
INSERT INTO "Comment"("productId","name","content","date","rate") VALUES (49,N'Phạm Quốc mạnh',N'Máy bị lỗi đang dùng sập nguồn thì bảo là tại phần mềm chạy rồi về vẫn bị mang ra đổi thì bảo để máy lại gửi ra công ty.lúc mua thì bảo lỗi đổi mới chong vòng 1 tháng chưa dùng được 1 tháng ko cho đổi là sao làm ăn chán','2023-05-08',1);
INSERT INTO "Comment"("productId","name","content","date","rate") VALUES (49,N'Bình',N'Máy quá tệ không đáng để mua, phí tiền','2020-08-27',1);
INSERT INTO "Comment"("productId","name","content","date","rate") VALUES (49,N'Đăng',N'Máy quá chậm','2022-11-01',2);
INSERT INTO "Comment"("productId","name","content","date","rate") VALUES (49,N'Măn',N'Máy tệ quá k nên mua','2022-07-29',1);
INSERT INTO "Comment"("productId","name","content","date","rate") VALUES (49,N'Huỳnh Phương Lâm',N'Máy sử dụng ổn, nhưng không có nhiều tính năng hỗ trợ, chủ đề thì cũng ít chứ ko tùy biến được nhiều. Ổn trong tầm giá','2021-08-02',4);
INSERT INTO "Comment"("productId","name","content","date","rate") VALUES (49,N'C Trang',N'ok nha','2021-05-05',5);
INSERT INTO "Comment"("productId","name","content","date","rate") VALUES (49,N'Anh Duy',N'Máy pin trâu, hiệu năng ổn cho lướt web, xem youtube, fb... chơi 1 vài game nhẹ, camera tốt trong tầm giá nhé','2023-03-10',5);
INSERT INTO "Comment"("productId","name","content","date","rate") VALUES (49,N'Bảo',N'Máy ok trong tầm giá.','2021-02-09',5);
INSERT INTO "Comment"("productId","name","content","date","rate") VALUES (49,N'Nguyễn Van Hiếu',N'OK','2023-09-11',4);
INSERT INTO "Comment"("productId","name","content","date","rate") VALUES (49,N'Chom Rện',N'Chạy game vẫn còn lag nói chung vẫn ok','2023-01-03',4);
INSERT INTO "Comment"("productId","name","content","date","rate") VALUES (49,N'Nguyễn Hải Đăng',N'Mình mua hộ người nhà thấy phản hồi là điện thoại dùng tốt ổn định mọi người lên mua nhé','2023-01-12',5);
INSERT INTO "Comment"("productId","name","content","date","rate") VALUES (49,N'Nguyễn Tuyết Nghi',N'Dt sài bị đứng nhìu và k chs game đc.','2021-04-20',1);
INSERT INTO "Comment"("productId","name","content","date","rate") VALUES (49,N'Kim PHƯỢNG',N'Tốt','2021-07-02',5);
INSERT INTO "Comment"("productId","name","content","date","rate") VALUES (49,N'Anh Chôm',N'Máy đan Sài đổi màn đen y như bị tắt nguồn','2021-09-27',2);
INSERT INTO "Comment"("productId","name","content","date","rate") VALUES (49,N'Đặng Văn Minh Trí',N'Rất tốt trong tầm giá','2022-03-09',5);
INSERT INTO "Comment"("productId","name","content","date","rate") VALUES (49,N'Trương Văn Diệu',N'Sản phẩm vừa túi tiền. Tốt trong tâm giá','2021-07-10',5);
INSERT INTO "Comment"("productId","name","content","date","rate") VALUES (49,N'Ngô minh đức',N'Máy rẻ chất lượng đúng giá tiền. Dùng để nghe gọi tốt. Dịch vụ chăm sóc khách hàng tốt. Mình mới mua điện thoại tại thế giới di động được 1 tuần nhưng qua sử dụng không đáp ứng được nhu cầu sử dụng. Mình có thể đổi máy khác được không không quan trọng giá tiền. Xin cảm ơn','2021-11-22',3);
INSERT INTO "Comment"("productId","name","content","date","rate") VALUES (49,N'Lê Mơ',N'Giá thành rẻ, dùng để nghe gọi là chính thì được, tải thêm vài ứng dụng hoặc chơi game thì nặng máy lắm nhé','2021-06-18',4);
INSERT INTO "Comment"("productId","name","content","date","rate") VALUES (49,N'Nguyễn Minh Phụng',N'Máy yếu xìu....chưa vào các phần mềm mà xử lí lâu lắc','2021-12-14',2);
INSERT INTO "Comment"("productId","name","content","date","rate") VALUES (49,N'Võ Thị Phượng',N'Rất mượt','2020-10-08',5);
INSERT INTO "Comment"("productId","name","content","date","rate") VALUES (49,N'Nguyễn Thanh Tuấn',N'Nhân viên tiếp khách tốt','2021-02-28',4);
INSERT INTO "Comment"("productId","name","content","date","rate") VALUES (49,N'Em Khánh Huyền',N'Rất tốt','2023-05-29',5);
INSERT INTO "Comment"("productId","name","content","date","rate") VALUES (49,N'A tiến',N'Sản phẩm dùng tốt','2022-12-25',4);
INSERT INTO "Comment"("productId","name","content","date","rate") VALUES (49,N'Thảo',N'Máy xài ok ạ.','2022-12-17',4);
INSERT INTO "Comment"("productId","name","content","date","rate") VALUES (49,N'Phương',N'Nhân viên bán hàng hong nhiệt tình với lại dán lỗi nữa','2023-04-16',1);
INSERT INTO "Comment"("productId","name","content","date","rate") VALUES (49,N'Ngô Thị Hải',N'Máy tệ','2022-09-30',2);
INSERT INTO "Comment"("productId","name","content","date","rate") VALUES (49,N'Chị Phượng',N'Tốt','2021-09-21',5);
INSERT INTO "Comment"("productId","name","content","date","rate") VALUES (49,N'Trần Hồng Thanh',N'Tốt','2023-04-04',5);
INSERT INTO "Comment"("productId","name","content","date","rate") VALUES (49,N'TRẦN NHẬT HẠO',N'Tiền máy mắc tầm giá khác','2021-02-15',3);
INSERT INTO "Comment"("productId","name","content","date","rate") VALUES (49,N'Thành Phúc',N'Xai rất ok nha','2022-03-20',5);
INSERT INTO "Comment"("productId","name","content","date","rate") VALUES (49,N'TRẦN VĂN THIỀU',N'Rất tốt','2022-07-15',5);
INSERT INTO "Comment"("productId","name","content","date","rate") VALUES (49,N'Trương Minh Nhật',N'Tốt','2023-09-29',5);
INSERT INTO "Comment"("productId","name","content","date","rate") VALUES (49,N'Chị Hưởng',N'Xài tốt lắm à.','2023-04-03',4);
INSERT INTO "Comment"("productId","name","content","date","rate") VALUES (49,N'Trần Trung Hưng',N'Rất tôt','2023-01-22',5);
INSERT INTO "Comment"("productId","name","content","date","rate") VALUES (49,N'Anh Long',N'Tốt','2022-03-11',4);
INSERT INTO "Comment"("productId","name","content","date","rate") VALUES (49,N'Chị Hoa',N'Tốt','2022-01-07',5);
INSERT INTO "Comment"("productId","name","content","date","rate") VALUES (49,N'Chị Nhu',N'Bình thường','2020-09-11',3);
INSERT INTO "Comment"("productId","name","content","date","rate") VALUES (49,N'Biển',N'Tốt','2023-03-08',5);
INSERT INTO "Comment"("productId","name","content","date","rate") VALUES (49,N'Bùi Xuân Đán',N'Good','2022-03-15',5);
INSERT INTO "Comment"("productId","name","content","date","rate") VALUES (49,N'Anh Hưng',N'Tốt','2020-11-17',4);
INSERT INTO "Comment"("productId","name","content","date","rate") VALUES (49,N'Mai Thi Huyen Trang',N'Tốt','2022-11-01',5);
INSERT INTO "Comment"("productId","name","content","date","rate") VALUES (49,N'Ben',N'Tốt
 Nhân viên tư vấn và hỗ trợ nhiệt tình.','2022-04-21',4);
INSERT INTO "Comment"("productId","name","content","date","rate") VALUES (49,N'Thu Hà',N'Ram hơi thấp một chút,64g,màu xanh dương đẹp,nhưng trong tầm giá dưới 3tr thì máy này khá ổn nha.','2022-11-23',4);
INSERT INTO "Comment"("productId","name","content","date","rate") VALUES (49,N'Triệu Trung Tiến',N'ok','2020-11-22',4);
INSERT INTO "Comment"("productId","name","content","date","rate") VALUES (49,N'Nguyễn Công Hậu',N'Giao hàng nhanh tận tình','2022-02-04',5);
INSERT INTO "Comment"("productId","name","content","date","rate") VALUES (49,N'Anh linh',N'','2021-03-10',5);
INSERT INTO "Comment"("productId","name","content","date","rate") VALUES (49,N'Trung',N'','2021-10-05',4);
INSERT INTO "Comment"("productId","name","content","date","rate") VALUES (49,N'NGUYỄN THỊ THẢO NHI',N'','2022-01-20',5);
INSERT INTO "Comment"("productId","name","content","date","rate") VALUES (49,N'Đỗ Ngọc Thiện',N'','2021-07-06',4);
INSERT INTO "Comment"("productId","name","content","date","rate") VALUES (49,N'Thanh',N'','2021-02-01',5);
INSERT INTO "Comment"("productId","name","content","date","rate") VALUES (49,N'Chị Ngọc',N'','2022-09-23',4);
INSERT INTO "Comment"("productId","name","content","date","rate") VALUES (49,N'Đoàn đức Vinh',N'','2022-11-01',3);
INSERT INTO "Comment"("productId","name","content","date","rate") VALUES (49,N'Đặng Quốc Hưng',N'','2022-12-14',5);
INSERT INTO "Comment"("productId","name","content","date","rate") VALUES (49,N'Anh Huy',N'','2020-09-27',4);
INSERT INTO "Comment"("productId","name","content","date","rate") VALUES (49,N'HÙNG',N'','2023-02-18',3);
INSERT INTO "Comment"("productId","name","content","date","rate") VALUES (49,N'Phạm Thanh Tân',N'','2022-12-18',4);
INSERT INTO "Comment"("productId","name","content","date","rate") VALUES (49,N'Ánh',N'','2022-12-14',5);
INSERT INTO "Comment"("productId","name","content","date","rate") VALUES (49,N'Khưu hoài bảo',N'','2023-04-09',5);
INSERT INTO "Comment"("productId","name","content","date","rate") VALUES (49,N'Ka Bao',N'','2020-10-16',3);
INSERT INTO "Comment"("productId","name","content","date","rate") VALUES (49,N'Đạt',N'','2021-11-25',4);
INSERT INTO "Comment"("productId","name","content","date","rate") VALUES (49,N'Nhật',N'','2023-12-12',4);
INSERT INTO "Comment"("productId","name","content","date","rate") VALUES (49,N'Huỳnh xuân tín',N'','2023-06-14',5);
INSERT INTO "Comment"("productId","name","content","date","rate") VALUES (49,N'Nguyễn Thái Lưu',N'','2021-12-20',4);
INSERT INTO "Comment"("productId","name","content","date","rate") VALUES (49,N'Nguyễn Thanh Hà',N'Xài ổn rất tốt.','2021-03-02',5);
INSERT INTO "Comment"("productId","name","content","date","rate") VALUES (49,N'Hà Ánh Dương',N'','2023-02-28',3);
INSERT INTO "Comment"("productId","name","content","date","rate") VALUES (49,N'A Sang',N'','2022-06-20',5);
INSERT INTO "Comment"("productId","name","content","date","rate") VALUES (49,N'Lê Thị Phân',N'','2023-05-29',4);
INSERT INTO "Comment"("productId","name","content","date","rate") VALUES (49,N'Thiều Phương Nam',N'','2022-01-23',5);
INSERT INTO "Comment"("productId","name","content","date","rate") VALUES (49,N'Anh Sơn',N'','2021-08-28',5);
INSERT INTO "Comment"("productId","name","content","date","rate") VALUES (49,N'Nguyễn Thị Sớm',N'','2021-07-16',5);
INSERT INTO "Comment"("productId","name","content","date","rate") VALUES (49,N'Nguyễn Huỳnh Lộc',N'','2022-05-28',4);
INSERT INTO "Comment"("productId","name","content","date","rate") VALUES (49,N'C linh',N'','2022-03-12',3);
INSERT INTO "Comment"("productId","name","content","date","rate") VALUES (49,N'A phúc',N'','2020-11-19',5);
INSERT INTO "Comment"("productId","name","content","date","rate") VALUES (49,N'Én',N'','2022-01-26',4);
INSERT INTO "Comment"("productId","name","content","date","rate") VALUES (49,N'KA THUYẾT',N'','2020-11-19',3);
INSERT INTO "Comment"("productId","name","content","date","rate") VALUES (49,N'Phạm Hữu Tuân',N'','2023-10-23',3);
INSERT INTO "Comment"("productId","name","content","date","rate") VALUES (49,N'Anh Lương',N'','2023-07-11',3);
INSERT INTO "Comment"("productId","name","content","date","rate") VALUES (49,N'Hoàng thu huyền',N'','2023-10-18',1);
INSERT INTO "Comment"("productId","name","content","date","rate") VALUES (49,N'Nhung',N'','2022-03-24',5);
INSERT INTO "Comment"("productId","name","content","date","rate") VALUES (49,N'TRẦN VĂN MÃI',N'','2023-11-11',3);
INSERT INTO "Comment"("productId","name","content","date","rate") VALUES (49,N'Cô Hào',N'','2022-09-26',4);
INSERT INTO "Comment"("productId","name","content","date","rate") VALUES (49,N'Hoàng Xuân Thông',N'','2022-03-11',3);
INSERT INTO "Comment"("productId","name","content","date","rate") VALUES (49,N'Trần Ngọc Toàn',N'','2020-12-01',4);
INSERT INTO "Comment"("productId","name","content","date","rate") VALUES (49,N'Cô Hằng',N'','2021-06-12',5);
INSERT INTO "Comment"("productId","name","content","date","rate") VALUES (49,N'Lê Thanh Phong',N'','2023-12-01',4);
INSERT INTO "Comment"("productId","name","content","date","rate") VALUES (49,N'A Thạch',N'','2023-09-27',5);
INSERT INTO "Comment"("productId","name","content","date","rate") VALUES (49,N'Hoa',N'','2021-09-08',4);
INSERT INTO "Comment"("productId","name","content","date","rate") VALUES (49,N'Đoàn Cảnh Kỳ',N'','2022-08-27',5);
INSERT INTO "Comment"("productId","name","content","date","rate") VALUES (49,N'Chị Ly',N'Rất tốt','2021-10-23',5);
INSERT INTO "Comment"("productId","name","content","date","rate") VALUES (49,N'Cô Lan',N'','2021-06-17',2);
INSERT INTO "Comment"("productId","name","content","date","rate") VALUES (49,N'Duy',N'','2021-10-03',5);
INSERT INTO "Comment"("productId","name","content","date","rate") VALUES (49,N'Ngô Văn Phong',N'','2021-09-05',4);
INSERT INTO "Comment"("productId","name","content","date","rate") VALUES (49,N'Thuận',N'','2022-11-15',5);
INSERT INTO "Comment"("productId","name","content","date","rate") VALUES (49,N'Dương Thị Hồng Tiến',N'','2021-05-23',3);
INSERT INTO "Comment"("productId","name","content","date","rate") VALUES (49,N'Nguyễn Hoàng Minh Triết',N'','2023-01-12',5);

INSERT INTO "Product" ("productId","total","typeId","image","cost","price","discount","rate","releaseDate","name") VALUES (50, 83, 5,'https://cdn.tgdd.vn/Products/Images/42/309864/vivo-v29e-black-avt-600x600.jpg',7990000,9990000,3,4.0,'2021-05-17', N'Điện thoại vivo V29e 5G 12GB');
INSERT INTO "ProductDetail" ("productId","screen","os","cameraBehind","cameraFront","cpu","ram","rom","battery","sim") VALUES (50,N'AMOLED, 6.67", Full HD+',N'Android 13',N'Chính 64 MP & Phụ 8 MP',N'50 MP',N'Snapdragon 695 5G', N'12 GB',N'256 GB',N'4800 mAh',N'2 Nano SIM');
INSERT INTO "Comment"("productId","name","content","date","rate") VALUES (50,N'Vũ',N'Máy mỏng nhẹ. Đẹp. Pin trâu xài nhiều thì 1 ngày rưỡi mới sạc. Lâu thì 2 ngày. Lướt j cũng nhanh. Vô ứng dụng nhah','2022-08-18',5);
INSERT INTO "Comment"("productId","name","content","date","rate") VALUES (50,N'Phùng Thành',N'Mới mua 2 ngày cam bị xước đúng 1 xíu, ra đổi trả ko đc. Quá tệ, ko bao giờ quay lại tgdd','2022-05-18',1);
INSERT INTO "Comment"("productId","name","content","date","rate") VALUES (50,N'Đức',N'Dc mỗi thiết kế vỏ và màn hình đẹp,còn về tính năng và chụp hình thì ở mức bình thường,chụp lấy nét ko dc tốt,so với giá này thêm ít nữa mua ip 11 vẫn đỉnh hơn','2023-05-08',4);
INSERT INTO "Comment"("productId","name","content","date","rate") VALUES (50,N'Khánh',N'đang dùng cả vivo và poco, vivo tùy biến tính năng yếu hơn, cứng nhắc hơn, MP cao hơn nhưng ko chụp liên tiếp tính giờ được, pin lâu nhưng sạc lâu hơn poco. Và giá poco chỉ tầm 6tr hiện tại','2023-03-18',3);
INSERT INTO "Comment"("productId","name","content","date","rate") VALUES (50,N'Nguyễn Thị Quỳnh',N'Máy mượt , pin trâu cấu hình khoẻ .thiết kế đẹp','2021-08-29',5);
INSERT INTO "Comment"("productId","name","content","date","rate") VALUES (50,N'Phan thị xuân duyên',N'Máy mượt pin trâu, thích nhất chơi game lâu k bị nóng máy pin sạc nhanh tóm tại là rất tốt nên mua nha','2023-07-07',5);
INSERT INTO "Comment"("productId","name","content","date","rate") VALUES (50,N'Đức',N'','2021-05-25',5);

INSERT INTO "Product" ("productId","total","typeId","image","cost","price","discount","rate","releaseDate","name") VALUES (51, 126, 5,'https://cdn.tgdd.vn/Products/Images/42/311120/vivo-y36-xanh-thumbnew-600x600.jpg',3990000,5990000,8,3.7,'2020-06-17', N'Điện thoại vivo Y36 128GB');
INSERT INTO "ProductDetail" ("productId","screen","os","cameraBehind","cameraFront","cpu","ram","rom","battery","sim") VALUES (51,N'IPS LCD, 6.64", Full HD+',N'Android 13',N'Chính 50 MP & Phụ 2 MP',N'16 MP',N'Snapdragon 680', N'8 GB',N'128 GB',N'5000 mAh',N'2 Nano SIM');
INSERT INTO "Comment"("productId","name","content","date","rate") VALUES (51,N'Dương Văn Thao',N'Rất tốt','2023-11-23',5);
INSERT INTO "Comment"("productId","name","content","date","rate") VALUES (51,N'Tiên',N'Sản phẩm dùng tốt','2022-03-17',5);
INSERT INTO "Comment"("productId","name","content","date","rate") VALUES (51,N'Lê Thanh Đạt',N'Máy có nhiều lỗi vặt, cảm biến vân tay hoạt động không ổn định. Pin khá tốt.','2021-04-08',1);

INSERT INTO "Product" ("productId","total","typeId","image","cost","price","discount","rate","releaseDate","name") VALUES (52, 77, 5,'https://cdn.tgdd.vn/Products/Images/42/297026/vivo-v27e-tim-thumb-600x600.jpg',7990000,8990000,11,4.3,'2019-03-25', N'Điện thoại vivo V27e');
INSERT INTO "ProductDetail" ("productId","screen","os","cameraBehind","cameraFront","cpu","ram","rom","battery","sim") VALUES (52,N'AMOLED, 6.62", Full HD+',N'Android 13',N'Chính 64 MP & Phụ 2 MP, 2 MP',N'32 MP',N'MediaTek Helio G99', N'8 GB',N'256 GB',N'4600 mAh',N'2 Nano SIM');
INSERT INTO "Comment"("productId","name","content","date","rate") VALUES (52,N'Nguyễn văn Thành Long',N'Chụp hình với quay video zoom nát hết...quay video hoặc phát trực tiếp ở fb được 1 phút máy nóng chuyển sang bị giật...ngoài cái sạc nhanh thì bỏ ra 9tr mua cái máy này đúng là quá tức','2023-12-07',2);
INSERT INTO "Comment"("productId","name","content","date","rate") VALUES (52,N'Lê thị Mỹ chi',N'Bên mình có thu lại k máy mới con đây đủ hộp','2019-09-15',3);
INSERT INTO "Comment"("productId","name","content","date","rate") VALUES (52,N'Ngọc Thúy',N'Thật sự khá thất vọng mình đã mua 1 tháng nhưng tính thời gian sử dụng tầm 2 tuần. Mình đã có 1 trải nghiệm cực kì tồi tệ với sp này. Bộ micro và loa nghe trục trặc TGDD đã hỗ trợ đổi lại cho mình 1 máy khác nhưng vẫn tiếp tục gặp tình trạng như trên. Không biết do mình xui gặp liền 2 máy lỗi hay do bản tím v27e lỗi đồng loạt. Giờ phải sử dụng máy cũ để làm việc trong khi chi 1 số tiền không nhỏ mua máy này. Rất thất vọng về sản phẩm.','2022-12-01',2);
INSERT INTO "Comment"("productId","name","content","date","rate") VALUES (52,N'Lê Minh Tuấn',N'Chụp ảnh đẹp pin trâu vân tay nhạy face id cũng nhạy sạc công suất lớn sạc rất nhanh. Nói chung là ok','2021-10-15',5);
INSERT INTO "Comment"("productId","name","content","date","rate") VALUES (52,N'Duy',N'Đt sạc 100 sài hơn nữa tiếng không tuộc 1 % khởi động lại vô cài đặt thì để mới sạc đầy 1 phút trước','2022-03-08',3);
INSERT INTO "Comment"("productId","name","content","date","rate") VALUES (52,N'Vũ',N'Điện thoại vivo V27 e sài rất là OK. Mình sài vivo v9. Sử dụng từ năm 2018 tới hiên nay chưa bị lỗi.','2019-12-26',5);
INSERT INTO "Comment"("productId","name","content","date","rate") VALUES (52,N'TỐNG XUÂN PHONG',N'Nhờ đt bát đc nhiều chú 😂😂😂','2021-10-26',5);
INSERT INTO "Comment"("productId","name","content","date","rate") VALUES (52,N'Hồ Thị Tuyết Trinh',N'Đt xài ok','2020-11-05',4);
INSERT INTO "Comment"("productId","name","content","date","rate") VALUES (52,N'Đào Thị Yên',N'Mình mới mua máy đc 2 tuần gần đây sạc mới đc 50% pin mà máy đã rất nóng. Cho hỏi đây là lỗi do sạc hay máy ạ. Nếu máy mình có đc đổi máy mới k?','2020-11-04',3);
INSERT INTO "Comment"("productId","name","content","date","rate") VALUES (52,N'Nguyễn Thị Linh Thi',N'Nhân viên phục vụ tốt','2019-07-07',4);
INSERT INTO "Comment"("productId","name","content","date","rate") VALUES (52,N'Hoài',N'Ứng dụng mượt, cầm pin, mở máy lâu không nóng.','2021-03-24',5);
INSERT INTO "Comment"("productId","name","content","date","rate") VALUES (52,N'Chị Nhi',N'Sản phẩm tốt ạ','2021-08-17',5);
INSERT INTO "Comment"("productId","name","content","date","rate") VALUES (52,N'TRẦN THỊ YẾN',N'🥰🥰🥰🥰','2023-06-01',4);
INSERT INTO "Comment"("productId","name","content","date","rate") VALUES (52,N'Nguyễn Minh Ngọc',N'Tốt','2023-04-24',5);
INSERT INTO "Comment"("productId","name","content","date","rate") VALUES (52,N'Anh Thanh',N'Tốt','2020-02-09',4);
INSERT INTO "Comment"("productId","name","content","date","rate") VALUES (52,N'Anh Cao',N'Một sản phẩm tuyệt vời nó mang tới cho tôi trải nghiệm thú vị...','2020-12-23',5);
INSERT INTO "Comment"("productId","name","content","date","rate") VALUES (52,N'DƯƠNG VĂN TÂM',N'Ok','2022-01-04',4);
INSERT INTO "Comment"("productId","name","content","date","rate") VALUES (52,N'Chị Minh',N'Tốt','2022-02-23',5);
INSERT INTO "Comment"("productId","name","content","date","rate") VALUES (52,N'Thành Tâm',N'Sài tốt','2020-04-03',5);
INSERT INTO "Comment"("productId","name","content","date","rate") VALUES (52,N'MAI QUỐC DƯƠNG',N'Máy đẹp chụp hình nét.','2021-12-30',5);
INSERT INTO "Comment"("productId","name","content","date","rate") VALUES (52,N'Hoàng Tú',N'ok','2023-03-23',5);
INSERT INTO "Comment"("productId","name","content","date","rate") VALUES (52,N'Trịnh Bá Nam',N'Sản phẩm tốt cần cải thiện phần lưng chống trầy','2021-08-25',4);
INSERT INTO "Comment"("productId","name","content","date","rate") VALUES (52,N'Trần Thị Tích',N'Máy chụp hình sáng đẹp, dùng mượt , thiết kế đẹp! Hài lòng','2020-12-20',5);
INSERT INTO "Comment"("productId","name","content","date","rate") VALUES (52,N'C Hằng',N'Khi sử dụng máy bị móng và pin nhanh hết mới mua mà ngày nào cũng phải xạc pin','2022-05-23',3);
INSERT INTO "Comment"("productId","name","content","date","rate") VALUES (52,N'Đoàn Thành Ngọc',N'Máy OK nha','2019-05-26',5);
INSERT INTO "Comment"("productId","name","content","date","rate") VALUES (52,N'Lê Đức Hà',N'Good','2022-01-18',5);
INSERT INTO "Comment"("productId","name","content","date","rate") VALUES (52,N'NGUYỄN THỊ HÒA',N'','2020-10-26',4);
INSERT INTO "Comment"("productId","name","content","date","rate") VALUES (52,N'Anh Quang',N'','2021-12-15',5);
INSERT INTO "Comment"("productId","name","content","date","rate") VALUES (52,N'đinh thị hồng xuân',N'','2021-12-31',5);
INSERT INTO "Comment"("productId","name","content","date","rate") VALUES (52,N'Phước',N'','2020-10-15',5);
INSERT INTO "Comment"("productId","name","content","date","rate") VALUES (52,N'Trần Thị Ngọc Nhung',N'','2020-12-22',4);
INSERT INTO "Comment"("productId","name","content","date","rate") VALUES (52,N'TRẦN THỊ HOÀI PHƯỢNG',N'Tot','2021-02-25',4);
INSERT INTO "Comment"("productId","name","content","date","rate") VALUES (52,N'Võ Duy Huân',N'','2023-01-13',4);
INSERT INTO "Comment"("productId","name","content","date","rate") VALUES (52,N'Hồng Cẩm Nguyên',N'','2022-12-27',5);
INSERT INTO "Comment"("productId","name","content","date","rate") VALUES (52,N'Anh Quân',N'','2021-03-05',3);
INSERT INTO "Comment"("productId","name","content","date","rate") VALUES (52,N'Anh Khoa',N'','2019-10-02',4);
INSERT INTO "Comment"("productId","name","content","date","rate") VALUES (52,N'HOÀNG TRUNG DUY',N'','2023-04-24',5);
INSERT INTO "Comment"("productId","name","content","date","rate") VALUES (52,N'Nguyễn Vũ Linh',N'','2020-09-22',5);
INSERT INTO "Comment"("productId","name","content","date","rate") VALUES (52,N'Huệ',N'','2020-03-26',4);

INSERT INTO "Product" ("productId","total","typeId","image","cost","price","discount","rate","releaseDate","name") VALUES (53, 156, 5,'https://cdn.tgdd.vn/Products/Images/42/282389/vivo-v25-pro-5g-xanh-thumb-1-600x600.jpg',9990000,13990000,28,4.2,'2019-02-28', N'Điện thoại vivo V25 Pro 5G');
INSERT INTO "ProductDetail" ("productId","screen","os","cameraBehind","cameraFront","cpu","ram","rom","battery","sim") VALUES (53,N'AMOLED, 6.56", Full HD+',N'Android 12',N'Chính 64 MP & Phụ 8 MP, 2 MP',N'32 MP',N'MediaTek Dimensity 1300', N'8 GB',N'128 GB',N'4830 mAh',N'2 Nano SIM');
INSERT INTO "Comment"("productId","name","content","date","rate") VALUES (53,N'Dangtrung',N'Mới dùng cũng thấy ổn, nhân viên nhiệt tình,ok','2019-09-09',4);
INSERT INTO "Comment"("productId","name","content","date","rate") VALUES (53,N'Lê xuân hiền',N'Tốt về mọi mặt','2020-07-21',5);
INSERT INTO "Comment"("productId","name","content","date","rate") VALUES (53,N'Tuan anh',N'Rất hài lòng','2020-11-19',5);
INSERT INTO "Comment"("productId","name","content","date","rate") VALUES (53,N'Nguyễn trung ý',N'Pin trâu camera đẹp mượt chíp mạnh giá họp lý','2021-11-12',5);
INSERT INTO "Comment"("productId","name","content","date","rate") VALUES (53,N'Minh Nam',N'Từ thiết kế đến màu sắc đẹp. mỗi cái là màn hình cong, màn hình cong khi dán miếng dán khó dán hơn màn hình phẳng... Tùy theo loại máy như OPPO, SAMSUNG cũng có màn hình cong....','2020-12-05',4);
INSERT INTO "Comment"("productId","name","content","date","rate") VALUES (53,N'Xương',N'Máy không sử dụng cũng bị nóng . Nhân viên phục vụ tốt','2019-10-08',3);
INSERT INTO "Comment"("productId","name","content","date","rate") VALUES (53,N'chu quang thu',N'màn hình v25 pro có giá bao nhiêu vậy','2022-11-05',5);
INSERT INTO "Comment"("productId","name","content","date","rate") VALUES (53,N'Đánh lenh',N'Đt Sài..chơi game không nóng.. sạc nhanh..pin trâu.camera đẹp.tu tin chấp iPhone 14 luôn nhé','2022-12-25',5);
INSERT INTO "Comment"("productId","name","content","date","rate") VALUES (53,N'Trần Văn Phương',N'Quá quá mượt luôn..nên mua... Nhân viên nhiệt tình giao hàng nhanh lẹ','2023-06-13',5);
INSERT INTO "Comment"("productId","name","content","date","rate") VALUES (53,N'Quân',N'Điện thoại xài rất tệ cân nhắc trước khi mua nói chung mua đổi trả nên không thể trả lại máy thường xuyên bị treo','2023-10-31',2);
INSERT INTO "Comment"("productId","name","content","date","rate") VALUES (53,N'Lê Văn Toàn',N'Sản phẩm tư vấn kháng nước chân sạc có hơi nước đem bảo hành không chịu trách nhiệm','2020-03-26',1);
INSERT INTO "Comment"("productId","name","content","date","rate") VALUES (53,N'Lê Văn Đức',N'Quá tuyệt sạc 40 phút sử dụng sáng giờ mở wifi từ 8h sáng 20h30 đến giờ còn 72pin. Máy Mượt chụp hình đẹp. Nhân viên tư vấn nhiệt tình cảm ơn điện máy xanh đã cho tôi trải nghiệm từ giới thiệu sp đến cách phục vụ','2019-06-16',5);
INSERT INTO "Comment"("productId","name","content","date","rate") VALUES (53,N'Tam',N'Cho e xin cái đánh giá pin của vivi v25pro đi . E thấy đt e pin tụt hơi nhanh','2022-03-15',2);
INSERT INTO "Comment"("productId","name","content","date","rate") VALUES (53,N'Nguyễn Dương',N'Máy mạng yếu xìu, như máy cùi mà giá quá đắt !','2019-04-30',1);
INSERT INTO "Comment"("productId","name","content","date","rate") VALUES (53,N'Hậu Phạm',N'Pin tụt nhanh','2023-08-13',2);
INSERT INTO "Comment"("productId","name","content","date","rate") VALUES (53,N'Trần Minh Hưng ',N'Vivo không quảng cáo rầm rộ quá nhiều. Nhưng chất lượng trải nghiệm thì xứng đáng và hài lòng. Từ vivo v20, giờ là v25 pro. Thích vivo.','2020-04-21',5);
INSERT INTO "Comment"("productId","name","content","date","rate") VALUES (53,N'Nhữ Đình Quân',N'Tạm thời dùng ổn 😁','2023-10-11',4);
INSERT INTO "Comment"("productId","name","content","date","rate") VALUES (53,N'Hoang hữu hiền',N'Tốt','2022-10-18',5);
INSERT INTO "Comment"("productId","name","content","date","rate") VALUES (53,N'Toàn',N'Mọi thứ ổn trog tầm giá, thích nhất là thiết kế đẹp và pin tốt. Riêng camera không được như quảng cáo, hình ảnh được đẩy các tông màu lên quá mức đặc biệt là màu đỏ. quay video chống rung kém.','2019-04-18',3);
INSERT INTO "Comment"("productId","name","content","date","rate") VALUES (53,N'LÊ LINH PHA ',N'V25 pro này dùng thì đúng là khá ngon đấy anh em, pin trâu sạc nhanh dùng lâu không sợ nóng máy. Chức năng đa dạng, hiệu năng chơi game tốt, camera chụp trong điều kiện thiếu sáng vẫn rất ngon. Chỉ có 1 khuyết điểm duy nhất là giá hơi cao nha!! Theo mình thì chiếc này tầm 9 củ đổ lại thì ngon. Chứ 12-13 củ thì quá cao so với những trải nghiệm mà điện thoại này mang lại. Do Vivo là nhà tài trợ chính cho World Cup 2022 nên họ ra mức giá đó để bù lỗ nha. Chứ tầm 9 củ thì anh Xiaomi cũng làm được 1 con tương tự như vậy.','2023-07-17',5);
INSERT INTO "Comment"("productId","name","content","date","rate") VALUES (53,N'Nguyễn Văn Tài',N'Tốt, dùng mượt, màn hình cong, camera đẹp, tiếc cái là chỉ có 1 loa.','2023-03-05',5);
INSERT INTO "Comment"("productId","name","content","date","rate") VALUES (53,N'Nguyễn Minh Huấn',N'Tôi thấy hài lòng, nhân viên rất là nhiệt tình','2019-06-24',4);
INSERT INTO "Comment"("productId","name","content","date","rate") VALUES (53,N'Nguyễn Hoàng Thiên',N'Hiện tại sản phẩm vẫn ổn định','2020-08-05',4);
INSERT INTO "Comment"("productId","name","content","date","rate") VALUES (53,N'Vũ hưng ',N'Dùng ngon ổn định','2023-03-19',5);
INSERT INTO "Comment"("productId","name","content","date","rate") VALUES (53,N'Phan Phu Quy',N'Rất OK trong tầm giá','2023-10-23',5);
INSERT INTO "Comment"("productId","name","content","date","rate") VALUES (53,N'Lợi',N'máy rất tốt so với giá tiền','2023-06-15',5);
INSERT INTO "Comment"("productId","name","content","date","rate") VALUES (53,N'5074089',N'Mẫu mã đẹp, màn hình cảm ứng tốt','2019-04-03',4);
INSERT INTO "Comment"("productId","name","content","date","rate") VALUES (53,N'Trần Thanh Nhã',N'Máy rất tốt, nhân viên vui vẻ','2023-02-15',5);
INSERT INTO "Comment"("productId","name","content","date","rate") VALUES (53,N'Tung',N'Sản phẩm mượt mà, màn hình sắc nét, camera chuyên nghiệp','2022-07-15',5);
INSERT INTO "Comment"("productId","name","content","date","rate") VALUES (53,N'Đoàn Duy Khanh',N'To','2023-08-30',5);
INSERT INTO "Comment"("productId","name","content","date","rate") VALUES (53,N'LÂM CÔNG THƯƠNG',N'Rất tốt','2019-09-11',5);
INSERT INTO "Comment"("productId","name","content","date","rate") VALUES (53,N'Tùng',N'Màn hình đẹp, màu tươi, loa nghe ấm, lướt mượt ko bị giật lag, camera chụp đẹp hơn hẳn các dòng Reno8, nhân viên tư vấn nhiệt tình','2020-12-17',5);
INSERT INTO "Comment"("productId","name","content","date","rate") VALUES (53,N'Phạm Trung Hiếu',N'Máy xịn cam đẹp. Anh chị nhiệt tình','2020-12-27',5);
INSERT INTO "Comment"("productId","name","content","date","rate") VALUES (53,N'Trịnh Văn Chiến',N'OK','2022-03-04',5);
INSERT INTO "Comment"("productId","name","content","date","rate") VALUES (53,N'Phạm hùng tín',N'Máy không cầm pin','2023-10-05',2);
INSERT INTO "Comment"("productId","name","content","date","rate") VALUES (53,N'A thủy',N'Máy hơi cùi so với giá','2022-09-09',3);
INSERT INTO "Comment"("productId","name","content","date","rate") VALUES (53,N'Chúc',N'Tốt','2020-06-22',5);
INSERT INTO "Comment"("productId","name","content","date","rate") VALUES (53,N'Thái',N'Chậm thông báo messenger
 Có lúc ko thấy tin nhắn mes lun phải vào mới thấy','2021-05-22',2);
INSERT INTO "Comment"("productId","name","content","date","rate") VALUES (53,N'THẢO',N'Trải nghiệm tuyệt vời. Tất cả Ok!','2021-04-05',5);
INSERT INTO "Comment"("productId","name","content","date","rate") VALUES (53,N'LÊ VĂN XUYÊN',N'Tôi rất hài lòng','2022-06-12',4);
INSERT INTO "Comment"("productId","name","content","date","rate") VALUES (53,N'CAO THI CAM HANG',N'Máy mượt mà, ngoại hình đẹp, pin bền và sạc siêu nhanh','2022-06-01',5);
INSERT INTO "Comment"("productId","name","content","date","rate") VALUES (53,N'Huỳnh Ngọc',N'Tốt trong tầm giá','2023-03-23',4);
INSERT INTO "Comment"("productId","name","content","date","rate") VALUES (53,N'NGHĨA',N'Very good','2020-01-17',5);
INSERT INTO "Comment"("productId","name","content","date","rate") VALUES (53,N'TÂM',N'Tốt','2020-01-11',4);
INSERT INTO "Comment"("productId","name","content","date","rate") VALUES (53,N'PHÀ',N'Mỗi tội ko có loa 🔊 2','2021-04-17',4);
INSERT INTO "Comment"("productId","name","content","date","rate") VALUES (53,N'TUNG',N'Máy dùng rất ok, phụ kiện đầy đủ, nv nhiệt tình, vivo dùng ngon thật','2020-04-08',5);
INSERT INTO "Comment"("productId","name","content","date","rate") VALUES (53,N'Trúc',N'','2020-02-27',4);
INSERT INTO "Comment"("productId","name","content","date","rate") VALUES (53,N'Nguyễn Ngọc Thiện',N'','2022-06-08',5);
INSERT INTO "Comment"("productId","name","content","date","rate") VALUES (53,N'Loan',N'','2020-03-17',5);

INSERT INTO "Product" ("productId","total","typeId","image","cost","price","discount","rate","releaseDate","name") VALUES (54, 119, 5,'https://cdn.tgdd.vn/Products/Images/42/283148/vivo-v25-5g-vang-thumb-1-1-600x600.jpg',6490000,10490000,28,4.3,'2019-07-05', N'Điện thoại vivo V25 5G');
INSERT INTO "ProductDetail" ("productId","screen","os","cameraBehind","cameraFront","cpu","ram","rom","battery","sim") VALUES (54,N'AMOLED, 6.44", Full HD+',N'Android 12',N'Chính 64 MP & Phụ 8 MP, 2 MP',N'50 MP',N'MediaTek Dimensity 900 5G', N'8 GB',N'128 GB',N'4500 mAh',N'2 Nano SIM (SIM 2 chung khe thẻ nhớ)');
INSERT INTO "Comment"("productId","name","content","date","rate") VALUES (54,N'Lữ Phú Cường',N'Tốt hài lòng','2022-12-29',5);
INSERT INTO "Comment"("productId","name","content","date","rate") VALUES (54,N'Trương anh Thư',N'Cứ tưởng mua cái này sẽ ổn mà ai dè còn thua cái vivo v20 cũ của tui nữa màng hình thì lỗi đứng máy , k thì lâu lâu cứ tắt nguồn, camera thì ối dồi ôi nó xấu kinh , còn vô fb cứ lỗi miết bấm nút quay về như bị liệt á , gọi video bên zalo thì hay bị camera lỗi , trong khi e ms mua máy chưa dc 1 tháng mấy ac ơi sau này viết đánh giá rõ dùm e để người s ngta còn đọc để biết đường mà mua','2023-10-20',3);
INSERT INTO "Comment"("productId","name","content","date","rate") VALUES (54,N'Đỗ Như Thái',N'Ok','2023-10-21',5);
INSERT INTO "Comment"("productId","name","content","date","rate") VALUES (54,N'Ha',N'Rất tốt','2022-01-16',5);
INSERT INTO "Comment"("productId","name","content","date","rate") VALUES (54,N'K Đơn',N'Đối với tôi nó rất tốt...','2022-02-26',5);
INSERT INTO "Comment"("productId","name","content","date","rate") VALUES (54,N'NGUYEN THI MINH HOANG',N'Ok','2021-05-08',5);
INSERT INTO "Comment"("productId","name","content","date","rate") VALUES (54,N'khưu chí thành',N'điện thoại hay bị lỗi đứng máy','2021-10-16',1);
INSERT INTO "Comment"("productId","name","content","date","rate") VALUES (54,N'Yuin',N'máy bị lỗi','2020-10-31',2);
INSERT INTO "Comment"("productId","name","content","date","rate") VALUES (54,N'Dương Quốc Duy',N'Lâu lâu bị đơ trắng màn hình cả tiếg','2023-05-20',2);
INSERT INTO "Comment"("productId","name","content","date","rate") VALUES (54,N'Chúc Ly',N'Tốt','2020-01-12',5);
INSERT INTO "Comment"("productId","name","content","date","rate") VALUES (54,N'CÔNG TY TNHH THƯƠNG MẠI SẢN XUẤT XUẤT NHẬP KHẨU YẾN SÀO SÀI GÒN ANPHA',N'Sản phẩm tốt, chụp hình đẹp, rất hài lòng','2019-10-06',4);
INSERT INTO "Comment"("productId","name","content","date","rate") VALUES (54,N'Trần Văn Toàn',N'Bettery ok','2021-12-19',4);
INSERT INTO "Comment"("productId","name","content","date","rate") VALUES (54,N'Bùi hoài nam',N'Lúc mua chị nhân viên gắn ôp dùm luôn, về xài 1 tháng định tháo ra về sinh thì thấy viền chốc sơn khá nhiều','2020-09-10',2);
INSERT INTO "Comment"("productId","name","content","date","rate") VALUES (54,N'Đặng Thị Phượng',N'Tốt..Good chóp','2021-02-23',5);
INSERT INTO "Comment"("productId","name","content","date","rate") VALUES (54,N'Trung',N'Tốt','2023-06-13',5);
INSERT INTO "Comment"("productId","name","content","date","rate") VALUES (54,N'Chị Linh',N'Hài lòng','2021-12-12',5);
INSERT INTO "Comment"("productId","name","content","date","rate") VALUES (54,N'Hoàng Minh',N'Dùng hơn 1 tuần rồi.  Mọi chức năng đều ổn , mua online nên được giảm giá,  nhân viên giao hàng tư vấn nhiệt tình lắm','2023-01-03',5);
INSERT INTO "Comment"("productId","name","content","date","rate") VALUES (54,N'Tạ Minh Việt',N'good','2019-07-15',5);
INSERT INTO "Comment"("productId","name","content","date","rate") VALUES (54,N'Pham nhatlinh',N'Rất hài lòng','2023-05-24',5);
INSERT INTO "Comment"("productId","name","content","date","rate") VALUES (54,N'Trịnh Thị Diệu Huỳnh',N'Tốt','2023-08-02',4);
INSERT INTO "Comment"("productId","name","content","date","rate") VALUES (54,N'Shan',N'Tất cả đều ổn trừ cái thông báo mes bị delay rất lâu. Thậm chí ko có thông báo gì cho đến khi mở app ra','2022-08-15',3);
INSERT INTO "Comment"("productId","name","content","date","rate") VALUES (54,N'Trúc',N'Sản phẩm tuyệt vời','2022-06-08',5);
INSERT INTO "Comment"("productId","name","content","date","rate") VALUES (54,N'Bé Hai',N'10đỉm','2019-07-24',5);
INSERT INTO "Comment"("productId","name","content","date","rate") VALUES (54,N'Kiên',N'Ok','2020-06-07',5);
INSERT INTO "Comment"("productId","name","content","date","rate") VALUES (54,N'HẰNG',N'Tốt','2023-07-18',5);
INSERT INTO "Comment"("productId","name","content","date","rate") VALUES (54,N'GỌN',N'Đt vivo v25 xài rất tốt .xài rất nhanh .tới rất hài lòng .tới sẽ giới thiệu cho người thân tôi tiếp tục ủng hộ dong sản phẩm vivo v25 5G','2023-04-23',5);
INSERT INTO "Comment"("productId","name","content","date","rate") VALUES (54,N'Như',N'Chơi game mượt chụp hình đẹp','2019-11-28',5);
INSERT INTO "Comment"("productId","name","content","date","rate") VALUES (54,N'Phạm Văn Quy',N'Sử dụng tốt','2020-09-24',4);
INSERT INTO "Comment"("productId","name","content","date","rate") VALUES (54,N'Nguyễn Hoàng Yến',N'Điện thoại vivo v25 5G xài siêu mượt , chụp hình cực nét và đẹp 🥰','2022-06-15',5);
INSERT INTO "Comment"("productId","name","content","date","rate") VALUES (54,N'QUỐC',N'Đt xài được nhưng phần mềm kem, nó đang hủy hết thông tin lưu trữ của tôi','2023-01-19',2);
INSERT INTO "Comment"("productId","name","content","date","rate") VALUES (54,N'Hồng Huy Thông',N'ok','2021-12-08',5);
INSERT INTO "Comment"("productId","name","content","date","rate") VALUES (54,N'Dương Chí khang ',N'Mới rước em nó về để trải nghiệm mới biết 
 
 Nhưng hài lòng với 2 bạn nữ nhân viên tư vấn rất dễ thương','2022-09-06',5);
INSERT INTO "Comment"("productId","name","content","date","rate") VALUES (54,N'Kiều',N'','2020-07-08',4);
INSERT INTO "Comment"("productId","name","content","date","rate") VALUES (54,N'Anh Páo',N'','2020-09-21',5);
INSERT INTO "Comment"("productId","name","content","date","rate") VALUES (54,N'Thảo',N'','2022-06-06',5);
INSERT INTO "Comment"("productId","name","content","date","rate") VALUES (54,N'Anh Giang',N'','2022-06-16',5);
INSERT INTO "Comment"("productId","name","content","date","rate") VALUES (54,N'Anh Hậu',N'','2020-01-23',5);
INSERT INTO "Comment"("productId","name","content","date","rate") VALUES (54,N'Chú Dũng',N'','2022-12-27',5);
INSERT INTO "Comment"("productId","name","content","date","rate") VALUES (54,N'LIÊN',N'','2023-03-18',4);

INSERT INTO "Product" ("productId","total","typeId","image","cost","price","discount","rate","releaseDate","name") VALUES (55, 63, 5,'https://cdn.tgdd.vn/Products/Images/42/286697/vivo-y35-thumb-1-600x600.jpg',5990000,6990000,14,4.4,'2019-02-12', N'Điện thoại vivo Y35');
INSERT INTO "ProductDetail" ("productId","screen","os","cameraBehind","cameraFront","cpu","ram","rom","battery","sim") VALUES (55,N'IPS LCD, 6.58", Full HD+',N'Android 12',N'Chính 50 MP & Phụ 2 MP, 2 MP',N'16 MP',N'Snapdragon 680', N'8 GB',N'128 GB',N'5000 mAh',N'2 Nano SIM');
INSERT INTO "Comment"("productId","name","content","date","rate") VALUES (55,N'Hồ Việt Trinh',N'Buồn gì loa cuộc gọi đến quá nhỏ','2019-10-31',4);
INSERT INTO "Comment"("productId","name","content","date","rate") VALUES (55,N'Trần xuân rôn',N'Tot','2020-01-22',5);
INSERT INTO "Comment"("productId","name","content","date","rate") VALUES (55,N'Ngô Định',N'Xài tốt, mượt','2020-11-17',5);
INSERT INTO "Comment"("productId","name","content","date","rate") VALUES (55,N'Trường',N'Xịn xò','2021-12-17',5);
INSERT INTO "Comment"("productId","name","content","date","rate") VALUES (55,N'HOC0',N'Tôi dùng mấy tháng rồi mà chưa thấy hỏng','2020-09-16',5);
INSERT INTO "Comment"("productId","name","content","date","rate") VALUES (55,N'Ty',N'Ok','2019-04-19',5);
INSERT INTO "Comment"("productId","name","content","date","rate") VALUES (55,N'Quán quân',N'Máy Sài rất tốt mượt mà liên quân hơn hẳn đã a53 5g pin trâu vãi luôn rất hài lòng','2020-02-22',5);
INSERT INTO "Comment"("productId","name","content","date","rate") VALUES (55,N'Vi',N'Máy mất giá ghê gớm, mua mới mấy tháng mà giảm tới gần 2 triệu.','2021-06-27',3);
INSERT INTO "Comment"("productId","name","content","date","rate") VALUES (55,N'LÊ ĐỨC NHỚ',N'Máy xài tốt cấu hình mạnh giá ở thế giới di động lại càg rẻ . Máy tốt 10đ ko có nhưng','2019-09-18',5);
INSERT INTO "Comment"("productId","name","content","date","rate") VALUES (55,N'Bé Hương',N'Sử dụng tốt, giới thiệu cho bạn bè sử dụng','2020-08-13',5);
INSERT INTO "Comment"("productId","name","content","date","rate") VALUES (55,N'Chú Tươi',N'Mượt giá rẻ sài quá ok','2020-02-03',5);
INSERT INTO "Comment"("productId","name","content","date","rate") VALUES (55,N'Trần quốc thuận',N'Dùng rất tốt','2020-04-09',5);
INSERT INTO "Comment"("productId","name","content","date","rate") VALUES (55,N'Nguyễn Gia Mạnh',N'Dùng hơn 6 tiếng pin tuột từ 100 xuống còn 82. Đa nhiệm tốt pin khoẻ game chiến cũng oke. Tốt trong tầm giá ngon hơn các con samsung cùng tầm','2020-01-18',4);
INSERT INTO "Comment"("productId","name","content","date","rate") VALUES (55,N'Nghĩa',N'Máy chạy rất mượt hình ảnh đẹp sạc rất nhanh PIN trâu. Sóng khỏe wifi mạnh. Rất ưng ý .Ngon hơn sam sung A33 5G.Còn độ bền thì chưa biết chờ thời gian. Tóm lại là quá ngon trong tầm giá.','2020-11-04',5);
INSERT INTO "Comment"("productId","name","content","date","rate") VALUES (55,N'Nguyễn Ngọc Thạch',N'Lưu ý cho ai có ý định dùng nó để chơi games vào cài đặt chế độ siêu trò chơi sau đó nhập trò chơi vào đây vì nếu không thực hiện games sẽ bị bóp wifi chứ nếu đã nhập games vào danh mục siêu trò chơi thì mọi thứ lại ổn định','2022-10-06',4);
INSERT INTO "Comment"("productId","name","content","date","rate") VALUES (55,N'Nguyễn Quang Phúc',N'vivo tuyệt vời','2021-07-27',5);
INSERT INTO "Comment"("productId","name","content","date","rate") VALUES (55,N'Phùng văn thái',N'Sao hôm 14/7 mua giá 6.990.000 tại cửa hàng mà lên trên web thì rẻ vậy Mong giải thích','2020-07-19',4);
INSERT INTO "Comment"("productId","name","content","date","rate") VALUES (55,N'Chi Duy',N'Máy bắt sóng wifi khá yếu, thỉnh thoảng bị lag. Còn lại chưa thấy vấn đề gì lớn','2019-05-31',4);
INSERT INTO "Comment"("productId","name","content","date","rate") VALUES (55,N'Trường',N'Pin mau tuột','2022-08-19',3);
INSERT INTO "Comment"("productId","name","content","date","rate") VALUES (55,N'Cao Phước Điền',N'sp xài tốt pin lâu sạc nhanh','2019-07-17',5);
INSERT INTO "Comment"("productId","name","content","date","rate") VALUES (55,N'Linh',N'Máy dùng OK pin trâu dùng không bị lỗi ạ','2020-05-01',5);
INSERT INTO "Comment"("productId","name","content","date","rate") VALUES (55,N'Nguyễn Hiếu',N'Máy chạy ổn định, không chơi game nên k đánh giá đc phần đó. Cam sau chụp ở mức khá, độ nhạy sáng ban đêm tốt, cam trước chụp cũng ở mức trung bình, trong zalo gọi cam trước màu nhạt nhạt. Giao diện phần camera đơn giản, ít tính năng . Màn hình có màu nhạt, nhìn khá chán chứ k nổi, ra sáng nhìn hơi khó khăn. Chỉ có một loa ngoài, nghe tạm ổn, loa trong nghe rõ. Khả năng bắt sóng tốt. Phần mềm chưa tối ưu lắm, đôi lúc chạy cứ khựng khựng.','2020-07-18',4);
INSERT INTO "Comment"("productId","name","content","date","rate") VALUES (55,N'HÀ NGUYỄN TRUNG HIẾU',N'Máy rất mượt .lướt web nhanh','2020-09-05',4);
INSERT INTO "Comment"("productId","name","content","date","rate") VALUES (55,N'Lan Anh',N'Giao hàng nhanh. Nhân viên giao hàng nhiệt tình. Máy tốt','2020-10-02',5);
INSERT INTO "Comment"("productId","name","content","date","rate") VALUES (55,N'Tuấn',N'Masy loa to , pin trâu dùng mượt','2019-12-21',5);
INSERT INTO "Comment"("productId","name","content","date","rate") VALUES (55,N'Phan ly',N'Cho e hỏi là lúc mua điện thoại mà có dán chống trầy sẵn rồi thì có phải đt đó đã kích hoạt rồi k','2023-10-24',5);
INSERT INTO "Comment"("productId","name","content","date","rate") VALUES (55,N'A Đức',N'ok','2020-11-29',5);
INSERT INTO "Comment"("productId","name","content","date","rate") VALUES (55,N'Sơn',N'SD chụp hình rất tốt, sử dụng ổn định','2021-08-15',5);
INSERT INTO "Comment"("productId","name","content","date","rate") VALUES (55,N'Thiên',N'Tốt','2019-07-13',5);
INSERT INTO "Comment"("productId","name","content","date","rate") VALUES (55,N'Nguyen van do',N'Tốt','2021-09-20',4);
INSERT INTO "Comment"("productId","name","content","date","rate") VALUES (55,N'Thanh Duy',N'tot','2020-12-31',5);
INSERT INTO "Comment"("productId","name","content","date","rate") VALUES (55,N'Phan ngọc ngân',N'Cửa hàng bán hàng lỗi, lúc báo thì nói lỗi bên phần mềm, muốn sửa thì trả tiền trong khi ở cửa hàng kt lỗi, cài đặt gì lâu quá mà đang bận việc phải đem về xem sau, mua ngày trước ngày sau báo lỗi vẫn không đền bù gì hết.','2019-03-02',1);
INSERT INTO "Comment"("productId","name","content","date","rate") VALUES (55,N'Trần Trung Hiếu',N'2 con mắt thồi lồi kkkkkkkkkk','2022-09-18',5);
INSERT INTO "Comment"("productId","name","content","date","rate") VALUES (55,N'Việt',N'Máy tốt phục vụ tốt','2023-07-15',5);
INSERT INTO "Comment"("productId","name","content","date","rate") VALUES (55,N'Chị Hà',N'Máy loa to , pin trâu , chạy mượt','2022-10-28',5);
INSERT INTO "Comment"("productId","name","content","date","rate") VALUES (55,N'LÊ NHƯ Ý',N'Tốt','2020-06-05',5);
INSERT INTO "Comment"("productId","name","content","date","rate") VALUES (55,N'Lê phương nam',N'Ok. Sử dụng tốt','2023-07-11',5);
INSERT INTO "Comment"("productId","name","content","date","rate") VALUES (55,N'Nguyễn Thanh Dũng',N'OK ,máy chạy mượt ,chụp hình đẹp, sạc nhanh đầy pin  hơn ,xem yuotupe 8 tiếng còn 15% pin','2022-08-18',5);
INSERT INTO "Comment"("productId","name","content","date","rate") VALUES (55,N'Phan Trúc Ly',N'Sài mượt chất lượng với tâm giá','2019-07-01',5);
INSERT INTO "Comment"("productId","name","content","date","rate") VALUES (55,N'NGÔ QUỐC TRÌNH',N'Rất thích','2021-05-02',5);
INSERT INTO "Comment"("productId","name","content","date","rate") VALUES (55,N'Hà Thị Lợi',N'hông có tai phone','2023-04-09',3);
INSERT INTO "Comment"("productId","name","content","date","rate") VALUES (55,N'Tuyết',N'Mội thứ dùm rất ok lỗi ở chỗ radio để nghe kg cần tay nghe nhưng bấn vô nghe thì để lắm tay nghe vào và tn hay thông báo tới ít khi nào sáng màng hình dù đã cài rồi','2020-09-29',4);
INSERT INTO "Comment"("productId","name","content","date","rate") VALUES (55,N'Đào quân chung',N'Tốt','2020-12-06',4);
INSERT INTO "Comment"("productId","name","content","date","rate") VALUES (55,N'HAI',N'Nhân viên nhiệt tình.','2021-05-07',5);
INSERT INTO "Comment"("productId","name","content","date","rate") VALUES (55,N'Võ Thế Cương',N'Rất tốt. Nhân viên tư vấn rất nhiệt tình.','2020-12-18',5);
INSERT INTO "Comment"("productId","name","content","date","rate") VALUES (55,N'Thắng',N'Phần nhắn tin, có độ trễ. Rất bực mình','2022-02-17',1);
INSERT INTO "Comment"("productId","name","content","date","rate") VALUES (55,N'đô mạnh cường',N'máy bắt Mạng tối wifi tốt nhưng vào game liên quân nt khó lắm','2019-08-20',4);
INSERT INTO "Comment"("productId","name","content","date","rate") VALUES (55,N'Vũ Linh ',N'Máy tốt nhìn rất thích','2020-09-20',5);
INSERT INTO "Comment"("productId","name","content","date","rate") VALUES (55,N'Bùi Trung Ngân',N'Máy tốt,','2021-10-01',4);
INSERT INTO "Comment"("productId","name","content","date","rate") VALUES (55,N'Đặng Vần Lường',N'Rất bền','2021-09-15',4);
INSERT INTO "Comment"("productId","name","content","date","rate") VALUES (55,N'Đàm Văn Bảo',N'Mới mua mà sạc pin sao nóng vậy nhỉ ,chưa sài ứng dụng gì luôn','2020-05-15',3);
INSERT INTO "Comment"("productId","name","content","date","rate") VALUES (55,N'Trần Quang Bằng',N'Tốt','2022-08-30',5);
INSERT INTO "Comment"("productId","name","content","date","rate") VALUES (55,N'Toàn',N'.','2021-10-06',4);
INSERT INTO "Comment"("productId","name","content","date","rate") VALUES (55,N'Tường',N'Máy sài tốt chụp hình đẹp, sạc nhanh rất phù hợp với tầm giá này','2023-11-30',5);
INSERT INTO "Comment"("productId","name","content","date","rate") VALUES (55,N'Việt Trinh',N'Đt nên mua','2023-06-09',5);
INSERT INTO "Comment"("productId","name","content","date","rate") VALUES (55,N'Phong',N'Loa nhỏ trên máy sử dụng như thế nào vậy?','2022-02-14',4);
INSERT INTO "Comment"("productId","name","content","date","rate") VALUES (55,N'HI U',N'Rất tốt','2021-01-06',5);
INSERT INTO "Comment"("productId","name","content","date","rate") VALUES (55,N'GIANG',N'Sản phẩm tốt- nhân viên nhiệt tình chu đáo! Lần sau mua gì mình lại ủng hộ shop','2023-07-16',5);
INSERT INTO "Comment"("productId","name","content","date","rate") VALUES (55,N'H NG',N'Đt rất là đẹp và nhìn bắt mắt,mua cho chị 2 xài ,bả rất ưng ý và thích,sẽ ủng hộ lần sau','2021-08-10',5);
INSERT INTO "Comment"("productId","name","content","date","rate") VALUES (55,N'LINH',N'Sản phẩm tốt- nhân viên nhiệt tình chu đáo! Lần sau mua ji mình lại ủng hộ shop','2020-04-03',5);
INSERT INTO "Comment"("productId","name","content","date","rate") VALUES (55,N'Lý Vương Ngọc Tuyền',N'không hiện bàn phím. Bấm thao tác vuốt quay lại bị đơ. Vào trình duyệt web bấm vào thanh tìm kiếm không được. Nhưng reset máy lại thì ổn, ko biết có còn bị nữa ko. Mới mua được 1 ngày thôi 😭','2022-05-31',3);
INSERT INTO "Comment"("productId","name","content","date","rate") VALUES (55,N'LÁT',N'Rất tốt','2019-03-24',5);
INSERT INTO "Comment"("productId","name","content","date","rate") VALUES (55,N'Kkk ',N'Sao trong thông số camera thấy có chức năng góc rộng mà vào không thấy?','2021-12-08',3);
INSERT INTO "Comment"("productId","name","content","date","rate") VALUES (55,N'TH%C0NH',N'Máy dùng tốt, pin cũng OK, loa to mình hài lòng với sản phẩm','2021-10-29',4);
INSERT INTO "Comment"("productId","name","content","date","rate") VALUES (55,N'THƠ',N'Nhiều khi bị đơ 🥲🥲🥲','2022-12-25',3);
INSERT INTO "Comment"("productId","name","content","date","rate") VALUES (55,N'TOÀN',N'Vivo tương tự như Apple màn hình ok chụp và quay viDio rõ nét','2023-08-16',4);
INSERT INTO "Comment"("productId","name","content","date","rate") VALUES (55,N'QUANG',N'Pin dùng tốt, camera chuẩn 
 Dùng OK trong tầm giá','2022-08-13',5);
INSERT INTO "Comment"("productId","name","content","date","rate") VALUES (55,N'Mạnh',N'Máy khá mạnh, chơi game tốt, sạc pin lẹ','2020-01-23',5);
INSERT INTO "Comment"("productId","name","content","date","rate") VALUES (55,N'HUẤN',N'Máy đẹp ảnh cảm và loa tốt .chỉ mỗi khi gọi video loa người nhận nghệ bị rè nghệ ko rõ .Loa nghe ko bằng máy vivo cũ y91','2020-03-30',3);
INSERT INTO "Comment"("productId","name","content","date","rate") VALUES (55,N'HẬN',N'máy chạy tốt. Âm thanh to','2020-09-20',4);
INSERT INTO "Comment"("productId","name","content","date","rate") VALUES (55,N'Quang Ngọc Bích Hậu',N'Đã mua đc 3 ngày mọi thứ rất tốt máy mượt loa lớn','2020-08-24',5);
INSERT INTO "Comment"("productId","name","content","date","rate") VALUES (55,N'Minh Nam',N'Lần đầu tiên sử dụng sản phẩm vivo này, mình cảm thấy rất thích, rất phù hợp với nhu cầu sử dụng. ngoài ra máy còn được trang bị camera mặt sau nhìn rất là sang trọng. camera to, chụp hình rõ nét, có đèn chụp đêm rất lý tưởng. loa ngoài của máy được trang bị tăng cường âm lượng, giúp loa ngoài phát nhạc ở chế độ to hơn. cảm biến vân tay được tích hợp trên nút nguồn, sử dụng tiện lợi hơn. màu sắc của máy nhìn cũng khá đẹp, hiện tại mình đang sử dụng màu vàng. khi mua máy được tặng kèm cái ốp lưng và bộ sạc. bộ sạc này có chức năng sạc nhanh, giúp sạc pin nhanh hơn, tiết kiệm thời gian hơn. nhưng đáng tiếc máy này chưa hỗ trợ 5G, nếu có hỗ trợ 5G thì trải nghiệm tuyệt vời hơn.....','2023-11-01',5);
INSERT INTO "Comment"("productId","name","content","date","rate") VALUES (55,N'Hoàng',N'Nhân viên tư vấn nhiệt tình, vui vẻ','2022-12-06',5);
INSERT INTO "Comment"("productId","name","content","date","rate") VALUES (55,N'Vinh',N'FM k cần tai nghe nhưng vẫn yêu cầu kết nối tai nghe','2023-10-21',4);
INSERT INTO "Comment"("productId","name","content","date","rate") VALUES (55,N'Anh Khang',N'','2020-08-23',5);
INSERT INTO "Comment"("productId","name","content","date","rate") VALUES (55,N'NGUYỄN HOÀNG ÂN EM',N'','2019-08-12',5);
INSERT INTO "Comment"("productId","name","content","date","rate") VALUES (55,N'Đoàn Thị Thúy',N'','2021-10-01',4);
INSERT INTO "Comment"("productId","name","content","date","rate") VALUES (55,N'Vũ văn nhật',N'','2021-09-24',5);
INSERT INTO "Comment"("productId","name","content","date","rate") VALUES (55,N'Nguyên',N'','2019-12-30',5);
INSERT INTO "Comment"("productId","name","content","date","rate") VALUES (55,N'Trần Sỹ Thái',N'','2022-04-27',5);
INSERT INTO "Comment"("productId","name","content","date","rate") VALUES (55,N'Phúc',N'','2021-09-13',4);
INSERT INTO "Comment"("productId","name","content","date","rate") VALUES (55,N'Chú Tươi',N'','2023-06-11',5);
INSERT INTO "Comment"("productId","name","content","date","rate") VALUES (55,N'Huỳnh Cẩm Loan',N'','2020-12-19',4);
INSERT INTO "Comment"("productId","name","content","date","rate") VALUES (55,N'PHẠM THÙY LINH',N'','2021-12-26',5);
INSERT INTO "Comment"("productId","name","content","date","rate") VALUES (55,N'Trần Thiện Hiếu',N'','2019-04-30',5);
INSERT INTO "Comment"("productId","name","content","date","rate") VALUES (55,N'Nam',N'','2020-01-04',4);
INSERT INTO "Comment"("productId","name","content","date","rate") VALUES (55,N'Lê Thị Kim Thoa',N'','2019-07-27',5);
INSERT INTO "Comment"("productId","name","content","date","rate") VALUES (55,N'Anh Thủy',N'','2019-07-03',4);
INSERT INTO "Comment"("productId","name","content","date","rate") VALUES (55,N'Chị Trang',N'','2020-06-07',4);
INSERT INTO "Comment"("productId","name","content","date","rate") VALUES (55,N'Trần Minh Thảo',N'','2020-12-07',5);
INSERT INTO "Comment"("productId","name","content","date","rate") VALUES (55,N'Hiên',N'','2021-08-30',4);
INSERT INTO "Comment"("productId","name","content","date","rate") VALUES (55,N'HI U',N'','2022-07-25',5);
INSERT INTO "Comment"("productId","name","content","date","rate") VALUES (55,N'Trần Văn Lo',N'Rất tot','2022-10-12',5);
INSERT INTO "Comment"("productId","name","content","date","rate") VALUES (55,N'Nguyễn T Ngoc Diem',N'','2019-11-08',3);
INSERT INTO "Comment"("productId","name","content","date","rate") VALUES (55,N'V',N'','2020-01-28',4);
INSERT INTO "Comment"("productId","name","content","date","rate") VALUES (55,N'ARUL',N'','2019-11-28',4);
INSERT INTO "Comment"("productId","name","content","date","rate") VALUES (55,N'SẮC',N'Dùng cũng được','2021-04-03',4);

INSERT INTO "Product" ("productId","total","typeId","image","cost","price","discount","rate","releaseDate","name") VALUES (56, 184, 5,'https://cdn.tgdd.vn/Products/Images/42/314975/vivo-y17-xanh-thumb-600x600.jpg',1490000,4490000,4,3.9,'2020-01-14', N'Điện thoại vivo Y17s (6GB/128GB)');
INSERT INTO "ProductDetail" ("productId","screen","os","cameraBehind","cameraFront","cpu","ram","rom","battery","sim") VALUES (56,N'IPS LCD, 6.56", HD+',N'Android 13',N'Chính 50 MP & Phụ 2 MP',N'8 MP',N'MediaTek Helio G85', N'6 GB',N'128 GB',N'5000 mAh',N'2 Nano SIM');
INSERT INTO "Comment"("productId","name","content","date","rate") VALUES (56,N'Vân',N'Mượt','2022-02-04',5);
INSERT INTO "Comment"("productId","name","content","date","rate") VALUES (56,N'Hòang Huy',N'Tại sao khi điện mess nó lại hiện ra hình màu 1 lát nó mới trở lại bth','2022-09-13',1);
INSERT INTO "Comment"("productId","name","content","date","rate") VALUES (56,N'Hoa',N'Máy mới mua, xài thấy cũng ổn, loa lớn màn hình xem rỏ nét','2020-10-12',5);
INSERT INTO "Comment"("productId","name","content","date","rate") VALUES (56,N'Luc Thi đan',N'Mới mua được 2tieng máy rất nóng năng máy màn hình đung hinh luôn nhân viên thì tệ ko phải nói tôi muốn mua máy khác mà lại tu vấn con này','2023-03-17',1);
INSERT INTO "Comment"("productId","name","content","date","rate") VALUES (56,N'Chi',N'Xài thấy cũng mượt, thiết kế đẹp','2021-03-09',5);
INSERT INTO "Comment"("productId","name","content","date","rate") VALUES (56,N'Được',N'Sp xài mượt màn hình sáng, con bé tư vấn rất dễ thương','2020-03-04',5);
INSERT INTO "Comment"("productId","name","content","date","rate") VALUES (56,N'tánh',N'Ok','2020-10-17',4);
INSERT INTO "Comment"("productId","name","content","date","rate") VALUES (56,N'Anh Hải',N'SP quá tệ và dịch vụ kém SP bị sự cố k lên nguồn đêm đến nhân viên k chịu bảo hành','2022-06-28',1);
INSERT INTO "Comment"("productId","name","content","date","rate") VALUES (56,N'Nguyễn Văn Rin',N'Mới mua đc 1 tiếng. Chưa biết sao','2023-05-01',3);
INSERT INTO "Comment"("productId","name","content","date","rate") VALUES (56,N'Tuyền',N'Mượt','2021-03-27',5);
INSERT INTO "Comment"("productId","name","content","date","rate") VALUES (56,N'Hiền',N'','2021-01-05',5);
INSERT INTO "Comment"("productId","name","content","date","rate") VALUES (56,N'Nguyễn Thị Ngọc Thann',N'','2022-07-28',5);
INSERT INTO "Comment"("productId","name","content","date","rate") VALUES (56,N'Chị Hương',N'','2023-03-27',4);
INSERT INTO "Comment"("productId","name","content","date","rate") VALUES (56,N'Lý Cường',N'','2021-06-30',5);
INSERT INTO "Comment"("productId","name","content","date","rate") VALUES (56,N'Hoàng Ánh',N'','2020-05-03',3);
INSERT INTO "Comment"("productId","name","content","date","rate") VALUES (56,N'Anh Thái',N'','2022-07-08',5);
INSERT INTO "Comment"("productId","name","content","date","rate") VALUES (56,N'Anh Sáu',N'','2023-05-26',5);

INSERT INTO "Product" ("productId","total","typeId","image","cost","price","discount","rate","releaseDate","name") VALUES (57, 53, 5,'https://cdn.tgdd.vn/Products/Images/42/304276/vivo-y02s-thumb-xanh-600x600.jpg',2193334,3290000,9,4.4,'2022-08-20', N'Điện thoại vivo Y02s 64GB');
INSERT INTO "ProductDetail" ("productId","screen","os","cameraBehind","cameraFront","cpu","ram","rom","battery","sim") VALUES (57,N'IPS LCD, 6.51", HD+',N'Android 12',N'8 MP',N'5 MP',N'MediaTek Helio P35', N'3 GB',N'64 GB',N'5000 mAh',N'2 Nano SIM');
INSERT INTO "Comment"("productId","name","content","date","rate") VALUES (57,N'Dương Thị Tuyết Anh',N'Đt rẻ vừa túi tiền mà xài rất êm nên mua nha mọi người','2022-10-11',5);
INSERT INTO "Comment"("productId","name","content","date","rate") VALUES (57,N'Hang',N'Tới hôm nay điện thoại hoạt động tốt, điện thoại này phải gọi là điện thoại cùi bắp mới đúng. Nó va đập cả chục lần mà chẳng có hề gì.','2023-10-02',5);
INSERT INTO "Comment"("productId","name","content","date","rate") VALUES (57,N'Tai',N'Rất tốt','2023-12-13',5);
INSERT INTO "Comment"("productId","name","content","date","rate") VALUES (57,N'Nguyễn văn mạnh',N'Hơi chậm nhưng có thể chấp nhận được','2022-11-11',3);
INSERT INTO "Comment"("productId","name","content","date","rate") VALUES (57,N'Chị Quyền',N'Tốt','2023-03-14',5);
INSERT INTO "Comment"("productId","name","content","date","rate") VALUES (57,N'Si Ty Roh Mah',N'Tốt','2022-10-15',4);
INSERT INTO "Comment"("productId","name","content","date","rate") VALUES (57,N'Nguyễn Bích Bông',N'Cũng tốt','2023-09-09',5);
INSERT INTO "Comment"("productId","name","content","date","rate") VALUES (57,N'Ánh',N'Máy rẻ trong tầm giá mà thiết kế đẹp, mua cho con gái, bé rất thích','2022-08-23',5);
INSERT INTO "Comment"("productId","name","content","date","rate") VALUES (57,N'Thanh',N'Máy ổn','2023-05-29',3);
INSERT INTO "Comment"("productId","name","content","date","rate") VALUES (57,N'Mai T phượng',N'Rất hài lòng','2022-11-20',5);
INSERT INTO "Comment"("productId","name","content","date","rate") VALUES (57,N'Huỳnh Văn Hoài Anh',N'Tốt .êm','2023-11-08',5);
INSERT INTO "Comment"("productId","name","content","date","rate") VALUES (57,N'Huy',N'sản phẩm tốt','2022-11-22',5);
INSERT INTO "Comment"("productId","name","content","date","rate") VALUES (57,N'Chị Thư',N'Sản phẩm rất ok nha','2022-12-13',5);
INSERT INTO "Comment"("productId","name","content","date","rate") VALUES (57,N'Anh Nghĩa',N'Máy yếu xìu quá kém so với giá','2023-08-05',2);
INSERT INTO "Comment"("productId","name","content","date","rate") VALUES (57,N'Triệu',N'Điện thoại mới mua nhưng kết nối wifi rất kém và chập chờn, trong khi máy khác xài bình thường','2023-04-15',1);
INSERT INTO "Comment"("productId","name","content","date","rate") VALUES (57,N'Cao Đồng Thái',N'Hài Lòng','2023-07-14',5);
INSERT INTO "Comment"("productId","name","content","date","rate") VALUES (57,N'Lê ',N'Khuyết điểm cam chụp ban đêm mờ còn những kia điều ok với tầm giá','2023-10-31',3);
INSERT INTO "Comment"("productId","name","content","date","rate") VALUES (57,N'Hà Thị Thu Hương',N'Hài lòng','2023-06-22',4);
INSERT INTO "Comment"("productId","name","content","date","rate") VALUES (57,N'Hồng',N'Rất tối','2023-08-25',5);
INSERT INTO "Comment"("productId","name","content","date","rate") VALUES (57,N'Trần Thanh Thuý',N'Ok','2023-02-07',4);
INSERT INTO "Comment"("productId","name","content","date","rate") VALUES (57,N'Trần Thanh Trúc',N'Phù hợp với những người lao động tự do','2023-07-05',5);
INSERT INTO "Comment"("productId","name","content","date","rate") VALUES (57,N'Nguyễn Quốc Sơn',N'Rất tốt','2022-08-23',5);
INSERT INTO "Comment"("productId","name","content","date","rate") VALUES (57,N'Ngô Văn Hà',N'Rât tôt','2022-10-29',5);
INSERT INTO "Comment"("productId","name","content","date","rate") VALUES (57,N'Anh Hoàng',N'Dùng đc','2022-11-17',4);
INSERT INTO "Comment"("productId","name","content","date","rate") VALUES (57,N'NGUYỄN VĂN TĨNH',N'Nói chung là tốt','2023-11-16',4);
INSERT INTO "Comment"("productId","name","content","date","rate") VALUES (57,N'Chị Minh',N'Rất  tốt','2022-10-10',4);
INSERT INTO "Comment"("productId","name","content","date","rate") VALUES (57,N'Nguyễn thanh thảo',N'Ok','2023-06-08',4);
INSERT INTO "Comment"("productId","name","content","date","rate") VALUES (57,N'Nguyễn Minh Thuỷ',N'Tôi cũng mới mua đang xài thử chưa rành lắm.thấy cũng ok.','2023-10-06',4);
INSERT INTO "Comment"("productId","name","content","date","rate") VALUES (57,N'Chị Hằng',N'tốt','2023-02-05',5);
INSERT INTO "Comment"("productId","name","content","date","rate") VALUES (57,N'Anh Quyền',N'Thái độ phục vụ rất nhã nhặn và lịch sự với khách hàng','2023-06-25',5);
INSERT INTO "Comment"("productId","name","content","date","rate") VALUES (57,N'LÊ NGỌC TRÍ',N'San pham rat tot nhan vien cung rat nhiet tinh','2022-08-27',5);
INSERT INTO "Comment"("productId","name","content","date","rate") VALUES (57,N'Phong',N'Tốt','2023-05-20',4);
INSERT INTO "Comment"("productId","name","content","date","rate") VALUES (57,N'Nguyễn Thị Kiều Oanh',N'Rất hài lòng','2023-09-13',5);
INSERT INTO "Comment"("productId","name","content","date","rate") VALUES (57,N'Nguyển Minh Quân',N'Nhân viên thị nhiệt tình thân thiên.còn điện thoại thì tiền kào của đó..sử dụng  tam dc','2023-09-25',4);
INSERT INTO "Comment"("productId","name","content","date","rate") VALUES (57,N'Anh Phong',N'Sản phẩm tốt nhân viên nhiệt tình chu đáo ,ok','2023-07-06',5);
INSERT INTO "Comment"("productId","name","content","date","rate") VALUES (57,N'Thái Thị Bình',N'Tốt rất hài lòng','2023-03-16',5);
INSERT INTO "Comment"("productId","name","content","date","rate") VALUES (57,N'Chị Thùy',N'Mẫu mã đẹp, giá cả phụ hợp','2023-03-06',5);
INSERT INTO "Comment"("productId","name","content","date","rate") VALUES (57,N'Lê Thị Son',N'ok','2022-12-30',4);
INSERT INTO "Comment"("productId","name","content","date","rate") VALUES (57,N'Cao Thành lộc',N'Rất thik điện thoại này','2023-11-03',5);
INSERT INTO "Comment"("productId","name","content","date","rate") VALUES (57,N'Hiệu',N'ok','2023-07-11',4);
INSERT INTO "Comment"("productId","name","content","date","rate") VALUES (57,N'Linh',N'ok','2023-02-01',4);
INSERT INTO "Comment"("productId","name","content","date","rate") VALUES (57,N'Nguyễn Thị Hồng Thảo ',N'Tuần trước e mới mua điện thoại này mà sao e vào Facebook e không mở được tính năng Phát Trực Tiếp ạ','2022-10-19',3);
INSERT INTO "Comment"("productId","name","content","date","rate") VALUES (57,N'Diễm',N'Sản phẩm tốt','2023-11-18',4);
INSERT INTO "Comment"("productId","name","content","date","rate") VALUES (57,N'Lê tấn Tới',N'Tuyệt vời','2022-09-15',5);
INSERT INTO "Comment"("productId","name","content","date","rate") VALUES (57,N'Anh vững',N'Rất hài lòng và phục vụ của nhân viên …. Triệu like','2023-03-28',5);
INSERT INTO "Comment"("productId","name","content","date","rate") VALUES (57,N'Chị Hồng',N'Sp tốt','2023-09-21',4);
INSERT INTO "Comment"("productId","name","content","date","rate") VALUES (57,N'Chị Ngọc Linh',N'ok','2023-07-04',5);
INSERT INTO "Comment"("productId","name","content","date","rate") VALUES (57,N'Ngọc Bích',N'Nhân viên nhiệt tình','2023-05-22',5);
INSERT INTO "Comment"("productId","name","content","date","rate") VALUES (57,N'Vũ Hải Yến',N'Đang dùng thấy ổn , sau dùng không biết có tốt k , mình chưa sử dụng đt của hãng vivo bai giờ','2022-11-25',4);
INSERT INTO "Comment"("productId","name","content","date","rate") VALUES (57,N'Dương',N'Nhân viên nhiệt tình, mẫu mã đẹp','2023-07-23',5);
INSERT INTO "Comment"("productId","name","content","date","rate") VALUES (57,N'Trương Đức Trị',N'Ok','2023-11-16',5);
INSERT INTO "Comment"("productId","name","content","date","rate") VALUES (57,N'Ngọc Trâm',N'Rất tốt','2023-11-04',5);
INSERT INTO "Comment"("productId","name","content","date","rate") VALUES (57,N'Anh Quý',N'tốt trong tầm giá','2023-07-22',5);
INSERT INTO "Comment"("productId","name","content","date","rate") VALUES (57,N'Nguyễn Mộng Trinh',N'ok','2023-05-17',5);
INSERT INTO "Comment"("productId","name","content","date","rate") VALUES (57,N'Nguyễn Thị Ngọc Bích',N'Nhân viên tư vấn nhiệt tình','2022-09-13',5);
INSERT INTO "Comment"("productId","name","content","date","rate") VALUES (57,N'Nguyễn Văn Phú',N'','2023-09-03',4);
INSERT INTO "Comment"("productId","name","content","date","rate") VALUES (57,N'Luân',N'','2023-10-03',5);
INSERT INTO "Comment"("productId","name","content","date","rate") VALUES (57,N'Nhân',N'','2023-11-12',4);
INSERT INTO "Comment"("productId","name","content","date","rate") VALUES (57,N'Mã Văn Bằng',N'','2022-11-08',4);
INSERT INTO "Comment"("productId","name","content","date","rate") VALUES (57,N'Tri',N'','2023-04-09',5);
INSERT INTO "Comment"("productId","name","content","date","rate") VALUES (57,N'Chị Thư',N'','2022-11-10',5);
INSERT INTO "Comment"("productId","name","content","date","rate") VALUES (57,N'Chị Yến',N'','2023-04-24',4);
INSERT INTO "Comment"("productId","name","content","date","rate") VALUES (57,N'Châm',N'','2022-10-06',5);
INSERT INTO "Comment"("productId","name","content","date","rate") VALUES (57,N'Chị Chai',N'','2023-07-06',5);
INSERT INTO "Comment"("productId","name","content","date","rate") VALUES (57,N'Duẩn',N'','2022-10-16',4);
INSERT INTO "Comment"("productId","name","content","date","rate") VALUES (57,N'Nguyễn Thị Thu Vân',N'','2023-01-10',4);
INSERT INTO "Comment"("productId","name","content","date","rate") VALUES (57,N'Nguyễn Thị Hồng',N'','2022-09-09',4);
INSERT INTO "Comment"("productId","name","content","date","rate") VALUES (57,N'Bảo Xuyên',N'','2023-05-10',4);
INSERT INTO "Comment"("productId","name","content","date","rate") VALUES (57,N'Chú Sơn',N'','2023-11-17',5);

INSERT INTO "Product" ("productId","total","typeId","image","cost","price","discount","rate","releaseDate","name") VALUES (58, 96, 6,'https://cdn.tgdd.vn/Products/Images/42/306785/realme-c53-gold-thumb-1-600x600.jpg',1290000,4290000,9,4.3,'2021-10-11', N'Điện thoại realme C53 (6GB/128GB)');
INSERT INTO "ProductDetail" ("productId","screen","os","cameraBehind","cameraFront","cpu","ram","rom","battery","sim") VALUES (58,N'IPS LCD, 6.74", HD+',N'Android 13',N'Chính 50 MP & Phụ 0.08 MP',N'8 MP',N'Unisoc Tiger T612', N'6 GB',N'128 GB',N'5000 mAh',N'2 Nano SIM');
INSERT INTO "Comment"("productId","name","content","date","rate") VALUES (58,N'Bảo',N'sài được 17 ngày, máy bắt đầu có dấu hiệu giật lag khi chỉ dùng mỗi 1 ứng dụng mặc dù máy 6gb ram, bắt sóng rất yếu, cấu hình tệ, tôi muốn bán lại máy','2021-12-07',2);
INSERT INTO "Comment"("productId","name","content","date","rate") VALUES (58,N'Trần Thanh Tuấn',N'Gọi lúc nghe được lúc không nghe nhất là gọi qua video zalo FB rất tệ và ứng dụng khác có đi bảo hành rồi mất 15 ngày mà hãng không tìm ra','2022-01-15',3);
INSERT INTO "Comment"("productId","name","content","date","rate") VALUES (58,N'Nhựt an',N'Mạng rất yếu,danh bạ tự xóa,kg tải nhạc đc','2022-08-12',2);
INSERT INTO "Comment"("productId","name","content","date","rate") VALUES (58,N'Thông',N'Im, tuyệt vời, xuất sắc, cảm ơn TGDD chợ mới','2022-09-03',5);
INSERT INTO "Comment"("productId","name","content","date","rate") VALUES (58,N'Phan Văn Hoà',N'Điện thoại dùng thì ổn trong tầm giá nhưng cục sạc thì mới được 1 tháng đã hỏng không biết có đc bảo hành phụ kiện không','2023-06-29',3);
INSERT INTO "Comment"("productId","name","content","date","rate") VALUES (58,N'Huỳnh Trung Tuấn',N'Ok tốt lắm','2022-10-29',5);
INSERT INTO "Comment"("productId","name","content","date","rate") VALUES (58,N'Thanh',N'tot','2023-03-28',5);
INSERT INTO "Comment"("productId","name","content","date","rate") VALUES (58,N'Nguyễn Thành Lợi',N'Thứ nhất hiệu năng không thể nao mạnh so với thằng anh c55,c55 ít ra có game turbo,còn hiệu năng mạnh hơn 1 chút và những ứng dụng ok hơn cả c53Thứ 2 Realme này xài hệ điều hành realme T edition nhẹ nhưng mình ưa cái hệ điều hành gốc của nó hơn Thứ 3 Đa nhiệm tốt nhưng sau khi sử sụng hơn 1 tháng rưỡi thì khi dóng ứng dụng có lúc đóng dược,có lúc đơ giật các kiêuNói chung còn rất nhiều điểm chê cho cái đt này ,nhưng nó sẽ thích hợp với phụ huynh hơn là những lứa tuổi học sinh thích giải trí,ok mình chỉ viêt tới đây thôi...','2023-08-31',3);
INSERT INTO "Comment"("productId","name","content","date","rate") VALUES (58,N'TRẦN NGỌC THỌ',N'rất OK','2023-08-01',5);
INSERT INTO "Comment"("productId","name","content","date","rate") VALUES (58,N'TRẦN MINH LỰC',N'Chạy mượt mà','2022-06-21',5);
INSERT INTO "Comment"("productId","name","content","date","rate") VALUES (58,N'Nguyễn Thanh Tùng',N'Tạm','2023-10-14',3);
INSERT INTO "Comment"("productId","name","content","date","rate") VALUES (58,N'Lý A Lờ',N'H','2023-04-20',2);
INSERT INTO "Comment"("productId","name","content","date","rate") VALUES (58,N'Nguyễn Dương Thắng',N'Một sản phẩm đẹp nhưng có rất nhiều khuyết điểm. Không phải là một chiếc điện thoại tốt để chơi game. Không hỗ trợ game turbo. Hệ thống loa và mic chưa được tích hợp thống nhất. Và quan trọng nhất là dùng một thời gian, khi khởi động lại máy sẽ có hiện tượng treo máy và tự khởi động lại rất nhiều lần, không có cách khắc phục.','2022-05-19',2);
INSERT INTO "Comment"("productId","name","content","date","rate") VALUES (58,N'Nguyễn Thị Tú Anh',N'Dùng vào ngày thứ 2 máy rất tệ , bắt sóng wifi kém , gần 1 tiếng đồng hồ không vào được game , cứ kêu kiểm tra đường truyền mạng trong khi máy cũ vẫn vào bình thường . Khách hàng bao nhiêu năm giờ làm ăn riết mất uy tín quá .','2022-03-10',1);
INSERT INTO "Comment"("productId","name","content","date","rate") VALUES (58,N'Nguyễn Văn Hiền',N'Gạt tốt','2022-03-23',5);
INSERT INTO "Comment"("productId","name","content","date","rate") VALUES (58,N'Nguyễn việt dũng',N'Sản phẩm tốt hoàn hảo','2022-01-15',5);
INSERT INTO "Comment"("productId","name","content","date","rate") VALUES (58,N'NGUYỄN VĂN GIÀO',N'Rất tốt','2023-07-11',5);
INSERT INTO "Comment"("productId","name","content","date","rate") VALUES (58,N'sang',N'Đt chơi game thì làng giật','2022-09-30',1);
INSERT INTO "Comment"("productId","name","content","date","rate") VALUES (58,N'Phạm Văn Hiếu',N'Tốt','2023-05-29',4);
INSERT INTO "Comment"("productId","name","content","date","rate") VALUES (58,N'Anh Thắng',N'Tốt.','2023-11-26',5);
INSERT INTO "Comment"("productId","name","content","date","rate") VALUES (58,N'Văn Thị Hải Vân',N'Sản phẩm OK.. hợp túi tiền dùng tạm ổn','2022-12-06',4);
INSERT INTO "Comment"("productId","name","content","date","rate") VALUES (58,N'Y Trương Niê',N'Không được mượn lắm,','2023-03-21',4);
INSERT INTO "Comment"("productId","name","content","date","rate") VALUES (58,N'Phung văn doan',N'Đt dung chán cảm ứng rất tệ','2022-11-12',2);
INSERT INTO "Comment"("productId","name","content","date","rate") VALUES (58,N'Anh Huỳnh',N'Mâu rât la đep','2023-12-16',5);
INSERT INTO "Comment"("productId","name","content","date","rate") VALUES (58,N'Hữu thọ',N'Lag đơ , nhanh hết pin quá tôi vừa đổi trả xong vì lí do cháy chân sạc bây giờ không hài lòng về sản phẩm tôi có thể tiếp tục đổi 1 chiếc điện thoại khác không ạ','2022-11-15',2);
INSERT INTO "Comment"("productId","name","content","date","rate") VALUES (58,N'NGUYỄN NGỌC HƯNG',N'Lâu lâu nó chồng x2 ứng dụng kéo không được phải tắt nguồn mở lại, tôi báo bão hành mà không nhận.... trả tiền góp thì cửa hàng không nhận chuyển khoản mà đồi nhận tiền mặt....đúng là dói giá, ngân hàng nt báo có 609.000 cửa hàng nhận tiền mặt 630.000 làm ăn không trung thực ... bảo hành thì không nhận, tiêu chí bán hàng hãy xem lại đi','2021-10-31',1);
INSERT INTO "Comment"("productId","name","content","date","rate") VALUES (58,N'Phương',N'Ok','2023-04-08',5);
INSERT INTO "Comment"("productId","name","content","date","rate") VALUES (58,N'Nguyễn Thị Thắm',N'Hình ảnh đẹp','2022-02-20',5);
INSERT INTO "Comment"("productId","name","content","date","rate") VALUES (58,N'Nguyễn Chí Nguyện',N'Mic kém từng đổi lại cái thứ 2 mic cx i chang nói hầu như ngta ko nghe','2021-10-27',1);
INSERT INTO "Comment"("productId","name","content","date","rate") VALUES (58,N'Mỹ Hà',N'Mic bị rè đưa đến bảo hành thì bên bộ phận bảo hành đổ cho đường truyền mạng','2023-09-24',1);
INSERT INTO "Comment"("productId","name","content","date","rate") VALUES (58,N'Trần Anh Quân',N'Mix bắt kém lắm tôi có thể đổi cái khác được không','2023-11-07',2);
INSERT INTO "Comment"("productId","name","content","date","rate") VALUES (58,N'Siêng',N'Nhanh hết pin','2022-11-22',3);
INSERT INTO "Comment"("productId","name","content","date","rate") VALUES (58,N'Chung',N'Dùng tốt trong tầm giá.','2021-11-12',5);
INSERT INTO "Comment"("productId","name","content","date","rate") VALUES (58,N'Võ Thanh Huy',N'Bấm không ăn','2021-11-22',1);
INSERT INTO "Comment"("productId","name","content","date","rate") VALUES (58,N'Pham Duy Quang',N'Tot','2023-09-28',5);
INSERT INTO "Comment"("productId","name","content","date","rate") VALUES (58,N'Huỳnh Thị Huy Huy',N'cảm ứng hơi chậm , dt kiểu dáng màu sắt đẹp','2023-05-05',4);
INSERT INTO "Comment"("productId","name","content","date","rate") VALUES (58,N'KA LÂM THÙY',N'Giờ Sài ok ạ','2023-08-16',4);
INSERT INTO "Comment"("productId","name","content","date","rate") VALUES (58,N'Nguyễn thế Dương',N'Trên màn hình góc chỗ pin có hiện % pin. Và hiện cái khoá có số % là gìvậy ạ.tắt sao ạ','2022-03-12',4);
INSERT INTO "Comment"("productId","name","content","date","rate") VALUES (58,N'NÔNG THỊ BỨNG',N'Tôi rất hài lòng về sản phẩm','2023-09-16',5);
INSERT INTO "Comment"("productId","name","content","date","rate") VALUES (58,N'Lành Trương',N'Mình vừa đổi lại máy mới mà sao pin tụt nhanh. Sạc xong để đt qua đêm không dùng tối 95% sáng ra lại mất 3% pin. Trong khi mình không vừa dùng vừa sạc tắt hết ứng dụng chạy ngầm pin vẫn mau hết.','2022-02-25',3);
INSERT INTO "Comment"("productId","name","content","date","rate") VALUES (58,N'Anh Thật',N'Ok','2022-11-17',5);
INSERT INTO "Comment"("productId","name","content","date","rate") VALUES (58,N'VÕ VĂN QUỐC',N'Đc ok','2022-07-14',2);
INSERT INTO "Comment"("productId","name","content","date","rate") VALUES (58,N'Hân',N'Điện thoại Realme c53 rất tốt','2023-11-20',5);
INSERT INTO "Comment"("productId","name","content","date","rate") VALUES (58,N'NGUYỄN VĂN SUL',N'Tốt','2022-07-20',5);
INSERT INTO "Comment"("productId","name","content","date","rate") VALUES (58,N'Phan Văn Nhân',N'Lag','2023-03-30',3);
INSERT INTO "Comment"("productId","name","content","date","rate") VALUES (58,N'Hữu Phú',N'Trươc măt xai cung OK. Lâu dai mơi đanh gia hêt ươc chât lương san phâm.','2022-05-16',4);
INSERT INTO "Comment"("productId","name","content","date","rate") VALUES (58,N'HOÀNG VĂN PHÓN',N'Khá OK','2022-12-12',4);
INSERT INTO "Comment"("productId","name","content","date","rate") VALUES (58,N'Chú Nguyên',N'Yếu 3G','2023-08-15',3);
INSERT INTO "Comment"("productId","name","content","date","rate") VALUES (58,N'NGUYỄN HUỲNH PHƯƠNG THẢO',N'Xài chưa đc','2022-01-09',3);
INSERT INTO "Comment"("productId","name","content","date","rate") VALUES (58,N'Thơm',N'Máy dùng rất ok','2023-08-27',5);
INSERT INTO "Comment"("productId","name","content","date","rate") VALUES (58,N'Nguyễn Thị Bích Liên',N'Hay bị đơ','2023-01-02',4);
INSERT INTO "Comment"("productId","name","content","date","rate") VALUES (58,N'Thương',N'Rất tốt Sài OK quá ổn trông tầm giá này','2022-04-22',5);
INSERT INTO "Comment"("productId","name","content","date","rate") VALUES (58,N'Tư',N'Rất ok','2023-12-08',5);
INSERT INTO "Comment"("productId","name","content","date","rate") VALUES (58,N'Chị Nguyệt',N'Sản phẩm tốt nhé','2022-03-05',4);
INSERT INTO "Comment"("productId","name","content","date","rate") VALUES (58,N'Điền',N'Mới mua bán tháng bị lỗi nhưng không có chụp lại. Chậm chạp đúng là máy mới luôn lỗi','2022-10-25',1);
INSERT INTO "Comment"("productId","name","content","date","rate") VALUES (58,N'Lê Tuấn Dinh',N'Có cường lực màn hình máy này chưa shop','2022-09-28',4);
INSERT INTO "Comment"("productId","name","content","date","rate") VALUES (58,N'Anh Tường',N'Rất phức tạp nói chung máy này dùng chán','2022-06-02',1);
INSERT INTO "Comment"("productId","name","content","date","rate") VALUES (58,N'Peter hoang',N'Mới mua được 2 ngày dùng rất tốt màn hình xem Youtube chưa nét căng hơi mờ thôi còn lại ok. hay do chế độ cài đặt nhỉ shop À còn có cái lệnh ok google đỉnh lắm mn','2023-04-03',4);
INSERT INTO "Comment"("productId","name","content","date","rate") VALUES (58,N'Ngọc vân',N'Tại sao lại không thể kết nối wifi trong khi wifi rất mạnh và đã khỏi động lại cũng k đc','2023-07-04',2);
INSERT INTO "Comment"("productId","name","content","date","rate") VALUES (58,N'Nghĩa',N'Tôi không cách nào sài đc 3 ngón cùng 1 lúc','2023-10-25',4);
INSERT INTO "Comment"("productId","name","content","date","rate") VALUES (58,N'Le Thi Dieu Dep',N'Rat tot','2023-03-27',5);
INSERT INTO "Comment"("productId","name","content","date","rate") VALUES (58,N'NGUYỄN VĂN BẮC',N'Hàng ok lắm nè','2022-04-06',5);
INSERT INTO "Comment"("productId","name","content","date","rate") VALUES (58,N'Nhiệm',N'Tot','2023-08-31',5);
INSERT INTO "Comment"("productId","name","content","date","rate") VALUES (58,N'Chị Nhung',N'Rất hài lòng về sản phẩm này','2023-04-25',5);
INSERT INTO "Comment"("productId","name","content","date","rate") VALUES (58,N'Bảo Ngọc',N'hướng dẫn em chia đôi màn hình với ạ','2023-07-16',5);
INSERT INTO "Comment"("productId","name","content","date","rate") VALUES (58,N'Anh Cương',N'Dùng ok pin trâu','2023-01-31',5);
INSERT INTO "Comment"("productId","name","content","date","rate") VALUES (58,N'An',N'Nhanh hết pin. Đc cái màn hình to kiểu dáng đẹp.','2023-05-10',2);
INSERT INTO "Comment"("productId","name","content","date","rate") VALUES (58,N'NGUYỄN ĐỨC TRỌNG',N'Sản phẩm Realme về chất lượng dùng tốt OK','2021-10-12',4);
INSERT INTO "Comment"("productId","name","content","date","rate") VALUES (58,N'Lộc',N'OK.','2022-11-11',4);
INSERT INTO "Comment"("productId","name","content","date","rate") VALUES (58,N'Chị Hoa',N'Tốt','2021-10-22',5);
INSERT INTO "Comment"("productId","name","content","date","rate") VALUES (58,N'Anh Mạnh',N'Tốt','2022-04-12',5);
INSERT INTO "Comment"("productId","name","content","date","rate") VALUES (58,N'Nguyễn Văn Quảng',N'Tôi rất hài lòng','2023-04-21',4);
INSERT INTO "Comment"("productId","name","content","date","rate") VALUES (58,N'Hùynh thị ngọc Hoa',N'Chê. thất vọng.mua uổng tiền.kết nối mạng quá kém','2022-10-11',1);
INSERT INTO "Comment"("productId","name","content","date","rate") VALUES (58,N'Nguyên',N'Mum bạn lại mất bao nhiêu phí sai 2 thang','2022-01-25',2);
INSERT INTO "Comment"("productId","name","content","date","rate") VALUES (58,N'Hoàng Văn Hải',N'Quá tệ. Cột sóng yếu nghe gọi chập chờn 3g4g đăng ký xong ko xài được. Thấy nhân viên tư vấn nhiệt tình quá nên mua. Xong giờ quá thất vọng','2023-09-03',1);
INSERT INTO "Comment"("productId","name","content","date","rate") VALUES (58,N'LỮ HỒNG MỴ',N'Tốt','2023-04-24',5);
INSERT INTO "Comment"("productId","name","content","date","rate") VALUES (58,N'Vinh Bàn Ngọc',N'Ok','2022-11-12',4);
INSERT INTO "Comment"("productId","name","content","date","rate") VALUES (58,N'PHẠM VĂN LẬP',N'Sản phẩm rất tốt','2023-01-18',5);
INSERT INTO "Comment"("productId","name","content","date","rate") VALUES (58,N'PHẠM THỊ KIM LIÊN',N'Xài rất tốt','2022-01-26',5);
INSERT INTO "Comment"("productId","name","content","date","rate") VALUES (58,N'Chị Nguyễn Thị Thùy Linh',N'Lướt fb cũng Nóng máy nhanh tụt pin','2022-01-03',3);
INSERT INTO "Comment"("productId","name","content","date","rate") VALUES (58,N'GIÀNG MÍ NÔ',N'Rất OK dùng ok','2022-06-12',5);
INSERT INTO "Comment"("productId","name","content","date","rate") VALUES (58,N'anh nguyen',N'mag yeu ko lm cach nao khac phuc ko','2022-08-27',1);
INSERT INTO "Comment"("productId","name","content","date","rate") VALUES (58,N'Anh Trúc',N'Hông hài lòng kết nối mạng kém quá','2022-04-01',1);
INSERT INTO "Comment"("productId","name","content","date","rate") VALUES (58,N'Nguyễn Văn Huấn',N'Nhân viên rất nhiệt tình tư vấn và xem khách hàng là người thân thiện.','2022-05-30',4);
INSERT INTO "Comment"("productId","name","content","date","rate") VALUES (58,N'Linh',N'Nhân viên nhiệt tình','2023-05-12',5);
INSERT INTO "Comment"("productId","name","content","date","rate") VALUES (58,N'Lê Văn Tiền',N'ok','2021-12-17',5);
INSERT INTO "Comment"("productId","name","content","date","rate") VALUES (58,N'NGUYỄN THỊ THANH TRÚC',N'Hiện tại qua sử dụng hơn tháng mình thấy tốt lướt mượt','2022-08-21',4);
INSERT INTO "Comment"("productId","name","content","date","rate") VALUES (58,N'NGUYỄN MỸ HƯƠNG',N'Sài củ đc','2023-07-30',3);
INSERT INTO "Comment"("productId","name","content","date","rate") VALUES (58,N'Chị Phượng',N'Loại Mai này k êm','2022-08-03',2);
INSERT INTO "Comment"("productId","name","content","date","rate") VALUES (58,N'Nguyễn Trần Minh Tuấn',N'Máy sài rất tốt','2021-11-05',4);
INSERT INTO "Comment"("productId","name","content","date","rate") VALUES (58,N'Nguyễn Thị Vân',N'May ok lắm','2023-04-20',4);
INSERT INTO "Comment"("productId","name","content","date","rate") VALUES (58,N'LÊ THANH TUẤN',N'Rất tốt','2023-02-02',5);
INSERT INTO "Comment"("productId","name","content","date","rate") VALUES (58,N'Lâm Chí Trung',N'Tốt','2022-08-30',5);
INSERT INTO "Comment"("productId","name","content","date","rate") VALUES (58,N'Trần Thị Phương',N'Tương đối tốt','2023-11-04',4);
INSERT INTO "Comment"("productId","name","content","date","rate") VALUES (58,N'Anh Pá',N'Điện thoại rất tốt','2021-10-26',5);
INSERT INTO "Comment"("productId","name","content","date","rate") VALUES (58,N'Nhi',N'Điện thoại mua gọi nc k nghe dc đổi qa. Vẫn vậy lại thêm mất tiền bực mình','2022-10-26',1);
INSERT INTO "Comment"("productId","name","content","date","rate") VALUES (58,N'Chị Xanh',N'Điện Thoại dùng rất tốt','2022-06-17',5);
INSERT INTO "Comment"("productId","name","content","date","rate") VALUES (58,N'Trần Thị Linh',N'Rất tốt nhân viên rất nhiệt tình..','2023-10-05',5);
INSERT INTO "Comment"("productId","name","content","date","rate") VALUES (58,N'Ngọc Diễm',N'Loa lúc nghe lúc ko','2023-02-22',3);
INSERT INTO "Comment"("productId","name","content","date","rate") VALUES (58,N'Hoài hận',N'Mình có mua một cái. Đang Sài thấy ok lắm. máy đep. Với tầm giá này thấy rất hài lòng.','2022-11-20',5);
INSERT INTO "Comment"("productId","name","content","date","rate") VALUES (58,N'Thạch Mạnh',N'Rất tốt','2023-03-19',5);
INSERT INTO "Comment"("productId","name","content","date","rate") VALUES (58,N'ĐẶNG THỊ THANH HUYỀN',N'Nói chung là được nhưng câu hình hơi chậm và chụp hình ko được rõ nét','2023-02-15',3);
INSERT INTO "Comment"("productId","name","content","date","rate") VALUES (58,N'Mỹ phương',N'Cảm ứng đơ lâu lâu bấm ko ăn máy hơi lag thua máy cũ dùng lúc trước nữa','2023-08-02',2);
INSERT INTO "Comment"("productId","name","content","date","rate") VALUES (58,N'Tuyền',N'Sản phẩm rất tốt so với tầm giá','2022-03-06',5);
INSERT INTO "Comment"("productId","name","content","date","rate") VALUES (58,N'TẠ TRÚC LINH',N'Tôi rất hài lòng về sản phẩm','2021-10-29',5);
INSERT INTO "Comment"("productId","name","content","date","rate") VALUES (58,N'Gì Phượng',N'Sản phẩm này dùng rất ok','2023-02-17',5);
INSERT INTO "Comment"("productId","name","content","date","rate") VALUES (58,N'Vương',N'Quá đẹp dùng ok','2022-07-14',5);
INSERT INTO "Comment"("productId","name","content","date","rate") VALUES (58,N'PHẠM THỊ MỘNG ÁI',N'Tốt','2022-06-06',5);
INSERT INTO "Comment"("productId","name","content","date","rate") VALUES (58,N'Tăng Quốc Huy',N'Rât tốt và đẹp,nhân viên dễ thương nhiệt tình','2023-06-22',5);
INSERT INTO "Comment"("productId","name","content","date","rate") VALUES (58,N'Chị Hậu',N'Khá đc ok','2022-10-23',5);
INSERT INTO "Comment"("productId","name","content","date","rate") VALUES (58,N'HUỲNH BÉ BẢY',N'Mình  cũng  đang  chải  nghiệm  máy  cũng  ổn  chưa  thấy  vấn đề  j cả','2023-10-01',4);
INSERT INTO "Comment"("productId","name","content","date","rate") VALUES (58,N'HOÀNG THỊ TUYẾT',N'Sản phẩm rất tốt . mình rất hài lòng','2022-06-20',5);
INSERT INTO "Comment"("productId","name","content","date","rate") VALUES (58,N'Trần Lâm Huy',N'tốt','2022-10-15',4);
INSERT INTO "Comment"("productId","name","content","date","rate") VALUES (58,N'TRẦN THIÊN THẢO',N'quá ok','2023-12-09',5);
INSERT INTO "Comment"("productId","name","content","date","rate") VALUES (58,N'Huỳnh văn ngọt',N'Quá nhiều lỗi chấp nhận pin sạt nhanh nhưng ngược lại pin hao cũng rất nhanh và có quá nhiều sự cố phải khắc phục','2023-03-23',2);
INSERT INTO "Comment"("productId","name","content","date","rate") VALUES (58,N'Trương Thị Hồng Nhung',N'Sài cũng được mà bị đơ nhẹ','2023-01-24',2);
INSERT INTO "Comment"("productId","name","content","date","rate") VALUES (58,N'Tuấn',N'OK thôi','2022-10-17',4);
INSERT INTO "Comment"("productId","name","content","date","rate") VALUES (58,N'Quân',N'ok','2023-12-01',5);
INSERT INTO "Comment"("productId","name","content","date","rate") VALUES (58,N'Duong Van Tri',N'Nhân viên nói chuyện lịch sự','2022-05-18',5);
INSERT INTO "Comment"("productId","name","content","date","rate") VALUES (58,N'Võ Thị Quyền Chân',N'nhân viên phục vụ nhiệt tình và chu đáo,rất thích cách phục vụ ở Thế giới đi động🥰🥰','2022-05-11',5);
INSERT INTO "Comment"("productId","name","content","date","rate") VALUES (58,N'Nguyễn Thanh Kiện',N'Quá hoàn hảo','2023-02-05',5);
INSERT INTO "Comment"("productId","name","content","date","rate") VALUES (58,N'Trương Văn Vàng ',N'Cho mik hỏi mik mới mua cách đây 3 ngày mà chưa dán màn hình ắ 
 Ko bt mình đem ra khu vực An phú đông Q12 dán màn hình có tốn phí ko ạ','2022-09-30',5);
INSERT INTO "Comment"("productId","name","content","date","rate") VALUES (58,N'Xuyên',N'e sài đc vài ngày thấy cũng ok lắm.màu đẹp hợp túi tiền','2021-12-08',4);
INSERT INTO "Comment"("productId","name","content","date","rate") VALUES (58,N'Nguyễn Thị Nhi',N'Điện thoại đẹp . nhân viên tư vấn nhiệt tình . rất hài lòng về sản phẩm cũng như nhân viên','2022-04-09',5);
INSERT INTO "Comment"("productId","name","content","date","rate") VALUES (58,N'Chị Bánh',N'Thích','2023-05-05',4);
INSERT INTO "Comment"("productId","name","content","date","rate") VALUES (58,N'CAO THANH TRÍ',N'Đèn led mờ.không ưng ý lắm.bắt sóng thì yếu.nói chung là tệ','2023-09-06',2);
INSERT INTO "Comment"("productId","name","content","date","rate") VALUES (58,N'Lò Văn Đam',N'3 sao','2021-12-18',5);
INSERT INTO "Comment"("productId","name","content","date","rate") VALUES (58,N'Trần Thanh Đạt',N'Ổn định ko giật lắt dùng tốt','2023-03-29',5);
INSERT INTO "Comment"("productId","name","content","date","rate") VALUES (58,N'Nguyễn Thị Bé Quyên',N'Sài tốt ,','2022-10-01',4);
INSERT INTO "Comment"("productId","name","content","date","rate") VALUES (58,N'Đậu Thì Hà',N'Nv tư vấn rất nhiệt tình và chủ đáo sẽ ủng hộ nhiều','2023-03-11',5);
INSERT INTO "Comment"("productId","name","content","date","rate") VALUES (58,N'Chị Phụng',N'Hiện tại OK','2022-03-02',4);
INSERT INTO "Comment"("productId","name","content","date","rate") VALUES (58,N'Chị Nga',N'Tôi mua  máy về người nhà bạn bè ai cũng thích mẫu máy rất ưng lướt nhanh đẹp chắc chắn','2023-05-25',4);
INSERT INTO "Comment"("productId","name","content","date","rate") VALUES (58,N'Hà thị thu hoà',N'Thỉnh thoảng hơi chậm xíu','2023-11-03',4);
INSERT INTO "Comment"("productId","name","content","date","rate") VALUES (58,N'Nguyễn Văn Liêm',N'Tốt','2023-06-01',4);
INSERT INTO "Comment"("productId","name","content","date","rate") VALUES (58,N'Kha Văn Anh',N'Rất tốt','2021-12-29',5);
INSERT INTO "Comment"("productId","name","content","date","rate") VALUES (58,N'Huỳnh Thị Yến Nhi',N'Rất hài lòng! Camera sáng quá chụp hình app nó lạ lạ😣','2023-08-23',5);
INSERT INTO "Comment"("productId","name","content","date","rate") VALUES (58,N'SƠN NGỌC HIỂN',N'rất hài lòng','2022-02-18',5);
INSERT INTO "Comment"("productId","name","content","date","rate") VALUES (58,N'Quang',N'Máy đẹp tốt','2022-11-22',5);
INSERT INTO "Comment"("productId","name","content","date","rate") VALUES (58,N'NGUYỄN THỊ NHI',N'Sản phẩm rất tốt','2022-02-16',5);
INSERT INTO "Comment"("productId","name","content","date","rate") VALUES (58,N'Đỗ Chí Khanh',N'Realme c53 này dùng rất tốt, tôi rất thích','2022-10-01',5);
INSERT INTO "Comment"("productId","name","content","date","rate") VALUES (58,N'LÊ MINH TUYẾN',N'Rất tốt','2023-11-12',5);
INSERT INTO "Comment"("productId","name","content","date","rate") VALUES (58,N'NGÔ QUANG CHUNG',N'Tôi sài cảm thấy ok lắm','2023-03-20',5);
INSERT INTO "Comment"("productId","name","content","date","rate") VALUES (58,N'NGUYỄN THÀNH LONG',N'Tuyệt vời','2023-09-15',5);
INSERT INTO "Comment"("productId","name","content","date","rate") VALUES (58,N'Nguyễn Nam Anh',N'Máy xài tốt trong tầm giá 👍','2023-04-24',5);
INSERT INTO "Comment"("productId","name","content","date","rate") VALUES (58,N'Cường',N'Mình chưa trải nghiệm hết nhưng sản phẩm khá ổn định','2021-10-24',4);
INSERT INTO "Comment"("productId","name","content","date","rate") VALUES (58,N'Lưu thu trang',N'Máy dùng rất mượt , chụp ảnh xinh lắm với tầm giá đó là máy rất tốt rồi','2023-05-10',5);
INSERT INTO "Comment"("productId","name","content","date","rate") VALUES (58,N'Dũng',N'Màn cảm ứng chưa dc OK lắm','2022-12-25',3);
INSERT INTO "Comment"("productId","name","content","date","rate") VALUES (58,N'Đỗ Thị Hồng Loan',N'Máy quá ngon trong tầm giá
 Mượt','2022-05-21',5);
INSERT INTO "Comment"("productId","name","content","date","rate") VALUES (58,N'Chị Dung',N'May sai van ok.luoc mang rat nhanh.đt nghe tot','2023-01-25',4);
INSERT INTO "Comment"("productId","name","content","date","rate") VALUES (58,N'Dương',N'Điện thoại sử dụng rất tốt','2022-02-23',5);
INSERT INTO "Comment"("productId","name","content","date","rate") VALUES (58,N'Phan Văn Đỉnh',N'Tốt','2022-04-26',4);
INSERT INTO "Comment"("productId","name","content","date","rate") VALUES (58,N'NGUYỄN THỊ CẨM GIANG',N'Sp ok','2023-02-06',5);
INSERT INTO "Comment"("productId","name","content","date","rate") VALUES (58,N'Anh Phúc',N'Tôi rất hài lòng về chiếc điện thoại này','2023-04-21',5);
INSERT INTO "Comment"("productId","name","content","date","rate") VALUES (58,N'Phượng',N'Rất tốt','2022-08-21',5);
INSERT INTO "Comment"("productId","name","content","date","rate") VALUES (58,N'TĂNG VĂN BẢO',N'Hiện tại sử dụng tốt','2023-02-16',4);
INSERT INTO "Comment"("productId","name","content","date","rate") VALUES (58,N'Đặng Thị Sỹ',N'Tốt','2023-02-15',4);
INSERT INTO "Comment"("productId","name","content","date","rate") VALUES (58,N'PHẠM HỒNG KHÁNH',N'Ok','2021-12-13',5);
INSERT INTO "Comment"("productId","name","content","date","rate") VALUES (58,N'NGUYỄN THỊ TÚ TRINH',N'San phẩm ok','2022-06-14',4);
INSERT INTO "Comment"("productId","name","content","date","rate") VALUES (58,N'Thi',N'Mượt','2022-07-14',5);
INSERT INTO "Comment"("productId","name","content","date","rate") VALUES (58,N'Cang',N'Hình ảnh chụp rất tốt','2022-02-09',4);
INSERT INTO "Comment"("productId","name","content","date","rate") VALUES (58,N'Khá',N'Dùng rất tốt','2023-10-26',5);
INSERT INTO "Comment"("productId","name","content","date","rate") VALUES (58,N'Chị hoa',N'Tốt','2021-10-16',5);
INSERT INTO "Comment"("productId","name","content","date","rate") VALUES (58,N'Lại Thị Thu Tiền',N'Tốt','2023-03-16',5);
INSERT INTO "Comment"("productId","name","content","date","rate") VALUES (58,N'Nguyen Van Thai Phuong',N'Sản phẩm tốt, mức giá phù hợp','2022-10-30',4);
INSERT INTO "Comment"("productId","name","content","date","rate") VALUES (58,N'A Vạn',N'Cũng được','2022-08-08',4);
INSERT INTO "Comment"("productId","name","content","date","rate") VALUES (58,N'Thức ',N'Cho phụ huynh Sài thì OK. Chứ tuổi trẻ thì hơi bị chậm xíu','2022-11-04',5);
INSERT INTO "Comment"("productId","name","content","date","rate") VALUES (58,N'Phạm Thúy Hằng',N'Cảm ứng nhạy tốt','2022-08-08',5);
INSERT INTO "Comment"("productId","name","content","date","rate") VALUES (58,N'Bền',N'Vừa dùng thấy sản phẩm cũng tốt thiết kế đẹp mắt, đầy đủ tính năng và cấu hình','2023-07-17',4);
INSERT INTO "Comment"("productId","name","content","date","rate") VALUES (58,N'KHỔNG THỊ THU HƯỜNG',N'Nhanh,nhạy bén','2022-06-12',5);
INSERT INTO "Comment"("productId","name","content","date","rate") VALUES (58,N'Thành Đô',N'Rất tốt','2023-08-06',5);
INSERT INTO "Comment"("productId","name","content","date","rate") VALUES (58,N'Duy',N'Sản phẩm quá tốt nhân viên vui vẻ nhiệt tình sẽ tiếp tục ủng hộ ạ','2023-09-04',5);
INSERT INTO "Comment"("productId","name","content","date","rate") VALUES (58,N'Chị Huệ',N'Sử dụng đơn giản dễ hiểu đt ảnh chụp ok.rat đáng để trải nghiệm sp ạ.','2023-03-17',4);
INSERT INTO "Comment"("productId","name","content","date","rate") VALUES (58,N'CÔNG TY CỔ PHẦN DỊCH VỤ THƯƠNG MẠI XUẤT NHẬP KHẨU DST',N'Rất hài lòng.','2022-02-27',5);
INSERT INTO "Comment"("productId","name","content","date","rate") VALUES (58,N'Quỳnh',N'Sản phẩm rất tốt','2022-09-07',5);
INSERT INTO "Comment"("productId","name","content","date","rate") VALUES (58,N'Anh Thành',N'Máy sống yếu . không có sống 4g gọi thì hay mất tín hiệu mạng hồi han khi mua','2023-09-04',1);
INSERT INTO "Comment"("productId","name","content","date","rate") VALUES (58,N'LÂM HOÀNG HUY',N'Đẹp rẻ','2021-12-30',5);
INSERT INTO "Comment"("productId","name","content","date","rate") VALUES (58,N'Anh Đức',N'Tạm ổn','2022-11-07',3);
INSERT INTO "Comment"("productId","name","content","date","rate") VALUES (58,N'Hùng',N'Okie','2023-05-14',5);
INSERT INTO "Comment"("productId","name","content","date","rate") VALUES (58,N'MA THỊ TUYÊN',N'Nhân viên nhiệt tình thân thiện, duyệt hồ sơ nhanh chóng, khách không phải đợi lâu. Xin cảm ơn.','2023-11-08',5);
INSERT INTO "Comment"("productId","name","content","date","rate") VALUES (58,N'Đặng Thị Thủy',N'Tốt','2023-10-17',4);
INSERT INTO "Comment"("productId","name","content","date","rate") VALUES (58,N'TRẦN THANH LÂM',N'Nói chung đt mình cũng mới Sài chưa bao lâu nên chưa đưa ra kết quả nhiều hơn','2022-08-11',4);
INSERT INTO "Comment"("productId","name","content","date","rate") VALUES (58,N'TRẦN THANH NAM',N'Thấy con gái rất thích','2023-09-14',5);
INSERT INTO "Comment"("productId","name","content","date","rate") VALUES (58,N'C phượng',N'Tốt','2022-03-28',5);
INSERT INTO "Comment"("productId","name","content","date","rate") VALUES (58,N'Bùi Văn Thái',N'Trước mắt thì chạy ổn định, cấu hình mượt , nhưng chơi game nhanh nóng máy.... nói chung là OK','2023-06-26',4);
INSERT INTO "Comment"("productId","name","content","date","rate") VALUES (58,N'Túc',N'Tốt','2022-05-03',5);
INSERT INTO "Comment"("productId","name","content","date","rate") VALUES (58,N'Em an an',N'Nhân viên chu đáo nhiệt tình . Bề ngoài nhìn xinh xỉu','2022-05-12',4);
INSERT INTO "Comment"("productId","name","content","date","rate") VALUES (58,N'Anh Luân',N'OK','2022-11-27',4);
INSERT INTO "Comment"("productId","name","content","date","rate") VALUES (58,N'NGUYỄN THỊ KIM TUYẾN',N'Tot','2022-03-29',4);
INSERT INTO "Comment"("productId","name","content","date","rate") VALUES (58,N'NGUYỄN HỒNG NHUNG',N'Rất tốt','2023-09-11',5);
INSERT INTO "Comment"("productId","name","content","date","rate") VALUES (58,N'Linh',N'Chơi game ổn độ mượn tạm ổn','2023-04-26',5);
INSERT INTO "Comment"("productId","name","content","date","rate") VALUES (58,N'Trần Phi Hổ',N'Máy êm tốt','2022-09-16',4);
INSERT INTO "Comment"("productId","name","content","date","rate") VALUES (58,N'Phạm Văn Dũng',N'Sản phẩm dùng ok.','2023-12-06',4);
INSERT INTO "Comment"("productId","name","content","date","rate") VALUES (58,N'Anh Nghĩa',N'Máy tốt giá rẻ , cấu hình ngon','2022-06-06',5);
INSERT INTO "Comment"("productId","name","content","date","rate") VALUES (58,N'Chị Kiều',N'Hàng xài ok','2023-11-07',5);
INSERT INTO "Comment"("productId","name","content","date","rate") VALUES (58,N'Đài Trang',N'Tôi rất hài lòng. Nhân viên tư vấn rất dễ thương,chu đáo và rất am hiểu về sản phẩm. Cho tôi dễ dàng lựa chọn. Điện thoại mượt,hình dáng thời trang.','2022-08-30',5);
INSERT INTO "Comment"("productId","name","content","date","rate") VALUES (58,N'NGUYỄN HOÀNG GIANG',N'Tốt','2021-11-11',4);
INSERT INTO "Comment"("productId","name","content","date","rate") VALUES (58,N'Trần Thị Hồng Lam',N'Siêu thị giao hàng nhanh gọn lẹ','2023-05-10',5);
INSERT INTO "Comment"("productId","name","content","date","rate") VALUES (58,N'NGUYỄN THỊ MỸ ĐÀO',N'Xài cũng ổn','2022-01-25',4);
INSERT INTO "Comment"("productId","name","content","date","rate") VALUES (58,N'THANH THẢO',N'Máy xài tốt,giá tốt,đẹp,rất hài lòng với dịch vụ khi đến👍','2022-07-01',4);
INSERT INTO "Comment"("productId","name","content","date","rate") VALUES (58,N'Trần Thị Cúc',N'Mượt','2022-10-31',4);
INSERT INTO "Comment"("productId","name","content","date","rate") VALUES (58,N'Chị Linh',N'xxxx000000','2022-05-17',5);
INSERT INTO "Comment"("productId","name","content","date","rate") VALUES (58,N'Em Duy',N'.','2022-02-15',5);
INSERT INTO "Comment"("productId","name","content","date","rate") VALUES (58,N'Xuân',N'Ok','2023-02-10',5);
INSERT INTO "Comment"("productId","name","content","date","rate") VALUES (58,N'Nguyễn Thị Hương Liên',N'Máy mượt ok','2022-01-22',5);
INSERT INTO "Comment"("productId","name","content","date","rate") VALUES (58,N'Thanh Vy',N'Rất hữu ích và tiện lợi','2023-12-04',5);
INSERT INTO "Comment"("productId","name","content","date","rate") VALUES (58,N'Chị Giang',N'OK cũng ổn','2023-01-02',4);
INSERT INTO "Comment"("productId","name","content","date","rate") VALUES (58,N'Anh Quân',N'Ok','2022-10-15',4);
INSERT INTO "Comment"("productId","name","content","date","rate") VALUES (58,N'Anh Hùng',N'Máy giao diện đẹp,nhẹ,pin tốt','2022-06-15',5);
INSERT INTO "Comment"("productId","name","content","date","rate") VALUES (58,N'Chị Thoa',N'Ok','2022-01-24',5);
INSERT INTO "Comment"("productId","name","content","date","rate") VALUES (58,N'Phạm Minh Công',N'Điện thoại nhẹ. Cấu hình ổn. Phân khúc này là quá ok rồi.','2023-03-11',5);
INSERT INTO "Comment"("productId","name","content","date","rate") VALUES (58,N'Anh Bằng',N'Sản phẩm sử dụng tốt, nhân viên vui vẻ nhiệt tình. 
 Chú bảo vệ niềm nở khi có khách đến.','2023-10-05',5);
INSERT INTO "Comment"("productId","name","content","date","rate") VALUES (58,N'Diễm',N'Cũng ok','2023-10-30',3);
INSERT INTO "Comment"("productId","name","content","date","rate") VALUES (58,N'Nguyễn Thị Mai',N'Sản phẩm tốt','2023-08-02',5);
INSERT INTO "Comment"("productId","name","content","date","rate") VALUES (58,N'Chị liễu',N'Dùng tốt','2021-10-12',4);
INSERT INTO "Comment"("productId","name","content","date","rate") VALUES (58,N'Hoang Thi Sam',N'Sản phẩm tốt','2023-03-13',5);
INSERT INTO "Comment"("productId","name","content","date","rate") VALUES (58,N'TRẦN THỊ DIỂM',N'Máy rất mượt sài rất tốt','2023-08-09',4);
INSERT INTO "Comment"("productId","name","content","date","rate") VALUES (58,N'Trần Minh Thông',N'Tốt','2023-10-23',5);
INSERT INTO "Comment"("productId","name","content","date","rate") VALUES (58,N'Thường',N'chơi game mạng còn hơi lag','2023-02-22',4);
INSERT INTO "Comment"("productId","name","content","date","rate") VALUES (58,N'Lâm Thị Bút',N'Phản ứng chậm, đánh chữ bị loạn','2023-11-08',3);
INSERT INTO "Comment"("productId","name","content","date","rate") VALUES (58,N'Anh Nam',N'Đt pin trâu chụp hình đẹp','2022-05-04',5);
INSERT INTO "Comment"("productId","name","content","date","rate") VALUES (58,N'LÊ THỊ THẢO',N'Điện thoại Realme C53 mình thấy xài ok','2022-09-27',4);
INSERT INTO "Comment"("productId","name","content","date","rate") VALUES (58,N'Nguyễn Sỹ Nguyên',N'Xài rất ok','2023-06-15',5);
INSERT INTO "Comment"("productId","name","content","date","rate") VALUES (58,N'Duong Thanh Trung',N'Ok','2022-11-15',5);
INSERT INTO "Comment"("productId","name","content","date","rate") VALUES (58,N'NGUYỄN THỊ THANH NGÂN',N'Bạn NV rất nhiệt tình bán hàng vv thân thiện sp OK','2023-06-21',5);
INSERT INTO "Comment"("productId","name","content","date","rate") VALUES (58,N'Nhi',N'Camera sắc nét lướt web nhanh','2023-04-08',4);
INSERT INTO "Comment"("productId","name","content","date","rate") VALUES (58,N'Thảo Nguyên',N'Điện thoại sử dụng tốt, giá tiền phù hợp với học sinh, sinh viên.','2022-04-04',4);
INSERT INTO "Comment"("productId","name","content","date","rate") VALUES (58,N'NGUYỄN THỊ LỆ',N'Phục vụ rất rốt','2023-03-03',4);
INSERT INTO "Comment"("productId","name","content","date","rate") VALUES (58,N'Anh Cường',N'Nhan viên rất tận tình','2022-03-10',5);
INSERT INTO "Comment"("productId","name","content","date","rate") VALUES (58,N'Anh Thanh',N'😉😉😉😉😉','2023-11-27',4);
INSERT INTO "Comment"("productId","name","content","date","rate") VALUES (58,N'Văn Thành Đợi',N'Nhân viên Rất Nhiệt tình','2022-11-24',5);
INSERT INTO "Comment"("productId","name","content","date","rate") VALUES (58,N'NGUYỄN MINH TRẠNG',N'Màu sắc hình dáng rất đẹp tôi rất hài lòng với sản phẩm này','2022-03-17',5);
INSERT INTO "Comment"("productId","name","content","date","rate") VALUES (58,N'Nguyễn n Trọng Nghĩa',N'Máy cấu hình rất mạnh','2023-08-24',4);
INSERT INTO "Comment"("productId","name","content","date","rate") VALUES (58,N'NGUYỄN THÚY DUY',N'Màu vàng sang sịn. Lướt mướt lắm nghen . Nên mua nha mấy bạn','2021-10-14',5);
INSERT INTO "Comment"("productId","name","content","date","rate") VALUES (58,N'Qui',N'Sản phẩm ok','2023-01-15',4);
INSERT INTO "Comment"("productId","name","content","date","rate") VALUES (58,N'Võ Thành Nghĩa',N'Sảm phẩm sử dụng OK','2023-10-15',5);
INSERT INTO "Comment"("productId","name","content","date","rate") VALUES (58,N'Anh Trường',N'Tốt','2023-08-12',4);
INSERT INTO "Comment"("productId","name","content","date","rate") VALUES (58,N'Chị Hằng',N'Tốt','2023-11-08',3);
INSERT INTO "Comment"("productId","name","content","date","rate") VALUES (58,N'LÊ THỊ HỒNG NHUNG',N'Chất lượng sản phẩm cũng tốt','2021-12-29',4);
INSERT INTO "Comment"("productId","name","content","date","rate") VALUES (58,N'NGUYỄN THỊ KIM CHI',N'Tốt','2023-10-27',5);
INSERT INTO "Comment"("productId","name","content","date","rate") VALUES (58,N'Anh Tuấn',N'Thái độ phục vụ rất tốt','2022-08-05',5);
INSERT INTO "Comment"("productId","name","content","date","rate") VALUES (58,N'NGUYỄN TRỌNG TRÍ',N'OK','2022-07-15',5);
INSERT INTO "Comment"("productId","name","content","date","rate") VALUES (58,N'Anh Thành',N'Nhan vien nhiet tinh than thjjen','2022-12-10',5);
INSERT INTO "Comment"("productId","name","content","date","rate") VALUES (58,N'Nguyễn Văn Thông',N'Rất hài lòng','2021-10-12',5);
INSERT INTO "Comment"("productId","name","content","date","rate") VALUES (58,N'Võ Minh Luân',N'Chất lượng phục vụ rất tốt','2023-02-12',5);
INSERT INTO "Comment"("productId","name","content","date","rate") VALUES (58,N'Nguyễn Thanh Phong',N'Ok','2021-10-15',4);
INSERT INTO "Comment"("productId","name","content","date","rate") VALUES (58,N'Lê Ngọc Phương',N'Cũng  được','2022-07-18',5);
INSERT INTO "Comment"("productId","name","content","date","rate") VALUES (58,N'Trịnh Bảo Kha',N'Sữ dụng ổn định','2022-03-14',5);
INSERT INTO "Comment"("productId","name","content","date","rate") VALUES (58,N'NGÔ THỊ NGUYỆT',N'Rất tốt','2022-10-13',5);
INSERT INTO "Comment"("productId","name","content","date","rate") VALUES (58,N'Nguyễn Sỹ Hùng',N'Nhân viên rất nhiệt tình và chu đảo với khách hàng','2021-12-13',5);
INSERT INTO "Comment"("productId","name","content","date","rate") VALUES (58,N'NGUYỄN THỊ PHƯƠNG LINH',N'..','2023-10-02',5);
INSERT INTO "Comment"("productId","name","content","date","rate") VALUES (58,N'ĐỖ THANH TÂM',N'Giao tiếp tốt tư vấn giúp đỡ tận tình','2023-11-14',5);
INSERT INTO "Comment"("productId","name","content","date","rate") VALUES (58,N'ĐỖ THANH YÊN',N'Hàng tốt','2022-03-12',5);
INSERT INTO "Comment"("productId","name","content","date","rate") VALUES (58,N'TRẦN VĂN HUY',N'Đẹp','2023-01-16',5);
INSERT INTO "Comment"("productId","name","content","date","rate") VALUES (58,N'TRẦN THỊ LƯƠNG',N'Rất tốt','2022-11-18',5);
INSERT INTO "Comment"("productId","name","content","date","rate") VALUES (58,N'VŨ VĂN BA',N'Tốt','2022-09-25',5);
INSERT INTO "Comment"("productId","name","content","date","rate") VALUES (58,N'Nghị',N'Sản phẩm tốt','2021-12-05',4);
INSERT INTO "Comment"("productId","name","content","date","rate") VALUES (58,N'NHIÊU THANH HOÀNG',N'❤️ good ❤️','2023-10-20',5);
INSERT INTO "Comment"("productId","name","content","date","rate") VALUES (58,N'Trần Văn Quý Thạch',N'Máy  dùng  tốt, mượt','2023-12-14',4);
INSERT INTO "Comment"("productId","name","content","date","rate") VALUES (58,N'Nguyễn Thị Vương Ngọc',N'Sản phẩm của điện máy xanh dùng rất tốt. Nhân viên bán hàng cũng dễ thương.','2023-04-22',5);
INSERT INTO "Comment"("productId","name","content","date","rate") VALUES (58,N'NGUYỄN PHÚC VINH',N'Quá Ok','2023-06-07',5);
INSERT INTO "Comment"("productId","name","content","date","rate") VALUES (58,N'Anh Biên',N'Rất tốt','2022-06-27',5);
INSERT INTO "Comment"("productId","name","content","date","rate") VALUES (58,N'Lượng',N'Dùng đc.','2023-04-20',5);
INSERT INTO "Comment"("productId","name","content","date","rate") VALUES (58,N'Nguyễn Hoàng Nhã Trân',N'Tốt sài được êm','2022-10-03',4);
INSERT INTO "Comment"("productId","name","content","date","rate") VALUES (58,N'Em Trang',N'Máy tốt nhưng load hơi chậm xíu','2021-12-01',4);
INSERT INTO "Comment"("productId","name","content","date","rate") VALUES (58,N'HUỲNH ĐỨC TRỌNG',N'Rất ok nha','2023-08-05',5);
INSERT INTO "Comment"("productId","name","content","date","rate") VALUES (58,N'Ngô Thị Ngoan',N'Dùng rất tốt','2023-10-18',5);
INSERT INTO "Comment"("productId","name","content","date","rate") VALUES (58,N'Anh Hải',N'Máy ổn dùng ổn định số với tầm giá, nhân viên chủ đáo nhiệt tình.','2022-11-02',5);
INSERT INTO "Comment"("productId","name","content","date","rate") VALUES (58,N'Gấm',N'Sp dùng ổn, chỉ có điều âm thanh hơi nhỏ, bậc  maximum vẫn còn nghe nhỏ.','2022-08-09',3);
INSERT INTO "Comment"("productId","name","content","date","rate") VALUES (58,N'NGUYỄN HOÀNG MINH',N'Tốt','2022-05-20',4);
INSERT INTO "Comment"("productId","name","content","date","rate") VALUES (58,N'Thoa',N'Ok','2023-02-13',5);
INSERT INTO "Comment"("productId","name","content","date","rate") VALUES (58,N'Hồ Thái Hoà',N'tốt','2023-02-15',4);
INSERT INTO "Comment"("productId","name","content","date","rate") VALUES (58,N'HUỲNH THỊ NHI',N'Tốt','2023-06-13',5);
INSERT INTO "Comment"("productId","name","content","date","rate") VALUES (58,N'LÝ VĂN NHẤT',N'Sài rất ok','2023-11-17',5);
INSERT INTO "Comment"("productId","name","content","date","rate") VALUES (58,N'Kim Cúc',N'Chị mới bắt đầu xài được vài ngày thôi thấy cũng ok . giá cả vừa túi tiền chị, màu sắc thì đep . Nhân viên tư vấn nhiệt tình lắm.Noi chúng chỉ hai lòng về sp','2023-11-10',5);
INSERT INTO "Comment"("productId","name","content","date","rate") VALUES (58,N'Nguyễn Thị Huyền',N'Tốt','2023-09-15',4);
INSERT INTO "Comment"("productId","name","content","date","rate") VALUES (58,N'Đặng Hoàng Linh',N'Loa ngoài hơi rè và âm lượng hơi nhỏ','2021-12-07',4);
INSERT INTO "Comment"("productId","name","content","date","rate") VALUES (58,N'LÊ VĂN ANH',N'Tốt','2022-08-14',4);
INSERT INTO "Comment"("productId","name","content","date","rate") VALUES (58,N'Phạm Văn Tình',N'Rất tốt','2022-06-09',5);
INSERT INTO "Comment"("productId","name","content","date","rate") VALUES (58,N'Trịnh Thị Chung',N'Dùng tốt','2023-10-14',4);
INSERT INTO "Comment"("productId","name","content","date","rate") VALUES (58,N'Anh Phú',N'OK','2021-10-15',4);
INSERT INTO "Comment"("productId","name","content","date","rate") VALUES (58,N'Nguyễn Vủ Đăng',N'Tuyệt','2022-12-03',5);
INSERT INTO "Comment"("productId","name","content","date","rate") VALUES (58,N'Hằng',N'Tốt','2022-06-09',5);
INSERT INTO "Comment"("productId","name","content","date","rate") VALUES (58,N'Yến',N'Bắt wifi với 4G yếu','2023-08-10',2);
INSERT INTO "Comment"("productId","name","content","date","rate") VALUES (58,N'Em Nga',N'tốt ạ','2022-05-21',5);
INSERT INTO "Comment"("productId","name","content","date","rate") VALUES (58,N'lê thị kim cương ',N'sản phẩm tốt rất hài lòng','2022-11-30',5);
INSERT INTO "Comment"("productId","name","content","date","rate") VALUES (58,N'Anh minh',N'Sài rất OK .
 Sài rất tốt','2023-11-27',5);
INSERT INTO "Comment"("productId","name","content","date","rate") VALUES (58,N'Hoàng Minh Thánh',N'Tôi rất hài lòng về chiếc điện thoại này','2023-09-11',4);
INSERT INTO "Comment"("productId","name","content","date","rate") VALUES (58,N'Chú Mừng',N'Hàng tốt nhưng phải đợi thêm thời gian nữa mới biết được có bền không','2023-12-02',4);
INSERT INTO "Comment"("productId","name","content","date","rate") VALUES (58,N'Vũ hồng ngọc',N'Hàng dùng rất tốt','2021-12-04',5);
INSERT INTO "Comment"("productId","name","content","date","rate") VALUES (58,N'Hùng',N'Tôi rất hài lòng với sản phẩm, điện thoại Android c53 và sự chăm sóc của nhân viên bán hàng ở thế giới di động','2022-02-28',5);
INSERT INTO "Comment"("productId","name","content","date","rate") VALUES (58,N'Trần Thị Minh Nguyệt',N'Rất tốt máy mượt.giá thành rẻ','2023-12-10',5);
INSERT INTO "Comment"("productId","name","content","date","rate") VALUES (58,N'Anh Trình',N'Máy đẹp','2023-09-04',5);
INSERT INTO "Comment"("productId","name","content","date","rate") VALUES (58,N'Thuỷ',N'Sản phẩm rất đẹp rất tốt','2022-03-06',5);
INSERT INTO "Comment"("productId","name","content","date","rate") VALUES (58,N'Bùi Thanh Tú',N'Hài lòng','2023-03-13',5);
INSERT INTO "Comment"("productId","name","content","date","rate") VALUES (58,N'NGUYỄN THỊ BÍCH THỦY',N'Sp rất đẹp và sd rất hài lòng','2023-07-21',5);
INSERT INTO "Comment"("productId","name","content","date","rate") VALUES (58,N'Nguyễn Tuấn Phụng',N'Rất tốt rất ok vưa túi tiên','2023-01-01',5);
INSERT INTO "Comment"("productId","name","content","date","rate") VALUES (58,N'NGUYỄN MINH CÃNH',N'Điện thoại xài mượt','2022-02-03',4);
INSERT INTO "Comment"("productId","name","content","date","rate") VALUES (58,N'Chị Yến',N'Điện thoại realme c53 hàng rất đẹp và sài rất tốt','2021-10-31',5);
INSERT INTO "Comment"("productId","name","content","date","rate") VALUES (58,N'Lê Đình Hoài Tâm',N'Ok do em','2023-11-19',4);
INSERT INTO "Comment"("productId","name","content","date","rate") VALUES (58,N'NGUYỄN VĂN CHIẾN',N'Máy xài rất êm','2022-12-16',5);
INSERT INTO "Comment"("productId","name","content","date","rate") VALUES (58,N'Anh Thuận',N'Tuyệt vời 👍','2022-01-01',4);
INSERT INTO "Comment"("productId","name","content","date","rate") VALUES (58,N'Khánh An',N'Sản phẩm xài rất tốt 👍','2022-04-22',5);
INSERT INTO "Comment"("productId","name","content","date","rate") VALUES (58,N'Nguyễn Trúc Ly',N'Tốt','2023-12-14',5);
INSERT INTO "Comment"("productId","name","content","date","rate") VALUES (58,N'TRẦN THÀNH CƯƠNG',N'Ok','2023-12-07',4);
INSERT INTO "Comment"("productId","name","content","date","rate") VALUES (58,N'Tran Nguyen Thuy Trang',N'Hàng sử dụng cũng nhạy và ok','2023-07-19',4);
INSERT INTO "Comment"("productId","name","content","date","rate") VALUES (58,N'Phạm Hoàng Minh',N'Tốt','2022-05-20',5);
INSERT INTO "Comment"("productId","name","content","date","rate") VALUES (58,N'Anh Đô',N'Tốt với tôi','2022-10-08',5);
INSERT INTO "Comment"("productId","name","content","date","rate") VALUES (58,N'Anh Thiệu',N'Máy thì ok.về nhân viên bán hàng chưa nhiệt tình khách hàng cho lém','2023-01-03',3);
INSERT INTO "Comment"("productId","name","content","date","rate") VALUES (58,N'Nguyễn Phương Quang',N'tư vấn tôt','2022-11-22',5);
INSERT INTO "Comment"("productId","name","content","date","rate") VALUES (58,N'Ngọc Khánh',N'Rất hài lòng về sản phẩm này','2021-12-15',5);
INSERT INTO "Comment"("productId","name","content","date","rate") VALUES (58,N'Phan Huyen Linh',N'Sài rất tốt','2022-06-06',4);
INSERT INTO "Comment"("productId","name","content","date","rate") VALUES (58,N'Tran Nhat Hai',N'Mượt nha, cam đẹp, ok, về sau có lỗi k thì chưa bt nhưng hiện tại xứng đáng với giá tiền😍','2023-05-30',5);
INSERT INTO "Comment"("productId","name","content","date","rate") VALUES (58,N'LÊ THỊ TUYỀN',N'Dùng rất tốt có điều tiếng chuông điện thoại hơi nhỏ','2022-05-25',5);
INSERT INTO "Comment"("productId","name","content","date","rate") VALUES (58,N'TRẦN VĂN THI',N'Rất tốt','2023-04-28',5);
INSERT INTO "Comment"("productId","name","content","date","rate") VALUES (58,N'LÊ CHÍ CƯỜNG',N'Máy rất tốt, pin trâu , sạc rất nhanh.5 sao','2023-07-08',5);
INSERT INTO "Comment"("productId","name","content","date","rate") VALUES (58,N'PHẠM VĂN NGÂY',N'Hàng sài ổn định tốt','2021-11-08',4);
INSERT INTO "Comment"("productId","name","content","date","rate") VALUES (58,N'Giang Như Quỳnh',N'Trãi nghiệm tốt, máy chạy nhanh ko lag, màn hình to rõ đủ chức năng. Với giá này thì quá tốt','2022-07-30',5);
INSERT INTO "Comment"("productId","name","content","date","rate") VALUES (58,N'Chú Hải',N'Phục vụ tận tình, vui vẻ, nhân viên rất lịch sự','2023-03-19',5);
INSERT INTO "Comment"("productId","name","content","date","rate") VALUES (58,N'Nguyễn Tấn Dũng',N'Rất tốt','2022-04-15',5);
INSERT INTO "Comment"("productId","name","content","date","rate") VALUES (58,N'Phùng Phước Sang',N'Máy xài rất thích','2023-05-16',5);
INSERT INTO "Comment"("productId","name","content","date","rate") VALUES (58,N'Phước',N'Sài ok. Ráng kiếm tiền ra mua cái nữa','2022-10-21',5);
INSERT INTO "Comment"("productId","name","content","date","rate") VALUES (58,N'Anh Đức',N'Máy ảnh thì ổn chứ chip hơi kém, chơi cái game liên quân mà lag tung.','2022-09-12',2);
INSERT INTO "Comment"("productId","name","content","date","rate") VALUES (58,N'Trần Thị Trúc',N'Tốt ạ nhìn sang nữa','2022-11-15',5);
INSERT INTO "Comment"("productId","name","content","date","rate") VALUES (58,N'Anh Dư',N'Ok','2022-08-23',5);
INSERT INTO "Comment"("productId","name","content","date","rate") VALUES (58,N'Anh Hoài',N'Tốt','2022-10-13',5);
INSERT INTO "Comment"("productId","name","content","date","rate") VALUES (58,N'Kim Hường',N'Rất tốt','2022-08-08',5);
INSERT INTO "Comment"("productId","name","content","date","rate") VALUES (58,N'NGUYỄN THỊ THỦY',N'Tốt','2022-08-16',4);
INSERT INTO "Comment"("productId","name","content","date","rate") VALUES (58,N'Nguyễn Thanh Hải',N'Ee','2023-08-24',5);
INSERT INTO "Comment"("productId","name","content","date","rate") VALUES (58,N'Sơn',N'Tốt','2023-07-10',4);
INSERT INTO "Comment"("productId","name","content","date","rate") VALUES (58,N'Chị út',N'Màn hình rộng lướt mượt mà chức năng tạm ổn, mặt kính xinh','2022-05-08',4);
INSERT INTO "Comment"("productId","name","content","date","rate") VALUES (58,N'THÁI HOÀNG HUY',N'Rat tot','2022-08-28',5);
INSERT INTO "Comment"("productId","name","content","date","rate") VALUES (58,N'DƯƠNG THỊ ĐÀO NGUYÊN',N'Thấy Sài thì cũng OK . Nhưng k biết lâu ngày có bị lỗi k nữa','2023-11-15',3);
INSERT INTO "Comment"("productId","name","content","date","rate") VALUES (58,N'Võ Nguyễn Thành Danh',N'Rất tốt','2022-10-05',5);
INSERT INTO "Comment"("productId","name","content","date","rate") VALUES (58,N'Huỳnh Văn Mực',N'Nhân viên rất nhiệt tình ăn nói lịch sự','2023-06-06',5);
INSERT INTO "Comment"("productId","name","content","date","rate") VALUES (58,N'Thuý Vy',N'xài rất êm','2022-04-15',5);
INSERT INTO "Comment"("productId","name","content","date","rate") VALUES (58,N'Nguyễn Minh Vuong',N'Ok','2023-08-08',4);
INSERT INTO "Comment"("productId","name","content","date","rate") VALUES (58,N'Anh Bằng',N'tốt','2023-07-04',4);
INSERT INTO "Comment"("productId","name","content","date","rate") VALUES (58,N'Nguyễn Thị Bích Lệ',N'.máy đẹp , xịn xài chơi game ok lắm','2023-09-20',5);
INSERT INTO "Comment"("productId","name","content","date","rate") VALUES (58,N'Trần Văn Huy',N'Hàng tốt mua cho ngưòi lớn dùng rata thich','2022-11-12',5);
INSERT INTO "Comment"("productId","name","content","date","rate") VALUES (58,N'Đăng',N'Tư vấn sản phẩm rất tốt','2022-09-21',5);
INSERT INTO "Comment"("productId","name","content","date","rate") VALUES (58,N'Lê Duy Tùng',N'Bị lỗi cảm ứng đổi 2 cái vẫn bị','2021-11-30',2);
INSERT INTO "Comment"("productId","name","content","date","rate") VALUES (58,N'NGUYỄN BÍCH TIỀN',N'Ok lắm','2023-02-09',5);
INSERT INTO "Comment"("productId","name","content","date","rate") VALUES (58,N'Nguyễn Văn Tình',N'Hàng ok','2021-12-09',4);
INSERT INTO "Comment"("productId","name","content","date","rate") VALUES (58,N'Hồ Văn Hoanh',N'Tôi rất hài lòng','2022-10-30',5);
INSERT INTO "Comment"("productId","name","content","date","rate") VALUES (58,N'anh Tín',N'Bình thường','2023-10-05',3);
INSERT INTO "Comment"("productId","name","content","date","rate") VALUES (58,N'PHẠM CHÍ HIẾU',N'Bình thường','2022-03-22',3);
INSERT INTO "Comment"("productId","name","content","date","rate") VALUES (58,N'LÊ THỊ KIM QUYÊN',N'Cũng tạm ổn, chụp hình k đẹp lắm
 Nhưng vs số tiền như thế thì cũng oke','2022-01-14',3);
INSERT INTO "Comment"("productId","name","content","date","rate") VALUES (58,N'TRẦN THANH HẢI',N'Mới. Mua được 3 ngày thấy ổn định. Đặc biệt xạc siêu nhanh tầm giá này thì ko có đối thủ. Nên mua trả  góp','2022-12-13',5);
INSERT INTO "Comment"("productId","name","content","date","rate") VALUES (58,N'Thuận',N'rất tốt ...','2023-01-20',5);
INSERT INTO "Comment"("productId","name","content","date","rate") VALUES (58,N'Lê Phú Hưởng',N'OK tốt moi phương dien','2022-05-27',5);
INSERT INTO "Comment"("productId","name","content","date","rate") VALUES (58,N'TRIỆU CÔNG ĐỊNH',N'Tốt','2023-10-06',4);
INSERT INTO "Comment"("productId","name","content","date","rate") VALUES (58,N'Khe',N'Hàng rất tốt.','2022-09-29',5);
INSERT INTO "Comment"("productId","name","content","date","rate") VALUES (58,N'Huỳnh Thanh Trưa',N'Ok','2023-11-06',5);
INSERT INTO "Comment"("productId","name","content","date","rate") VALUES (58,N'Nguyễn Văn Hội',N'Rất hài lòng','2022-09-17',4);
INSERT INTO "Comment"("productId","name","content","date","rate") VALUES (58,N'Anh khoa',N'Sản phẩm vẫn đang dùng tot','2023-08-08',4);
INSERT INTO "Comment"("productId","name","content","date","rate") VALUES (58,N'Lài',N'','2023-01-31',5);
INSERT INTO "Comment"("productId","name","content","date","rate") VALUES (58,N'LÊ ĐẮC ĐẠT',N'','2022-11-16',4);
INSERT INTO "Comment"("productId","name","content","date","rate") VALUES (58,N'Liên',N'','2022-07-02',3);
INSERT INTO "Comment"("productId","name","content","date","rate") VALUES (58,N'THẠCH THÙY DƯƠNG',N'','2022-10-21',1);
INSERT INTO "Comment"("productId","name","content","date","rate") VALUES (58,N'Nguyễn Thị Đào',N'','2023-01-07',5);
INSERT INTO "Comment"("productId","name","content","date","rate") VALUES (58,N'Lò Thị Hung',N'','2023-05-20',5);
INSERT INTO "Comment"("productId","name","content","date","rate") VALUES (58,N'Như Ý',N'Sản phẩm rất tốt','2022-06-21',4);
INSERT INTO "Comment"("productId","name","content","date","rate") VALUES (58,N'HÀ HUY LỢI',N'','2022-01-25',5);
INSERT INTO "Comment"("productId","name","content","date","rate") VALUES (58,N'Thuỷ',N'','2022-09-15',4);
INSERT INTO "Comment"("productId","name","content","date","rate") VALUES (58,N'Ngọc Mơ',N'','2023-05-02',4);
INSERT INTO "Comment"("productId","name","content","date","rate") VALUES (58,N'PHAN THỊ DIỆU HIỀN',N'','2021-12-31',2);
INSERT INTO "Comment"("productId","name","content","date","rate") VALUES (58,N'NGUYỄN HỬU YÊM',N'','2022-11-16',5);
INSERT INTO "Comment"("productId","name","content","date","rate") VALUES (58,N'Nguyễn Thanh Thuý',N'','2023-05-28',3);
INSERT INTO "Comment"("productId","name","content","date","rate") VALUES (58,N'Anh Chí Dũng',N'','2023-09-07',5);
INSERT INTO "Comment"("productId","name","content","date","rate") VALUES (58,N'Lê Ngọc Diệp',N'','2021-12-01',2);
INSERT INTO "Comment"("productId","name","content","date","rate") VALUES (58,N'QUÁCH NGUYỄN HẢI ÂU',N'','2022-04-27',2);
INSERT INTO "Comment"("productId","name","content","date","rate") VALUES (58,N'LÊ VĂN TÝ',N'Rat tot','2022-07-06',5);
INSERT INTO "Comment"("productId","name","content","date","rate") VALUES (58,N'Phạm Thanh Điền',N'','2023-02-03',4);
INSERT INTO "Comment"("productId","name","content","date","rate") VALUES (58,N'Tran Thi Hien',N'','2022-02-19',5);
INSERT INTO "Comment"("productId","name","content","date","rate") VALUES (58,N'ĐẶNG HOÀNG HOA',N'','2022-04-27',5);
INSERT INTO "Comment"("productId","name","content","date","rate") VALUES (58,N'PHẠM PHÚ QUÍ',N'','2022-02-20',3);
INSERT INTO "Comment"("productId","name","content","date","rate") VALUES (58,N'Đặng Thị Bé Sáu',N'Sản phẩm này ok lắm ạ','2023-11-25',5);
INSERT INTO "Comment"("productId","name","content","date","rate") VALUES (58,N'Phạm Văn Tuân',N'','2022-11-10',3);
INSERT INTO "Comment"("productId","name","content","date","rate") VALUES (58,N'Thiệt',N'','2023-01-25',5);
INSERT INTO "Comment"("productId","name","content","date","rate") VALUES (58,N'Chảo Hồng Thuy',N'','2022-01-18',5);
INSERT INTO "Comment"("productId","name","content","date","rate") VALUES (58,N'Em Kiệt',N'','2021-11-21',5);
INSERT INTO "Comment"("productId","name","content","date","rate") VALUES (58,N'Lang Thị Hiền',N'Kiểu dáng đẹp','2022-09-16',3);
INSERT INTO "Comment"("productId","name","content","date","rate") VALUES (58,N'Nguyễn Hồng Lực',N'','2022-10-04',5);
INSERT INTO "Comment"("productId","name","content","date","rate") VALUES (58,N'Anh Tâm',N'','2023-03-29',4);
INSERT INTO "Comment"("productId","name","content","date","rate") VALUES (58,N'Chú Sử',N'','2022-10-27',4);
INSERT INTO "Comment"("productId","name","content","date","rate") VALUES (58,N'HUỲNH THỊ THANH TRÚC',N'','2022-12-05',4);
INSERT INTO "Comment"("productId","name","content","date","rate") VALUES (58,N'Anh Tâm',N'','2022-06-15',5);
INSERT INTO "Comment"("productId","name","content","date","rate") VALUES (58,N'Đoàn Chúc Loan',N'','2023-09-05',5);
INSERT INTO "Comment"("productId","name","content","date","rate") VALUES (58,N'NGUYỄN THỊ PHƯƠNG',N'','2022-08-18',4);
INSERT INTO "Comment"("productId","name","content","date","rate") VALUES (58,N'Nguyễn Thịnh',N'','2023-03-14',5);
INSERT INTO "Comment"("productId","name","content","date","rate") VALUES (58,N'Chị Hận',N'','2023-09-30',5);
INSERT INTO "Comment"("productId","name","content","date","rate") VALUES (58,N'NGUYỄN THỊ TRƯỜNG AN',N'','2023-04-17',5);
INSERT INTO "Comment"("productId","name","content","date","rate") VALUES (58,N'Anh cường',N'Tạm ổn','2023-04-08',3);
INSERT INTO "Comment"("productId","name","content","date","rate") VALUES (58,N'NGUYỄN THỊ THÙY LINH',N'','2022-10-01',5);
INSERT INTO "Comment"("productId","name","content","date","rate") VALUES (58,N'TRƯƠNG VĂN TRÍ',N'','2023-11-29',5);
INSERT INTO "Comment"("productId","name","content","date","rate") VALUES (58,N'TRẦN VIẾT KHOA',N'','2023-08-15',5);
INSERT INTO "Comment"("productId","name","content","date","rate") VALUES (58,N'Trần Thúc Luân',N'','2023-06-28',5);
INSERT INTO "Comment"("productId","name","content","date","rate") VALUES (58,N'NGUYỄN THỊ TRƯỜNG AN',N'','2021-12-20',5);
INSERT INTO "Comment"("productId","name","content","date","rate") VALUES (58,N'Anh hùng',N'','2022-10-12',5);
INSERT INTO "Comment"("productId","name","content","date","rate") VALUES (58,N'Phan Thị Liên',N'','2022-08-27',4);
INSERT INTO "Comment"("productId","name","content","date","rate") VALUES (58,N'PHẠM THỊ NGỌC PHI',N'','2022-01-13',5);
INSERT INTO "Comment"("productId","name","content","date","rate") VALUES (58,N'Thảo',N'','2023-10-27',4);
INSERT INTO "Comment"("productId","name","content","date","rate") VALUES (58,N'Trần Quốc Khải',N'','2023-07-25',4);
INSERT INTO "Comment"("productId","name","content","date","rate") VALUES (58,N'Anh Phi',N'','2022-01-29',5);
INSERT INTO "Comment"("productId","name","content","date","rate") VALUES (58,N'LÒ THỊ MINH',N'','2022-04-19',5);
INSERT INTO "Comment"("productId","name","content","date","rate") VALUES (58,N'NGUYỄN THỊ HẠNH',N'','2023-06-18',5);
INSERT INTO "Comment"("productId","name","content","date","rate") VALUES (58,N'NGUYỄN THỊ HỒNG YẾN',N'','2023-03-07',5);
INSERT INTO "Comment"("productId","name","content","date","rate") VALUES (58,N'LÊ HỒNG Ý',N'','2023-06-22',2);
INSERT INTO "Comment"("productId","name","content","date","rate") VALUES (58,N'VY THỊ THU THỦY',N'','2022-05-27',3);
INSERT INTO "Comment"("productId","name","content","date","rate") VALUES (58,N'TRƯƠNG THỊ ÚT',N'','2023-07-20',5);
INSERT INTO "Comment"("productId","name","content","date","rate") VALUES (58,N'LÊ VĂN LĨNH',N'','2022-08-05',3);
INSERT INTO "Comment"("productId","name","content","date","rate") VALUES (58,N'Sen',N'','2022-05-30',5);
INSERT INTO "Comment"("productId","name","content","date","rate") VALUES (58,N'Azzeddine Ben salah',N'','2023-03-31',5);
INSERT INTO "Comment"("productId","name","content","date","rate") VALUES (58,N'NGUYỄN THỊ YẾN',N'','2023-01-03',5);
INSERT INTO "Comment"("productId","name","content","date","rate") VALUES (58,N'Mạnh',N'','2022-12-07',5);
INSERT INTO "Comment"("productId","name","content","date","rate") VALUES (58,N'SANG ĐÀO CƠ',N'','2023-03-14',5);
INSERT INTO "Comment"("productId","name","content","date","rate") VALUES (58,N'Thanh thảo',N'','2022-08-13',5);
INSERT INTO "Comment"("productId","name","content","date","rate") VALUES (58,N'Vo Thanh Tuan',N'','2023-12-13',5);
INSERT INTO "Comment"("productId","name","content","date","rate") VALUES (58,N'Nhật Giang',N'','2022-07-20',5);
INSERT INTO "Comment"("productId","name","content","date","rate") VALUES (58,N'PHẠM VĂN GIÀU',N'','2021-12-09',5);
INSERT INTO "Comment"("productId","name","content","date","rate") VALUES (58,N'Bích Huyền',N'','2022-10-29',4);
INSERT INTO "Comment"("productId","name","content","date","rate") VALUES (58,N'Lê Nguyễn Hoàng Huy',N'','2022-04-28',5);
INSERT INTO "Comment"("productId","name","content","date","rate") VALUES (58,N'Hiếu',N'','2022-12-24',5);
INSERT INTO "Comment"("productId","name","content","date","rate") VALUES (58,N'Chị Xuyên',N'','2023-12-08',3);
INSERT INTO "Comment"("productId","name","content","date","rate") VALUES (58,N'Nguyễn Văn Minh',N'','2023-05-14',4);
INSERT INTO "Comment"("productId","name","content","date","rate") VALUES (58,N'Chị Thuỷ',N'','2022-07-17',3);
INSERT INTO "Comment"("productId","name","content","date","rate") VALUES (58,N'NGUYỄN VĂN THƠM',N'','2021-10-20',3);
INSERT INTO "Comment"("productId","name","content","date","rate") VALUES (58,N'Rơ Yam Khuyn Ly',N'','2023-11-28',5);
INSERT INTO "Comment"("productId","name","content","date","rate") VALUES (58,N'ĐẶNG THỊ HUỲNH TRÂM',N'','2023-10-11',4);
INSERT INTO "Comment"("productId","name","content","date","rate") VALUES (58,N'Nguyễn Anh Dũng',N'','2021-12-31',5);
INSERT INTO "Comment"("productId","name","content","date","rate") VALUES (58,N'NGUYỄN NGỌC HÙNG',N'','2022-12-02',4);
INSERT INTO "Comment"("productId","name","content","date","rate") VALUES (58,N'Bão Châu',N'','2021-12-27',4);
INSERT INTO "Comment"("productId","name","content","date","rate") VALUES (58,N'Linh',N'','2022-06-22',5);
INSERT INTO "Comment"("productId","name","content","date","rate") VALUES (58,N'Khánh',N'','2023-01-11',3);
INSERT INTO "Comment"("productId","name","content","date","rate") VALUES (58,N'Nguyễn Mạnh Huỳnh',N'','2022-10-29',5);
INSERT INTO "Comment"("productId","name","content","date","rate") VALUES (58,N'Phạm Thị Trong',N'','2023-06-21',5);
INSERT INTO "Comment"("productId","name","content","date","rate") VALUES (58,N'TRẦN LÂM LAN ANH',N'','2023-10-26',5);
INSERT INTO "Comment"("productId","name","content","date","rate") VALUES (58,N'HỒ VĂN KHẢI',N'','2022-02-20',5);
INSERT INTO "Comment"("productId","name","content","date","rate") VALUES (58,N'QUÁCH HOÀNG NGÂN',N'','2023-03-14',4);
INSERT INTO "Comment"("productId","name","content","date","rate") VALUES (58,N'Cô Hoa',N'','2022-04-08',4);
INSERT INTO "Comment"("productId","name","content","date","rate") VALUES (58,N'LÊ THIÊN ÂN',N'','2022-01-15',4);
INSERT INTO "Comment"("productId","name","content","date","rate") VALUES (58,N'HUỲNH THỊ KIM ANH',N'','2023-03-03',5);
INSERT INTO "Comment"("productId","name","content","date","rate") VALUES (58,N'Nguyễn Nam',N'','2022-12-01',5);
INSERT INTO "Comment"("productId","name","content","date","rate") VALUES (58,N'ĐẶNG THU NGÂN',N'','2023-07-08',4);
INSERT INTO "Comment"("productId","name","content","date","rate") VALUES (58,N'Chị An',N'','2022-06-30',5);
INSERT INTO "Comment"("productId","name","content","date","rate") VALUES (58,N'TRẦN VĂN TÂN',N'','2023-07-12',5);
INSERT INTO "Comment"("productId","name","content","date","rate") VALUES (58,N'Vũ Tần Quốc Bình',N'','2023-12-13',4);
INSERT INTO "Comment"("productId","name","content","date","rate") VALUES (58,N'Anh Kiệt',N'','2022-07-23',5);
INSERT INTO "Comment"("productId","name","content","date","rate") VALUES (58,N'Huyền',N'','2023-02-09',4);
INSERT INTO "Comment"("productId","name","content","date","rate") VALUES (58,N'HUỲNH THỊ THANH XUÂN',N'','2022-08-28',4);
INSERT INTO "Comment"("productId","name","content","date","rate") VALUES (58,N'Tiến',N'','2022-02-08',3);
INSERT INTO "Comment"("productId","name","content","date","rate") VALUES (58,N'Khánh',N'','2023-07-15',5);
INSERT INTO "Comment"("productId","name","content","date","rate") VALUES (58,N'Thu Hà',N'','2022-04-25',4);
INSERT INTO "Comment"("productId","name","content","date","rate") VALUES (58,N'Nguyễn Thị Minh Kha',N'','2022-09-09',3);
INSERT INTO "Comment"("productId","name","content","date","rate") VALUES (58,N'TẠ THỊ BÍCH HƯƠNG',N'','2023-07-16',5);
INSERT INTO "Comment"("productId","name","content","date","rate") VALUES (58,N'Anh liệt',N'','2023-08-29',3);
INSERT INTO "Comment"("productId","name","content","date","rate") VALUES (58,N'HUỲNH THỊ BẠCH TUYẾT',N'','2023-10-09',5);
INSERT INTO "Comment"("productId","name","content","date","rate") VALUES (58,N'Vũ Thị Chung',N'','2023-10-19',4);
INSERT INTO "Comment"("productId","name","content","date","rate") VALUES (58,N'Nguyễn Kim Vinh',N'','2022-10-03',4);
INSERT INTO "Comment"("productId","name","content","date","rate") VALUES (58,N'Cô hoạch',N'','2023-01-01',4);
INSERT INTO "Comment"("productId","name","content","date","rate") VALUES (58,N'Trung',N'','2023-07-24',5);
INSERT INTO "Comment"("productId","name","content","date","rate") VALUES (58,N'BÀN VĂN THANH',N'','2022-06-25',5);
INSERT INTO "Comment"("productId","name","content","date","rate") VALUES (58,N'VĂN THỊ THIÊN NHI',N'','2021-12-15',4);
INSERT INTO "Comment"("productId","name","content","date","rate") VALUES (58,N'MAI THỊ KIỀU',N'','2023-10-01',5);
INSERT INTO "Comment"("productId","name","content","date","rate") VALUES (58,N'NGUYỄN THỊ THẮM',N'','2022-08-12',5);
INSERT INTO "Comment"("productId","name","content","date","rate") VALUES (58,N'LÙ QUỐC CƯỜNG',N'','2022-03-18',5);
INSERT INTO "Comment"("productId","name","content","date","rate") VALUES (58,N'PHẠM THU HƯỜNG',N'','2023-07-16',4);
INSERT INTO "Comment"("productId","name","content","date","rate") VALUES (58,N'TRẦN KIM TUYỀN',N'','2022-06-04',5);
INSERT INTO "Comment"("productId","name","content","date","rate") VALUES (58,N'Hồ Chí Kha',N'','2022-03-31',4);
INSERT INTO "Comment"("productId","name","content","date","rate") VALUES (58,N'Vũ Xuân Khởi',N'','2023-05-13',3);
INSERT INTO "Comment"("productId","name","content","date","rate") VALUES (58,N'HOÀNG THỊ THẮM',N'','2022-03-10',3);
INSERT INTO "Comment"("productId","name","content","date","rate") VALUES (58,N'Nguyễn Văn Thành',N'','2022-05-17',4);
INSERT INTO "Comment"("productId","name","content","date","rate") VALUES (58,N'DANH THỊ DIỆU',N'','2022-08-18',5);
INSERT INTO "Comment"("productId","name","content","date","rate") VALUES (58,N'LÊ VĂN CÔNG',N'','2022-09-12',5);
INSERT INTO "Comment"("productId","name","content","date","rate") VALUES (58,N'Tạ Thị Nga',N'','2022-03-02',4);
INSERT INTO "Comment"("productId","name","content","date","rate") VALUES (58,N'Vũ Thị Mai',N'Đt dung rất tốt','2022-07-26',5);
INSERT INTO "Comment"("productId","name","content","date","rate") VALUES (58,N'LÊ THANH TÙNG',N'','2023-08-07',4);
INSERT INTO "Comment"("productId","name","content","date","rate") VALUES (58,N'TRẦN THANH TUẤN',N'','2021-12-12',4);
INSERT INTO "Comment"("productId","name","content","date","rate") VALUES (58,N'Anh Huy',N'','2022-04-11',5);
INSERT INTO "Comment"("productId","name","content","date","rate") VALUES (58,N'Phan Van Luan',N'','2023-02-26',5);
INSERT INTO "Comment"("productId","name","content","date","rate") VALUES (58,N'Tran Thi Be Hien',N'','2022-09-17',4);
INSERT INTO "Comment"("productId","name","content","date","rate") VALUES (58,N'LÒ TRUNG SỸ',N'','2022-10-05',4);
INSERT INTO "Comment"("productId","name","content","date","rate") VALUES (58,N'TRỊNH HIỆP AN',N'','2022-05-13',4);
INSERT INTO "Comment"("productId","name","content","date","rate") VALUES (58,N'Ý',N'','2021-10-26',5);
INSERT INTO "Comment"("productId","name","content","date","rate") VALUES (58,N'NGUYỄN THỊ THÚY TRÂM',N'','2022-03-06',5);
INSERT INTO "Comment"("productId","name","content","date","rate") VALUES (58,N'Xuyến',N'','2023-05-07',5);
INSERT INTO "Comment"("productId","name","content","date","rate") VALUES (58,N'NGUYỄN NGỌC HIỀN',N'','2022-05-20',3);
INSERT INTO "Comment"("productId","name","content","date","rate") VALUES (58,N'Anh Tính',N'','2023-05-25',3);
INSERT INTO "Comment"("productId","name","content","date","rate") VALUES (58,N'Nguyễn Thanh Trúc',N'','2022-09-13',5);
INSERT INTO "Comment"("productId","name","content","date","rate") VALUES (58,N'Nguyễn Văn Danh',N'','2022-09-17',4);
INSERT INTO "Comment"("productId","name","content","date","rate") VALUES (58,N'NGUYỄN VĂN KHUYÊN',N'','2023-01-05',4);
INSERT INTO "Comment"("productId","name","content","date","rate") VALUES (58,N'Huỳnh Thành Đô',N'','2022-06-19',5);
INSERT INTO "Comment"("productId","name","content","date","rate") VALUES (58,N'HUỲNH THỊ KIM CHI',N'','2022-02-25',5);
INSERT INTO "Comment"("productId","name","content","date","rate") VALUES (58,N'THÀO TRỔ',N'','2023-08-21',3);
INSERT INTO "Comment"("productId","name","content","date","rate") VALUES (58,N'Nguyễn Thị Bích Ngọc',N'','2023-09-14',5);
INSERT INTO "Comment"("productId","name","content","date","rate") VALUES (58,N'Mai Thành Tín',N'','2023-12-16',4);
INSERT INTO "Comment"("productId","name","content","date","rate") VALUES (58,N'Ho Huynh Nhu',N'','2023-05-06',4);
INSERT INTO "Comment"("productId","name","content","date","rate") VALUES (58,N'ĐỖ LINH DƯƠNG',N'','2023-11-15',5);
INSERT INTO "Comment"("productId","name","content","date","rate") VALUES (58,N'Chú Hạnh',N'','2021-11-10',4);
INSERT INTO "Comment"("productId","name","content","date","rate") VALUES (58,N'Nguyễn Hữu Hải',N'Máy xài rất là oke máy xài mượt và pin rất là được lâu oke','2021-11-30',5);

INSERT INTO "Product" ("productId","total","typeId","image","cost","price","discount","rate","releaseDate","name") VALUES (59, 61, 6,'https://cdn.tgdd.vn/Products/Images/42/304162/realme-11-vang-thumb-1-600x600.jpg',4990000,7990000,6,4.4,'2022-05-02', N'Điện thoại realme 11 256GB');
INSERT INTO "ProductDetail" ("productId","screen","os","cameraBehind","cameraFront","cpu","ram","rom","battery","sim") VALUES (59,N'Super AMOLED, 6.4", Full HD+',N'Android 13',N'Chính 108 MP & Phụ 2 MP',N'16 MP',N'MediaTek Helio G99', N'8 GB',N'256 GB',N'5000 mAh',N'2 Nano SIM');
INSERT INTO "Comment"("productId","name","content","date","rate") VALUES (59,N'TÔ THỊ KIM BIÊN',N'Máy cấu hình mạnh, hình ảnh đẹp mượt mà, tốt nên mua','2022-08-31',5);
INSERT INTO "Comment"("productId","name","content","date","rate") VALUES (59,N'Ánh',N'Sản phẩm dùng cực mượt 
 Chơi game , xem phim lướt mạng đều rất nhanh
 Thiết kế quá tinh tế luôn
 Lắp ốp vào còn sang chảnh hơn 
 Gia đình mình đều dùng Realme được 4,5 năm rồi
 Mỗi lần mua điện thoại mới Realme là thương hiệu mình tin dùng. Giá thành rẻ, chất lượng tuyệt vời','2023-10-29',5);
INSERT INTO "Comment"("productId","name","content","date","rate") VALUES (59,N'Phan Hồng Loan',N'Sài rất ok dáng đẹp','2022-11-04',5);
INSERT INTO "Comment"("productId","name","content","date","rate") VALUES (59,N'Thuận',N'Giá khá đắt so với thông số của điện thoại, Nhưng đây là máy chính hãng như thế cũng ổn rồi,chơi game tầm trung chụp hình,lướt tik tok xem youtube đùng hàng ngày cũng ok','2023-10-09',5);
INSERT INTO "Comment"("productId","name","content","date","rate") VALUES (59,N'Anh Thắng',N'Tạm ổn','2022-06-23',3);
INSERT INTO "Comment"("productId","name","content","date","rate") VALUES (59,N'An',N'Âm thanh lớn nhưng không mượt như Sony. Tốc độ xử lý video và chất lượng hình ảnh ok.Giáo diện chọn cuộc gọi giữa 2 sim không nhanh bằng Samsung.','2023-07-30',3);
INSERT INTO "Comment"("productId","name","content","date","rate") VALUES (59,N'Bùi Đức Dương',N'Rất tốt','2022-11-12',4);
INSERT INTO "Comment"("productId","name","content","date","rate") VALUES (59,N'Trần Nhựt Thanh',N'','2022-06-06',5);

INSERT INTO "Product" ("productId","total","typeId","image","cost","price","discount","rate","releaseDate","name") VALUES (60, 150, 6,'https://cdn.tgdd.vn/Products/Images/42/309821/realme-11-pro-plus-5g-thumb-600x600.jpeg',10990000,14990000,10,4.6,'2019-07-14', N'Điện thoại realme 11 Pro+ 5G');
INSERT INTO "ProductDetail" ("productId","screen","os","cameraBehind","cameraFront","cpu","ram","rom","battery","sim") VALUES (60,N'AMOLED, 6.7", Full HD+',N'Android 13',N'Chính 200 MP & Phụ 8 MP, 2 MP	',N'32 MP',N'MediaTek Dimensity 7050 5G 8 nhân', N'12 GB',N'512 GB',N'5000 mAh',N'2 Nano SIM');
INSERT INTO "Comment"("productId","name","content","date","rate") VALUES (60,N'Mr Hồng',N'Mình đã mua và sử dụng dc 10 ngày . Mình công nhận chưa bao giờ cầm chiếc điện thoại nào êm và k trơn như em này. Điều mình thích nhất đó là bộ nhớ 512G và sạc rất nhanh đâu đó 25 phút khi 19% . Còn về phần mềm thì cũng giống oppo thôi camera nói là 200MP nhưng theo mình cảm nhận thì nó cũng chỉ nhỉnh hơn tí so với mấy cái máy tầm 6 triệu. K thể bằng dc iphone và samsung hiện mình đang dùng 2 dòng cao cấp mua thêm em này vì tò mò . Mình chia sẻ cho ae nào sắp mua để biết nhé. Thứ nhất nếu a em tín đồ chơi game hoặc chụp ảnh thì k nên chọn em này . Với số tiền 14 triệu thì khẳng định chỉ mua dc cái sạc rất nhanh và bộ nhớ lớn. Còn ngoài ra nó cũng xếp vào máy tầm trên trung tí thôi anh em nhé.màn hình k bằng dc samsung chụp ảnh k bằng dc iphone. Mình chia sẻ vậy ae nào phù hợp với mục đích thì mua. Ok','2022-12-21',3);
INSERT INTO "Comment"("productId","name","content","date","rate") VALUES (60,N'Võ Thanh Nghĩa',N'Sử dụng mượt mà, hình ảnh sắc nét','2023-04-03',5);
INSERT INTO "Comment"("productId","name","content","date","rate") VALUES (60,N'Ngọc',N'Sd rất tốt.muot .pin trâu.cam chụp hình đẹp.sac nhanh lắm','2023-04-20',4);
INSERT INTO "Comment"("productId","name","content","date","rate") VALUES (60,N'Nguyễn Trọng Thê',N'Mới mua ngày 16/7Ưu điểm nhẹ dùng mượt quay video chống rung rất tót vì có 2 chế độ chống rung mở khoá khuôn mặt khá tốt vấn tay rất nhậy sặc nhanh thì khỏi nói Nhược điểm độ sáng có 900 nên khi quay video lâu ngoài trời nắng là nó tối nhìn không rõ như video mình quay đến gần cuối tàm phút thứ 15 đến 17 là nhìn không được mà chống rung thì rất okApp Market và internet browser khi vào thì liên tục bị quảng cáo nên dùng chrome và không sài app marketkhông biết có cách nào gỡ đi được khônghttps//youtu.be/he1wHfaYnA','2023-02-26',5);
INSERT INTO "Comment"("productId","name","content","date","rate") VALUES (60,N'trịnh manh',N'rất tốt chụp ảnh đẹp nét lắm nhé 200mp mình thấy chụp ảnh rất là nét','2021-06-18',5);
INSERT INTO "Comment"("productId","name","content","date","rate") VALUES (60,N'Nguyễn Hải Long',N'','2023-09-14',5);
INSERT INTO "Comment"("productId","name","content","date","rate") VALUES (60,N'Biện Hữu Ái',N'','2019-11-11',5);

INSERT INTO "Product" ("productId","total","typeId","image","cost","price","discount","rate","releaseDate","name") VALUES (61, 197, 6,'https://cdn.tgdd.vn/Products/Images/42/304222/realme-11-pro-5g-green-thumb-1-600x600.jpg',8990000,11990000,4,3.8,'2021-09-22', N'Điện thoại realme 11 Pro 5G');
INSERT INTO "ProductDetail" ("productId","screen","os","cameraBehind","cameraFront","cpu","ram","rom","battery","sim") VALUES (61,N'AMOLED, 6.7", Full HD+',N'Android 13',N'Chính 100 MP & Phụ 2 MP',N'16 MP',N'MediaTek Dimensity 7050 5G 8 nhân', N'8 GB',N'256 GB',N'5000 mAh',N'2 Nano SIM');
INSERT INTO "Comment"("productId","name","content","date","rate") VALUES (61,N'Ngân',N'Đa nhiệm tốt lắm, mượt','2022-09-18',5);
INSERT INTO "Comment"("productId","name","content","date","rate") VALUES (61,N'Lê Văn Nhăm',N'Màng ám vàng vào nhiều app bị văng ra','2023-12-11',1);
INSERT INTO "Comment"("productId","name","content","date","rate") VALUES (61,N'Phạm Hữu Nghĩa',N'Rất OK nha thiết kế đẹp sạc nhanh ok','2022-06-28',5);
INSERT INTO "Comment"("productId","name","content","date","rate") VALUES (61,N'hánht',N'thiết kế mặt lưng đẹp điểm trừ camera kô có cam góc rộng khi bỏ gần 12 mua điện thoại nầy','2023-05-19',4);
INSERT INTO "Comment"("productId","name","content","date","rate") VALUES (61,N'Lê Kiên Cường',N'','2022-10-31',4);

INSERT INTO "Product" ("productId","total","typeId","image","cost","price","discount","rate","releaseDate","name") VALUES (62, 112, 6,'https://cdn.tgdd.vn/Products/Images/42/292672/realme-10-thumb-1-600x600.jpg',5390000,6390000,15,4.1,'2021-10-29', N'Điện thoại realme 10');
INSERT INTO "ProductDetail" ("productId","screen","os","cameraBehind","cameraFront","cpu","ram","rom","battery","sim") VALUES (62,N'Super AMOLED, 6.4", Full HD+',N'Android 12',N'Chính 50 MP & Phụ 2 MP',N'16 MP',N'MediaTek Helio G99', N'8 GB',N'256 GB',N'5000 mAh',N'2 Nano SIM');
INSERT INTO "Comment"("productId","name","content","date","rate") VALUES (62,N'Anh Vĩnh',N'Bộ nhớ và pin lớn, xài tiện lắm','2023-06-07',4);
INSERT INTO "Comment"("productId","name","content","date","rate") VALUES (62,N'Anh Minh',N'Đung la cang ngay công nghê cang cao may nay sư dung tôt hơn nhưng may trươc đây minh đa xai','2023-07-26',5);
INSERT INTO "Comment"("productId","name","content","date","rate") VALUES (62,N'Khái',N'xxxx542417 KT giúp e điện thoại realme cỷa e còn bảo hành kh ạ','2022-07-02',5);
INSERT INTO "Comment"("productId","name","content","date","rate") VALUES (62,N'Huỳnh my',N'Này là realme 10 4g hay sao ạ','2022-09-10',5);
INSERT INTO "Comment"("productId","name","content","date","rate") VALUES (62,N'Duy',N'Đt sử dụng khá tốt Dạ cho em hỏi ốp lưng tặng kèm có bán lẻ ko ạ','2023-06-28',3);
INSERT INTO "Comment"("productId","name","content","date","rate") VALUES (62,N'VR',N'Mặt lưng sản phẩm có dán giấy dán ghi thông tin sản phẩm thì có gỡ bỏ được ko','2023-07-08',4);
INSERT INTO "Comment"("productId","name","content","date","rate") VALUES (62,N'Nguyễn Trường Nguyên',N'Quá ok','2023-02-15',5);
INSERT INTO "Comment"("productId","name","content","date","rate") VALUES (62,N'Hồ Thị Diễm Nguyên',N'Em mua con từ đợt ngày 10/10 về xài cũng gần cuối tháng , cập nhật nâng phiên bản mới sao khi cập nhật xong trải nghiệm máy giật lag','2022-03-01',3);
INSERT INTO "Comment"("productId","name","content","date","rate") VALUES (62,N'Võ Thành Cẩm',N'Mới dùng thì thấy ok. Không biết về lâu dài ntn','2023-03-23',5);
INSERT INTO "Comment"("productId","name","content","date","rate") VALUES (62,N'Châu Thị Mỹ Hạnh',N'Máy mượt, mới dùng nên chưa đánh giá hết được. Ổn','2022-10-02',5);
INSERT INTO "Comment"("productId","name","content","date","rate") VALUES (62,N'Phạm Đức Hiếu',N'Mới mua được 1 tháng sài cứ lâu lâu bị dăng khỏi ứng dụng và Sài dữ liệu di động rất yếuĐề nghị khắc phục','2023-07-26',1);
INSERT INTO "Comment"("productId","name","content","date","rate") VALUES (62,N'Dũng',N'Thật sự rất tệ. Tệ từ linh kiện máy đến nhà phân phối bảo hành. Riêng cá nhân tôi sẽ không mua dòng Realme và sử dụng nữa.','2022-04-25',1);
INSERT INTO "Comment"("productId","name","content","date","rate") VALUES (62,N'Thanh Nguyễn',N'Sản phẩm quá tuyệt vời.muc giá phù hợp cấu hình ngon mạnh mẽ ko khác gì sản phẩm cao cấp.ko có gì để chê. Sẽ ủng hộ hãng realme lâu dài.','2023-03-09',5);
INSERT INTO "Comment"("productId","name","content","date","rate") VALUES (62,N'Nguyễn Thành Vinh',N'Relme 10 là cái đt thiết kế và màu đẹp nhất trong dòng relme bây giờ rùi','2022-07-23',5);
INSERT INTO "Comment"("productId","name","content","date","rate") VALUES (62,N'Trần Hoàng Thiện',N'Sau 2 tuần dùng thì máy ổn trong tầm giá mua Onl 5triệu . Còn mua mới với giá 7tr thì không nên.Nhược ĐiểmMàn hình hiển thị màu không được đẹp lắmLoa quá nhỏ full lên 200% thì lại quá rèSóng 4g dùng hơi yếu còn wifi thì ổnCam chụp tương đối ổn chứ k phải đẹp dù là 50MPVề phần pin là sạc superVOOC nhưng cũng như xạc nhanh khác. 40p cho 50% pin.Ưu ĐiểmThiết kế đẹp gọn , mặt sau bằng kính nhìn rất okMua máy có sẳn ốp + củ sạc nên mua là dùng luôn k phải lăn tăn tìm kiếm phụ kiện máyPIN 5000 dùng công việc thì tầm 2 ngày. Còn coi phim toptop fb liên tục thì tầm 1 ngày Bộ nhớ lớn lưu trữ nhiềuTùy vào nhu cầu xử dụng. Nhưng tài chính 5tr thì ổn','2023-01-30',4);
INSERT INTO "Comment"("productId","name","content","date","rate") VALUES (62,N'NGUYỄN THỊ THANH TUYỀN',N'Điện thoại xài êm','2022-08-25',4);
INSERT INTO "Comment"("productId","name","content","date","rate") VALUES (62,N'Minh Thư',N'Giá như này thì thấy tốt mình chơi genshin vẫn mượt lúc mới mua hay bị trường hợp mất mạng rồi có lại','2023-07-13',4);
INSERT INTO "Comment"("productId","name","content","date","rate") VALUES (62,N'Nguyễn Văn ty',N'Máy này chơi game khá lag giật loa hơi rè ngoại hình thì ok mà cái camera trước đặt chỗ mất thẩm mỹ quá','2022-05-03',3);
INSERT INTO "Comment"("productId","name","content","date","rate") VALUES (62,N'Vũ Anh Tuấn',N'Hàng khá OK chip xử lý ổn chơi game đồ hoạ đẹp rất đáng tiền','2022-02-19',5);
INSERT INTO "Comment"("productId","name","content","date","rate") VALUES (62,N'Luna channel',N'Sau 1 tuần sử dụng Realme 10 thì mình có vài ý kiến.Loa đơn âm hơi nhỏ nếu bấm 200% loa nghe hơi è è. Nhưng do đa số mình dùng tai nghe bluet nên phần này khỏng sao.Chip Helio G99 chạy ổn máy cũ mình đang dùng là realme 7 Helio G95 thì thấy realme 7 của mình chạy nhanh hơn 1 chútmáy dùng3năm rồiCam chụp rất đẹp ảnh sắc nétquay video không chống rung nhưng thấy cũng ổn định.Bộ nhớ 256g nầm giá mình mua đc 4.xx thì thấy ổn Nên mua nha mn. Cầm vừa tay viền thẳng không cong mõng bộ vỏ màu khá đẹp.mình chọn đen khá là sang sạch. Có ốp tối màu và miếng dán sẵn..mua về dùng ngay không phải lăn tăn đi dán','2023-08-30',4);
INSERT INTO "Comment"("productId","name","content","date","rate") VALUES (62,N'Hoàng pháp',N'Sao đt không lưu nhạc về ứng dụng nhạc của máy dc z','2022-10-26',4);
INSERT INTO "Comment"("productId","name","content","date","rate") VALUES (62,N'Chị Điểm',N'Hang dep chat luong ok','2022-05-10',5);
INSERT INTO "Comment"("productId","name","content","date","rate") VALUES (62,N'Chị Trang',N'Thấy oki trong tầm giá','2021-12-31',5);
INSERT INTO "Comment"("productId","name","content","date","rate") VALUES (62,N'Kim Ái',N'máy mượt đôi khi cũng bị đơ sài 1 thời gian pin tụt nhanh hơn so với ban đầu','2023-12-19',4);
INSERT INTO "Comment"("productId","name","content","date","rate") VALUES (62,N'Bửu Nghi',N'Đôi khi hay bị đơ máy dù k xài liên tục ai có ý định mua chơi game thì chọn chip snapdragon vì chip này chơi k mượt hay bị cà giựt còn kiểu dáng màu săc thì đẹp','2023-12-02',4);
INSERT INTO "Comment"("productId","name","content","date","rate") VALUES (62,N'Dung',N'Mới dùng. Thấy cũng ổn khá mượt ạ','2023-06-13',5);
INSERT INTO "Comment"("productId","name","content","date","rate") VALUES (62,N'Phạm Bá An',N'Mình đã test 1 ngày thấy xem youtube, lướt facebook, zalo rất mượt và xử lý nhanh. Màn hình đẹp, pin khoẻ, chụp hình và quay phim cũng đẹp.
 (Ko chơi game nên mình ko đánh giá khoản này).
 Hai bạn nữ ở TGDD  số 669, đường Phan Đình Phùng, Kon Tum rất vui vẻ và nhiệt tình. Cảm ơn 2 bạn.
 Nói chung xứng đáng 5 sao về mọi mặt.','2022-05-03',5);
INSERT INTO "Comment"("productId","name","content","date","rate") VALUES (62,N'Đỗ Quang Tý',N'Tốt','2022-01-02',4);
INSERT INTO "Comment"("productId","name","content","date","rate") VALUES (62,N'Tạ Văn Hợi',N'Sử dụng rất ổn.','2023-08-16',5);
INSERT INTO "Comment"("productId","name","content","date","rate") VALUES (62,N'Viết Hựp',N'Cần nâng cao phân mềm','2022-02-16',5);
INSERT INTO "Comment"("productId","name","content","date","rate") VALUES (62,N'Mai Tuấn Vũ',N'Ok','2023-06-23',5);
INSERT INTO "Comment"("productId","name","content","date","rate") VALUES (62,N'Bông',N'Máy đẹp, mượt, cấu hình cao, quá ok
 Pgs bán hàng xinh gái 😃','2021-11-21',5);
INSERT INTO "Comment"("productId","name","content","date","rate") VALUES (62,N'Lư Tất Thành',N'Dòng điện thoại rất hợp với mọi lứa tuổi , hình dáng trẻ trung , màu sắc cá tính ! 
 Và bộ phận bán hàng chu đáo nhiệt tình ! 
 Cảm ơn','2022-04-17',5);
INSERT INTO "Comment"("productId","name","content","date","rate") VALUES (62,N'Anh Lâm A Ly',N'Dùng cũng tạm ổn','2023-09-03',3);
INSERT INTO "Comment"("productId","name","content","date","rate") VALUES (62,N'Mạnh',N'-Máy hao pin khá nhanh dù mình không chơi game, chỉ lâu lâu lướt face book, messenger, zalo ( không video call) mà chỉ đc ngày rưỡi.
 -Máy đôi khi có hiện tượng nhấn phím back nhiều lần cũng không thoát đc khỏi ứng dụng (fb, youtube, zalo)
 -Camera ở mức bình thường.
 -Để máy qua đêm đôi khi tự tắt nguồn khởi động lại dù trước đó đã đóng hết ứng dụng ngầm và pin còn trên 50%','2022-09-05',3);
INSERT INTO "Comment"("productId","name","content","date","rate") VALUES (62,N'Nguyễn thị hồng như',N'Trong tầm giá này thì thấy tam ổn dung lượng nhiều mang hình sáng, sạc pin nhanh, pin dùng cả ngày k hết, có cái loa k trong','2022-09-16',5);
INSERT INTO "Comment"("productId","name","content","date","rate") VALUES (62,N'Trương Thanh Trúc',N'Sau vài ngày trải nghiệm thì mình có nhận xét như này: máy màu đen thiết kế đẹp, màn hình amoled rõ sáng nên cũng hơi tốn pin một chút, camera chụp ổn, điện thoại chơi game pubg mượt. 
 Loa âm thanh hơi nhỏ không lớn lắm, có khá nhiều app làm mình phải xóa bớt những app không cần dùng, nhân viên nhiệt tình','2023-09-23',4);
INSERT INTO "Comment"("productId","name","content","date","rate") VALUES (62,N'NÔNG THỊ YẾN',N'Máy chụp hình đẹp.nho gọn','2023-05-26',4);
INSERT INTO "Comment"("productId","name","content","date","rate") VALUES (62,N'Vũ Thị Quỳnh',N'Sản phẩm ok','2022-06-27',5);
INSERT INTO "Comment"("productId","name","content","date","rate") VALUES (62,N'KTMD',N'Mình đã sử dụng hơn 1 tuần và thấy như sau:
 Thiết kế đẹp màn hình ổn áp có chống xước sẵn vân tay nhạy camera được chứ ko xuất sắc độ sáng khi ra trời nắng vẫn ổn loa với mh thì hơi nhỏ xíu xiu máy có nhiều tính năng tốt tải ứng dụng nhanh chơi game ff hay lq đều tốt đa nhiệm thì bth gọi đt bth tác vụ nhanh pin thì có vẻ do sd tấm màn super AMOLED nên khá tốn pin nma sạc nhanh bù lại thì ok(mh sạc từ 6% thì khoảng hơn 1h20p xíu là đầy mh thấy khá tốt lúc sạc hơi nóng tí thui) trg phân khúc chính hãng là ok nhứt ròi đáng mua nhé.
 Nhân viên hỗ trợ nhiệt tình ❤️','2022-08-16',5);
INSERT INTO "Comment"("productId","name","content","date","rate") VALUES (62,N'Nguyễn Văn Chỉnh',N'Máy giật làg, chơi game k ổn định, k cài đc xuống mạng 3G','2022-02-19',1);
INSERT INTO "Comment"("productId","name","content","date","rate") VALUES (62,N'TRẦN VĂN HƯỚNG',N'Tốt','2023-04-12',5);
INSERT INTO "Comment"("productId","name","content","date","rate") VALUES (62,N'Mai như an',N'Với cá nhân mình hài lòng với sản phẩm này. Một vài cảm nhận sau khi vọc em nó. Màn hình super AMOLED mà màu k đẹp lắm. Chơi games ghen shin tưởng chip k mạnh nhưng rất ổn máy ít nóng. Cam thấy cũng bt, chắc do nhìn hình của mấy máy đắt tiền quen nên máy giá rẻ k so sánh được. Máy có ốp lưng,đúng là của hãng xài vẫn thích hơn mua ở ngoài. Trước đi mua mấy cái đt poco redme gì đó có 3 triệu nhân viên vui vẻ tư vấn các kiểu @@. Giờ mỗi lần vô hỏi đt cũ, thấy mấy bạn mặt buồn buồn 😁.','2022-02-24',5);
INSERT INTO "Comment"("productId","name","content","date","rate") VALUES (62,N'Anh Trọng',N'Sản phẩm rất tốt','2022-01-16',4);
INSERT INTO "Comment"("productId","name","content","date","rate") VALUES (62,N'Nguyễn Hoàng Lợi',N'Sản phẩm tuyệt vời','2023-09-19',5);
INSERT INTO "Comment"("productId","name","content","date","rate") VALUES (62,N'Nguyễn hữu hùng',N'Đt gì mới mua sài xíu nó bị đơ bấm khôg dc','2023-11-25',1);
INSERT INTO "Comment"("productId","name","content","date","rate") VALUES (62,N'Nguyễn Thị Huế ',N'Thì thoảng đơ','2022-10-28',3);
INSERT INTO "Comment"("productId","name","content","date","rate") VALUES (62,N'Anh Tuấn',N'Máy thường xuyên bị lag, bấm gọi mà mãi mấy lần mới được. Quá tệ luôn','2022-01-12',1);
INSERT INTO "Comment"("productId","name","content","date","rate") VALUES (62,N'Văn Kiêm',N'Nhân viên chi nhánh Hỗ trợ rất chuyên nghiệp và tận tình','2023-03-08',5);
INSERT INTO "Comment"("productId","name","content","date","rate") VALUES (62,N'Lê Tấn Phát',N'OK','2021-11-09',5);
INSERT INTO "Comment"("productId","name","content","date","rate") VALUES (62,N'KHOA',N'Tốt nhân viên tư vấn tận tình','2023-07-29',4);
INSERT INTO "Comment"("productId","name","content","date","rate") VALUES (62,N'Trần Văn Thuận',N'Máy đẹp, chụp hình camera sau cũng ổn áp, bộ nhớ trong lớn, tha hồ lưu trữ','2023-03-11',5);
INSERT INTO "Comment"("productId","name","content","date","rate") VALUES (62,N'Duong Hoai Hau',N'Tốt','2023-04-07',5);
INSERT INTO "Comment"("productId","name","content","date","rate") VALUES (62,N'PHẠM QUỐC THÔNG',N'Điện thoại hay bị giật lag, cho dù tắt hết chỉ mở một ứng dụng duy nhất cũng đều bị hiện tượng giật lag đến mức không sử dụng được (zalo, messenger, FB).','2022-04-06',2);
INSERT INTO "Comment"("productId","name","content","date","rate") VALUES (62,N'NGUYỄN VĂN AN',N'Mình thấy rất OK','2023-07-13',4);
INSERT INTO "Comment"("productId","name","content","date","rate") VALUES (62,N'Mai Quốc tau',N'Bàn phím hay bị đơ bấm ko ăn.vào ứng dụng hay bị tự thoát ứng dụng. Camera kém','2021-12-05',2);
INSERT INTO "Comment"("productId","name","content","date","rate") VALUES (62,N'Nguyễn Quỳnh',N'Dùng cũng được một tuần, mình có một số nhận xét:
 1.So với cấu hình như máy công bố thì phần xử lý còn chưa ổn, đôi khi vào camera còn bị giật lắc
 2. Màn hình khá đẹp, rõ, màu sắc tối ưu, lướt mạng xã hội mượt, nhìn dễ chịu
 3. Camera chụp rõ, có các chế độ điều chỉnh ngay trên ứng dụng, tuy nhiên độ chống rung khi quay video chưa quá tốt
 4. Máy thiết kế đẹp
 Mình không chơi game nên xin không đánh giá','2023-04-11',4);
INSERT INTO "Comment"("productId","name","content","date","rate") VALUES (62,N'A Phúc',N'Mượt lắm nha có điều vân tay hơi lỗi xíu nhưng mà hog sao😙','2023-11-11',5);
INSERT INTO "Comment"("productId","name","content","date","rate") VALUES (62,N'ĐOÀN THANH BÌNH',N'Máy không mở được ứng dụng tin nhắn là sao ta?','2021-12-23',3);
INSERT INTO "Comment"("productId","name","content","date","rate") VALUES (62,N'CHIẾN',N'Pin trâu, lướt web và đánh game tốt. Sản phẩm rất ok','2023-11-18',5);
INSERT INTO "Comment"("productId","name","content","date","rate") VALUES (62,N'Lê Văn Nguyện',N'máy hơi chậm so với cấu hình','2023-07-15',4);
INSERT INTO "Comment"("productId","name","content","date","rate") VALUES (62,N'Do van huy',N'Máy mượt. Chơi game tốt trog tấm giá','2023-06-21',5);
INSERT INTO "Comment"("productId","name","content","date","rate") VALUES (62,N'Trần Thanh Hưng',N'Ok','2021-12-18',5);
INSERT INTO "Comment"("productId","name","content","date","rate") VALUES (62,N'Trần Tuấn Anh',N'','2022-04-27',5);
INSERT INTO "Comment"("productId","name","content","date","rate") VALUES (62,N'Lê Quốc Thái',N'','2023-09-08',5);
INSERT INTO "Comment"("productId","name","content","date","rate") VALUES (62,N'Chị Vân',N'','2022-10-17',4);
INSERT INTO "Comment"("productId","name","content","date","rate") VALUES (62,N'Chị Hạnh',N'','2023-09-23',3);
INSERT INTO "Comment"("productId","name","content","date","rate") VALUES (62,N'Vũ Thị Hoa',N'','2022-02-01',4);
INSERT INTO "Comment"("productId","name","content","date","rate") VALUES (62,N'Trịnh Đình Văn',N'','2022-12-30',5);
INSERT INTO "Comment"("productId","name","content","date","rate") VALUES (62,N'Đỗ Quốc Chiến',N'','2022-06-08',4);
INSERT INTO "Comment"("productId","name","content","date","rate") VALUES (62,N'Vinh',N'','2023-04-18',4);
INSERT INTO "Comment"("productId","name","content","date","rate") VALUES (62,N'Thuận',N'','2022-08-09',5);
INSERT INTO "Comment"("productId","name","content","date","rate") VALUES (62,N'Hùng lục',N'','2022-06-23',5);
INSERT INTO "Comment"("productId","name","content","date","rate") VALUES (62,N'NGUYEN QUOC HUY',N'','2023-05-31',5);

INSERT INTO "Product" ("productId","total","typeId","image","cost","price","discount","rate","releaseDate","name") VALUES (63, 82, 6,'https://cdn.tgdd.vn/Products/Images/42/311355/realme-c51-xanh-thumbnail-600x600.jpg',2460000,3690000,18,4.5,'2022-10-03', N'Điện thoại realme C51 (4GB/64GB)');
INSERT INTO "ProductDetail" ("productId","screen","os","cameraBehind","cameraFront","cpu","ram","rom","battery","sim") VALUES (63,N'IPS LCD, 6.74", HD+',N'Android 13',N'Chính 50 MP & Phụ 0.3 MP',N'5 MP',N'Unisoc Tiger T612', N'4 GB',N'64 GB',N'5000 mAh',N'2 Nano SIM');
INSERT INTO "Comment"("productId","name","content","date","rate") VALUES (63,N'Nguyễn Văn Lành',N'Tốt','2023-02-22',5);
INSERT INTO "Comment"("productId","name","content","date","rate") VALUES (63,N'Cát Văn Hưng',N'Dùng OK nhung bin nhanh hết','2023-03-15',5);
INSERT INTO "Comment"("productId","name","content","date","rate") VALUES (63,N'Phạm Thị Cẩm Oanh',N'Sản phẩm tốt. Mua cho ba dùng ok nha.Chuông to bán phím cảm ứng cũg ổn.','2022-11-02',5);
INSERT INTO "Comment"("productId","name","content","date","rate") VALUES (63,N'Trần Hải Hà',N'Mua được gần tháng, ban đầu sài êm lắm, về được 2 3 hôm thì yếu xìu, không tải gì hết cũng bị đơ máy...sài wifi hay 4g đều yếu, cứ chập chờn mất rồi có làm hoài , tưởng wifi yếu ,lại ngồi gần cục phát sóng wifi cũng yếu luôn...phải nói trải nghiệm đợt này tệ thật...thua con máy cũ 5i của mình','2023-01-14',3);
INSERT INTO "Comment"("productId","name","content","date","rate") VALUES (63,N'Nguyễn Minh Thái',N'Đẹp','2023-04-02',5);
INSERT INTO "Comment"("productId","name","content","date","rate") VALUES (63,N'Lê Tuấn Kiệt',N'Thấy tốt','2023-05-24',4);
INSERT INTO "Comment"("productId","name","content","date","rate") VALUES (63,N'Hoàng Văn vẻ',N'Tôi đã mua điện thoại realme C51 dùng được 1 tuần tôi thấy máy này pin 5000ah sạc nhanh 33w nhưng không biết sao pin hao nhanh quá sạc nhanh đầy cũng hết pin nhanh xin khắc phục cái lỗi này','2022-10-23',3);
INSERT INTO "Comment"("productId","name","content","date","rate") VALUES (63,N'Trần Ngọc Duy',N'','2023-09-28',4);
INSERT INTO "Comment"("productId","name","content","date","rate") VALUES (63,N'Đàm Mạnh Dũng',N'','2022-11-25',5);
INSERT INTO "Comment"("productId","name","content","date","rate") VALUES (63,N'Lài',N'','2023-12-12',5);
INSERT INTO "Comment"("productId","name","content","date","rate") VALUES (63,N'Cô Tuyến',N'','2023-03-30',5);
INSERT INTO "Comment"("productId","name","content","date","rate") VALUES (63,N'Ngô Thanh',N'','2023-11-23',5);
INSERT INTO "Comment"("productId","name","content","date","rate") VALUES (63,N'Chú Nam',N'','2023-11-11',5);

INSERT INTO "Product" ("productId","total","typeId","image","cost","price","discount","rate","releaseDate","name") VALUES (64, 100, 7,'https://cdn.tgdd.vn/Products/Images/42/240196/nokia-110-4g-blue-600x600.jpg',580000,870000,24,4.0,'2019-03-31', N'Điện thoại Nokia 110 4G');
INSERT INTO "ProductDetail" ("productId","screen","os","cameraBehind","cameraFront","cpu","ram","rom","battery","sim") VALUES (64,N'TFT LCD, 1.8", 65.536 màu',N'2 Nano SIM',N'2000 số',N'MicroSD, hỗ trợ tối đa 32 GB',N'0.08 MP', N'FM không cần tai nghe',N'3.5 mm',N'Nokia. Xem thông tin hãng',N'1020 mAh');
INSERT INTO "Comment"("productId","name","content","date","rate") VALUES (64,N'Đoàn Hoài Việt',N'Xài tốt.','2021-02-22',5);
INSERT INTO "Comment"("productId","name","content","date","rate") VALUES (64,N'Trang',N'Xài tốt','2020-08-10',4);
INSERT INTO "Comment"("productId","name","content","date","rate") VALUES (64,N'Tùng',N'Loa bị hỏng, app này không load được tính năng bảo hành','2023-07-30',2);
INSERT INTO "Comment"("productId","name","content","date","rate") VALUES (64,N'TRINH',N'Tốt','2020-05-25',5);
INSERT INTO "Comment"("productId","name","content","date","rate") VALUES (64,N'Hoàng Tuyết',N'Giao hàng nhanh phục vụ tốt','2023-04-01',4);
INSERT INTO "Comment"("productId","name","content","date","rate") VALUES (64,N'Lộc',N'Tốt','2020-01-04',5);
INSERT INTO "Comment"("productId","name","content","date","rate") VALUES (64,N'Trương Mỹ Yến',N'Xai rat ok','2021-11-23',5);
INSERT INTO "Comment"("productId","name","content","date","rate") VALUES (64,N'Hoàng Anh Tuấn',N'Điện thoại rất tốt','2021-10-16',5);
INSERT INTO "Comment"("productId","name","content","date","rate") VALUES (64,N'Xuân huấn',N'Chất lượng pin kém','2022-03-16',2);
INSERT INTO "Comment"("productId","name","content","date","rate") VALUES (64,N'Nguyễn Tiến Nam',N'Mua về cho người già dùng, cũng tạm ổn.','2019-04-10',3);
INSERT INTO "Comment"("productId","name","content","date","rate") VALUES (64,N'Phạm Tiên',N'Tốt','2020-07-02',5);
INSERT INTO "Comment"("productId","name","content","date","rate") VALUES (64,N'Giang',N'Ok','2021-11-20',5);
INSERT INTO "Comment"("productId","name","content","date","rate") VALUES (64,N'ngô thiện vũ',N'mua được 2 ngày. Tự khởi động lại 1 ngày 4 5 lần. Pin ngày sạc 1 lần.','2022-10-24',2);
INSERT INTO "Comment"("productId","name","content","date","rate") VALUES (64,N'Nghị',N'Sản phẩm dùng tốt','2021-07-01',4);
INSERT INTO "Comment"("productId","name","content","date","rate") VALUES (64,N'Vu Tuan Anh',N'hài lòng','2019-10-19',5);
INSERT INTO "Comment"("productId","name","content","date","rate") VALUES (64,N'Nguyễn Hữu Đức',N'Tạm ổn','2023-06-30',3);
INSERT INTO "Comment"("productId","name","content","date","rate") VALUES (64,N'Lý Hoàng Phong',N'Rất tốt','2023-08-26',5);
INSERT INTO "Comment"("productId","name","content","date","rate") VALUES (64,N'nguyễn thị thanh ngân',N'Mua cho người thân xài máy rát mau hết pin chưa được 2 ngày mặc dù không bấm gì cả','2019-12-13',2);
INSERT INTO "Comment"("productId","name","content","date","rate") VALUES (64,N'ANH PHUONG',N'Tốt','2023-01-09',5);
INSERT INTO "Comment"("productId","name","content","date","rate") VALUES (64,N'Lương Cẩm Huy',N'Hàng dùng ok','2023-10-25',5);
INSERT INTO "Comment"("productId","name","content","date","rate") VALUES (64,N'Nguyễn Thị Yến Nhi',N'Cũng ổn vì mình mua nghe gọi thôi ko đòi hỏi j nhiều mà ko biết vì sao lâu lâu lại tự động tắt và khởi động nguồn lại','2022-05-19',3);
INSERT INTO "Comment"("productId","name","content","date","rate") VALUES (64,N'Nguyễn Văn Nguyên',N'Điện thoại thiết kế đẹp âm thanh rõ nút bấm hơi cứng.','2021-05-08',4);
INSERT INTO "Comment"("productId","name","content","date","rate") VALUES (64,N'Chị Út',N'Ok','2023-01-01',5);
INSERT INTO "Comment"("productId","name","content","date","rate") VALUES (64,N'Nguyễn khai tri',N'Tốt','2022-01-02',4);
INSERT INTO "Comment"("productId","name","content","date","rate") VALUES (64,N'Tuyên',N'Rất tốt','2023-10-27',5);
INSERT INTO "Comment"("productId","name","content","date","rate") VALUES (64,N'A Dũng',N'Dịch vụ tốt
 Tư vấn tốt.','2019-08-05',5);
INSERT INTO "Comment"("productId","name","content","date","rate") VALUES (64,N'Hiếu',N'Tốt sài ổn','2020-06-22',5);
INSERT INTO "Comment"("productId","name","content","date","rate") VALUES (64,N'Phan Thi Ngoc Anh',N'Xai ok','2021-02-13',4);
INSERT INTO "Comment"("productId","name","content","date","rate") VALUES (64,N'Nguyên',N'Sao điện thoại sài mau hết pin quá trời, mới mua đc 2,3 ngày','2023-01-25',2);
INSERT INTO "Comment"("productId","name","content","date","rate") VALUES (64,N'Anh Hiếu',N'Sản phẩm dùng rất tốt','2023-02-12',4);
INSERT INTO "Comment"("productId","name","content","date","rate") VALUES (64,N'Vũ Văn Thành',N'Sản phẩm dùng rất tốt','2023-12-04',5);
INSERT INTO "Comment"("productId","name","content","date","rate") VALUES (64,N'Tuấn Anh',N'Đặt online nói rõ là mua hàng nguyên seal, khi nhận tại cửa hàng thì là hàng ko còn seal. Nói chung nhân viên cũng ko giải thích để Khách hàng khỏi hoài nghi. Trải nghiệm chỉ ở mức bình thường. Lần sau có mua sẽ qua FPT mua','2019-05-29',3);
INSERT INTO "Comment"("productId","name","content","date","rate") VALUES (64,N'Thi Thi',N'Cảm giác nhanh hết pin hơn các dòng Nokia bàn phím đã dùng..ổn','2021-05-27',4);
INSERT INTO "Comment"("productId","name","content","date","rate") VALUES (64,N'Nguyễn Thị Mỹ Linh',N'Pin tụt','2020-01-31',2);
INSERT INTO "Comment"("productId","name","content","date","rate") VALUES (64,N'Võ Thị Ngọc Sương',N'Màu hết pin, ít sử dụng 1 ngày là hết pin, và tắt nguồn luôn','2021-10-02',2);
INSERT INTO "Comment"("productId","name","content","date","rate") VALUES (64,N'Châu Anh Khang',N'Tốt','2023-08-29',5);
INSERT INTO "Comment"("productId","name","content","date","rate") VALUES (64,N'Bùi Văn Định',N'Sản phẩm rất tốt','2021-06-04',5);
INSERT INTO "Comment"("productId","name","content","date","rate") VALUES (64,N'Nguyễn Ngọc Đại',N'Chưa biết sau này thế nào nhưng trước mắt máy dùng ổn','2020-11-01',4);
INSERT INTO "Comment"("productId","name","content","date","rate") VALUES (64,N'Anh Tài',N'Phin trâu nên mua cho ông bà xài','2020-02-18',5);
INSERT INTO "Comment"("productId","name","content","date","rate") VALUES (64,N'Tâm',N'Tốt','2020-09-16',4);
INSERT INTO "Comment"("productId","name","content","date","rate") VALUES (64,N'Lê Thị Lệ Hiền',N'Ok','2022-12-06',3);
INSERT INTO "Comment"("productId","name","content","date","rate") VALUES (64,N'Trần Văn Cậm',N'Pin sử dụng hay không cũng chỉ một ngày','2022-02-13',2);
INSERT INTO "Comment"("productId","name","content","date","rate") VALUES (64,N'Nguyễn Thị Hồng Châu',N'Ok','2023-03-07',4);
INSERT INTO "Comment"("productId","name","content","date","rate") VALUES (64,N'Vu Gia Han',N'Máy thường xuyên tự khởi động lại ko rõ nguyên nhân, có thể giúp tôi sửa ko ạ','2019-09-04',2);
INSERT INTO "Comment"("productId","name","content","date","rate") VALUES (64,N'Nguyễn Minh Hoàng',N'Sản phẩm tốt','2021-10-29',4);
INSERT INTO "Comment"("productId","name","content","date","rate") VALUES (64,N'Thanh',N'Sài rất tiện','2022-03-11',5);
INSERT INTO "Comment"("productId","name","content","date","rate") VALUES (64,N'Lê Khắc Tâm',N'Tốt ,gọn','2020-05-15',4);
INSERT INTO "Comment"("productId","name","content","date","rate") VALUES (64,N'lò tiến thanh',N'Tôi thấy bình thường, máy thì ngoại hình nhìn đẹp. Nhưng sử dụng thì chậm hơn các loại máy Nokia cục gạch ngày trước như 110i,  1202, 208..các loại máy đen trắng của Nokia trước kia. Có lẽ Nokia bị tụt dốc hết thời bàng son là phải rồi. Ngày xưa Nokia thì luôn được ưa chuộng hàng đầu. Nhưng bây giờ nổi lên các hãng như sam sung, oppo, retmi','2023-04-17',3);
INSERT INTO "Comment"("productId","name","content","date","rate") VALUES (64,N'Lâm',N'Điện thoại màu sắc độc đáo, phù hợp cho trẻ em sử dụng','2022-02-10',5);
INSERT INTO "Comment"("productId","name","content","date","rate") VALUES (64,N'Bùi Xuân An',N'Rất tốt','2021-05-12',5);
INSERT INTO "Comment"("productId","name","content","date","rate") VALUES (64,N'Anh Hải',N'Ok','2020-07-20',5);
INSERT INTO "Comment"("productId","name","content","date","rate") VALUES (64,N'Trần việt thang',N'Mình mua chưa đc 1 năm,mà sao giờ máy cứ bị tắt nguồn khởi động lại thế.','2020-07-07',3);
INSERT INTO "Comment"("productId","name","content","date","rate") VALUES (64,N'Trung',N'Mình thấy có vẻ chất lượng pin 🔋 chưa được bền.','2022-09-27',3);
INSERT INTO "Comment"("productId","name","content","date","rate") VALUES (64,N'Ngọc',N'ok','2021-08-07',5);
INSERT INTO "Comment"("productId","name","content","date","rate") VALUES (64,N'Phạm Thu Hà',N'Sản phẩm khá tốt, mà có điều pin hết nhanh hơn so với quảng cáo','2019-05-27',4);
INSERT INTO "Comment"("productId","name","content","date","rate") VALUES (64,N'Nhạ',N'Nghe gọi điều ok. Pin cầm hơi...','2021-09-26',5);
INSERT INTO "Comment"("productId","name","content","date","rate") VALUES (64,N'Chị Tuyết',N'nhân viên thân thiện. điện thoại sử dụng tốt , nghe rõ. người lớn tuổi có thể nghe và nhìn rõ khi thực hiện các cuộc gọi. cảm ơn cửa hàng đã có những dòng sản phẩm phù hợp với mọi lứa tuổi','2020-03-02',4);
INSERT INTO "Comment"("productId","name","content","date","rate") VALUES (64,N'Võ Hoàng Sơn',N'Tốt 👍🏻','2022-12-24',5);
INSERT INTO "Comment"("productId","name","content","date","rate") VALUES (64,N'Khởi',N'Rat ok pin trau xai lâu','2023-11-06',5);
INSERT INTO "Comment"("productId","name","content","date","rate") VALUES (64,N'Phạm Thị Kim Liên',N'Rất tốt','2020-01-02',5);
INSERT INTO "Comment"("productId","name","content","date","rate") VALUES (64,N'Tùng',N'ok','2022-03-29',4);
INSERT INTO "Comment"("productId","name","content","date","rate") VALUES (64,N'Trương Nguyễn Quốc Duy',N'Rất tốt','2019-11-01',5);
INSERT INTO "Comment"("productId","name","content","date","rate") VALUES (64,N'Hoà Lê',N'Âm thanh hơi rè+nhỏ, nghe loa ngoài cũng không khá hơn, để điện thoại không sử dụng mà pin chỉ giữ được 1,5 ngày là hết sạch.
 Mong thế giới di động kiểm tra khắc phục nhé!
  Cảm ơn!','2022-06-06',2);
INSERT INTO "Comment"("productId","name","content","date","rate") VALUES (64,N'Phạm Đức Long',N'sản phẩm ok nhưng giá cao hơn so với cellphones','2020-06-14',4);
INSERT INTO "Comment"("productId","name","content","date","rate") VALUES (64,N'Nguyễn Bá Trắc',N'Tốt','2023-03-27',5);
INSERT INTO "Comment"("productId","name","content","date","rate") VALUES (64,N'Mai Văn Thắng',N'Làm máy phụ cũng ok phết 
 Máy gọn nhẹ dễ mang theo
 Nghe nhạc lên mạng cơ bản
 Loa to cũng dễ dùng','2021-04-11',5);
INSERT INTO "Comment"("productId","name","content","date","rate") VALUES (64,N'Nguyễn Nhân Hùng',N'Rất tốt','2023-09-19',5);
INSERT INTO "Comment"("productId","name","content","date","rate") VALUES (64,N'Đặng Thu Hằng',N'Sản phẩm tốt,có nhu cầu tôi sẽ mua thêm sản phẩm khác tại thế giới di động','2022-02-01',5);
INSERT INTO "Comment"("productId","name","content","date","rate") VALUES (64,N'Toàn',N'Ok','2022-02-11',5);
INSERT INTO "Comment"("productId","name","content","date","rate") VALUES (64,N'Minh',N'Sản phẩm ok','2021-04-10',5);
INSERT INTO "Comment"("productId","name","content","date","rate") VALUES (64,N'Phúc',N'Tốt','2019-07-03',4);
INSERT INTO "Comment"("productId","name","content","date","rate") VALUES (64,N'Quang',N'Bình thường','2023-01-03',3);
INSERT INTO "Comment"("productId","name","content","date","rate") VALUES (64,N'PHẠM HỮU TÌNH',N'Rất ok','2019-11-20',5);
INSERT INTO "Comment"("productId","name","content","date","rate") VALUES (64,N'Hoàng Ca',N'TGDĐ rất linh động và tận tâm. Đáng hơn 5 sao.','2023-04-19',5);
INSERT INTO "Comment"("productId","name","content","date","rate") VALUES (64,N'Anh Ngọc',N'Cũng được','2021-05-20',4);
INSERT INTO "Comment"("productId","name","content","date","rate") VALUES (64,N'ĐỨC',N'nghe rõ','2023-04-01',4);
INSERT INTO "Comment"("productId","name","content","date","rate") VALUES (64,N'TRUNG',N'Rất tốt','2020-01-09',4);
INSERT INTO "Comment"("productId","name","content","date","rate") VALUES (64,N'TUÂN',N'phục vụ rất tốt','2023-07-03',5);
INSERT INTO "Comment"("productId","name","content","date","rate") VALUES (64,N'ANH',N'Ok','2023-01-30',5);
INSERT INTO "Comment"("productId","name","content","date","rate") VALUES (64,N'MINH',N'Máy màu vàng đẹp, để sóng 2g pin dùng lâu. Nói chung nghe gọi ổn. Giá hơi cao. Giao hàng nhanh.','2022-07-12',4);
INSERT INTO "Comment"("productId","name","content","date","rate") VALUES (64,N'ANH',N'Nhân viên tư vấn kĩ , nhiệt tình và nhanh chóng khi có vấn để cần hỏi và tư vấn. Rất tốt','2023-05-26',4);
INSERT INTO "Comment"("productId","name","content","date","rate") VALUES (64,N'LINH',N'Tốt','2021-03-13',5);
INSERT INTO "Comment"("productId","name","content","date","rate") VALUES (64,N'LUYỆN',N'Tốt','2023-06-03',5);
INSERT INTO "Comment"("productId","name","content","date","rate") VALUES (64,N'NGHĨA',N'Ok','2020-05-28',4);
INSERT INTO "Comment"("productId","name","content","date","rate") VALUES (64,N'NGHIÊM',N'Loa rè, pin sạc lâu,','2021-04-26',1);
INSERT INTO "Comment"("productId","name","content","date","rate") VALUES (64,N'ĐẶNG ĐÌNH NGHIÊM',N'Mới mua, không nhập được danh bạ từ sim','2023-04-08',1);
INSERT INTO "Comment"("productId","name","content","date","rate") VALUES (64,N'THUẬN',N'Sài ổn trong tầm giá','2023-04-06',5);
INSERT INTO "Comment"("productId","name","content","date","rate") VALUES (64,N'SÁCH',N'Ok','2021-08-18',4);
INSERT INTO "Comment"("productId","name","content","date","rate") VALUES (64,N'SƠN',N'sài ngon','2019-04-09',5);
INSERT INTO "Comment"("productId","name","content","date","rate") VALUES (64,N'HOÀNG',N'Tốt','2020-08-02',5);
INSERT INTO "Comment"("productId","name","content","date","rate") VALUES (64,N'TUẤN',N'Rất tốt','2019-11-03',5);
INSERT INTO "Comment"("productId","name","content","date","rate") VALUES (64,N'THUONG',N'đẹp','2020-09-25',5);
INSERT INTO "Comment"("productId","name","content","date","rate") VALUES (64,N'PHƯƠNG',N'Tốt','2019-04-29',4);
INSERT INTO "Comment"("productId","name","content","date","rate") VALUES (64,N'TÙNG',N'Làm ăn mất uy mua dt lỗi ra đổi mất phí 10-20%','2020-09-15',1);
INSERT INTO "Comment"("productId","name","content","date","rate") VALUES (64,N'Huỳnh Thị Như Ý ',N'Cho em hỏi là điện thoại mới mua nhưng pin sử dụng chưa đến 1 ngày thì sao ạ???','2023-11-07',4);
INSERT INTO "Comment"("productId","name","content","date","rate") VALUES (64,N'VĂN',N'Máy đẹp','2021-03-07',5);
INSERT INTO "Comment"("productId","name","content","date","rate") VALUES (64,N'Đặng việt hoàng ',N'Máy mua ngày 27/9 ở điện máy xanh xã phước khánh nhiên trạch đồng nai xạc pin ngày 2 lần xuống điện máy xanh 
 Để hỏi thì nhân viên nói k làm sao và đổi chờ cục pin mang về xài lại xạc tiếp xem ngày mai thế nào. Ngày mai mà bị nữa thì tôi xin chịu lỗ vậy chán cục gạch của Nokia lắm','2023-05-12',1);
INSERT INTO "Comment"("productId","name","content","date","rate") VALUES (64,N'HẰNG',N'.','2019-12-31',5);
INSERT INTO "Comment"("productId","name","content","date","rate") VALUES (64,N'HÙNG',N'Rất hài lòng','2019-07-23',5);
INSERT INTO "Comment"("productId","name","content","date","rate") VALUES (64,N'TU N',N'Hình thức thì tạm ổn. Mang tiếng là điện thoại 4G nhưng kết nối quá lâu, rất tiếc là điện thoại này không có kết nối Bluetooth tất cả những file muốn chuyển đều phải tháo thẻ nhớ ra mới thực hiện được. Giao diện tin nhắn không được đẹp và rất khó sử dụng hơn những dòng điện thoại Nokia phổ thông ngày xưa, cách nhắn tin nhảy giữa các ký tự cũng rất khó thực hiện hơn điện thoại phổ thông ngày xưa. Nói chung nó không được như kỳ vọng.','2023-11-06',3);
INSERT INTO "Comment"("productId","name","content","date","rate") VALUES (64,N'NAM',N'Quá ok pin trâu','2021-08-28',5);
INSERT INTO "Comment"("productId","name","content","date","rate") VALUES (64,N'TRANG',N'Dùng tốt','2022-05-23',4);
INSERT INTO "Comment"("productId","name","content","date","rate") VALUES (64,N'HOÁ',N'Máy đẹp gọn loa to nghe rõ sóng khỏe phù hợp mọi lứa tuổi pin bền','2020-08-19',5);
INSERT INTO "Comment"("productId","name","content","date","rate") VALUES (64,N'Đức Huỳnh ',N'Nokia mãi đỉnh','2020-09-04',5);
INSERT INTO "Comment"("productId","name","content","date","rate") VALUES (64,N'TƯ',N'Nghe gọi to, rõ.','2021-03-17',4);
INSERT INTO "Comment"("productId","name","content","date","rate") VALUES (64,N'TÂY',N'Sài rất tốt','2019-04-09',5);
INSERT INTO "Comment"("productId","name","content","date","rate") VALUES (64,N'QUANH',N'từ hôm mua đến nay thấy tỗt ok.','2020-07-13',4);
INSERT INTO "Comment"("productId","name","content","date","rate") VALUES (64,N'Nguyễn Hùng',N'Máy chán không còn gì để nói','2023-07-09',1);
INSERT INTO "Comment"("productId","name","content","date","rate") VALUES (64,N'DUNG',N'Dịch vụ chất lượng tốt, thái độ nhân viên chuyên nghiệp','2023-06-05',5);
INSERT INTO "Comment"("productId","name","content","date","rate") VALUES (64,N'LIÊN',N'Tạm thời dùng rất ổn','2021-05-10',4);
INSERT INTO "Comment"("productId","name","content","date","rate") VALUES (64,N'MINH',N'OK','2021-08-01',5);
INSERT INTO "Comment"("productId","name","content","date","rate") VALUES (64,N'THU',N'Máy loa to nghe rõ dễ sử dụng','2020-06-10',5);
INSERT INTO "Comment"("productId","name","content","date","rate") VALUES (64,N'HUY',N'Pin cầm rất lâu . Mọi người có dùng tắt sóng 4G đi là ko hao pin . Sản phẩm nghe gọi rõ tốt','2021-04-23',5);
INSERT INTO "Comment"("productId","name","content","date","rate") VALUES (64,N'VIỆT',N'Bt','2022-01-24',4);
INSERT INTO "Comment"("productId","name","content","date","rate") VALUES (64,N'MINH',N'Tốt','2021-01-17',5);
INSERT INTO "Comment"("productId","name","content","date","rate") VALUES (64,N'QUYỀN',N'Dung được pin ok','2022-02-21',3);
INSERT INTO "Comment"("productId","name","content","date","rate") VALUES (64,N'NGỌC',N'Không xài vẫn hết pin','2019-08-05',2);
INSERT INTO "Comment"("productId","name","content","date","rate") VALUES (64,N'HIẾU',N'Pin nhanh hết','2021-01-12',3);
INSERT INTO "Comment"("productId","name","content","date","rate") VALUES (64,N'PHÁT',N'Mình thấy con này nhanh hết pin cực dù không dùng đến, mình để chờ mà tầm 2 ngày là hết pin, nếu dùng liên tục để gọi chắc 1 ngày, tương đương máy đthoai smarphone. Nói chung là mua để dùng cho gọn dễ đút túi','2020-01-18',3);
INSERT INTO "Comment"("productId","name","content","date","rate") VALUES (64,N'Trân Văn Quan',N'San pham dung tot','2023-12-04',5);
INSERT INTO "Comment"("productId","name","content","date","rate") VALUES (64,N'Anh Đăng',N'Mua máy mới. Nhưng đưa máy đã qua sử dụng. Lịch sử cuộc gọi còn chưa xoá.','2019-08-08',2);
INSERT INTO "Comment"("productId","name","content","date","rate") VALUES (64,N'Hq Việt ',N'Điểm trừ của máy là k chọn đc chế độ tự động ghi âm cuộc gọi, k có phím tắt màn hình và k có Bluetooth','2023-08-06',3);
INSERT INTO "Comment"("productId","name","content","date","rate") VALUES (64,N'MINH',N'Pin trâu, nghe gọi rất rõ, súng phụ rất ok','2023-03-10',5);
INSERT INTO "Comment"("productId","name","content","date","rate") VALUES (64,N'SANG',N'Pin bị chai','2020-10-18',3);
INSERT INTO "Comment"("productId","name","content","date","rate") VALUES (64,N'TRẦN THIỆN TÂN',N'Tốt','2023-01-24',5);
INSERT INTO "Comment"("productId","name","content","date","rate") VALUES (64,N'Trịnh Tuấn Vỹ',N'Mới dùng đc 2 tháng đã bị rè loa không hiểu nổi nokia vn bán máy kiểu gig','2023-06-11',1);
INSERT INTO "Comment"("productId","name","content","date","rate") VALUES (64,N'Phụng',N'Loa ngoài rè ko như mấy đời cũ','2021-03-12',3);
INSERT INTO "Comment"("productId","name","content","date","rate") VALUES (64,N'tuan',N'Ghi chú thì pin chờ 12 ngày nhưng thực tế thì 3 ngày đã hết. Thất vong về cục pin vô cùng','2023-09-02',2);
INSERT INTO "Comment"("productId","name","content","date","rate") VALUES (64,N'Anh Biển',N'Mình đã dùng; nghe gọi tốt','2021-04-24',4);
INSERT INTO "Comment"("productId","name","content","date","rate") VALUES (64,N'Hải',N'Máy còn tốt','2021-08-06',5);
INSERT INTO "Comment"("productId","name","content","date","rate") VALUES (64,N'Bùi thanh nam',N'Điện thoại không cài được nhạc chuôn','2022-10-18',1);
INSERT INTO "Comment"("productId","name","content","date","rate") VALUES (64,N'Trang Thái Trầm',N'Máy tốt pin trâu...thích thì mua đừng lăn tăn','2023-08-14',5);
INSERT INTO "Comment"("productId","name","content","date","rate") VALUES (64,N'Thái Văn Đức',N'Ok................. Gccjjdhjgjdhdhfjjsjdjchxhshcjhdbdjxbbfjsnfbjznfnxknfjxknfnnznfjxn','2019-06-04',5);
INSERT INTO "Comment"("productId","name","content","date","rate") VALUES (64,N'Đinh Thị Lê',N'Máy ổn, nhưng có nhiều tính năng tìm không thấy, Sao máy không có phần cài đặt âm bàn phím và nhạc chuông ạ?','2023-06-15',4);
INSERT INTO "Comment"("productId","name","content","date","rate") VALUES (64,N'Anh Trà',N'Nghe gọi ok trong tầm giá, học sinh lớp 8 dùng ổn. Pin 2 ngày mới sạc. Cần gì mà phải ghi dài mới cho gửi đánh giá. Mất kiên nhẫn. Thegioididong sửa ngay giới hạn này','2023-08-22',5);
INSERT INTO "Comment"("productId","name","content","date","rate") VALUES (64,N'Nguyễn Thị Quý',N'Mày đùng ổ định ok lắm','2022-08-08',5);
INSERT INTO "Comment"("productId","name","content","date","rate") VALUES (64,N'Anh Minh',N'Tốt','2021-08-27',5);
INSERT INTO "Comment"("productId","name","content","date","rate") VALUES (64,N'Nguyen Truong Son',N'Máy sài hao pin quá trời , sạc thì mau đầy mà cũng mau hết PIN , loa thì rè đổi mới cũng vậy','2021-05-20',3);
INSERT INTO "Comment"("productId","name","content","date","rate") VALUES (64,N'TRẦN PHƯỚC LỢI',N'Máy nghe gọi mạng 4g volte rất ok. Pin xài gần 1 tuần, Sản phẩm tốt trong tầm giá','2019-07-27',4);
INSERT INTO "Comment"("productId","name","content","date","rate") VALUES (64,N'Nguyễn Thành Nhân',N'Gắn sim vô nó cứ đứng máy hoài là sau ad, bực hết cả mình. Có cách nào khắc phục không shop.','2021-03-18',3);
INSERT INTO "Comment"("productId","name","content","date","rate") VALUES (64,N'Nguyễn Tiến Đồng',N'Pin có 1 ngày thôi. Các bạn nên suy nghĩ kỹ trước khi mua. Cùi bắp mà 1 ngày xạc 1 lần đấy ko phải 3 ngày đâu. Tôi đang sài nè đến chán','2022-03-31',2);
INSERT INTO "Comment"("productId","name","content","date","rate") VALUES (64,N'LH',N'Ngon, bổ, rẻ... :))
 Một số nhược điểm: độ phân giải màn hình thấp, vào web gần như không đọc được chữ, font chữ trong điện thoại không rõ ràng...','2019-11-16',4);
INSERT INTO "Comment"("productId","name","content","date","rate") VALUES (64,N'Quang Nguyễn',N'- Ngoại hình: viền điện thoại khá dày nên có cảm giác điện thoại hơi bị thô kệch, cảm giác hơi bị to.
 - Phím điều hướng lên xuống trái phải và nút vuông ở giữa dễ bấm. Bàn phím số cảm giác bấm nặng tay, phải bấm hơi mạnh.
 - Phần mềm: ổn, ít bị lỗi (bug) như điện thoại Nokia 216 mình từng dùng.
 - Chuông reo khi có cuộc gọi đến: không hiểu sao Nokia lại thiết kế là Rung 3 lần rồi mới Reo, chứ không có Reo cùng lúc với Rung.
 - Dù không có bluetooth để đồng bộ danh bạ với smartphone như 1 số dòng mắc tiền hơn (vd như nokia 216, nokia 215 4g) nhưng mình export danh bạ từ smartphone thành file vCard ra thẻ nhớ, rồi cắm thẻ nhớ vào điện thoại này và thực hiện import thì ổn.','2023-06-27',4);
INSERT INTO "Comment"("productId","name","content","date","rate") VALUES (64,N'Hien Huynh',N'Nokia 110 4g chuông báo cuộc gọi chỉ có rung 3 lần rồi chuông đổ là hết rung, không có rung và chuông, nokia thiết kế hơi bị lạ lắm à nha','2023-10-12',3);
INSERT INTO "Comment"("productId","name","content","date","rate") VALUES (64,N'Thắng ',N'Máy đẹp nhỏ gọn loa tô gõ âm thanh trong trẻo không đòi hỏi vì thêm vậy là ok rồi màu  xanh rất  đẹp ,nhân  viên  phục  vụ  nhiệt  tình  chu đáo','2022-05-07',5);
INSERT INTO "Comment"("productId","name","content","date","rate") VALUES (64,N'LÊ THỊ KIỀU TIÊN',N'','2021-07-09',4);
INSERT INTO "Comment"("productId","name","content","date","rate") VALUES (64,N'Ngọc',N'','2020-07-07',4);
INSERT INTO "Comment"("productId","name","content","date","rate") VALUES (64,N'Anh Hải',N'','2023-10-31',5);
INSERT INTO "Comment"("productId","name","content","date","rate") VALUES (64,N'Anh',N'','2020-11-27',3);
INSERT INTO "Comment"("productId","name","content","date","rate") VALUES (64,N'VŨ VĂN HUÂN',N'','2021-07-11',4);
INSERT INTO "Comment"("productId","name","content","date","rate") VALUES (64,N'Đặng Thị Kim Anh',N'','2020-09-22',4);
INSERT INTO "Comment"("productId","name","content","date","rate") VALUES (64,N'Nghị',N'','2022-04-11',5);
INSERT INTO "Comment"("productId","name","content","date","rate") VALUES (64,N'Vũ Văn Nghị',N'','2022-11-25',5);
INSERT INTO "Comment"("productId","name","content","date","rate") VALUES (64,N'VÕ THỊ NHIÊN',N'','2019-08-10',4);
INSERT INTO "Comment"("productId","name","content","date","rate") VALUES (64,N'Trần Nhật Hưng',N'','2022-03-23',5);
INSERT INTO "Comment"("productId","name","content","date","rate") VALUES (64,N'Nguyen Tu Bao',N'','2020-08-14',5);
INSERT INTO "Comment"("productId","name","content","date","rate") VALUES (64,N'Ngô Quốc Toản',N'','2022-07-26',5);
INSERT INTO "Comment"("productId","name","content","date","rate") VALUES (64,N'Lê Trung Thắng',N'','2020-10-06',1);
INSERT INTO "Comment"("productId","name","content","date","rate") VALUES (64,N'Nguyên',N'','2019-10-13',4);
INSERT INTO "Comment"("productId","name","content","date","rate") VALUES (64,N'Anh Tý',N'','2023-04-29',5);
INSERT INTO "Comment"("productId","name","content","date","rate") VALUES (64,N'Nguyễn Ngoc Ngân',N'','2019-08-17',4);
INSERT INTO "Comment"("productId","name","content","date","rate") VALUES (64,N'Đỗ Văn Định',N'','2021-12-11',5);
INSERT INTO "Comment"("productId","name","content","date","rate") VALUES (64,N'Trung',N'','2021-07-08',4);
INSERT INTO "Comment"("productId","name","content","date","rate") VALUES (64,N'Vy',N'','2021-08-23',4);
INSERT INTO "Comment"("productId","name","content","date","rate") VALUES (64,N'Trương Văn Hải',N'','2022-07-16',4);
INSERT INTO "Comment"("productId","name","content","date","rate") VALUES (64,N'Thai Thanh Truc',N'','2019-12-18',4);
INSERT INTO "Comment"("productId","name","content","date","rate") VALUES (64,N'Trần Văn Bé Sinh',N'','2019-08-06',4);
INSERT INTO "Comment"("productId","name","content","date","rate") VALUES (64,N'A Sai',N'','2019-08-28',3);
INSERT INTO "Comment"("productId","name","content","date","rate") VALUES (64,N'TÂM',N'','2023-09-07',4);
INSERT INTO "Comment"("productId","name","content","date","rate") VALUES (64,N'TƯƠI',N'','2021-07-06',5);
INSERT INTO "Comment"("productId","name","content","date","rate") VALUES (64,N'HẠNH',N'','2020-09-03',4);
INSERT INTO "Comment"("productId","name","content","date","rate") VALUES (64,N'NHI',N'','2019-11-26',5);
INSERT INTO "Comment"("productId","name","content","date","rate") VALUES (64,N'ĐIỀN',N'','2020-02-28',5);
INSERT INTO "Comment"("productId","name","content","date","rate") VALUES (64,N'Lữ Thiện Tính',N'','2020-07-15',4);
INSERT INTO "Comment"("productId","name","content","date","rate") VALUES (64,N'TO N',N'','2019-04-11',4);
INSERT INTO "Comment"("productId","name","content","date","rate") VALUES (64,N'HÙNG',N'','2019-10-19',5);
INSERT INTO "Comment"("productId","name","content","date","rate") VALUES (64,N'NGA',N'','2022-03-17',4);
INSERT INTO "Comment"("productId","name","content","date","rate") VALUES (64,N'TRANG',N'','2022-10-27',5);
INSERT INTO "Comment"("productId","name","content","date","rate") VALUES (64,N'MAI HOÀNG DIỂN',N'','2023-01-08',1);
INSERT INTO "Comment"("productId","name","content","date","rate") VALUES (64,N'BA',N'','2021-07-22',3);
INSERT INTO "Comment"("productId","name","content","date","rate") VALUES (64,N'Nguyen Thi Thu Ha',N'','2020-01-19',1);
INSERT INTO "Comment"("productId","name","content","date","rate") VALUES (64,N'Dũng',N'','2020-03-05',3);
INSERT INTO "Comment"("productId","name","content","date","rate") VALUES (64,N'TOÀN',N'','2020-05-18',4);
INSERT INTO "Comment"("productId","name","content","date","rate") VALUES (64,N'aNh SánG',N'','2020-04-19',3);
INSERT INTO "Comment"("productId","name","content","date","rate") VALUES (64,N'Thái Văn Lương',N'','2019-11-29',2);
INSERT INTO "Comment"("productId","name","content","date","rate") VALUES (64,N'Đặng Văn Hưng',N'','2021-10-03',4);

INSERT INTO "User"("userId","name","phoneNumber","email","password","avatar","gender","active") VALUES(1,'Phạm Kiên Giang','0788299096','phamkiengiang292@gmail.com','oGs:%JQFaf$j|eorj|:G','https://robohash.org/XDYxvJxfDuaiGMfNlopviLcCUhFGgx.png?set=set4',true,true);
INSERT INTO "User"("userId","name","phoneNumber","email","password","avatar","gender","active") VALUES(2,'Dương Hương Thủy','0664555932','duonghuongthuy673@gmail.com','Md"fHi=sr!7S\4%5Jzrj','https://robohash.org/vNWilEvqAgXVTDveXmIfxinZvoIqLe.png?set=set4',false,true);
INSERT INTO "User"("userId","name","phoneNumber","email","password","avatar","gender","active") VALUES(3,'Vũ Phương Chi','0523195057','vuphuongchi709@gmail.com','Uv5|CQEkl;<U.1=HS`#','https://robohash.org/qDpRnHadJprqwLStyTQVkUHBBGZcGe.png?set=set4',false,true);
INSERT INTO "User"("userId","name","phoneNumber","email","password","avatar","gender","active") VALUES(4,'Lý Gia Thịnh','0156353936','lygiathinh511@gmail.com','XeXs4^xde}bLPFzm0V%|','https://robohash.org/dwbSVcYSWvLCekSEhZgmZNAfGibHCu.png?set=set4',true,true);
INSERT INTO "User"("userId","name","phoneNumber","email","password","avatar","gender","active") VALUES(5,'Lê Bội Linh','0750190476','leboilinh444@gmail.com','%-_DG\z42<#+5Z0P!}Z!','https://robohash.org/aWqHvqOnyKmgocoujlFnAmBytqLicB.png?set=set4',false,true);
INSERT INTO "User"("userId","name","phoneNumber","email","password","avatar","gender","active") VALUES(6,'Huỳnh Ý Nhi','0169730250','huynhynhi970@gmail.com','Vd~vcfp|`.j,UyYCc#U','https://robohash.org/mEKVwnCzWDfXDkijJhkkSroPtnzcnA.png?set=set4',false,true);
INSERT INTO "User"("userId","name","phoneNumber","email","password","avatar","gender","active") VALUES(7,'Lý Thu Mai','0552369025','lythumai256@gmail.com',')qv9Os1-m+uI?)/qV&Xj','https://robohash.org/DrGGDpNRfrbpVKOllcOyPYMntvFgQo.png?set=set4',false,true);
INSERT INTO "User"("userId","name","phoneNumber","email","password","avatar","gender","active") VALUES(8,'Lê Diễm Liên','0805437307','lediemlien30@gmail.com','IN{GZ_Ii@Jo+.J>HF2V<','https://robohash.org/KASoDWNAoinqfCoKqrOevmydjfeazu.png?set=set4',false,true);
INSERT INTO "User"("userId","name","phoneNumber","email","password","avatar","gender","active") VALUES(9,'Hoàng Thiện Lương','0532924570','hoangthienluong377@gmail.com','c4Yoc5@,LmNEcJ5Gzx`z','https://robohash.org/KspQiAOfgJVAfRZXqlJHKrbbhWHUyV.png?set=set4',true,true);
INSERT INTO "User"("userId","name","phoneNumber","email","password","avatar","gender","active") VALUES(10,'Hoàng Hồng Minh','0348276589','hoanghongminh697@gmail.com','`"-l:\z9bMMVQw8|VhOb','https://robohash.org/FlyTuphLCFVMHwPNIrymVHtldMpZsr.png?set=set4',true,true);
INSERT INTO "User"("userId","name","phoneNumber","email","password","avatar","gender","active") VALUES(11,'Đỗ Ly Châu','0892963723','dolychau869@gmail.com','=b8bP26ivZ4i6wLu%7Hi','https://robohash.org/WdIjzxWUVAFmpYnecdwWHcAjfNqlrQ.png?set=set4',false,true);
INSERT INTO "User"("userId","name","phoneNumber","email","password","avatar","gender","active") VALUES(12,'Đỗ Gia Kiên','0214228253','dogiakien185@gmail.com','"35WZR^m7yumo`/+f_H','https://robohash.org/PLZyeBHRboELnNtJDzrKwPJncbMAyw.png?set=set4',true,true);
INSERT INTO "User"("userId","name","phoneNumber","email","password","avatar","gender","active") VALUES(13,'Nguyễn Bảo Ngọc','0967364537','nguyenbaongoc614@gmail.com','eJ9i68*r-H#]!f(<o/J}','https://robohash.org/AuKQcFmsYLAJnEzkghnWwNCAuGPQRG.png?set=set4',false,true);
INSERT INTO "User"("userId","name","phoneNumber","email","password","avatar","gender","active") VALUES(14,'Lê Tuyết Lâm','0491001771','letuyetlam892@gmail.com','Gb~kgL-rT:AuN{y},!nR','https://robohash.org/qGEXJlKRpTTZQQVGJxvgEYPimLiVcQ.png?set=set4',false,true);
INSERT INTO "User"("userId","name","phoneNumber","email","password","avatar","gender","active") VALUES(15,'Phan Thùy Dương','0388916448','phanthuyduong136@gmail.com','l}TKLub,+HYsVSmc"A,B','https://robohash.org/zpJqxPAhBmXDAMKtsggeLALdDeLxoC.png?set=set4',false,true);
INSERT INTO "User"("userId","name","phoneNumber","email","password","avatar","gender","active") VALUES(16,'Trần Hoàng Cúc','0828108383','tranhoangcuc96@gmail.com','C3|v>*Ot[]/hhZOyFO$','https://robohash.org/NuEQYSkRkTDvFuGxvqOPnOtfJKYGmT.png?set=set4',false,true);
INSERT INTO "User"("userId","name","phoneNumber","email","password","avatar","gender","active") VALUES(17,'Lý Ðức Nhân','0945367758','lyducnhan65@gmail.com','=5KJ"!XjisP+jOdA%hl','https://robohash.org/TNjTAHVwtARVvodwxAfmDxyGSPckYl.png?set=set4',true,true);
INSERT INTO "User"("userId","name","phoneNumber","email","password","avatar","gender","active") VALUES(18,'Hoàng Thiên Giang','0141272046','hoangthiengiang47@gmail.com','4a+rg-8(1P}!,\oc&]Qy','https://robohash.org/wnLgalAYbztZnphAwApEKuRziOLNEA.png?set=set4',false,true);
INSERT INTO "User"("userId","name","phoneNumber","email","password","avatar","gender","active") VALUES(19,'Vũ Thành Ý','0332346411','vuthanhy787@gmail.com','n|`/}6K(~#9%0[kDr>h}','https://robohash.org/ixkITyNeRMpZbJPXhoMXAzgckmmsNM.png?set=set4',true,true);
INSERT INTO "User"("userId","name","phoneNumber","email","password","avatar","gender","active") VALUES(20,'Dương Hòa Bình','0620302584','duonghoabinh311@gmail.com','0n(/p<I}a^[>v4B.5[Rr','https://robohash.org/xnxSElqpjhIektAGnSTgPxuNkEBTWY.png?set=set4',true,true);
INSERT INTO "User"("userId","name","phoneNumber","email","password","avatar","gender","active") VALUES(21,'Phan Duy Mỹ','0471906540','phanduymy370@gmail.com','9TF=D4p\m~+W0g|[$|,j','https://robohash.org/HFimeOFYOYfuJrIlkcCNmACYQOhVaj.png?set=set4',false,true);
INSERT INTO "User"("userId","name","phoneNumber","email","password","avatar","gender","active") VALUES(22,'Đỗ Nghi Dung','0164502919','donghidung169@gmail.com','O28PI6PRs.@zbJYTlm]F','https://robohash.org/jDlcvGHIOYrgDpMIXGzDUqbwQiYBkJ.png?set=set4',false,true);
INSERT INTO "User"("userId","name","phoneNumber","email","password","avatar","gender","active") VALUES(23,'Lê Thanh Thế','0516273485','lethanhthe374@gmail.com',']wu$i89FrkYqsaUa|]|I','https://robohash.org/KuErFQWSZkkzmeBhgMqZiWPwxuAmjU.png?set=set4',true,true);
INSERT INTO "User"("userId","name","phoneNumber","email","password","avatar","gender","active") VALUES(24,'Trần Minh Khuê','0649764518','tranminhkhue15@gmail.com','9)>MKcs,1DH\{oCe9|m5','https://robohash.org/PKnZILrVdZaCzHKYcJJnlzTwccCIQn.png?set=set4',false,true);
INSERT INTO "User"("userId","name","phoneNumber","email","password","avatar","gender","active") VALUES(25,'Hoàng Yến Thanh','0245298756','hoangyenthanh115@gmail.com','G@u3+$/~.eY=C-E?,T#u','https://robohash.org/HkQjMkwMxUuUGKVvfRQZumXLCepLsy.png?set=set4',false,true);
INSERT INTO "User"("userId","name","phoneNumber","email","password","avatar","gender","active") VALUES(26,'Nguyễn Chi Lan','0337491428','nguyenchilan953@gmail.com','V!hlCObQz/QK>utg:5zG','https://robohash.org/XWKjbzJwpJDXXtaPRiZoaUMgLPwKkw.png?set=set4',false,true);
INSERT INTO "User"("userId","name","phoneNumber","email","password","avatar","gender","active") VALUES(27,'Ngô Quỳnh Phương','0394460119','ngoquynhphuong423@gmail.com','{u^_Ga&j]MUGt<"i.F9Q','https://robohash.org/eCMMmVgNtkvWuFHIzRkkQleHnQswec.png?set=set4',false,true);
INSERT INTO "User"("userId","name","phoneNumber","email","password","avatar","gender","active") VALUES(28,'Đoàn Ðức Giang','0818585999','doanducgiang250@gmail.com','[y&*KY.f4h]"i(#eMD_m','https://robohash.org/XliQRdmRUeQkYdgTMgwzROnkkGfDim.png?set=set4',true,true);
INSERT INTO "User"("userId","name","phoneNumber","email","password","avatar","gender","active") VALUES(29,'Phan Mai Thy','0206684166','phanmaithy266@gmail.com','y&>kMQ?fq@oggkl=7p6q','https://robohash.org/gXngMcRbKkLHIiywkEmidyhPqIrUAN.png?set=set4',false,true);
INSERT INTO "User"("userId","name","phoneNumber","email","password","avatar","gender","active") VALUES(30,'Phạm Hải Thụy','0154015915','phamhaithuy44@gmail.com','PrpEd\5DvJoz/c.03uQ=','https://robohash.org/eECPjuXdmwSlUmLTShFOTvJicWcXjo.png?set=set4',false,true);
INSERT INTO "User"("userId","name","phoneNumber","email","password","avatar","gender","active") VALUES(31,'Dương Bích Ngân','0776715697','duongbichngan472@gmail.com','N:TYzz[\H4JQ8yrUv^QX','https://robohash.org/QpakXrTWDrPSfHiHqzrkzxTsSMKdVV.png?set=set4',false,true);
INSERT INTO "User"("userId","name","phoneNumber","email","password","avatar","gender","active") VALUES(32,'Ngô Hoàng Khôi','0437995227','ngohoangkhoi183@gmail.com','?sQ<m~%y#)07+(b>Quz|','https://robohash.org/rBxmGxNqZUQVyVMEEQpVgnZSjABrfM.png?set=set4',true,true);
INSERT INTO "User"("userId","name","phoneNumber","email","password","avatar","gender","active") VALUES(33,'Dương Mộng Giác','0551976940','duongmonggiac858@gmail.com','Mzf;pO3].-]l:TU[aHq','https://robohash.org/omSydLQXHjPyoYboQTuheiCFjbKRAk.png?set=set4',true,true);
INSERT INTO "User"("userId","name","phoneNumber","email","password","avatar","gender","active") VALUES(34,'Ngô Xuân Lâm','0924935539','ngoxuanlam429@gmail.com','ZNw>{]/:F(8dv[cD$Sf4','https://robohash.org/VhhXYuCuyEHvjtKUVpzpOxsGNEyiRI.png?set=set4',false,true);
INSERT INTO "User"("userId","name","phoneNumber","email","password","avatar","gender","active") VALUES(35,'Võ Hải Ân','0194708244','vohaian782@gmail.com','G<QXAB[;Wg`j?^B@Qs<p','https://robohash.org/UCgGCoRiAMHqOHmTLFJXODQrIJERWb.png?set=set4',false,true);
INSERT INTO "User"("userId","name","phoneNumber","email","password","avatar","gender","active") VALUES(36,'Hồ Tường Lĩnh','0320980278','hotuonglinh552@gmail.com','%J(+i+WdWm=@rAM12E,G','https://robohash.org/mzinCzMCJhHFmsNPmmqzoVLOMAlqPc.png?set=set4',true,true);
INSERT INTO "User"("userId","name","phoneNumber","email","password","avatar","gender","active") VALUES(37,'Nguyễn Quang Lân','0415688981','nguyenquanglan600@gmail.com','6~@qUs%HGtj-+qOtH92$','https://robohash.org/ulppdjPZKDRiNJoKwYKJXPRCduxOyE.png?set=set4',true,true);
INSERT INTO "User"("userId","name","phoneNumber","email","password","avatar","gender","active") VALUES(38,'Lê Ðình Quảng','0894532381','ledinhquang500@gmail.com','SXr$\uAZ=m:f_"9;&@98','https://robohash.org/hfKqOAMSBOIFhjrXqUmBafwcrByRWR.png?set=set4',true,true);
INSERT INTO "User"("userId","name","phoneNumber","email","password","avatar","gender","active") VALUES(39,'Nguyễn Kỳ Diệu','0817079534','nguyenkydieu124@gmail.com','|HzyMFbC]:G~T6&Goppq','https://robohash.org/IcRQIMyxlxFNvmmvtIOqbsdTakfYYB.png?set=set4',false,true);
INSERT INTO "User"("userId","name","phoneNumber","email","password","avatar","gender","active") VALUES(40,'Phạm Ngọc Bích','0508003067','phamngocbich785@gmail.com','=3n_%q98v5NY1tt3OTx9','https://robohash.org/OhfRWdLVLzJZkUwVcSunbYfaGpVBMV.png?set=set4',false,true);
INSERT INTO "User"("userId","name","phoneNumber","email","password","avatar","gender","active") VALUES(41,'Vũ Thục Quyên','0511160891','vuthucquyen907@gmail.com','9ZM*;/st\fO3iwqJ\CYx','https://robohash.org/RwcHBFDUonuiubvzSqpOAZPCLVEAXM.png?set=set4',false,true);
INSERT INTO "User"("userId","name","phoneNumber","email","password","avatar","gender","active") VALUES(42,'Huỳnh Duy Thanh','0428625076','huynhduythanh394@gmail.com',';HNyk~m8GLR:2687l2b','https://robohash.org/DDgoXXEncEuyDlSLyoLkZUFuvSnAEe.png?set=set4',true,true);
INSERT INTO "User"("userId","name","phoneNumber","email","password","avatar","gender","active") VALUES(43,'Ngô Kiều Loan','0747504229','ngokieuloan244@gmail.com','Xe{Krq,6P!::Y0li2|X','https://robohash.org/mWkZPhuEigcUnVYwdrCZFyMDkXLUUE.png?set=set4',false,true);
INSERT INTO "User"("userId","name","phoneNumber","email","password","avatar","gender","active") VALUES(44,'Bùi Tuyết Oanh','0211291628','buituyetoanh973@gmail.com','WRnfs}A-o6I,zoG;MI@=','https://robohash.org/mgszfZZNGhNONQnSlfBcPDyGcaqGlE.png?set=set4',false,true);
INSERT INTO "User"("userId","name","phoneNumber","email","password","avatar","gender","active") VALUES(45,'Lý Thiện Khiêm','0961490468','lythienkhiem297@gmail.com','>-xB2\cN+|PaK23YmPt','https://robohash.org/hGhLHYbwGaUmJOiFMUdkfVvToWwDZz.png?set=set4',true,true);
INSERT INTO "User"("userId","name","phoneNumber","email","password","avatar","gender","active") VALUES(46,'Vũ Thanh Thư','0420842585','vuthanhthu622@gmail.com','pfDRB8<(F*MzhwV=4+cO','https://robohash.org/ZadOdmIDupvdcqarBInWxQxpBAOdnf.png?set=set4',false,true);
INSERT INTO "User"("userId","name","phoneNumber","email","password","avatar","gender","active") VALUES(47,'Nguyễn Hoàng Lâm','0520780215','nguyenhoanglam85@gmail.com','sk{24;7Y+|d@qzB!fe_V','https://robohash.org/VLYDtdQxDXBJcrPFIFayafmLAvEYfp.png?set=set4',true,true);
INSERT INTO "User"("userId","name","phoneNumber","email","password","avatar","gender","active") VALUES(48,'Vũ Mỹ Trâm','0581697721','vumytram265@gmail.com','qxQvY3d.=yj*!^,-I0%x','https://robohash.org/oXGyKgWOVAGXLRFoluuGaBUjlnNrPC.png?set=set4',false,true);
INSERT INTO "User"("userId","name","phoneNumber","email","password","avatar","gender","active") VALUES(49,'Bùi Thế Duyệt','0965310428','buitheduyet271@gmail.com','];1e<-1W]c`^}A]1N5vD','https://robohash.org/jecvTpMzKbfRxSTJBaJYlmFdejqPtg.png?set=set4',true,true);
INSERT INTO "User"("userId","name","phoneNumber","email","password","avatar","gender","active") VALUES(50,'Phạm Hạ Băng','0493019646','phamhabang882@gmail.com','5tTTXd\ZvCD\j{-PS4mb','https://robohash.org/CQBVsZaWiNJAlPACLabePyXERunlZR.png?set=set4',false,true);
INSERT INTO "User"("userId","name","phoneNumber","email","password","avatar","gender","active") VALUES(51,'Võ Phi Ðiệp','0981069946','vophidiep570@gmail.com','F8\4uf|!.y%Z5|Y%8O$*','https://robohash.org/zgbSmYOhGERFGwijcDKImMiNkKOLQl.png?set=set4',true,true);
INSERT INTO "User"("userId","name","phoneNumber","email","password","avatar","gender","active") VALUES(52,'Ngô Trường Hiệp','0636461015','ngotruonghiep16@gmail.com','pk<"L8tGZTc_G%PrRz%a','https://robohash.org/pgonSAQbPLSFaTcfnFWvwehUChiiGl.png?set=set4',true,true);
INSERT INTO "User"("userId","name","phoneNumber","email","password","avatar","gender","active") VALUES(53,'Vũ Kim Xuyến','0171970983','vukimxuyen588@gmail.com','&3\{"D*`Dz;MSR|0xabf','https://robohash.org/hjsRkGoPDXUnEaXBHVaEVUTGfzuEFh.png?set=set4',false,true);
INSERT INTO "User"("userId","name","phoneNumber","email","password","avatar","gender","active") VALUES(54,'Đoàn Trí Minh','0580326900','doantriminh734@gmail.com','JRJtKI`w_;$fS`x]_wk5','https://robohash.org/tcUChSWmHXNfPGHZmMwDBvNbJwlShC.png?set=set4',true,true);
INSERT INTO "User"("userId","name","phoneNumber","email","password","avatar","gender","active") VALUES(55,'Hoàng Nhã Yến','0520091987','hoangnhayen927@gmail.com','_7Fb&kE.PQT4y|uX\#`k','https://robohash.org/tjtHAJvxXnIenFAscJnqHPGXKZhFUc.png?set=set4',false,true);
INSERT INTO "User"("userId","name","phoneNumber","email","password","avatar","gender","active") VALUES(56,'Đặng Minh Thúy','0372942342','dangminhthuy144@gmail.com','qx"ESvCyjPak0#4DUY_Z','https://robohash.org/gqyYTfOenbnOyNkwFbShSfrXwPaIKd.png?set=set4',false,true);
INSERT INTO "User"("userId","name","phoneNumber","email","password","avatar","gender","active") VALUES(57,'Nguyễn Cao Thọ','0396847925','nguyencaotho731@gmail.com','VC[(UNg+j:3S+vr8<16:','https://robohash.org/WifnDqIFReCwMWeigrLeMrVjTPthuo.png?set=set4',true,true);
INSERT INTO "User"("userId","name","phoneNumber","email","password","avatar","gender","active") VALUES(58,'Phạm Xuân Bảo','0569143775','phamxuanbao496@gmail.com','[T>?r[y%b))}XqV+>)T>','https://robohash.org/hJVSKDdedPNHYmJDUqyJdFyvouIwTG.png?set=set4',false,true);
INSERT INTO "User"("userId","name","phoneNumber","email","password","avatar","gender","active") VALUES(59,'Ngô Mỹ Phụng','0856145475','ngomyphung728@gmail.com','Oj8wiGP_MR!}>LNh\qX','https://robohash.org/psxuSnIcYIhZMHpiqDfflevFuMFCmD.png?set=set4',false,true);
INSERT INTO "User"("userId","name","phoneNumber","email","password","avatar","gender","active") VALUES(60,'Nguyễn Bích Hợp','0491166829','nguyenbichhop212@gmail.com','~9-c:l#Fz#bokq@Zve_','https://robohash.org/NywRoznJjTpayJjJBebpIxHaFZJosr.png?set=set4',false,true);
INSERT INTO "User"("userId","name","phoneNumber","email","password","avatar","gender","active") VALUES(61,'Đặng Hồng Đăng','0218967771','danghongdang134@gmail.com','DHAPE1q\e7x:;he!WAV','https://robohash.org/aDYrLEqAsThdxOXzsnjzgdtwjuDWlE.png?set=set4',false,true);
INSERT INTO "User"("userId","name","phoneNumber","email","password","avatar","gender","active") VALUES(62,'Lê Hải Miên','0521523485','lehaimien663@gmail.com','E%e:?%V[y%w=Ofs*NB8','https://robohash.org/GmvKWEMiMPaqtsZsFnEqMxKgbUlkYS.png?set=set4',false,true);
INSERT INTO "User"("userId","name","phoneNumber","email","password","avatar","gender","active") VALUES(63,'Ngô Tú Nguyệt','0530317321','ngotunguyet635@gmail.com','"L]@W?<.aN~xm:l@Z4:Q','https://robohash.org/IJaEBUVhsVZAyjuqaxnJnYXIrGLXVc.png?set=set4',false,true);
INSERT INTO "User"("userId","name","phoneNumber","email","password","avatar","gender","active") VALUES(64,'Lý Thạch Thảo','0498733134','lythachthao624@gmail.com','u6D:"3|L$;OU!1;GxoI','https://robohash.org/OwoacveMZqYkzUrzFZXOaRvzMKbebu.png?set=set4',false,true);
INSERT INTO "User"("userId","name","phoneNumber","email","password","avatar","gender","active") VALUES(65,'Lê Thúy Kiều','0168005102','lethuykieu911@gmail.com','0At(juLC!_T@lX:#yRVV','https://robohash.org/SYTTeUiJrZALLrNedvUypbnkWzDoaO.png?set=set4',false,true);
INSERT INTO "User"("userId","name","phoneNumber","email","password","avatar","gender","active") VALUES(66,'Lê Bạch Liên','0201656160','lebachlien195@gmail.com','hOAl-BaPpP[TLG-:Bg.K','https://robohash.org/QHkZgGiRaGhpQjxXhRHqufYnnoDqMe.png?set=set4',false,true);
INSERT INTO "User"("userId","name","phoneNumber","email","password","avatar","gender","active") VALUES(67,'Phan Huyền Thư','0679690823','phanhuyenthu732@gmail.com','Q4zH`^VE)2;OL@eS.8>y','https://robohash.org/nnWWMvCySxFVfpCDFkpQgQSDVPOOKG.png?set=set4',false,true);
INSERT INTO "User"("userId","name","phoneNumber","email","password","avatar","gender","active") VALUES(68,'Trương Hiếu Giang','0553149374','truonghieugiang131@gmail.com','KTx"^h)J2<_Eo:=zK2s4','https://robohash.org/FeuisOQWosllrBVVkYIvTFNPnEMwdn.png?set=set4',false,true);
INSERT INTO "User"("userId","name","phoneNumber","email","password","avatar","gender","active") VALUES(69,'Hoàng Anh Dũng','0372357124','hoanganhdung551@gmail.com','=#\+G%Jp@s,dK[n(W@~7','https://robohash.org/xiZbQfBdzvBZdqhScgnKwdbCGQNDNb.png?set=set4',true,true);
INSERT INTO "User"("userId","name","phoneNumber","email","password","avatar","gender","active") VALUES(70,'Phạm Anh Thảo','0125327223','phamanhthao623@gmail.com','22c]c:#=GjQvd@]D66nj','https://robohash.org/fLHScbEsrRBvHwWWSWZvAktfRibTDn.png?set=set4',false,true);
INSERT INTO "User"("userId","name","phoneNumber","email","password","avatar","gender","active") VALUES(71,'Đoàn Minh Đan','0744113457','doanminhdan313@gmail.com','E.-Abz|z\pMnWUAmZ0B','https://robohash.org/qZzzOwFdhlOkROHOecJfLgLjQWvdMF.png?set=set4',false,true);
INSERT INTO "User"("userId","name","phoneNumber","email","password","avatar","gender","active") VALUES(72,'Phạm Thúy Liên','0781709615','phamthuylien11@gmail.com','69OcFt._[<}|]6vzig_a','https://robohash.org/gclCiDLupnAYbrXQQFqmhdhdsKFgDh.png?set=set4',false,true);
INSERT INTO "User"("userId","name","phoneNumber","email","password","avatar","gender","active") VALUES(73,'Đoàn Cát Tường','0818987288','doancattuong169@gmail.com',')F*[U7mF!r:BeJ*95m@-','https://robohash.org/CpSVjFCwiDoQGmaELRXQzqNgvcZDnk.png?set=set4',false,true);
INSERT INTO "User"("userId","name","phoneNumber","email","password","avatar","gender","active") VALUES(74,'Huỳnh Trúc Quỳnh','0416746091','huynhtrucquynh748@gmail.com','1FZ.VgCnhpV+Ey6U+S$j','https://robohash.org/gdwahbpmbrtDXMVXKzRJrrnoVChLvV.png?set=set4',false,true);
INSERT INTO "User"("userId","name","phoneNumber","email","password","avatar","gender","active") VALUES(75,'Lê Linh Duyên','0353246980','lelinhduyen905@gmail.com','XY;>)Ei$w6)|rGcXd#Z`','https://robohash.org/vqbdoyZpoIdfMyjlJNvfVtwtDxEpRy.png?set=set4',false,true);
INSERT INTO "User"("userId","name","phoneNumber","email","password","avatar","gender","active") VALUES(76,'Đỗ Trọng Tường','0944077752','dotrongtuong706@gmail.com','C0NJ1|?cL-(FDX"n!U2U','https://robohash.org/fHvAYfiguFfGMccjbZaaqtaUiasfJk.png?set=set4',true,true);
INSERT INTO "User"("userId","name","phoneNumber","email","password","avatar","gender","active") VALUES(77,'Huỳnh Diệu Vân','0194412494','huynhdieuvan417@gmail.com','@(k<hYkr[S]j5qf0;s^P','https://robohash.org/jHEpiGSAtQjUPHCdndDrvIgnkCWKps.png?set=set4',false,true);
INSERT INTO "User"("userId","name","phoneNumber","email","password","avatar","gender","active") VALUES(78,'Đỗ Anh Việt','0226219358','doanhviet865@gmail.com','bin"*d*<WQ9:c!k/vRf','https://robohash.org/DxjxpreEKphxUQiZYzzvfseHzLzOwN.png?set=set4',true,true);
INSERT INTO "User"("userId","name","phoneNumber","email","password","avatar","gender","active") VALUES(79,'Nguyễn Bình Thuận','0748832957','nguyenbinhthuan740@gmail.com','7(["u4VsS39({>Q\akS','https://robohash.org/LYqTgkLxJqJevrwBOXFZstXQMEexrf.png?set=set4',true,true);
INSERT INTO "User"("userId","name","phoneNumber","email","password","avatar","gender","active") VALUES(80,'Trần Thụy Long','0650870688','tranthuylong320@gmail.com','v):@^1e*[d%9_*"2%:<"','https://robohash.org/yIoPiGUlmtfWBjctQbwEvaKnWoSFlm.png?set=set4',true,true);
INSERT INTO "User"("userId","name","phoneNumber","email","password","avatar","gender","active") VALUES(81,'Ngô Thu Hoài','0690465737','ngothuhoai68@gmail.com','G&#:iSz@-4S;6B&W_mDU','https://robohash.org/lzPLKHOrUUNVBfoglvrHXicmfWCbBc.png?set=set4',false,true);
INSERT INTO "User"("userId","name","phoneNumber","email","password","avatar","gender","active") VALUES(82,'Đỗ Trọng Việt','0150251756','dotrongviet732@gmail.com','vyTd`RXq7ijne&&8B!{j','https://robohash.org/IHWEKIyAwAYUvTBMNyxmOEOdKPRoBW.png?set=set4',true,true);
INSERT INTO "User"("userId","name","phoneNumber","email","password","avatar","gender","active") VALUES(83,'Phan Yến Nhi','0307226825','phanyennhi702@gmail.com','wEFyls<HRy3G5XkO@I0','https://robohash.org/DrtGsrKvdAnHheCTKXrIyDXLgoOtjG.png?set=set4',false,true);
INSERT INTO "User"("userId","name","phoneNumber","email","password","avatar","gender","active") VALUES(84,'Trần Thái Duy','0158451441','tranthaiduy659@gmail.com','8W)]<j3Bu^N7|im_S_7A','https://robohash.org/IaqkLxVtdFXJGTrWpCGdzqNoYOglpH.png?set=set4',true,true);
INSERT INTO "User"("userId","name","phoneNumber","email","password","avatar","gender","active") VALUES(85,'Võ Thanh Hảo','0614275522','vothanhhao969@gmail.com','(k,o.O@:|^!],`%4S7+7','https://robohash.org/nlIVbugpyaHVwshZJGXajrgXWAAmzD.png?set=set4',false,true);
INSERT INTO "User"("userId","name","phoneNumber","email","password","avatar","gender","active") VALUES(86,'Hồ Thiện Ân','0840567272','hothienan463@gmail.com','%bl;o=,Q&$D:$L$K*X3','https://robohash.org/pdHhAMSfwYKRLkrSddWfhCinPbsGcq.png?set=set4',true,true);
INSERT INTO "User"("userId","name","phoneNumber","email","password","avatar","gender","active") VALUES(87,'Bùi Gia Thịnh','0503202641','buigiathinh495@gmail.com','mU9)4}wps,[Es;-<%_~k','https://robohash.org/BZrOnsYUPiXIqIeIqUVPDPJoHpKOsh.png?set=set4',true,true);
INSERT INTO "User"("userId","name","phoneNumber","email","password","avatar","gender","active") VALUES(88,'Lý Tố Loan','0464595475','lytoloan165@gmail.com','Kdn{Xr3mW!AJ"H4r:0My','https://robohash.org/GcAdhZWuYgviJpmJRirrVMvEaYZtqP.png?set=set4',false,true);
INSERT INTO "User"("userId","name","phoneNumber","email","password","avatar","gender","active") VALUES(89,'Trần Hải Yến','0359852348','tranhaiyen328@gmail.com','n@rRz"o.GJh-m3NPEL|l','https://robohash.org/TFCKkhdIgxFqahJHBREkPBydQtNMdG.png?set=set4',false,true);
INSERT INTO "User"("userId","name","phoneNumber","email","password","avatar","gender","active") VALUES(90,'Phan Giáng Tiên','0224764767','phangiangtien344@gmail.com','1f0T)ObAEip!O4RcnUn','https://robohash.org/QANUTfSRnDhqpGqgdsZvLWiBDTEPTc.png?set=set4',false,true);
INSERT INTO "User"("userId","name","phoneNumber","email","password","avatar","gender","active") VALUES(91,'Huỳnh Công Hậu','0853274592','huynhconghau210@gmail.com','/!o2uSPQy0qZ29+}DJO8','https://robohash.org/yubMuzIaEEfYaPNQoJJoGrWJPqbfPc.png?set=set4',true,true);
INSERT INTO "User"("userId","name","phoneNumber","email","password","avatar","gender","active") VALUES(92,'Đặng Mai Quyên','0719165133','dangmaiquyen739@gmail.com','Tv<w%J$@|8=>.*T|a`Rg','https://robohash.org/KVmqqhWIAtuqNMvrGuTzgIeFhjbftT.png?set=set4',false,true);
INSERT INTO "User"("userId","name","phoneNumber","email","password","avatar","gender","active") VALUES(93,'Phan Nam Hải','0133984898','phannamhai617@gmail.com','4}k#T(.WtdM^U{UR5%Y','https://robohash.org/wwOcLDNzaBxUflsoksiljpzhNBTwEF.png?set=set4',true,true);
INSERT INTO "User"("userId","name","phoneNumber","email","password","avatar","gender","active") VALUES(94,'Lý Thanh Thế','0389077283','lythanhthe634@gmail.com','*ZVKXv"|u{.dV*Ias(o','https://robohash.org/vWDpeFkECZKsgmRJGLtzdHjtoLfuJM.png?set=set4',true,true);
INSERT INTO "User"("userId","name","phoneNumber","email","password","avatar","gender","active") VALUES(95,'Nguyễn Vĩnh Hưng','0673806340','nguyenvinhhung94@gmail.com','^i9Io({^NlKj]S>zX,j.','https://robohash.org/FPsGSGRVTsloRVLaKXgtDEQqBzvJgE.png?set=set4',true,true);
INSERT INTO "User"("userId","name","phoneNumber","email","password","avatar","gender","active") VALUES(96,'Dương Tường Vi','0320237799','duongtuongvi712@gmail.com','meh(L-f2G\U$svW,.QFw','https://robohash.org/wMTErDWExOxyFQKsqTMcGSjqUSFtpu.png?set=set4',false,true);
INSERT INTO "User"("userId","name","phoneNumber","email","password","avatar","gender","active") VALUES(97,'Lê Chí Giang','0359136235','lechigiang255@gmail.com','*n<t~UI@0DQgGjqX%X.p','https://robohash.org/sCylSxrtphJJvGbOokyVagJjoQzkiP.png?set=set4',true,true);
INSERT INTO "User"("userId","name","phoneNumber","email","password","avatar","gender","active") VALUES(98,'Dương Nam Hưng','0477160512','duongnamhung585@gmail.com','|f7CWl+]OwxUTu`wvvPo','https://robohash.org/BXCPtAaAozFtqURlYulXsgqYTsTbVG.png?set=set4',true,true);
INSERT INTO "User"("userId","name","phoneNumber","email","password","avatar","gender","active") VALUES(99,'Phan Ly Châu','0939697844','phanlychau623@gmail.com','+r/ef#(C>|]$cm#FkTOy','https://robohash.org/qXgUCONYnYgYOVUlhZqaVAtfRYcHqM.png?set=set4',false,true);
INSERT INTO "User"("userId","name","phoneNumber","email","password","avatar","gender","active") VALUES(100,'Võ Hải Thanh','0512481114','vohaithanh958@gmail.com','1ItOeOQZN:W3G%~XUEA]','https://robohash.org/VQIRrBnNIuAOYdmANZoQXNrPqupzqd.png?set=set4',false,true);

INSERT INTO "Order"("orderId","userId","address","reciverName","phoneNumber","totalCost","isPayment","status","timeOrder") VALUES(1,1,'Xã Liên Hà, Huyện Lâm Hà, Tỉnh Lâm Đồng','Phạm Kiên Giang','0788299096',66836400,false,'None','2019-02-21 09:33:00');
INSERT INTO "Order"("orderId","userId","address","reciverName","phoneNumber","totalCost","isPayment","status","timeOrder") VALUES(2,1,'Xã Liên Hà, Huyện Lâm Hà, Tỉnh Lâm Đồng','Phạm Kiên Giang','0788299096',117114300,true,'None','2022-08-03 08:15:00');
INSERT INTO "Order"("orderId","userId","address","reciverName","phoneNumber","totalCost","isPayment","status","timeOrder") VALUES(3,1,'Xã Liên Hà, Huyện Lâm Hà, Tỉnh Lâm Đồng','Phạm Kiên Giang','0788299096',43251000,true,'None','2022-04-03 05:43:00');
INSERT INTO "Order"("orderId","userId","address","reciverName","phoneNumber","totalCost","isPayment","status","timeOrder") VALUES(4,2,'Xã Bình Phục, Huyện Thăng Bình, Tỉnh Quảng Nam','Dương Hương Thủy','0664555932',55433400,false,'None','2022-08-26 01:29:00');
INSERT INTO "Order"("orderId","userId","address","reciverName","phoneNumber","totalCost","isPayment","status","timeOrder") VALUES(5,3,'Xã Thanh Hưng, Huyện Điện Biên, Tỉnh Điện Biên','Vũ Phương Chi','0523195057',207555100,true,'None','2023-10-30 12:23:00');
INSERT INTO "Order"("orderId","userId","address","reciverName","phoneNumber","totalCost","isPayment","status","timeOrder") VALUES(6,4,'Xã Quảng Phước, Huyện Quảng Điền, Tỉnh Thừa Thiên Huế','Lý Gia Thịnh','0156353936',138743700,true,'None','2023-07-17 09:00:00');
INSERT INTO "Order"("orderId","userId","address","reciverName","phoneNumber","totalCost","isPayment","status","timeOrder") VALUES(7,4,'Xã Quảng Phước, Huyện Quảng Điền, Tỉnh Thừa Thiên Huế','Lý Gia Thịnh','0156353936',74619100,true,'None','2020-07-11 10:53:00');
INSERT INTO "Order"("orderId","userId","address","reciverName","phoneNumber","totalCost","isPayment","status","timeOrder") VALUES(8,5,'Xã Mỹ Hiệp, Huyện Cao Lãnh, Tỉnh Đồng Tháp','Lê Bội Linh','0750190476',14748000,false,'None','2023-05-12 03:02:00');
INSERT INTO "Order"("orderId","userId","address","reciverName","phoneNumber","totalCost","isPayment","status","timeOrder") VALUES(9,6,'Phường Mỹ Phước, Thị xã Bến Cát, Tỉnh Bình Dương','Huỳnh Ý Nhi','0169730250',46653800,false,'None','2020-04-01 03:12:00');
INSERT INTO "Order"("orderId","userId","address","reciverName","phoneNumber","totalCost","isPayment","status","timeOrder") VALUES(10,6,'Phường Mỹ Phước, Thị xã Bến Cát, Tỉnh Bình Dương','Huỳnh Ý Nhi','0169730250',50624400,true,'None','2019-10-10 03:41:00');
INSERT INTO "Order"("orderId","userId","address","reciverName","phoneNumber","totalCost","isPayment","status","timeOrder") VALUES(11,6,'Phường Mỹ Phước, Thị xã Bến Cát, Tỉnh Bình Dương','Huỳnh Ý Nhi','0169730250',78817800,false,'None','2022-09-17 03:17:00');
INSERT INTO "Order"("orderId","userId","address","reciverName","phoneNumber","totalCost","isPayment","status","timeOrder") VALUES(12,7,'Xã Vạn Thái, Huyện Ứng Hòa, Thành phố Hà Nội','Lý Thu Mai','0552369025',175827500,true,'None','2022-06-19 07:57:00');
INSERT INTO "Order"("orderId","userId","address","reciverName","phoneNumber","totalCost","isPayment","status","timeOrder") VALUES(13,7,'Xã Vạn Thái, Huyện Ứng Hòa, Thành phố Hà Nội','Lý Thu Mai','0552369025',17730000,true,'None','2022-11-29 07:35:00');
INSERT INTO "Order"("orderId","userId","address","reciverName","phoneNumber","totalCost","isPayment","status","timeOrder") VALUES(14,7,'Xã Vạn Thái, Huyện Ứng Hòa, Thành phố Hà Nội','Lý Thu Mai','0552369025',128905300,true,'None','2021-01-12 12:06:00');
INSERT INTO "Order"("orderId","userId","address","reciverName","phoneNumber","totalCost","isPayment","status","timeOrder") VALUES(15,8,'Xã Vân Hà, Huyện Phúc Thọ, Thành phố Hà Nội','Lê Diễm Liên','0805437307',28469500,true,'None','2019-07-07 04:50:00');
INSERT INTO "Order"("orderId","userId","address","reciverName","phoneNumber","totalCost","isPayment","status","timeOrder") VALUES(16,8,'Xã Vân Hà, Huyện Phúc Thọ, Thành phố Hà Nội','Lê Diễm Liên','0805437307',42057700,true,'None','2022-12-23 04:07:00');
INSERT INTO "Order"("orderId","userId","address","reciverName","phoneNumber","totalCost","isPayment","status","timeOrder") VALUES(17,9,'Thị trấn Cái Tàu Hạ, Huyện Châu Thành, Tỉnh Đồng Tháp','Hoàng Thiện Lương','0532924570',132355900,true,'None','2020-03-18 02:29:00');
INSERT INTO "Order"("orderId","userId","address","reciverName","phoneNumber","totalCost","isPayment","status","timeOrder") VALUES(18,9,'Thị trấn Cái Tàu Hạ, Huyện Châu Thành, Tỉnh Đồng Tháp','Hoàng Thiện Lương','0532924570',71801700,true,'None','2021-04-11 04:00:00');
INSERT INTO "Order"("orderId","userId","address","reciverName","phoneNumber","totalCost","isPayment","status","timeOrder") VALUES(19,9,'Thị trấn Cái Tàu Hạ, Huyện Châu Thành, Tỉnh Đồng Tháp','Hoàng Thiện Lương','0532924570',27707700,false,'None','2023-02-20 12:06:00');
INSERT INTO "Order"("orderId","userId","address","reciverName","phoneNumber","totalCost","isPayment","status","timeOrder") VALUES(20,10,'Phường Lộc Hưng, Thị xã Trảng Bàng, Tỉnh Tây Ninh','Hoàng Hồng Minh','0348276589',81558300,false,'None','2023-10-28 08:40:00');
INSERT INTO "Order"("orderId","userId","address","reciverName","phoneNumber","totalCost","isPayment","status","timeOrder") VALUES(21,10,'Phường Lộc Hưng, Thị xã Trảng Bàng, Tỉnh Tây Ninh','Hoàng Hồng Minh','0348276589',132412300,true,'None','2020-11-16 05:21:00');
INSERT INTO "Order"("orderId","userId","address","reciverName","phoneNumber","totalCost","isPayment","status","timeOrder") VALUES(22,10,'Phường Lộc Hưng, Thị xã Trảng Bàng, Tỉnh Tây Ninh','Hoàng Hồng Minh','0348276589',58587600,true,'None','2022-03-10 05:08:00');
INSERT INTO "Order"("orderId","userId","address","reciverName","phoneNumber","totalCost","isPayment","status","timeOrder") VALUES(23,11,'Xã Nam Giang, Huyện Nam Đàn, Tỉnh Nghệ An','Đỗ Ly Châu','0892963723',138182700,true,'None','2022-05-03 05:27:00');
INSERT INTO "Order"("orderId","userId","address","reciverName","phoneNumber","totalCost","isPayment","status","timeOrder") VALUES(24,11,'Xã Nam Giang, Huyện Nam Đàn, Tỉnh Nghệ An','Đỗ Ly Châu','0892963723',80593200,false,'None','2023-03-03 02:17:00');
INSERT INTO "Order"("orderId","userId","address","reciverName","phoneNumber","totalCost","isPayment","status","timeOrder") VALUES(25,11,'Xã Nam Giang, Huyện Nam Đàn, Tỉnh Nghệ An','Đỗ Ly Châu','0892963723',212429500,false,'None','2019-08-03 09:57:00');
INSERT INTO "Order"("orderId","userId","address","reciverName","phoneNumber","totalCost","isPayment","status","timeOrder") VALUES(26,11,'Xã Nam Giang, Huyện Nam Đàn, Tỉnh Nghệ An','Đỗ Ly Châu','0892963723',170182600,false,'None','2023-03-17 01:52:00');
INSERT INTO "Order"("orderId","userId","address","reciverName","phoneNumber","totalCost","isPayment","status","timeOrder") VALUES(27,12,'Xã Nam Sơn, Huyện Đô Lương, Tỉnh Nghệ An','Đỗ Gia Kiên','0214228253',188885100,true,'None','2021-12-07 07:09:00');
INSERT INTO "Order"("orderId","userId","address","reciverName","phoneNumber","totalCost","isPayment","status","timeOrder") VALUES(28,12,'Xã Nam Sơn, Huyện Đô Lương, Tỉnh Nghệ An','Đỗ Gia Kiên','0214228253',37674600,false,'None','2021-12-15 07:06:00');
INSERT INTO "Order"("orderId","userId","address","reciverName","phoneNumber","totalCost","isPayment","status","timeOrder") VALUES(29,12,'Xã Nam Sơn, Huyện Đô Lương, Tỉnh Nghệ An','Đỗ Gia Kiên','0214228253',90982000,true,'None','2020-04-15 11:52:00');
INSERT INTO "Order"("orderId","userId","address","reciverName","phoneNumber","totalCost","isPayment","status","timeOrder") VALUES(30,12,'Xã Nam Sơn, Huyện Đô Lương, Tỉnh Nghệ An','Đỗ Gia Kiên','0214228253',92982500,false,'None','2019-06-23 08:02:00');
INSERT INTO "Order"("orderId","userId","address","reciverName","phoneNumber","totalCost","isPayment","status","timeOrder") VALUES(31,13,'Phường Lê Bình, Quận Cái Răng, Thành phố Cần Thơ','Nguyễn Bảo Ngọc','0967364537',108036400,false,'None','2020-06-14 11:39:00');
INSERT INTO "Order"("orderId","userId","address","reciverName","phoneNumber","totalCost","isPayment","status","timeOrder") VALUES(32,14,'Xã An Trạch, Huyện Đông Hải, Tỉnh Bạc Liêu','Lê Tuyết Lâm','0491001771',172086100,false,'None','2019-12-16 09:04:00');
INSERT INTO "Order"("orderId","userId","address","reciverName","phoneNumber","totalCost","isPayment","status","timeOrder") VALUES(33,14,'Xã An Trạch, Huyện Đông Hải, Tỉnh Bạc Liêu','Lê Tuyết Lâm','0491001771',96139200,false,'None','2019-06-29 09:25:00');
INSERT INTO "Order"("orderId","userId","address","reciverName","phoneNumber","totalCost","isPayment","status","timeOrder") VALUES(34,15,'Xã Hơ Moong, Huyện Sa Thầy, Tỉnh Kon Tum','Phan Thùy Dương','0388916448',119358100,true,'None','2022-08-12 04:08:00');
INSERT INTO "Order"("orderId","userId","address","reciverName","phoneNumber","totalCost","isPayment","status","timeOrder") VALUES(35,15,'Xã Hơ Moong, Huyện Sa Thầy, Tỉnh Kon Tum','Phan Thùy Dương','0388916448',66968500,true,'None','2021-06-07 03:24:00');
INSERT INTO "Order"("orderId","userId","address","reciverName","phoneNumber","totalCost","isPayment","status","timeOrder") VALUES(36,15,'Xã Hơ Moong, Huyện Sa Thầy, Tỉnh Kon Tum','Phan Thùy Dương','0388916448',221011700,true,'None','2019-12-12 07:54:00');
INSERT INTO "Order"("orderId","userId","address","reciverName","phoneNumber","totalCost","isPayment","status","timeOrder") VALUES(37,16,'Phường Mỹ Độ, Thành phố Bắc Giang, Tỉnh Bắc Giang','Trần Hoàng Cúc','0828108383',62629600,false,'None','2023-08-10 12:29:00');
INSERT INTO "Order"("orderId","userId","address","reciverName","phoneNumber","totalCost","isPayment","status","timeOrder") VALUES(38,17,'Xã Phan Dũng, Huyện Tuy Phong, Tỉnh Bình Thuận','Lý Ðức Nhân','0945367758',49059600,false,'None','2019-02-07 07:21:00');
INSERT INTO "Order"("orderId","userId","address","reciverName","phoneNumber","totalCost","isPayment","status","timeOrder") VALUES(39,17,'Xã Phan Dũng, Huyện Tuy Phong, Tỉnh Bình Thuận','Lý Ðức Nhân','0945367758',66219100,true,'None','2021-09-04 04:08:00');
INSERT INTO "Order"("orderId","userId","address","reciverName","phoneNumber","totalCost","isPayment","status","timeOrder") VALUES(40,18,'Phường Hải Sơn, Quận Đồ Sơn, Thành phố Hải Phòng','Hoàng Thiên Giang','0141272046',102240000,false,'None','2021-10-22 11:21:00');
INSERT INTO "Order"("orderId","userId","address","reciverName","phoneNumber","totalCost","isPayment","status","timeOrder") VALUES(41,19,'Xã Bắc Phong, Huyện Phù Yên, Tỉnh Sơn La','Vũ Thành Ý','0332346411',35232500,false,'None','2023-10-20 05:50:00');
INSERT INTO "Order"("orderId","userId","address","reciverName","phoneNumber","totalCost","isPayment","status","timeOrder") VALUES(42,19,'Xã Bắc Phong, Huyện Phù Yên, Tỉnh Sơn La','Vũ Thành Ý','0332346411',77612300,false,'None','2023-04-28 09:10:00');
INSERT INTO "Order"("orderId","userId","address","reciverName","phoneNumber","totalCost","isPayment","status","timeOrder") VALUES(43,19,'Xã Bắc Phong, Huyện Phù Yên, Tỉnh Sơn La','Vũ Thành Ý','0332346411',265950600,false,'None','2023-02-01 12:30:00');
INSERT INTO "Order"("orderId","userId","address","reciverName","phoneNumber","totalCost","isPayment","status","timeOrder") VALUES(44,20,'Xã Kỳ Phú, Huyện Kỳ Anh, Tỉnh Hà Tĩnh','Dương Hòa Bình','0620302584',238841800,false,'None','2020-03-16 04:06:00');
INSERT INTO "Order"("orderId","userId","address","reciverName","phoneNumber","totalCost","isPayment","status","timeOrder") VALUES(45,21,'Xã Nga An, Huyện Nga Sơn, Tỉnh Thanh Hóa','Phan Duy Mỹ','0471906540',47051600,false,'None','2022-07-18 03:44:00');
INSERT INTO "Order"("orderId","userId","address","reciverName","phoneNumber","totalCost","isPayment","status","timeOrder") VALUES(46,21,'Xã Nga An, Huyện Nga Sơn, Tỉnh Thanh Hóa','Phan Duy Mỹ','0471906540',50523300,true,'None','2022-07-11 02:54:00');
INSERT INTO "Order"("orderId","userId","address","reciverName","phoneNumber","totalCost","isPayment","status","timeOrder") VALUES(47,21,'Xã Nga An, Huyện Nga Sơn, Tỉnh Thanh Hóa','Phan Duy Mỹ','0471906540',110656400,true,'None','2021-12-05 10:42:00');
INSERT INTO "Order"("orderId","userId","address","reciverName","phoneNumber","totalCost","isPayment","status","timeOrder") VALUES(48,22,'Xã Tả Nhìu, Huyện Xín Mần, Tỉnh Hà Giang','Đỗ Nghi Dung','0164502919',231213400,true,'None','2020-05-30 03:42:00');
INSERT INTO "Order"("orderId","userId","address","reciverName","phoneNumber","totalCost","isPayment","status","timeOrder") VALUES(49,23,'Xã Mai Sơn, Huyện Tương Dương, Tỉnh Nghệ An','Lê Thanh Thế','0516273485',44602200,true,'None','2019-07-15 01:22:00');
INSERT INTO "Order"("orderId","userId","address","reciverName","phoneNumber","totalCost","isPayment","status","timeOrder") VALUES(50,23,'Xã Mai Sơn, Huyện Tương Dương, Tỉnh Nghệ An','Lê Thanh Thế','0516273485',50271300,true,'None','2022-05-09 08:04:00');
INSERT INTO "Order"("orderId","userId","address","reciverName","phoneNumber","totalCost","isPayment","status","timeOrder") VALUES(51,23,'Xã Mai Sơn, Huyện Tương Dương, Tỉnh Nghệ An','Lê Thanh Thế','0516273485',195257200,true,'None','2020-04-24 09:48:00');
INSERT INTO "Order"("orderId","userId","address","reciverName","phoneNumber","totalCost","isPayment","status","timeOrder") VALUES(52,23,'Xã Mai Sơn, Huyện Tương Dương, Tỉnh Nghệ An','Lê Thanh Thế','0516273485',63927100,true,'None','2022-02-05 08:54:00');
INSERT INTO "Order"("orderId","userId","address","reciverName","phoneNumber","totalCost","isPayment","status","timeOrder") VALUES(53,24,'Xã Gia Thủy, Huyện Nho Quan, Tỉnh Ninh Bình','Trần Minh Khuê','0649764518',263557100,false,'None','2022-06-15 04:40:00');
INSERT INTO "Order"("orderId","userId","address","reciverName","phoneNumber","totalCost","isPayment","status","timeOrder") VALUES(54,24,'Xã Gia Thủy, Huyện Nho Quan, Tỉnh Ninh Bình','Trần Minh Khuê','0649764518',160346500,true,'None','2021-05-13 02:32:00');
INSERT INTO "Order"("orderId","userId","address","reciverName","phoneNumber","totalCost","isPayment","status","timeOrder") VALUES(55,24,'Xã Gia Thủy, Huyện Nho Quan, Tỉnh Ninh Bình','Trần Minh Khuê','0649764518',85179600,true,'None','2019-04-18 09:11:00');
INSERT INTO "Order"("orderId","userId","address","reciverName","phoneNumber","totalCost","isPayment","status","timeOrder") VALUES(56,25,'Xã Trung Thành, Huyện  Vũng Liêm, Tỉnh Vĩnh Long','Hoàng Yến Thanh','0245298756',15486800,true,'None','2020-07-29 03:34:00');
INSERT INTO "Order"("orderId","userId","address","reciverName","phoneNumber","totalCost","isPayment","status","timeOrder") VALUES(57,25,'Xã Trung Thành, Huyện  Vũng Liêm, Tỉnh Vĩnh Long','Hoàng Yến Thanh','0245298756',68098600,true,'None','2021-11-12 04:19:00');
INSERT INTO "Order"("orderId","userId","address","reciverName","phoneNumber","totalCost","isPayment","status","timeOrder") VALUES(58,26,'Phường Quảng Thọ, Thị xã Ba Đồn, Tỉnh Quảng Bình','Nguyễn Chi Lan','0337491428',42421800,false,'None','2023-01-05 02:12:00');
INSERT INTO "Order"("orderId","userId","address","reciverName","phoneNumber","totalCost","isPayment","status","timeOrder") VALUES(59,27,'Phường Hố Nai, Thành phố Biên Hòa, Tỉnh Đồng Nai','Ngô Quỳnh Phương','0394460119',145826400,false,'None','2019-06-03 04:06:00');
INSERT INTO "Order"("orderId","userId","address","reciverName","phoneNumber","totalCost","isPayment","status","timeOrder") VALUES(60,27,'Phường Hố Nai, Thành phố Biên Hòa, Tỉnh Đồng Nai','Ngô Quỳnh Phương','0394460119',80160100,true,'None','2023-09-03 04:45:00');
INSERT INTO "Order"("orderId","userId","address","reciverName","phoneNumber","totalCost","isPayment","status","timeOrder") VALUES(61,27,'Phường Hố Nai, Thành phố Biên Hòa, Tỉnh Đồng Nai','Ngô Quỳnh Phương','0394460119',136072500,true,'None','2019-03-24 06:55:00');
INSERT INTO "Order"("orderId","userId","address","reciverName","phoneNumber","totalCost","isPayment","status","timeOrder") VALUES(62,28,'Xã Kim Sơn, Huyện Châu Thành, Tỉnh Tiền Giang','Đoàn Ðức Giang','0818585999',91582100,false,'None','2019-11-02 04:34:00');
INSERT INTO "Order"("orderId","userId","address","reciverName","phoneNumber","totalCost","isPayment","status","timeOrder") VALUES(63,28,'Xã Kim Sơn, Huyện Châu Thành, Tỉnh Tiền Giang','Đoàn Ðức Giang','0818585999',195207500,true,'None','2020-10-08 06:38:00');
INSERT INTO "Order"("orderId","userId","address","reciverName","phoneNumber","totalCost","isPayment","status","timeOrder") VALUES(64,29,'Xã Bắc An, Thành phố Chí Linh, Tỉnh Hải Dương','Phan Mai Thy','0206684166',90804800,true,'None','2021-12-26 01:33:00');
INSERT INTO "Order"("orderId","userId","address","reciverName","phoneNumber","totalCost","isPayment","status","timeOrder") VALUES(65,30,'Xã Khánh Hà, Huyện Thường Tín, Thành phố Hà Nội','Phạm Hải Thụy','0154015915',140918500,true,'None','2023-08-02 12:13:00');
INSERT INTO "Order"("orderId","userId","address","reciverName","phoneNumber","totalCost","isPayment","status","timeOrder") VALUES(66,30,'Xã Khánh Hà, Huyện Thường Tín, Thành phố Hà Nội','Phạm Hải Thụy','0154015915',112733200,true,'None','2021-08-19 05:06:00');
INSERT INTO "Order"("orderId","userId","address","reciverName","phoneNumber","totalCost","isPayment","status","timeOrder") VALUES(67,30,'Xã Khánh Hà, Huyện Thường Tín, Thành phố Hà Nội','Phạm Hải Thụy','0154015915',77879300,true,'None','2021-04-10 07:17:00');
INSERT INTO "Order"("orderId","userId","address","reciverName","phoneNumber","totalCost","isPayment","status","timeOrder") VALUES(68,31,'Xã Tê Xăng, Huyện Tu Mơ Rông, Tỉnh Kon Tum','Dương Bích Ngân','0776715697',306559800,true,'None','2021-08-16 02:24:00');
INSERT INTO "Order"("orderId","userId","address","reciverName","phoneNumber","totalCost","isPayment","status","timeOrder") VALUES(69,31,'Xã Tê Xăng, Huyện Tu Mơ Rông, Tỉnh Kon Tum','Dương Bích Ngân','0776715697',59287100,true,'None','2023-04-22 09:46:00');
INSERT INTO "Order"("orderId","userId","address","reciverName","phoneNumber","totalCost","isPayment","status","timeOrder") VALUES(70,31,'Xã Tê Xăng, Huyện Tu Mơ Rông, Tỉnh Kon Tum','Dương Bích Ngân','0776715697',46156300,true,'None','2020-05-29 05:51:00');
INSERT INTO "Order"("orderId","userId","address","reciverName","phoneNumber","totalCost","isPayment","status","timeOrder") VALUES(71,31,'Xã Tê Xăng, Huyện Tu Mơ Rông, Tỉnh Kon Tum','Dương Bích Ngân','0776715697',46674700,false,'None','2019-05-22 08:02:00');
INSERT INTO "Order"("orderId","userId","address","reciverName","phoneNumber","totalCost","isPayment","status","timeOrder") VALUES(72,32,'Thị trấn Cao Phong, Huyện Cao Phong, Tỉnh Hoà Bình','Ngô Hoàng Khôi','0437995227',64252600,true,'None','2022-01-10 05:27:00');
INSERT INTO "Order"("orderId","userId","address","reciverName","phoneNumber","totalCost","isPayment","status","timeOrder") VALUES(73,32,'Thị trấn Cao Phong, Huyện Cao Phong, Tỉnh Hoà Bình','Ngô Hoàng Khôi','0437995227',109607000,false,'None','2020-11-21 04:46:00');
INSERT INTO "Order"("orderId","userId","address","reciverName","phoneNumber","totalCost","isPayment","status","timeOrder") VALUES(74,33,'Phường Hạ Long, Thành phố Nam Định, Tỉnh Nam Định','Dương Mộng Giác','0551976940',172284400,true,'None','2020-05-03 06:20:00');
INSERT INTO "Order"("orderId","userId","address","reciverName","phoneNumber","totalCost","isPayment","status","timeOrder") VALUES(75,33,'Phường Hạ Long, Thành phố Nam Định, Tỉnh Nam Định','Dương Mộng Giác','0551976940',74526600,true,'None','2022-04-19 09:35:00');
INSERT INTO "Order"("orderId","userId","address","reciverName","phoneNumber","totalCost","isPayment","status","timeOrder") VALUES(76,34,'Phường Duy Hải, Thị xã Duy Tiên, Tỉnh Hà Nam','Ngô Xuân Lâm','0924935539',136686500,false,'None','2022-10-08 08:00:00');
INSERT INTO "Order"("orderId","userId","address","reciverName","phoneNumber","totalCost","isPayment","status","timeOrder") VALUES(77,34,'Phường Duy Hải, Thị xã Duy Tiên, Tỉnh Hà Nam','Ngô Xuân Lâm','0924935539',82063100,false,'None','2019-07-03 12:47:00');
INSERT INTO "Order"("orderId","userId","address","reciverName","phoneNumber","totalCost","isPayment","status","timeOrder") VALUES(78,34,'Phường Duy Hải, Thị xã Duy Tiên, Tỉnh Hà Nam','Ngô Xuân Lâm','0924935539',51869400,false,'None','2020-04-23 12:31:00');
INSERT INTO "Order"("orderId","userId","address","reciverName","phoneNumber","totalCost","isPayment","status","timeOrder") VALUES(79,34,'Phường Duy Hải, Thị xã Duy Tiên, Tỉnh Hà Nam','Ngô Xuân Lâm','0924935539',74178100,false,'None','2023-12-20 06:56:00');
INSERT INTO "Order"("orderId","userId","address","reciverName","phoneNumber","totalCost","isPayment","status","timeOrder") VALUES(80,35,'Xã Định Biên, Huyện Định Hóa, Tỉnh Thái Nguyên','Võ Hải Ân','0194708244',63981700,false,'None','2019-09-16 11:25:00');
INSERT INTO "Order"("orderId","userId","address","reciverName","phoneNumber","totalCost","isPayment","status","timeOrder") VALUES(81,36,'Xã Laêê, Huyện Nam Giang, Tỉnh Quảng Nam','Hồ Tường Lĩnh','0320980278',141005400,true,'None','2019-12-23 11:00:00');
INSERT INTO "Order"("orderId","userId","address","reciverName","phoneNumber","totalCost","isPayment","status","timeOrder") VALUES(82,36,'Xã Laêê, Huyện Nam Giang, Tỉnh Quảng Nam','Hồ Tường Lĩnh','0320980278',33381300,true,'None','2020-10-20 10:46:00');
INSERT INTO "Order"("orderId","userId","address","reciverName","phoneNumber","totalCost","isPayment","status","timeOrder") VALUES(83,36,'Xã Laêê, Huyện Nam Giang, Tỉnh Quảng Nam','Hồ Tường Lĩnh','0320980278',57546100,true,'None','2021-01-12 05:08:00');
INSERT INTO "Order"("orderId","userId","address","reciverName","phoneNumber","totalCost","isPayment","status","timeOrder") VALUES(84,36,'Xã Laêê, Huyện Nam Giang, Tỉnh Quảng Nam','Hồ Tường Lĩnh','0320980278',173492700,false,'None','2020-06-07 10:24:00');
INSERT INTO "Order"("orderId","userId","address","reciverName","phoneNumber","totalCost","isPayment","status","timeOrder") VALUES(85,37,'Xã Tân Hiệp, Huyện Thạnh Hóa, Tỉnh Long An','Nguyễn Quang Lân','0415688981',52056400,true,'None','2019-08-29 10:07:00');
INSERT INTO "Order"("orderId","userId","address","reciverName","phoneNumber","totalCost","isPayment","status","timeOrder") VALUES(86,37,'Xã Tân Hiệp, Huyện Thạnh Hóa, Tỉnh Long An','Nguyễn Quang Lân','0415688981',151265100,true,'None','2019-02-01 10:11:00');
INSERT INTO "Order"("orderId","userId","address","reciverName","phoneNumber","totalCost","isPayment","status","timeOrder") VALUES(87,37,'Xã Tân Hiệp, Huyện Thạnh Hóa, Tỉnh Long An','Nguyễn Quang Lân','0415688981',120410100,true,'None','2022-02-05 03:10:00');
INSERT INTO "Order"("orderId","userId","address","reciverName","phoneNumber","totalCost","isPayment","status","timeOrder") VALUES(88,38,'Xã Tân Ân, Huyện Cần Đước, Tỉnh Long An','Lê Ðình Quảng','0894532381',111167300,false,'None','2022-07-05 08:31:00');
INSERT INTO "Order"("orderId","userId","address","reciverName","phoneNumber","totalCost","isPayment","status","timeOrder") VALUES(89,38,'Xã Tân Ân, Huyện Cần Đước, Tỉnh Long An','Lê Ðình Quảng','0894532381',11419300,true,'None','2023-06-26 10:41:00');
INSERT INTO "Order"("orderId","userId","address","reciverName","phoneNumber","totalCost","isPayment","status","timeOrder") VALUES(90,39,'Xã Long Sơn, Huyện Minh Long, Tỉnh Quảng Ngãi','Nguyễn Kỳ Diệu','0817079534',68161900,true,'None','2021-02-03 05:14:00');
INSERT INTO "Order"("orderId","userId","address","reciverName","phoneNumber","totalCost","isPayment","status","timeOrder") VALUES(91,39,'Xã Long Sơn, Huyện Minh Long, Tỉnh Quảng Ngãi','Nguyễn Kỳ Diệu','0817079534',150021100,false,'None','2019-02-01 06:59:00');
INSERT INTO "Order"("orderId","userId","address","reciverName","phoneNumber","totalCost","isPayment","status","timeOrder") VALUES(92,39,'Xã Long Sơn, Huyện Minh Long, Tỉnh Quảng Ngãi','Nguyễn Kỳ Diệu','0817079534',63939000,false,'None','2021-12-25 05:46:00');
INSERT INTO "Order"("orderId","userId","address","reciverName","phoneNumber","totalCost","isPayment","status","timeOrder") VALUES(93,39,'Xã Long Sơn, Huyện Minh Long, Tỉnh Quảng Ngãi','Nguyễn Kỳ Diệu','0817079534',183738000,false,'None','2020-09-06 09:30:00');
INSERT INTO "Order"("orderId","userId","address","reciverName","phoneNumber","totalCost","isPayment","status","timeOrder") VALUES(94,40,'Xã Bình Phú, Huyện Càng Long, Tỉnh Trà Vinh','Phạm Ngọc Bích','0508003067',349879600,true,'None','2020-10-20 07:47:00');
INSERT INTO "Order"("orderId","userId","address","reciverName","phoneNumber","totalCost","isPayment","status","timeOrder") VALUES(95,41,'Xã Đại Mạch, Huyện Đông Anh, Thành phố Hà Nội','Vũ Thục Quyên','0511160891',167512500,true,'None','2023-03-08 09:33:00');
INSERT INTO "Order"("orderId","userId","address","reciverName","phoneNumber","totalCost","isPayment","status","timeOrder") VALUES(96,42,'Xã Tân Thủy, Huyện Ba Tri, Tỉnh Bến Tre','Huỳnh Duy Thanh','0428625076',108132400,false,'None','2019-01-30 08:08:00');
INSERT INTO "Order"("orderId","userId","address","reciverName","phoneNumber","totalCost","isPayment","status","timeOrder") VALUES(97,42,'Xã Tân Thủy, Huyện Ba Tri, Tỉnh Bến Tre','Huỳnh Duy Thanh','0428625076',80084900,true,'None','2022-04-02 10:04:00');
INSERT INTO "Order"("orderId","userId","address","reciverName","phoneNumber","totalCost","isPayment","status","timeOrder") VALUES(98,42,'Xã Tân Thủy, Huyện Ba Tri, Tỉnh Bến Tre','Huỳnh Duy Thanh','0428625076',163387400,false,'None','2023-08-04 01:54:00');
INSERT INTO "Order"("orderId","userId","address","reciverName","phoneNumber","totalCost","isPayment","status","timeOrder") VALUES(99,42,'Xã Tân Thủy, Huyện Ba Tri, Tỉnh Bến Tre','Huỳnh Duy Thanh','0428625076',86384800,false,'None','2019-10-29 11:07:00');
INSERT INTO "Order"("orderId","userId","address","reciverName","phoneNumber","totalCost","isPayment","status","timeOrder") VALUES(100,43,'Xã Xuân Chính, Huyện Kim Sơn, Tỉnh Ninh Bình','Ngô Kiều Loan','0747504229',382708800,false,'None','2021-05-29 02:07:00');
INSERT INTO "Order"("orderId","userId","address","reciverName","phoneNumber","totalCost","isPayment","status","timeOrder") VALUES(101,43,'Xã Xuân Chính, Huyện Kim Sơn, Tỉnh Ninh Bình','Ngô Kiều Loan','0747504229',84304100,false,'None','2020-01-27 12:34:00');
INSERT INTO "Order"("orderId","userId","address","reciverName","phoneNumber","totalCost","isPayment","status","timeOrder") VALUES(102,43,'Xã Xuân Chính, Huyện Kim Sơn, Tỉnh Ninh Bình','Ngô Kiều Loan','0747504229',74289500,true,'None','2021-02-01 11:49:00');
INSERT INTO "Order"("orderId","userId","address","reciverName","phoneNumber","totalCost","isPayment","status","timeOrder") VALUES(103,44,'Phường Quang Trung, Thành phố Uông Bí, Tỉnh Quảng Ninh','Bùi Tuyết Oanh','0211291628',267268300,true,'None','2023-09-14 05:08:00');
INSERT INTO "Order"("orderId","userId","address","reciverName","phoneNumber","totalCost","isPayment","status","timeOrder") VALUES(104,45,'Xã Phú Long, Huyện Nho Quan, Tỉnh Ninh Bình','Lý Thiện Khiêm','0961490468',96373700,true,'None','2020-09-01 12:21:00');
INSERT INTO "Order"("orderId","userId","address","reciverName","phoneNumber","totalCost","isPayment","status","timeOrder") VALUES(105,45,'Xã Phú Long, Huyện Nho Quan, Tỉnh Ninh Bình','Lý Thiện Khiêm','0961490468',76242300,true,'None','2022-09-21 07:39:00');
INSERT INTO "Order"("orderId","userId","address","reciverName","phoneNumber","totalCost","isPayment","status","timeOrder") VALUES(106,46,'Xã Bon Phặng, Huyện Thuận Châu, Tỉnh Sơn La','Vũ Thanh Thư','0420842585',50268100,false,'None','2023-11-06 04:45:00');
INSERT INTO "Order"("orderId","userId","address","reciverName","phoneNumber","totalCost","isPayment","status","timeOrder") VALUES(107,46,'Xã Bon Phặng, Huyện Thuận Châu, Tỉnh Sơn La','Vũ Thanh Thư','0420842585',223013000,true,'None','2019-10-10 05:44:00');
INSERT INTO "Order"("orderId","userId","address","reciverName","phoneNumber","totalCost","isPayment","status","timeOrder") VALUES(108,46,'Xã Bon Phặng, Huyện Thuận Châu, Tỉnh Sơn La','Vũ Thanh Thư','0420842585',69471400,true,'None','2021-01-31 01:28:00');
INSERT INTO "Order"("orderId","userId","address","reciverName","phoneNumber","totalCost","isPayment","status","timeOrder") VALUES(109,47,'Xã Thủy Thanh, Thị xã Hương Thủy, Tỉnh Thừa Thiên Huế','Nguyễn Hoàng Lâm','0520780215',70774400,false,'None','2020-04-22 10:30:00');
INSERT INTO "Order"("orderId","userId","address","reciverName","phoneNumber","totalCost","isPayment","status","timeOrder") VALUES(110,47,'Xã Thủy Thanh, Thị xã Hương Thủy, Tỉnh Thừa Thiên Huế','Nguyễn Hoàng Lâm','0520780215',72294900,false,'None','2022-11-23 07:38:00');
INSERT INTO "Order"("orderId","userId","address","reciverName","phoneNumber","totalCost","isPayment","status","timeOrder") VALUES(111,47,'Xã Thủy Thanh, Thị xã Hương Thủy, Tỉnh Thừa Thiên Huế','Nguyễn Hoàng Lâm','0520780215',106555200,true,'None','2021-11-04 05:35:00');
INSERT INTO "Order"("orderId","userId","address","reciverName","phoneNumber","totalCost","isPayment","status","timeOrder") VALUES(112,48,'Xã Nghiên Loan, Huyện Pác Nặm, Tỉnh Bắc Kạn','Vũ Mỹ Trâm','0581697721',148568900,true,'None','2019-07-07 01:14:00');
INSERT INTO "Order"("orderId","userId","address","reciverName","phoneNumber","totalCost","isPayment","status","timeOrder") VALUES(113,49,'Xã Mường Than, Huyện Than Uyên, Tỉnh Lai Châu','Bùi Thế Duyệt','0965310428',141485900,false,'None','2022-01-15 04:04:00');
INSERT INTO "Order"("orderId","userId","address","reciverName","phoneNumber","totalCost","isPayment","status","timeOrder") VALUES(114,49,'Xã Mường Than, Huyện Than Uyên, Tỉnh Lai Châu','Bùi Thế Duyệt','0965310428',53245900,true,'None','2022-04-22 05:57:00');
INSERT INTO "Order"("orderId","userId","address","reciverName","phoneNumber","totalCost","isPayment","status","timeOrder") VALUES(115,49,'Xã Mường Than, Huyện Than Uyên, Tỉnh Lai Châu','Bùi Thế Duyệt','0965310428',125800400,false,'None','2020-06-18 01:48:00');
INSERT INTO "Order"("orderId","userId","address","reciverName","phoneNumber","totalCost","isPayment","status","timeOrder") VALUES(116,49,'Xã Mường Than, Huyện Than Uyên, Tỉnh Lai Châu','Bùi Thế Duyệt','0965310428',40136300,false,'None','2021-04-05 06:22:00');
INSERT INTO "Order"("orderId","userId","address","reciverName","phoneNumber","totalCost","isPayment","status","timeOrder") VALUES(117,50,'Xã Tiên Hoàng, Huyện Cát Tiên, Tỉnh Lâm Đồng','Phạm Hạ Băng','0493019646',112741000,true,'None','2019-01-14 01:27:00');
INSERT INTO "Order"("orderId","userId","address","reciverName","phoneNumber","totalCost","isPayment","status","timeOrder") VALUES(118,50,'Xã Tiên Hoàng, Huyện Cát Tiên, Tỉnh Lâm Đồng','Phạm Hạ Băng','0493019646',122013800,false,'None','2020-02-03 10:26:00');
INSERT INTO "Order"("orderId","userId","address","reciverName","phoneNumber","totalCost","isPayment","status","timeOrder") VALUES(119,50,'Xã Tiên Hoàng, Huyện Cát Tiên, Tỉnh Lâm Đồng','Phạm Hạ Băng','0493019646',52661400,true,'None','2019-11-25 12:12:00');
INSERT INTO "Order"("orderId","userId","address","reciverName","phoneNumber","totalCost","isPayment","status","timeOrder") VALUES(120,51,'Xã Tân Long, Huyện Phú Giáo, Tỉnh Bình Dương','Võ Phi Ðiệp','0981069946',122840000,true,'None','2019-01-30 12:38:00');
INSERT INTO "Order"("orderId","userId","address","reciverName","phoneNumber","totalCost","isPayment","status","timeOrder") VALUES(121,51,'Xã Tân Long, Huyện Phú Giáo, Tỉnh Bình Dương','Võ Phi Ðiệp','0981069946',100543200,true,'None','2021-10-17 07:21:00');
INSERT INTO "Order"("orderId","userId","address","reciverName","phoneNumber","totalCost","isPayment","status","timeOrder") VALUES(122,51,'Xã Tân Long, Huyện Phú Giáo, Tỉnh Bình Dương','Võ Phi Ðiệp','0981069946',46834500,false,'None','2019-10-11 04:17:00');
INSERT INTO "Order"("orderId","userId","address","reciverName","phoneNumber","totalCost","isPayment","status","timeOrder") VALUES(123,51,'Xã Tân Long, Huyện Phú Giáo, Tỉnh Bình Dương','Võ Phi Ðiệp','0981069946',41178000,false,'None','2022-09-04 10:57:00');
INSERT INTO "Order"("orderId","userId","address","reciverName","phoneNumber","totalCost","isPayment","status","timeOrder") VALUES(124,52,'Xã Trần Thới, Huyện Cái Nước, Tỉnh Cà Mau','Ngô Trường Hiệp','0636461015',46648800,false,'None','2021-08-22 04:44:00');
INSERT INTO "Order"("orderId","userId","address","reciverName","phoneNumber","totalCost","isPayment","status","timeOrder") VALUES(125,53,'Thị trấn Đình Cả, Huyện Võ Nhai, Tỉnh Thái Nguyên','Vũ Kim Xuyến','0171970983',78531800,true,'None','2023-05-12 02:14:00');
INSERT INTO "Order"("orderId","userId","address","reciverName","phoneNumber","totalCost","isPayment","status","timeOrder") VALUES(126,53,'Thị trấn Đình Cả, Huyện Võ Nhai, Tỉnh Thái Nguyên','Vũ Kim Xuyến','0171970983',144508300,false,'None','2023-02-22 07:03:00');
INSERT INTO "Order"("orderId","userId","address","reciverName","phoneNumber","totalCost","isPayment","status","timeOrder") VALUES(127,53,'Thị trấn Đình Cả, Huyện Võ Nhai, Tỉnh Thái Nguyên','Vũ Kim Xuyến','0171970983',39124400,true,'None','2020-10-16 02:05:00');
INSERT INTO "Order"("orderId","userId","address","reciverName","phoneNumber","totalCost","isPayment","status","timeOrder") VALUES(128,54,'Phường Nguyễn Trung Trực, Quận Ba Đình, Thành phố Hà Nội','Đoàn Trí Minh','0580326900',190775700,true,'None','2022-03-10 09:46:00');
INSERT INTO "Order"("orderId","userId","address","reciverName","phoneNumber","totalCost","isPayment","status","timeOrder") VALUES(129,54,'Phường Nguyễn Trung Trực, Quận Ba Đình, Thành phố Hà Nội','Đoàn Trí Minh','0580326900',153248000,false,'None','2021-10-04 09:48:00');
INSERT INTO "Order"("orderId","userId","address","reciverName","phoneNumber","totalCost","isPayment","status","timeOrder") VALUES(130,54,'Phường Nguyễn Trung Trực, Quận Ba Đình, Thành phố Hà Nội','Đoàn Trí Minh','0580326900',133847400,true,'None','2023-05-14 09:40:00');
INSERT INTO "Order"("orderId","userId","address","reciverName","phoneNumber","totalCost","isPayment","status","timeOrder") VALUES(131,55,'Xã Hợp Thành, Thành phố Lào Cai, Tỉnh Lào Cai','Hoàng Nhã Yến','0520091987',167923100,true,'None','2022-04-05 02:01:00');
INSERT INTO "Order"("orderId","userId","address","reciverName","phoneNumber","totalCost","isPayment","status","timeOrder") VALUES(132,55,'Xã Hợp Thành, Thành phố Lào Cai, Tỉnh Lào Cai','Hoàng Nhã Yến','0520091987',49824400,true,'None','2022-11-16 05:23:00');
INSERT INTO "Order"("orderId","userId","address","reciverName","phoneNumber","totalCost","isPayment","status","timeOrder") VALUES(133,56,'Xã Vân Hà, Huyện Đông Anh, Thành phố Hà Nội','Đặng Minh Thúy','0372942342',41513100,true,'None','2019-05-26 06:13:00');
INSERT INTO "Order"("orderId","userId","address","reciverName","phoneNumber","totalCost","isPayment","status","timeOrder") VALUES(134,56,'Xã Vân Hà, Huyện Đông Anh, Thành phố Hà Nội','Đặng Minh Thúy','0372942342',100336200,false,'None','2022-04-13 04:21:00');
INSERT INTO "Order"("orderId","userId","address","reciverName","phoneNumber","totalCost","isPayment","status","timeOrder") VALUES(135,57,'Phường Vĩnh Hòa, Thành phố Nha Trang, Tỉnh Khánh Hòa','Nguyễn Cao Thọ','0396847925',68133100,true,'None','2020-08-29 09:22:00');
INSERT INTO "Order"("orderId","userId","address","reciverName","phoneNumber","totalCost","isPayment","status","timeOrder") VALUES(136,57,'Phường Vĩnh Hòa, Thành phố Nha Trang, Tỉnh Khánh Hòa','Nguyễn Cao Thọ','0396847925',155023200,false,'None','2021-10-15 01:52:00');
INSERT INTO "Order"("orderId","userId","address","reciverName","phoneNumber","totalCost","isPayment","status","timeOrder") VALUES(137,58,'Xã Đông Hoàng, Huyện Đông Hưng, Tỉnh Thái Bình','Phạm Xuân Bảo','0569143775',96646700,false,'None','2019-08-22 07:56:00');
INSERT INTO "Order"("orderId","userId","address","reciverName","phoneNumber","totalCost","isPayment","status","timeOrder") VALUES(138,58,'Xã Đông Hoàng, Huyện Đông Hưng, Tỉnh Thái Bình','Phạm Xuân Bảo','0569143775',76390500,true,'None','2021-09-28 08:45:00');
INSERT INTO "Order"("orderId","userId","address","reciverName","phoneNumber","totalCost","isPayment","status","timeOrder") VALUES(139,58,'Xã Đông Hoàng, Huyện Đông Hưng, Tỉnh Thái Bình','Phạm Xuân Bảo','0569143775',44057100,true,'None','2019-03-02 01:49:00');
INSERT INTO "Order"("orderId","userId","address","reciverName","phoneNumber","totalCost","isPayment","status","timeOrder") VALUES(140,58,'Xã Đông Hoàng, Huyện Đông Hưng, Tỉnh Thái Bình','Phạm Xuân Bảo','0569143775',292588900,false,'None','2021-12-01 10:24:00');
INSERT INTO "Order"("orderId","userId","address","reciverName","phoneNumber","totalCost","isPayment","status","timeOrder") VALUES(141,59,'Xã Cẩm Mỹ, Huyện Cẩm Xuyên, Tỉnh Hà Tĩnh','Ngô Mỹ Phụng','0856145475',105959000,true,'None','2022-08-24 04:18:00');
INSERT INTO "Order"("orderId","userId","address","reciverName","phoneNumber","totalCost","isPayment","status","timeOrder") VALUES(142,59,'Xã Cẩm Mỹ, Huyện Cẩm Xuyên, Tỉnh Hà Tĩnh','Ngô Mỹ Phụng','0856145475',236097000,false,'None','2019-07-03 12:55:00');
INSERT INTO "Order"("orderId","userId","address","reciverName","phoneNumber","totalCost","isPayment","status","timeOrder") VALUES(143,59,'Xã Cẩm Mỹ, Huyện Cẩm Xuyên, Tỉnh Hà Tĩnh','Ngô Mỹ Phụng','0856145475',87738500,true,'None','2023-12-12 07:33:00');
INSERT INTO "Order"("orderId","userId","address","reciverName","phoneNumber","totalCost","isPayment","status","timeOrder") VALUES(144,60,'Xã Thụy Văn, Huyện Thái Thụy, Tỉnh Thái Bình','Nguyễn Bích Hợp','0491166829',60271800,true,'None','2020-09-26 02:50:00');
INSERT INTO "Order"("orderId","userId","address","reciverName","phoneNumber","totalCost","isPayment","status","timeOrder") VALUES(145,61,'Thị trấn Phố Châu, Huyện Hương Sơn, Tỉnh Hà Tĩnh','Đặng Hồng Đăng','0218967771',59244000,false,'None','2022-08-16 11:54:00');
INSERT INTO "Order"("orderId","userId","address","reciverName","phoneNumber","totalCost","isPayment","status","timeOrder") VALUES(146,61,'Thị trấn Phố Châu, Huyện Hương Sơn, Tỉnh Hà Tĩnh','Đặng Hồng Đăng','0218967771',86469100,true,'None','2022-06-08 05:32:00');
INSERT INTO "Order"("orderId","userId","address","reciverName","phoneNumber","totalCost","isPayment","status","timeOrder") VALUES(147,61,'Thị trấn Phố Châu, Huyện Hương Sơn, Tỉnh Hà Tĩnh','Đặng Hồng Đăng','0218967771',52734000,false,'None','2020-04-03 06:25:00');
INSERT INTO "Order"("orderId","userId","address","reciverName","phoneNumber","totalCost","isPayment","status","timeOrder") VALUES(148,62,'Xã Phước Đức, Huyện Phước Sơn, Tỉnh Quảng Nam','Lê Hải Miên','0521523485',127435400,true,'None','2020-03-23 05:58:00');
INSERT INTO "Order"("orderId","userId","address","reciverName","phoneNumber","totalCost","isPayment","status","timeOrder") VALUES(149,63,'Xã Lũng Phìn, Huyện Đồng Văn, Tỉnh Hà Giang','Ngô Tú Nguyệt','0530317321',140511600,true,'None','2021-01-08 09:03:00');
INSERT INTO "Order"("orderId","userId","address","reciverName","phoneNumber","totalCost","isPayment","status","timeOrder") VALUES(150,63,'Xã Lũng Phìn, Huyện Đồng Văn, Tỉnh Hà Giang','Ngô Tú Nguyệt','0530317321',35652200,true,'None','2023-06-21 12:34:00');
INSERT INTO "Order"("orderId","userId","address","reciverName","phoneNumber","totalCost","isPayment","status","timeOrder") VALUES(151,63,'Xã Lũng Phìn, Huyện Đồng Văn, Tỉnh Hà Giang','Ngô Tú Nguyệt','0530317321',81415000,true,'None','2022-06-08 11:05:00');
INSERT INTO "Order"("orderId","userId","address","reciverName","phoneNumber","totalCost","isPayment","status","timeOrder") VALUES(152,64,'Xã Điền Lư, Huyện Bá Thước, Tỉnh Thanh Hóa','Lý Thạch Thảo','0498733134',217782800,false,'None','2019-11-27 03:10:00');
INSERT INTO "Order"("orderId","userId","address","reciverName","phoneNumber","totalCost","isPayment","status","timeOrder") VALUES(153,65,'Phường 8, Thành phố Tuy Hoà, Tỉnh Phú Yên','Lê Thúy Kiều','0168005102',174366100,true,'None','2019-10-15 12:09:00');
INSERT INTO "Order"("orderId","userId","address","reciverName","phoneNumber","totalCost","isPayment","status","timeOrder") VALUES(154,65,'Phường 8, Thành phố Tuy Hoà, Tỉnh Phú Yên','Lê Thúy Kiều','0168005102',31673100,false,'None','2021-12-16 02:45:00');
INSERT INTO "Order"("orderId","userId","address","reciverName","phoneNumber","totalCost","isPayment","status","timeOrder") VALUES(155,65,'Phường 8, Thành phố Tuy Hoà, Tỉnh Phú Yên','Lê Thúy Kiều','0168005102',56338400,true,'None','2023-12-29 11:13:00');
INSERT INTO "Order"("orderId","userId","address","reciverName","phoneNumber","totalCost","isPayment","status","timeOrder") VALUES(156,66,'Xã Lùng Tám, Huyện Quản Bạ, Tỉnh Hà Giang','Lê Bạch Liên','0201656160',84006700,false,'None','2019-08-20 06:20:00');
INSERT INTO "Order"("orderId","userId","address","reciverName","phoneNumber","totalCost","isPayment","status","timeOrder") VALUES(157,67,'Xã Vĩnh Hòa, Huyện Chợ Lách, Tỉnh Bến Tre','Phan Huyền Thư','0679690823',206180400,false,'None','2020-02-27 11:41:00');
INSERT INTO "Order"("orderId","userId","address","reciverName","phoneNumber","totalCost","isPayment","status","timeOrder") VALUES(158,67,'Xã Vĩnh Hòa, Huyện Chợ Lách, Tỉnh Bến Tre','Phan Huyền Thư','0679690823',95241400,false,'None','2019-08-23 02:18:00');
INSERT INTO "Order"("orderId","userId","address","reciverName","phoneNumber","totalCost","isPayment","status","timeOrder") VALUES(159,68,'Xã Suối Ngô, Huyện Tân Châu, Tỉnh Tây Ninh','Trương Hiếu Giang','0553149374',128861100,false,'None','2021-07-29 10:13:00');
INSERT INTO "Order"("orderId","userId","address","reciverName","phoneNumber","totalCost","isPayment","status","timeOrder") VALUES(160,69,'Xã Đồng Cẩm, Huyện Kim Thành, Tỉnh Hải Dương','Hoàng Anh Dũng','0372357124',99534100,true,'None','2021-11-21 03:58:00');
INSERT INTO "Order"("orderId","userId","address","reciverName","phoneNumber","totalCost","isPayment","status","timeOrder") VALUES(161,70,'Phường Chánh Mỹ, Thành phố Thủ Dầu Một, Tỉnh Bình Dương','Phạm Anh Thảo','0125327223',141678100,true,'None','2019-11-02 04:54:00');
INSERT INTO "Order"("orderId","userId","address","reciverName","phoneNumber","totalCost","isPayment","status","timeOrder") VALUES(162,70,'Phường Chánh Mỹ, Thành phố Thủ Dầu Một, Tỉnh Bình Dương','Phạm Anh Thảo','0125327223',165184000,true,'None','2022-01-20 11:36:00');
INSERT INTO "Order"("orderId","userId","address","reciverName","phoneNumber","totalCost","isPayment","status","timeOrder") VALUES(163,70,'Phường Chánh Mỹ, Thành phố Thủ Dầu Một, Tỉnh Bình Dương','Phạm Anh Thảo','0125327223',154442000,true,'None','2023-02-03 02:27:00');
INSERT INTO "Order"("orderId","userId","address","reciverName","phoneNumber","totalCost","isPayment","status","timeOrder") VALUES(164,71,'Xã Quang Phú, Thành Phố Đồng Hới, Tỉnh Quảng Bình','Đoàn Minh Đan','0744113457',163492400,false,'None','2020-01-12 05:43:00');
INSERT INTO "Order"("orderId","userId","address","reciverName","phoneNumber","totalCost","isPayment","status","timeOrder") VALUES(165,71,'Xã Quang Phú, Thành Phố Đồng Hới, Tỉnh Quảng Bình','Đoàn Minh Đan','0744113457',186094400,true,'None','2022-12-21 08:06:00');
INSERT INTO "Order"("orderId","userId","address","reciverName","phoneNumber","totalCost","isPayment","status","timeOrder") VALUES(166,71,'Xã Quang Phú, Thành Phố Đồng Hới, Tỉnh Quảng Bình','Đoàn Minh Đan','0744113457',55778300,false,'None','2020-12-16 11:35:00');
INSERT INTO "Order"("orderId","userId","address","reciverName","phoneNumber","totalCost","isPayment","status","timeOrder") VALUES(167,72,'Xã Vị Thanh, Huyện Vị Thuỷ, Tỉnh Hậu Giang','Phạm Thúy Liên','0781709615',127366700,false,'None','2019-12-15 12:29:00');
INSERT INTO "Order"("orderId","userId","address","reciverName","phoneNumber","totalCost","isPayment","status","timeOrder") VALUES(168,72,'Xã Vị Thanh, Huyện Vị Thuỷ, Tỉnh Hậu Giang','Phạm Thúy Liên','0781709615',92437200,true,'None','2021-09-22 06:19:00');
INSERT INTO "Order"("orderId","userId","address","reciverName","phoneNumber","totalCost","isPayment","status","timeOrder") VALUES(169,72,'Xã Vị Thanh, Huyện Vị Thuỷ, Tỉnh Hậu Giang','Phạm Thúy Liên','0781709615',21568700,false,'None','2022-12-21 02:13:00');
INSERT INTO "Order"("orderId","userId","address","reciverName","phoneNumber","totalCost","isPayment","status","timeOrder") VALUES(170,72,'Xã Vị Thanh, Huyện Vị Thuỷ, Tỉnh Hậu Giang','Phạm Thúy Liên','0781709615',80519800,false,'None','2023-04-19 11:54:00');
INSERT INTO "Order"("orderId","userId","address","reciverName","phoneNumber","totalCost","isPayment","status","timeOrder") VALUES(171,73,'Xã Ba Điền, Huyện Ba Tơ, Tỉnh Quảng Ngãi','Đoàn Cát Tường','0818987288',111595200,true,'None','2023-02-19 05:26:00');
INSERT INTO "Order"("orderId","userId","address","reciverName","phoneNumber","totalCost","isPayment","status","timeOrder") VALUES(172,73,'Xã Ba Điền, Huyện Ba Tơ, Tỉnh Quảng Ngãi','Đoàn Cát Tường','0818987288',65560500,false,'None','2020-10-23 12:13:00');
INSERT INTO "Order"("orderId","userId","address","reciverName","phoneNumber","totalCost","isPayment","status","timeOrder") VALUES(173,73,'Xã Ba Điền, Huyện Ba Tơ, Tỉnh Quảng Ngãi','Đoàn Cát Tường','0818987288',137800500,false,'None','2023-08-21 01:05:00');
INSERT INTO "Order"("orderId","userId","address","reciverName","phoneNumber","totalCost","isPayment","status","timeOrder") VALUES(174,74,'Xã Ninh Hòa, Huyện Hồng Dân, Tỉnh Bạc Liêu','Huỳnh Trúc Quỳnh','0416746091',39612800,true,'None','2021-09-20 09:59:00');
INSERT INTO "Order"("orderId","userId","address","reciverName","phoneNumber","totalCost","isPayment","status","timeOrder") VALUES(175,75,'Xã Lũng Táo, Huyện Đồng Văn, Tỉnh Hà Giang','Lê Linh Duyên','0353246980',189648800,true,'None','2019-03-15 11:10:00');
INSERT INTO "Order"("orderId","userId","address","reciverName","phoneNumber","totalCost","isPayment","status","timeOrder") VALUES(176,75,'Xã Lũng Táo, Huyện Đồng Văn, Tỉnh Hà Giang','Lê Linh Duyên','0353246980',64939000,true,'None','2020-01-16 03:11:00');
INSERT INTO "Order"("orderId","userId","address","reciverName","phoneNumber","totalCost","isPayment","status","timeOrder") VALUES(177,75,'Xã Lũng Táo, Huyện Đồng Văn, Tỉnh Hà Giang','Lê Linh Duyên','0353246980',144982800,true,'None','2022-12-14 12:21:00');
INSERT INTO "Order"("orderId","userId","address","reciverName","phoneNumber","totalCost","isPayment","status","timeOrder") VALUES(178,75,'Xã Lũng Táo, Huyện Đồng Văn, Tỉnh Hà Giang','Lê Linh Duyên','0353246980',35876700,true,'None','2019-02-14 09:00:00');
INSERT INTO "Order"("orderId","userId","address","reciverName","phoneNumber","totalCost","isPayment","status","timeOrder") VALUES(179,76,'Xã Trạch Mỹ Lộc, Huyện Phúc Thọ, Thành phố Hà Nội','Đỗ Trọng Tường','0944077752',127978600,true,'None','2022-06-19 01:19:00');
INSERT INTO "Order"("orderId","userId","address","reciverName","phoneNumber","totalCost","isPayment","status","timeOrder") VALUES(180,76,'Xã Trạch Mỹ Lộc, Huyện Phúc Thọ, Thành phố Hà Nội','Đỗ Trọng Tường','0944077752',125193700,true,'None','2022-12-13 07:25:00');
INSERT INTO "Order"("orderId","userId","address","reciverName","phoneNumber","totalCost","isPayment","status","timeOrder") VALUES(181,76,'Xã Trạch Mỹ Lộc, Huyện Phúc Thọ, Thành phố Hà Nội','Đỗ Trọng Tường','0944077752',87185100,false,'None','2019-08-03 05:27:00');
INSERT INTO "Order"("orderId","userId","address","reciverName","phoneNumber","totalCost","isPayment","status","timeOrder") VALUES(182,76,'Xã Trạch Mỹ Lộc, Huyện Phúc Thọ, Thành phố Hà Nội','Đỗ Trọng Tường','0944077752',91996300,false,'None','2022-06-26 02:13:00');
INSERT INTO "Order"("orderId","userId","address","reciverName","phoneNumber","totalCost","isPayment","status","timeOrder") VALUES(183,77,'Phường 3, Thành phố Tân An, Tỉnh Long An','Huỳnh Diệu Vân','0194412494',160162300,true,'None','2023-01-06 12:52:00');
INSERT INTO "Order"("orderId","userId","address","reciverName","phoneNumber","totalCost","isPayment","status","timeOrder") VALUES(184,77,'Phường 3, Thành phố Tân An, Tỉnh Long An','Huỳnh Diệu Vân','0194412494',84911500,true,'None','2022-07-09 07:23:00');
INSERT INTO "Order"("orderId","userId","address","reciverName","phoneNumber","totalCost","isPayment","status","timeOrder") VALUES(185,78,'Xã Mỹ Hội, Huyện Cái Bè, Tỉnh Tiền Giang','Đỗ Anh Việt','0226219358',39809900,false,'None','2022-05-31 10:16:00');
INSERT INTO "Order"("orderId","userId","address","reciverName","phoneNumber","totalCost","isPayment","status","timeOrder") VALUES(186,78,'Xã Mỹ Hội, Huyện Cái Bè, Tỉnh Tiền Giang','Đỗ Anh Việt','0226219358',134324800,true,'None','2022-11-01 12:25:00');
INSERT INTO "Order"("orderId","userId","address","reciverName","phoneNumber","totalCost","isPayment","status","timeOrder") VALUES(187,78,'Xã Mỹ Hội, Huyện Cái Bè, Tỉnh Tiền Giang','Đỗ Anh Việt','0226219358',241898200,true,'None','2023-11-18 09:26:00');
INSERT INTO "Order"("orderId","userId","address","reciverName","phoneNumber","totalCost","isPayment","status","timeOrder") VALUES(188,79,'Xã Hòa Phú, Huyện Long Hồ, Tỉnh Vĩnh Long','Nguyễn Bình Thuận','0748832957',83604000,false,'None','2022-05-28 07:16:00');
INSERT INTO "Order"("orderId","userId","address","reciverName","phoneNumber","totalCost","isPayment","status","timeOrder") VALUES(189,79,'Xã Hòa Phú, Huyện Long Hồ, Tỉnh Vĩnh Long','Nguyễn Bình Thuận','0748832957',34507400,false,'None','2023-10-08 10:44:00');
INSERT INTO "Order"("orderId","userId","address","reciverName","phoneNumber","totalCost","isPayment","status","timeOrder") VALUES(190,79,'Xã Hòa Phú, Huyện Long Hồ, Tỉnh Vĩnh Long','Nguyễn Bình Thuận','0748832957',234779700,false,'None','2023-03-14 10:19:00');
INSERT INTO "Order"("orderId","userId","address","reciverName","phoneNumber","totalCost","isPayment","status","timeOrder") VALUES(191,80,'Xã Đồng Sơn, Huyện Gò Công Tây, Tỉnh Tiền Giang','Trần Thụy Long','0650870688',96116200,false,'None','2019-11-13 10:11:00');
INSERT INTO "Order"("orderId","userId","address","reciverName","phoneNumber","totalCost","isPayment","status","timeOrder") VALUES(192,81,'Xã Xuân Minh, Huyện Thọ Xuân, Tỉnh Thanh Hóa','Ngô Thu Hoài','0690465737',108461100,false,'None','2022-01-05 07:01:00');
INSERT INTO "Order"("orderId","userId","address","reciverName","phoneNumber","totalCost","isPayment","status","timeOrder") VALUES(193,81,'Xã Xuân Minh, Huyện Thọ Xuân, Tỉnh Thanh Hóa','Ngô Thu Hoài','0690465737',19744600,false,'None','2020-08-29 05:53:00');
INSERT INTO "Order"("orderId","userId","address","reciverName","phoneNumber","totalCost","isPayment","status","timeOrder") VALUES(194,81,'Xã Xuân Minh, Huyện Thọ Xuân, Tỉnh Thanh Hóa','Ngô Thu Hoài','0690465737',59597500,true,'None','2023-11-21 03:23:00');
INSERT INTO "Order"("orderId","userId","address","reciverName","phoneNumber","totalCost","isPayment","status","timeOrder") VALUES(195,81,'Xã Xuân Minh, Huyện Thọ Xuân, Tỉnh Thanh Hóa','Ngô Thu Hoài','0690465737',214735600,false,'None','2020-06-02 04:30:00');
INSERT INTO "Order"("orderId","userId","address","reciverName","phoneNumber","totalCost","isPayment","status","timeOrder") VALUES(196,82,'Xã Vạn Ninh, Thành phố Móng Cái, Tỉnh Quảng Ninh','Đỗ Trọng Việt','0150251756',228817800,false,'None','2022-11-07 10:31:00');
INSERT INTO "Order"("orderId","userId","address","reciverName","phoneNumber","totalCost","isPayment","status","timeOrder") VALUES(197,82,'Xã Vạn Ninh, Thành phố Móng Cái, Tỉnh Quảng Ninh','Đỗ Trọng Việt','0150251756',212309600,false,'None','2020-08-19 07:32:00');
INSERT INTO "Order"("orderId","userId","address","reciverName","phoneNumber","totalCost","isPayment","status","timeOrder") VALUES(198,82,'Xã Vạn Ninh, Thành phố Móng Cái, Tỉnh Quảng Ninh','Đỗ Trọng Việt','0150251756',75541500,false,'None','2021-12-01 11:00:00');
INSERT INTO "Order"("orderId","userId","address","reciverName","phoneNumber","totalCost","isPayment","status","timeOrder") VALUES(199,83,'Xã Hua Bun, Huyện Nậm Nhùn, Tỉnh Lai Châu','Phan Yến Nhi','0307226825',101804500,true,'None','2023-09-06 10:59:00');
INSERT INTO "Order"("orderId","userId","address","reciverName","phoneNumber","totalCost","isPayment","status","timeOrder") VALUES(200,83,'Xã Hua Bun, Huyện Nậm Nhùn, Tỉnh Lai Châu','Phan Yến Nhi','0307226825',153565400,false,'None','2021-12-31 07:08:00');
INSERT INTO "Order"("orderId","userId","address","reciverName","phoneNumber","totalCost","isPayment","status","timeOrder") VALUES(201,83,'Xã Hua Bun, Huyện Nậm Nhùn, Tỉnh Lai Châu','Phan Yến Nhi','0307226825',87442600,true,'None','2021-08-06 09:00:00');
INSERT INTO "Order"("orderId","userId","address","reciverName","phoneNumber","totalCost","isPayment","status","timeOrder") VALUES(202,83,'Xã Hua Bun, Huyện Nậm Nhùn, Tỉnh Lai Châu','Phan Yến Nhi','0307226825',61454200,true,'None','2021-03-25 07:38:00');
INSERT INTO "Order"("orderId","userId","address","reciverName","phoneNumber","totalCost","isPayment","status","timeOrder") VALUES(203,84,'Xã Xuân Thượng, Huyện Xuân Trường, Tỉnh Nam Định','Trần Thái Duy','0158451441',125147400,true,'None','2020-06-25 02:39:00');
INSERT INTO "Order"("orderId","userId","address","reciverName","phoneNumber","totalCost","isPayment","status","timeOrder") VALUES(204,84,'Xã Xuân Thượng, Huyện Xuân Trường, Tỉnh Nam Định','Trần Thái Duy','0158451441',69744700,true,'None','2020-12-21 10:36:00');
INSERT INTO "Order"("orderId","userId","address","reciverName","phoneNumber","totalCost","isPayment","status","timeOrder") VALUES(205,85,'Phường Tân Tiến, Thành phố Biên Hòa, Tỉnh Đồng Nai','Võ Thanh Hảo','0614275522',85117200,false,'None','2020-10-03 06:43:00');
INSERT INTO "Order"("orderId","userId","address","reciverName","phoneNumber","totalCost","isPayment","status","timeOrder") VALUES(206,85,'Phường Tân Tiến, Thành phố Biên Hòa, Tỉnh Đồng Nai','Võ Thanh Hảo','0614275522',74362500,true,'None','2023-09-26 04:05:00');
INSERT INTO "Order"("orderId","userId","address","reciverName","phoneNumber","totalCost","isPayment","status","timeOrder") VALUES(207,85,'Phường Tân Tiến, Thành phố Biên Hòa, Tỉnh Đồng Nai','Võ Thanh Hảo','0614275522',129306900,true,'None','2020-09-14 04:21:00');
INSERT INTO "Order"("orderId","userId","address","reciverName","phoneNumber","totalCost","isPayment","status","timeOrder") VALUES(208,85,'Phường Tân Tiến, Thành phố Biên Hòa, Tỉnh Đồng Nai','Võ Thanh Hảo','0614275522',115010200,true,'None','2019-08-25 04:16:00');
INSERT INTO "Order"("orderId","userId","address","reciverName","phoneNumber","totalCost","isPayment","status","timeOrder") VALUES(209,86,'Xã Lộc Điền, Huyện Phú Lộc, Tỉnh Thừa Thiên Huế','Hồ Thiện Ân','0840567272',54658400,false,'None','2023-04-09 02:50:00');
INSERT INTO "Order"("orderId","userId","address","reciverName","phoneNumber","totalCost","isPayment","status","timeOrder") VALUES(210,86,'Xã Lộc Điền, Huyện Phú Lộc, Tỉnh Thừa Thiên Huế','Hồ Thiện Ân','0840567272',61633800,true,'None','2021-10-10 01:10:00');
INSERT INTO "Order"("orderId","userId","address","reciverName","phoneNumber","totalCost","isPayment","status","timeOrder") VALUES(211,86,'Xã Lộc Điền, Huyện Phú Lộc, Tỉnh Thừa Thiên Huế','Hồ Thiện Ân','0840567272',35511600,true,'None','2023-11-17 04:42:00');
INSERT INTO "Order"("orderId","userId","address","reciverName","phoneNumber","totalCost","isPayment","status","timeOrder") VALUES(212,86,'Xã Lộc Điền, Huyện Phú Lộc, Tỉnh Thừa Thiên Huế','Hồ Thiện Ân','0840567272',89733500,false,'None','2020-12-06 06:59:00');
INSERT INTO "Order"("orderId","userId","address","reciverName","phoneNumber","totalCost","isPayment","status","timeOrder") VALUES(213,87,'Xã Song Mai, Huyện Kim Động, Tỉnh Hưng Yên','Bùi Gia Thịnh','0503202641',25432200,true,'None','2019-02-08 09:05:00');
INSERT INTO "Order"("orderId","userId","address","reciverName","phoneNumber","totalCost","isPayment","status","timeOrder") VALUES(214,88,'Phường Hà Lầm, Thành phố Hạ Long, Tỉnh Quảng Ninh','Lý Tố Loan','0464595475',48904900,true,'None','2019-06-30 11:58:00');
INSERT INTO "Order"("orderId","userId","address","reciverName","phoneNumber","totalCost","isPayment","status","timeOrder") VALUES(215,88,'Phường Hà Lầm, Thành phố Hạ Long, Tỉnh Quảng Ninh','Lý Tố Loan','0464595475',209659700,true,'None','2023-03-14 12:04:00');
INSERT INTO "Order"("orderId","userId","address","reciverName","phoneNumber","totalCost","isPayment","status","timeOrder") VALUES(216,89,'Xã Nghĩa Sơn, Huyện Nghĩa Hưng, Tỉnh Nam Định','Trần Hải Yến','0359852348',33407000,false,'None','2020-09-30 04:20:00');
INSERT INTO "Order"("orderId","userId","address","reciverName","phoneNumber","totalCost","isPayment","status","timeOrder") VALUES(217,89,'Xã Nghĩa Sơn, Huyện Nghĩa Hưng, Tỉnh Nam Định','Trần Hải Yến','0359852348',52812600,true,'None','2021-04-03 05:27:00');
INSERT INTO "Order"("orderId","userId","address","reciverName","phoneNumber","totalCost","isPayment","status","timeOrder") VALUES(218,90,'Xã Nùng Nàng, Huyện Tam Đường, Tỉnh Lai Châu','Phan Giáng Tiên','0224764767',43173200,true,'None','2021-10-10 04:16:00');
INSERT INTO "Order"("orderId","userId","address","reciverName","phoneNumber","totalCost","isPayment","status","timeOrder") VALUES(219,90,'Xã Nùng Nàng, Huyện Tam Đường, Tỉnh Lai Châu','Phan Giáng Tiên','0224764767',81122000,true,'None','2020-12-14 10:50:00');
INSERT INTO "Order"("orderId","userId","address","reciverName","phoneNumber","totalCost","isPayment","status","timeOrder") VALUES(220,90,'Xã Nùng Nàng, Huyện Tam Đường, Tỉnh Lai Châu','Phan Giáng Tiên','0224764767',251422900,true,'None','2019-04-22 11:58:00');
INSERT INTO "Order"("orderId","userId","address","reciverName","phoneNumber","totalCost","isPayment","status","timeOrder") VALUES(221,90,'Xã Nùng Nàng, Huyện Tam Đường, Tỉnh Lai Châu','Phan Giáng Tiên','0224764767',142500300,true,'None','2023-06-10 09:40:00');
INSERT INTO "Order"("orderId","userId","address","reciverName","phoneNumber","totalCost","isPayment","status","timeOrder") VALUES(222,91,'Xã Bình Sa, Huyện Thăng Bình, Tỉnh Quảng Nam','Huỳnh Công Hậu','0853274592',135584200,true,'None','2023-05-04 04:17:00');
INSERT INTO "Order"("orderId","userId","address","reciverName","phoneNumber","totalCost","isPayment","status","timeOrder") VALUES(223,91,'Xã Bình Sa, Huyện Thăng Bình, Tỉnh Quảng Nam','Huỳnh Công Hậu','0853274592',69264900,false,'None','2022-12-16 02:36:00');
INSERT INTO "Order"("orderId","userId","address","reciverName","phoneNumber","totalCost","isPayment","status","timeOrder") VALUES(224,92,'Xã Quảng Trạch, Huyện Quảng Xương, Tỉnh Thanh Hóa','Đặng Mai Quyên','0719165133',80296800,false,'None','2021-10-25 08:55:00');
INSERT INTO "Order"("orderId","userId","address","reciverName","phoneNumber","totalCost","isPayment","status","timeOrder") VALUES(225,92,'Xã Quảng Trạch, Huyện Quảng Xương, Tỉnh Thanh Hóa','Đặng Mai Quyên','0719165133',132657500,false,'None','2019-04-18 01:21:00');
INSERT INTO "Order"("orderId","userId","address","reciverName","phoneNumber","totalCost","isPayment","status","timeOrder") VALUES(226,93,'Phường 7, Thành phố Tân An, Tỉnh Long An','Phan Nam Hải','0133984898',89460500,false,'None','2023-04-12 04:57:00');
INSERT INTO "Order"("orderId","userId","address","reciverName","phoneNumber","totalCost","isPayment","status","timeOrder") VALUES(227,93,'Phường 7, Thành phố Tân An, Tỉnh Long An','Phan Nam Hải','0133984898',86252500,true,'None','2020-03-09 12:20:00');
INSERT INTO "Order"("orderId","userId","address","reciverName","phoneNumber","totalCost","isPayment","status","timeOrder") VALUES(228,93,'Phường 7, Thành phố Tân An, Tỉnh Long An','Phan Nam Hải','0133984898',59388200,true,'None','2023-04-19 06:01:00');
INSERT INTO "Order"("orderId","userId","address","reciverName","phoneNumber","totalCost","isPayment","status","timeOrder") VALUES(229,93,'Phường 7, Thành phố Tân An, Tỉnh Long An','Phan Nam Hải','0133984898',140339400,false,'None','2022-03-26 05:00:00');
INSERT INTO "Order"("orderId","userId","address","reciverName","phoneNumber","totalCost","isPayment","status","timeOrder") VALUES(230,94,'Phường Bình Thọ, Thành phố Thủ Đức, Thành phố Hồ Chí Minh','Lý Thanh Thế','0389077283',22888300,true,'None','2022-06-09 12:46:00');
INSERT INTO "Order"("orderId","userId","address","reciverName","phoneNumber","totalCost","isPayment","status","timeOrder") VALUES(231,94,'Phường Bình Thọ, Thành phố Thủ Đức, Thành phố Hồ Chí Minh','Lý Thanh Thế','0389077283',37379400,false,'None','2021-11-25 05:01:00');
INSERT INTO "Order"("orderId","userId","address","reciverName","phoneNumber","totalCost","isPayment","status","timeOrder") VALUES(232,94,'Phường Bình Thọ, Thành phố Thủ Đức, Thành phố Hồ Chí Minh','Lý Thanh Thế','0389077283',268830300,false,'None','2023-02-25 11:04:00');
INSERT INTO "Order"("orderId","userId","address","reciverName","phoneNumber","totalCost","isPayment","status","timeOrder") VALUES(233,95,'Xã Mường Toong, Huyện Mường Nhé, Tỉnh Điện Biên','Nguyễn Vĩnh Hưng','0673806340',135322500,true,'None','2023-03-19 12:58:00');
INSERT INTO "Order"("orderId","userId","address","reciverName","phoneNumber","totalCost","isPayment","status","timeOrder") VALUES(234,96,'Phường Thu Thuỷ, Thị xã Cửa Lò, Tỉnh Nghệ An','Dương Tường Vi','0320237799',19307200,false,'None','2019-10-22 09:49:00');
INSERT INTO "Order"("orderId","userId","address","reciverName","phoneNumber","totalCost","isPayment","status","timeOrder") VALUES(235,96,'Phường Thu Thuỷ, Thị xã Cửa Lò, Tỉnh Nghệ An','Dương Tường Vi','0320237799',141889300,true,'None','2022-05-27 05:27:00');
INSERT INTO "Order"("orderId","userId","address","reciverName","phoneNumber","totalCost","isPayment","status","timeOrder") VALUES(236,97,'Xã Hương Ngải, Huyện Thạch Thất, Thành phố Hà Nội','Lê Chí Giang','0359136235',53499900,false,'None','2022-06-08 07:15:00');
INSERT INTO "Order"("orderId","userId","address","reciverName","phoneNumber","totalCost","isPayment","status","timeOrder") VALUES(237,97,'Xã Hương Ngải, Huyện Thạch Thất, Thành phố Hà Nội','Lê Chí Giang','0359136235',101022700,true,'None','2022-01-24 03:56:00');
INSERT INTO "Order"("orderId","userId","address","reciverName","phoneNumber","totalCost","isPayment","status","timeOrder") VALUES(238,97,'Xã Hương Ngải, Huyện Thạch Thất, Thành phố Hà Nội','Lê Chí Giang','0359136235',38520300,true,'None','2022-10-21 12:23:00');
INSERT INTO "Order"("orderId","userId","address","reciverName","phoneNumber","totalCost","isPayment","status","timeOrder") VALUES(239,97,'Xã Hương Ngải, Huyện Thạch Thất, Thành phố Hà Nội','Lê Chí Giang','0359136235',126844900,false,'None','2021-08-27 02:54:00');
INSERT INTO "Order"("orderId","userId","address","reciverName","phoneNumber","totalCost","isPayment","status","timeOrder") VALUES(240,98,'Phường Hòa Thạnh, Quận Tân Phú, Thành phố Hồ Chí Minh','Dương Nam Hưng','0477160512',50881000,false,'None','2020-05-03 10:19:00');
INSERT INTO "Order"("orderId","userId","address","reciverName","phoneNumber","totalCost","isPayment","status","timeOrder") VALUES(241,98,'Phường Hòa Thạnh, Quận Tân Phú, Thành phố Hồ Chí Minh','Dương Nam Hưng','0477160512',41210400,true,'None','2023-04-23 11:02:00');
INSERT INTO "Order"("orderId","userId","address","reciverName","phoneNumber","totalCost","isPayment","status","timeOrder") VALUES(242,98,'Phường Hòa Thạnh, Quận Tân Phú, Thành phố Hồ Chí Minh','Dương Nam Hưng','0477160512',149156100,true,'None','2023-06-25 06:58:00');
INSERT INTO "Order"("orderId","userId","address","reciverName","phoneNumber","totalCost","isPayment","status","timeOrder") VALUES(243,99,'Xã Hra, Huyện Mang Yang, Tỉnh Gia Lai','Phan Ly Châu','0939697844',153986600,true,'None','2021-03-01 12:00:00');
INSERT INTO "Order"("orderId","userId","address","reciverName","phoneNumber","totalCost","isPayment","status","timeOrder") VALUES(244,99,'Xã Hra, Huyện Mang Yang, Tỉnh Gia Lai','Phan Ly Châu','0939697844',115379200,false,'None','2023-01-04 12:42:00');
INSERT INTO "Order"("orderId","userId","address","reciverName","phoneNumber","totalCost","isPayment","status","timeOrder") VALUES(245,100,'Xã Nhật Quang, Huyện Phù Cừ, Tỉnh Hưng Yên','Võ Hải Thanh','0512481114',96261400,false,'None','2021-12-09 11:31:00');
INSERT INTO "Order"("orderId","userId","address","reciverName","phoneNumber","totalCost","isPayment","status","timeOrder") VALUES(246,100,'Xã Nhật Quang, Huyện Phù Cừ, Tỉnh Hưng Yên','Võ Hải Thanh','0512481114',147084700,true,'None','2021-01-31 09:29:00');
INSERT INTO "Order"("orderId","userId","address","reciverName","phoneNumber","totalCost","isPayment","status","timeOrder") VALUES(247,100,'Xã Nhật Quang, Huyện Phù Cừ, Tỉnh Hưng Yên','Võ Hải Thanh','0512481114',136881500,false,'None','2019-02-20 10:10:00');

INSERT INTO "OrderDetail"("orderId","productId","timeAddToCart","quantity") VALUES (1,58,'2019-02-20 09:53:00',3);
INSERT INTO "OrderDetail"("orderId","productId","timeAddToCart","quantity") VALUES (1,15,'2019-02-20 08:09:00',3);
INSERT INTO "OrderDetail"("orderId","productId","timeAddToCart","quantity") VALUES (1,28,'2019-02-18 12:37:00',4);
INSERT INTO "OrderDetail"("orderId","productId","timeAddToCart","quantity") VALUES (2,1,'2022-08-03 05:54:00',1);
INSERT INTO "OrderDetail"("orderId","productId","timeAddToCart","quantity") VALUES (2,24,'2022-08-02 06:14:00',3);
INSERT INTO "OrderDetail"("orderId","productId","timeAddToCart","quantity") VALUES (2,42,'2022-08-03 06:49:00',1);
INSERT INTO "OrderDetail"("orderId","productId","timeAddToCart","quantity") VALUES (3,32,'2022-04-03 03:51:00',1);
INSERT INTO "OrderDetail"("orderId","productId","timeAddToCart","quantity") VALUES (3,56,'2022-04-02 06:39:00',3);
INSERT INTO "OrderDetail"("orderId","productId","timeAddToCart","quantity") VALUES (3,41,'2022-04-01 11:31:00',1);
INSERT INTO "OrderDetail"("orderId","productId","timeAddToCart","quantity") VALUES (3,12,'2022-04-03 12:49:00',2);
INSERT INTO "OrderDetail"("orderId","productId","timeAddToCart","quantity") VALUES (4,41,'2022-08-25 06:18:00',2);
INSERT INTO "OrderDetail"("orderId","productId","timeAddToCart","quantity") VALUES (4,19,'2022-08-24 07:19:00',2);
INSERT INTO "OrderDetail"("orderId","productId","timeAddToCart","quantity") VALUES (5,26,'2023-10-30 12:40:00',3);
INSERT INTO "OrderDetail"("orderId","productId","timeAddToCart","quantity") VALUES (5,8,'2023-10-29 03:21:00',3);
INSERT INTO "OrderDetail"("orderId","productId","timeAddToCart","quantity") VALUES (5,35,'2023-10-29 04:11:00',4);
INSERT INTO "OrderDetail"("orderId","productId","timeAddToCart","quantity") VALUES (5,21,'2023-10-27 09:44:00',4);
INSERT INTO "OrderDetail"("orderId","productId","timeAddToCart","quantity") VALUES (5,44,'2023-10-29 01:28:00',4);
INSERT INTO "OrderDetail"("orderId","productId","timeAddToCart","quantity") VALUES (6,26,'2023-07-16 08:03:00',1);
INSERT INTO "OrderDetail"("orderId","productId","timeAddToCart","quantity") VALUES (6,35,'2023-07-16 12:41:00',3);
INSERT INTO "OrderDetail"("orderId","productId","timeAddToCart","quantity") VALUES (6,23,'2023-07-17 06:06:00',4);
INSERT INTO "OrderDetail"("orderId","productId","timeAddToCart","quantity") VALUES (6,37,'2023-07-17 04:51:00',4);
INSERT INTO "OrderDetail"("orderId","productId","timeAddToCart","quantity") VALUES (7,30,'2020-07-10 01:05:00',3);
INSERT INTO "OrderDetail"("orderId","productId","timeAddToCart","quantity") VALUES (7,52,'2020-07-09 07:54:00',1);
INSERT INTO "OrderDetail"("orderId","productId","timeAddToCart","quantity") VALUES (7,10,'2020-07-08 03:11:00',1);
INSERT INTO "OrderDetail"("orderId","productId","timeAddToCart","quantity") VALUES (7,62,'2020-07-09 04:30:00',3);
INSERT INTO "OrderDetail"("orderId","productId","timeAddToCart","quantity") VALUES (8,64,'2023-05-11 05:56:00',4);
INSERT INTO "OrderDetail"("orderId","productId","timeAddToCart","quantity") VALUES (8,63,'2023-05-10 10:54:00',4);
INSERT INTO "OrderDetail"("orderId","productId","timeAddToCart","quantity") VALUES (9,7,'2020-04-01 01:48:00',2);
INSERT INTO "OrderDetail"("orderId","productId","timeAddToCart","quantity") VALUES (9,48,'2020-03-30 04:21:00',1);
INSERT INTO "OrderDetail"("orderId","productId","timeAddToCart","quantity") VALUES (10,49,'2019-10-09 03:12:00',3);
INSERT INTO "OrderDetail"("orderId","productId","timeAddToCart","quantity") VALUES (10,55,'2019-10-10 03:14:00',4);
INSERT INTO "OrderDetail"("orderId","productId","timeAddToCart","quantity") VALUES (10,50,'2019-10-10 02:03:00',2);
INSERT INTO "OrderDetail"("orderId","productId","timeAddToCart","quantity") VALUES (11,41,'2022-09-16 10:54:00',4);
INSERT INTO "OrderDetail"("orderId","productId","timeAddToCart","quantity") VALUES (11,43,'2022-09-17 02:59:00',2);
INSERT INTO "OrderDetail"("orderId","productId","timeAddToCart","quantity") VALUES (11,54,'2022-09-16 07:18:00',4);
INSERT INTO "OrderDetail"("orderId","productId","timeAddToCart","quantity") VALUES (12,54,'2022-06-19 04:23:00',4);
INSERT INTO "OrderDetail"("orderId","productId","timeAddToCart","quantity") VALUES (12,49,'2022-06-18 02:40:00',4);
INSERT INTO "OrderDetail"("orderId","productId","timeAddToCart","quantity") VALUES (12,1,'2022-06-19 04:16:00',3);
INSERT INTO "OrderDetail"("orderId","productId","timeAddToCart","quantity") VALUES (12,9,'2022-06-18 08:26:00',1);
INSERT INTO "OrderDetail"("orderId","productId","timeAddToCart","quantity") VALUES (12,47,'2022-06-18 01:35:00',2);
INSERT INTO "OrderDetail"("orderId","productId","timeAddToCart","quantity") VALUES (13,49,'2022-11-27 03:02:00',2);
INSERT INTO "OrderDetail"("orderId","productId","timeAddToCart","quantity") VALUES (13,56,'2022-11-29 02:13:00',3);
INSERT INTO "OrderDetail"("orderId","productId","timeAddToCart","quantity") VALUES (14,18,'2021-01-10 10:04:00',2);
INSERT INTO "OrderDetail"("orderId","productId","timeAddToCart","quantity") VALUES (14,43,'2021-01-12 12:47:00',4);
INSERT INTO "OrderDetail"("orderId","productId","timeAddToCart","quantity") VALUES (14,12,'2021-01-10 07:23:00',1);
INSERT INTO "OrderDetail"("orderId","productId","timeAddToCart","quantity") VALUES (14,36,'2021-01-11 06:11:00',4);
INSERT INTO "OrderDetail"("orderId","productId","timeAddToCart","quantity") VALUES (15,46,'2019-07-06 03:38:00',1);
INSERT INTO "OrderDetail"("orderId","productId","timeAddToCart","quantity") VALUES (15,7,'2019-07-06 01:07:00',1);
INSERT INTO "OrderDetail"("orderId","productId","timeAddToCart","quantity") VALUES (16,14,'2022-12-21 06:27:00',1);
INSERT INTO "OrderDetail"("orderId","productId","timeAddToCart","quantity") VALUES (16,37,'2022-12-23 03:04:00',4);
INSERT INTO "OrderDetail"("orderId","productId","timeAddToCart","quantity") VALUES (16,23,'2022-12-21 08:53:00',1);
INSERT INTO "OrderDetail"("orderId","productId","timeAddToCart","quantity") VALUES (17,30,'2020-03-18 01:49:00',4);
INSERT INTO "OrderDetail"("orderId","productId","timeAddToCart","quantity") VALUES (17,5,'2020-03-18 01:14:00',3);
INSERT INTO "OrderDetail"("orderId","productId","timeAddToCart","quantity") VALUES (17,55,'2020-03-17 04:05:00',1);
INSERT INTO "OrderDetail"("orderId","productId","timeAddToCart","quantity") VALUES (18,14,'2021-04-11 03:37:00',4);
INSERT INTO "OrderDetail"("orderId","productId","timeAddToCart","quantity") VALUES (18,53,'2021-04-11 03:38:00',1);
INSERT INTO "OrderDetail"("orderId","productId","timeAddToCart","quantity") VALUES (18,64,'2021-04-10 05:30:00',4);
INSERT INTO "OrderDetail"("orderId","productId","timeAddToCart","quantity") VALUES (18,2,'2021-04-11 01:24:00',1);
INSERT INTO "OrderDetail"("orderId","productId","timeAddToCart","quantity") VALUES (18,36,'2021-04-10 11:05:00',2);
INSERT INTO "OrderDetail"("orderId","productId","timeAddToCart","quantity") VALUES (19,35,'2023-02-19 09:26:00',1);
INSERT INTO "OrderDetail"("orderId","productId","timeAddToCart","quantity") VALUES (19,33,'2023-02-19 02:17:00',3);
INSERT INTO "OrderDetail"("orderId","productId","timeAddToCart","quantity") VALUES (20,34,'2023-10-26 09:19:00',2);
INSERT INTO "OrderDetail"("orderId","productId","timeAddToCart","quantity") VALUES (20,24,'2023-10-27 10:01:00',3);
INSERT INTO "OrderDetail"("orderId","productId","timeAddToCart","quantity") VALUES (20,46,'2023-10-27 07:15:00',1);
INSERT INTO "OrderDetail"("orderId","productId","timeAddToCart","quantity") VALUES (21,13,'2020-11-13 11:47:00',2);
INSERT INTO "OrderDetail"("orderId","productId","timeAddToCart","quantity") VALUES (21,36,'2020-11-14 06:57:00',4);
INSERT INTO "OrderDetail"("orderId","productId","timeAddToCart","quantity") VALUES (21,3,'2020-11-13 09:07:00',2);
INSERT INTO "OrderDetail"("orderId","productId","timeAddToCart","quantity") VALUES (21,62,'2020-11-15 07:21:00',1);
INSERT INTO "OrderDetail"("orderId","productId","timeAddToCart","quantity") VALUES (21,43,'2020-11-15 04:16:00',2);
INSERT INTO "OrderDetail"("orderId","productId","timeAddToCart","quantity") VALUES (22,60,'2022-03-09 06:03:00',3);
INSERT INTO "OrderDetail"("orderId","productId","timeAddToCart","quantity") VALUES (22,64,'2022-03-09 01:12:00',3);
INSERT INTO "OrderDetail"("orderId","productId","timeAddToCart","quantity") VALUES (22,33,'2022-03-07 10:10:00',2);
INSERT INTO "OrderDetail"("orderId","productId","timeAddToCart","quantity") VALUES (23,2,'2022-04-30 10:07:00',3);
INSERT INTO "OrderDetail"("orderId","productId","timeAddToCart","quantity") VALUES (23,42,'2022-05-02 03:12:00',3);
INSERT INTO "OrderDetail"("orderId","productId","timeAddToCart","quantity") VALUES (24,13,'2023-03-03 01:40:00',2);
INSERT INTO "OrderDetail"("orderId","productId","timeAddToCart","quantity") VALUES (24,7,'2023-03-03 01:34:00',3);
INSERT INTO "OrderDetail"("orderId","productId","timeAddToCart","quantity") VALUES (25,26,'2019-08-02 04:03:00',2);
INSERT INTO "OrderDetail"("orderId","productId","timeAddToCart","quantity") VALUES (25,13,'2019-08-02 08:39:00',4);
INSERT INTO "OrderDetail"("orderId","productId","timeAddToCart","quantity") VALUES (25,23,'2019-08-01 04:00:00',4);
INSERT INTO "OrderDetail"("orderId","productId","timeAddToCart","quantity") VALUES (25,9,'2019-08-02 11:11:00',2);
INSERT INTO "OrderDetail"("orderId","productId","timeAddToCart","quantity") VALUES (25,50,'2019-08-02 06:45:00',3);
INSERT INTO "OrderDetail"("orderId","productId","timeAddToCart","quantity") VALUES (26,23,'2023-03-15 12:57:00',4);
INSERT INTO "OrderDetail"("orderId","productId","timeAddToCart","quantity") VALUES (26,3,'2023-03-16 05:19:00',1);
INSERT INTO "OrderDetail"("orderId","productId","timeAddToCart","quantity") VALUES (26,51,'2023-03-16 01:45:00',3);
INSERT INTO "OrderDetail"("orderId","productId","timeAddToCart","quantity") VALUES (26,47,'2023-03-15 03:46:00',3);
INSERT INTO "OrderDetail"("orderId","productId","timeAddToCart","quantity") VALUES (27,20,'2021-12-07 05:39:00',4);
INSERT INTO "OrderDetail"("orderId","productId","timeAddToCart","quantity") VALUES (27,30,'2021-12-05 10:01:00',3);
INSERT INTO "OrderDetail"("orderId","productId","timeAddToCart","quantity") VALUES (27,25,'2021-12-06 04:05:00',2);
INSERT INTO "OrderDetail"("orderId","productId","timeAddToCart","quantity") VALUES (28,41,'2021-12-15 04:50:00',1);
INSERT INTO "OrderDetail"("orderId","productId","timeAddToCart","quantity") VALUES (28,20,'2021-12-13 10:56:00',1);
INSERT INTO "OrderDetail"("orderId","productId","timeAddToCart","quantity") VALUES (28,15,'2021-12-14 05:40:00',1);
INSERT INTO "OrderDetail"("orderId","productId","timeAddToCart","quantity") VALUES (29,30,'2020-04-14 09:49:00',4);
INSERT INTO "OrderDetail"("orderId","productId","timeAddToCart","quantity") VALUES (29,51,'2020-04-14 01:55:00',3);
INSERT INTO "OrderDetail"("orderId","productId","timeAddToCart","quantity") VALUES (29,49,'2020-04-15 06:26:00',4);
INSERT INTO "OrderDetail"("orderId","productId","timeAddToCart","quantity") VALUES (29,40,'2020-04-14 03:02:00',1);
INSERT INTO "OrderDetail"("orderId","productId","timeAddToCart","quantity") VALUES (30,30,'2019-06-23 04:29:00',4);
INSERT INTO "OrderDetail"("orderId","productId","timeAddToCart","quantity") VALUES (30,51,'2019-06-21 02:48:00',4);
INSERT INTO "OrderDetail"("orderId","productId","timeAddToCart","quantity") VALUES (30,47,'2019-06-23 03:25:00',3);
INSERT INTO "OrderDetail"("orderId","productId","timeAddToCart","quantity") VALUES (31,54,'2020-06-14 05:54:00',3);
INSERT INTO "OrderDetail"("orderId","productId","timeAddToCart","quantity") VALUES (31,53,'2020-06-12 07:28:00',4);
INSERT INTO "OrderDetail"("orderId","productId","timeAddToCart","quantity") VALUES (31,14,'2020-06-14 11:25:00',4);
INSERT INTO "OrderDetail"("orderId","productId","timeAddToCart","quantity") VALUES (31,61,'2020-06-13 04:26:00',2);
INSERT INTO "OrderDetail"("orderId","productId","timeAddToCart","quantity") VALUES (32,3,'2019-12-14 09:32:00',3);
INSERT INTO "OrderDetail"("orderId","productId","timeAddToCart","quantity") VALUES (32,43,'2019-12-16 01:09:00',2);
INSERT INTO "OrderDetail"("orderId","productId","timeAddToCart","quantity") VALUES (32,32,'2019-12-15 03:34:00',4);
INSERT INTO "OrderDetail"("orderId","productId","timeAddToCart","quantity") VALUES (33,53,'2019-06-28 12:13:00',3);
INSERT INTO "OrderDetail"("orderId","productId","timeAddToCart","quantity") VALUES (33,44,'2019-06-28 02:07:00',2);
INSERT INTO "OrderDetail"("orderId","productId","timeAddToCart","quantity") VALUES (33,11,'2019-06-27 09:17:00',2);
INSERT INTO "OrderDetail"("orderId","productId","timeAddToCart","quantity") VALUES (33,16,'2019-06-27 11:18:00',3);
INSERT INTO "OrderDetail"("orderId","productId","timeAddToCart","quantity") VALUES (33,55,'2019-06-29 01:29:00',3);
INSERT INTO "OrderDetail"("orderId","productId","timeAddToCart","quantity") VALUES (34,42,'2022-08-12 01:12:00',3);
INSERT INTO "OrderDetail"("orderId","productId","timeAddToCart","quantity") VALUES (34,61,'2022-08-11 02:17:00',2);
INSERT INTO "OrderDetail"("orderId","productId","timeAddToCart","quantity") VALUES (34,35,'2022-08-10 11:12:00',3);
INSERT INTO "OrderDetail"("orderId","productId","timeAddToCart","quantity") VALUES (34,25,'2022-08-11 09:21:00',1);
INSERT INTO "OrderDetail"("orderId","productId","timeAddToCart","quantity") VALUES (34,14,'2022-08-10 02:57:00',4);
INSERT INTO "OrderDetail"("orderId","productId","timeAddToCart","quantity") VALUES (35,25,'2021-06-07 02:04:00',3);
INSERT INTO "OrderDetail"("orderId","productId","timeAddToCart","quantity") VALUES (35,39,'2021-06-07 01:19:00',1);
INSERT INTO "OrderDetail"("orderId","productId","timeAddToCart","quantity") VALUES (36,3,'2019-12-11 07:07:00',1);
INSERT INTO "OrderDetail"("orderId","productId","timeAddToCart","quantity") VALUES (36,23,'2019-12-12 01:07:00',4);
INSERT INTO "OrderDetail"("orderId","productId","timeAddToCart","quantity") VALUES (36,48,'2019-12-09 10:28:00',2);
INSERT INTO "OrderDetail"("orderId","productId","timeAddToCart","quantity") VALUES (36,24,'2019-12-10 06:41:00',3);
INSERT INTO "OrderDetail"("orderId","productId","timeAddToCart","quantity") VALUES (36,42,'2019-12-11 02:07:00',1);
INSERT INTO "OrderDetail"("orderId","productId","timeAddToCart","quantity") VALUES (37,37,'2023-08-09 04:00:00',2);
INSERT INTO "OrderDetail"("orderId","productId","timeAddToCart","quantity") VALUES (37,18,'2023-08-08 09:15:00',2);
INSERT INTO "OrderDetail"("orderId","productId","timeAddToCart","quantity") VALUES (38,41,'2019-02-05 07:05:00',2);
INSERT INTO "OrderDetail"("orderId","productId","timeAddToCart","quantity") VALUES (38,42,'2019-02-04 07:15:00',1);
INSERT INTO "OrderDetail"("orderId","productId","timeAddToCart","quantity") VALUES (38,35,'2019-02-06 06:37:00',1);
INSERT INTO "OrderDetail"("orderId","productId","timeAddToCart","quantity") VALUES (38,10,'2019-02-05 07:20:00',2);
INSERT INTO "OrderDetail"("orderId","productId","timeAddToCart","quantity") VALUES (39,59,'2021-09-02 09:25:00',4);
INSERT INTO "OrderDetail"("orderId","productId","timeAddToCart","quantity") VALUES (39,48,'2021-09-03 02:05:00',3);
INSERT INTO "OrderDetail"("orderId","productId","timeAddToCart","quantity") VALUES (39,11,'2021-09-04 03:59:00',3);
INSERT INTO "OrderDetail"("orderId","productId","timeAddToCart","quantity") VALUES (40,24,'2021-10-22 02:34:00',3);
INSERT INTO "OrderDetail"("orderId","productId","timeAddToCart","quantity") VALUES (40,53,'2021-10-22 01:09:00',1);
INSERT INTO "OrderDetail"("orderId","productId","timeAddToCart","quantity") VALUES (40,4,'2021-10-21 03:30:00',1);
INSERT INTO "OrderDetail"("orderId","productId","timeAddToCart","quantity") VALUES (40,36,'2021-10-22 04:09:00',1);
INSERT INTO "OrderDetail"("orderId","productId","timeAddToCart","quantity") VALUES (41,44,'2023-10-19 09:38:00',3);
INSERT INTO "OrderDetail"("orderId","productId","timeAddToCart","quantity") VALUES (41,14,'2023-10-20 01:41:00',2);
INSERT INTO "OrderDetail"("orderId","productId","timeAddToCart","quantity") VALUES (42,57,'2023-04-26 11:10:00',2);
INSERT INTO "OrderDetail"("orderId","productId","timeAddToCart","quantity") VALUES (42,55,'2023-04-27 10:38:00',1);
INSERT INTO "OrderDetail"("orderId","productId","timeAddToCart","quantity") VALUES (42,30,'2023-04-28 05:58:00',1);
INSERT INTO "OrderDetail"("orderId","productId","timeAddToCart","quantity") VALUES (42,43,'2023-04-26 02:14:00',4);
INSERT INTO "OrderDetail"("orderId","productId","timeAddToCart","quantity") VALUES (43,40,'2023-01-31 07:03:00',4);
INSERT INTO "OrderDetail"("orderId","productId","timeAddToCart","quantity") VALUES (43,1,'2023-01-31 04:56:00',4);
INSERT INTO "OrderDetail"("orderId","productId","timeAddToCart","quantity") VALUES (43,7,'2023-01-30 07:00:00',2);
INSERT INTO "OrderDetail"("orderId","productId","timeAddToCart","quantity") VALUES (43,16,'2023-01-31 05:07:00',3);
INSERT INTO "OrderDetail"("orderId","productId","timeAddToCart","quantity") VALUES (43,13,'2023-01-30 06:37:00',2);
INSERT INTO "OrderDetail"("orderId","productId","timeAddToCart","quantity") VALUES (44,58,'2020-03-15 10:39:00',4);
INSERT INTO "OrderDetail"("orderId","productId","timeAddToCart","quantity") VALUES (44,4,'2020-03-16 02:47:00',4);
INSERT INTO "OrderDetail"("orderId","productId","timeAddToCart","quantity") VALUES (44,24,'2020-03-16 03:09:00',4);
INSERT INTO "OrderDetail"("orderId","productId","timeAddToCart","quantity") VALUES (44,42,'2020-03-16 01:55:00',1);
INSERT INTO "OrderDetail"("orderId","productId","timeAddToCart","quantity") VALUES (44,19,'2020-03-16 02:25:00',1);
INSERT INTO "OrderDetail"("orderId","productId","timeAddToCart","quantity") VALUES (45,58,'2022-07-16 06:51:00',2);
INSERT INTO "OrderDetail"("orderId","productId","timeAddToCart","quantity") VALUES (45,30,'2022-07-16 05:36:00',2);
INSERT INTO "OrderDetail"("orderId","productId","timeAddToCart","quantity") VALUES (45,63,'2022-07-17 08:37:00',4);
INSERT INTO "OrderDetail"("orderId","productId","timeAddToCart","quantity") VALUES (46,62,'2022-07-08 06:19:00',1);
INSERT INTO "OrderDetail"("orderId","productId","timeAddToCart","quantity") VALUES (46,42,'2022-07-10 09:22:00',3);
INSERT INTO "OrderDetail"("orderId","productId","timeAddToCart","quantity") VALUES (47,34,'2021-12-05 09:42:00',4);
INSERT INTO "OrderDetail"("orderId","productId","timeAddToCart","quantity") VALUES (47,39,'2021-12-05 03:26:00',4);
INSERT INTO "OrderDetail"("orderId","productId","timeAddToCart","quantity") VALUES (47,19,'2021-12-03 10:09:00',2);
INSERT INTO "OrderDetail"("orderId","productId","timeAddToCart","quantity") VALUES (48,9,'2020-05-27 08:34:00',4);
INSERT INTO "OrderDetail"("orderId","productId","timeAddToCart","quantity") VALUES (48,44,'2020-05-29 07:31:00',4);
INSERT INTO "OrderDetail"("orderId","productId","timeAddToCart","quantity") VALUES (48,3,'2020-05-29 04:46:00',4);
INSERT INTO "OrderDetail"("orderId","productId","timeAddToCart","quantity") VALUES (48,48,'2020-05-29 04:13:00',3);
INSERT INTO "OrderDetail"("orderId","productId","timeAddToCart","quantity") VALUES (49,19,'2019-07-13 08:27:00',1);
INSERT INTO "OrderDetail"("orderId","productId","timeAddToCart","quantity") VALUES (49,59,'2019-07-13 11:19:00',3);
INSERT INTO "OrderDetail"("orderId","productId","timeAddToCart","quantity") VALUES (50,44,'2022-05-08 08:35:00',1);
INSERT INTO "OrderDetail"("orderId","productId","timeAddToCart","quantity") VALUES (50,9,'2022-05-08 10:13:00',4);
INSERT INTO "OrderDetail"("orderId","productId","timeAddToCart","quantity") VALUES (51,7,'2020-04-23 01:06:00',4);
INSERT INTO "OrderDetail"("orderId","productId","timeAddToCart","quantity") VALUES (51,56,'2020-04-24 01:55:00',2);
INSERT INTO "OrderDetail"("orderId","productId","timeAddToCart","quantity") VALUES (51,21,'2020-04-24 12:12:00',1);
INSERT INTO "OrderDetail"("orderId","productId","timeAddToCart","quantity") VALUES (51,1,'2020-04-24 07:35:00',2);
INSERT INTO "OrderDetail"("orderId","productId","timeAddToCart","quantity") VALUES (51,39,'2020-04-24 02:15:00',1);
INSERT INTO "OrderDetail"("orderId","productId","timeAddToCart","quantity") VALUES (52,55,'2022-02-04 11:36:00',3);
INSERT INTO "OrderDetail"("orderId","productId","timeAddToCart","quantity") VALUES (52,3,'2022-02-03 12:09:00',1);
INSERT INTO "OrderDetail"("orderId","productId","timeAddToCart","quantity") VALUES (52,57,'2022-02-04 10:29:00',1);
INSERT INTO "OrderDetail"("orderId","productId","timeAddToCart","quantity") VALUES (52,34,'2022-02-03 10:34:00',1);
INSERT INTO "OrderDetail"("orderId","productId","timeAddToCart","quantity") VALUES (53,8,'2022-06-12 04:18:00',1);
INSERT INTO "OrderDetail"("orderId","productId","timeAddToCart","quantity") VALUES (53,23,'2022-06-15 02:58:00',3);
INSERT INTO "OrderDetail"("orderId","productId","timeAddToCart","quantity") VALUES (53,2,'2022-06-15 02:12:00',4);
INSERT INTO "OrderDetail"("orderId","productId","timeAddToCart","quantity") VALUES (53,33,'2022-06-14 08:40:00',1);
INSERT INTO "OrderDetail"("orderId","productId","timeAddToCart","quantity") VALUES (53,61,'2022-06-15 01:06:00',3);
INSERT INTO "OrderDetail"("orderId","productId","timeAddToCart","quantity") VALUES (54,5,'2021-05-11 05:18:00',3);
INSERT INTO "OrderDetail"("orderId","productId","timeAddToCart","quantity") VALUES (54,8,'2021-05-13 01:36:00',4);
INSERT INTO "OrderDetail"("orderId","productId","timeAddToCart","quantity") VALUES (55,44,'2019-04-18 03:56:00',1);
INSERT INTO "OrderDetail"("orderId","productId","timeAddToCart","quantity") VALUES (55,5,'2019-04-17 11:50:00',2);
INSERT INTO "OrderDetail"("orderId","productId","timeAddToCart","quantity") VALUES (55,50,'2019-04-17 10:17:00',3);
INSERT INTO "OrderDetail"("orderId","productId","timeAddToCart","quantity") VALUES (56,57,'2020-07-28 11:13:00',4);
INSERT INTO "OrderDetail"("orderId","productId","timeAddToCart","quantity") VALUES (56,35,'2020-07-28 11:30:00',1);
INSERT INTO "OrderDetail"("orderId","productId","timeAddToCart","quantity") VALUES (57,47,'2021-11-11 04:08:00',4);
INSERT INTO "OrderDetail"("orderId","productId","timeAddToCart","quantity") VALUES (57,54,'2021-11-11 08:29:00',3);
INSERT INTO "OrderDetail"("orderId","productId","timeAddToCart","quantity") VALUES (57,36,'2021-11-10 02:22:00',2);
INSERT INTO "OrderDetail"("orderId","productId","timeAddToCart","quantity") VALUES (57,56,'2021-11-12 02:40:00',4);
INSERT INTO "OrderDetail"("orderId","productId","timeAddToCart","quantity") VALUES (58,26,'2023-01-05 01:22:00',2);
INSERT INTO "OrderDetail"("orderId","productId","timeAddToCart","quantity") VALUES (58,56,'2023-01-03 12:08:00',2);
INSERT INTO "OrderDetail"("orderId","productId","timeAddToCart","quantity") VALUES (59,40,'2019-06-02 04:33:00',3);
INSERT INTO "OrderDetail"("orderId","productId","timeAddToCart","quantity") VALUES (59,18,'2019-05-31 02:25:00',2);
INSERT INTO "OrderDetail"("orderId","productId","timeAddToCart","quantity") VALUES (59,25,'2019-06-03 04:03:00',2);
INSERT INTO "OrderDetail"("orderId","productId","timeAddToCart","quantity") VALUES (59,31,'2019-06-03 02:44:00',2);
INSERT INTO "OrderDetail"("orderId","productId","timeAddToCart","quantity") VALUES (60,57,'2023-09-03 04:09:00',1);
INSERT INTO "OrderDetail"("orderId","productId","timeAddToCart","quantity") VALUES (60,2,'2023-09-01 06:02:00',2);
INSERT INTO "OrderDetail"("orderId","productId","timeAddToCart","quantity") VALUES (60,54,'2023-09-01 10:51:00',2);
INSERT INTO "OrderDetail"("orderId","productId","timeAddToCart","quantity") VALUES (61,39,'2019-03-23 07:05:00',3);
INSERT INTO "OrderDetail"("orderId","productId","timeAddToCart","quantity") VALUES (61,24,'2019-03-23 10:27:00',3);
INSERT INTO "OrderDetail"("orderId","productId","timeAddToCart","quantity") VALUES (61,41,'2019-03-22 11:24:00',2);
INSERT INTO "OrderDetail"("orderId","productId","timeAddToCart","quantity") VALUES (61,50,'2019-03-22 09:01:00',1);
INSERT INTO "OrderDetail"("orderId","productId","timeAddToCart","quantity") VALUES (61,55,'2019-03-23 08:02:00',3);
INSERT INTO "OrderDetail"("orderId","productId","timeAddToCart","quantity") VALUES (62,50,'2019-11-01 01:33:00',3);
INSERT INTO "OrderDetail"("orderId","productId","timeAddToCart","quantity") VALUES (62,3,'2019-11-01 04:00:00',1);
INSERT INTO "OrderDetail"("orderId","productId","timeAddToCart","quantity") VALUES (62,4,'2019-11-02 01:03:00',1);
INSERT INTO "OrderDetail"("orderId","productId","timeAddToCart","quantity") VALUES (63,16,'2020-10-07 01:10:00',4);
INSERT INTO "OrderDetail"("orderId","productId","timeAddToCart","quantity") VALUES (63,1,'2020-10-08 02:40:00',3);
INSERT INTO "OrderDetail"("orderId","productId","timeAddToCart","quantity") VALUES (63,24,'2020-10-07 11:52:00',3);
INSERT INTO "OrderDetail"("orderId","productId","timeAddToCart","quantity") VALUES (64,30,'2021-12-24 06:40:00',1);
INSERT INTO "OrderDetail"("orderId","productId","timeAddToCart","quantity") VALUES (64,20,'2021-12-24 12:29:00',1);
INSERT INTO "OrderDetail"("orderId","productId","timeAddToCart","quantity") VALUES (64,2,'2021-12-26 01:20:00',1);
INSERT INTO "OrderDetail"("orderId","productId","timeAddToCart","quantity") VALUES (64,41,'2021-12-25 03:34:00',2);
INSERT INTO "OrderDetail"("orderId","productId","timeAddToCart","quantity") VALUES (64,13,'2021-12-26 01:23:00',1);
INSERT INTO "OrderDetail"("orderId","productId","timeAddToCart","quantity") VALUES (65,33,'2023-08-01 11:19:00',4);
INSERT INTO "OrderDetail"("orderId","productId","timeAddToCart","quantity") VALUES (65,13,'2023-08-02 12:24:00',2);
INSERT INTO "OrderDetail"("orderId","productId","timeAddToCart","quantity") VALUES (65,34,'2023-07-31 12:01:00',2);
INSERT INTO "OrderDetail"("orderId","productId","timeAddToCart","quantity") VALUES (65,30,'2023-08-02 12:51:00',2);
INSERT INTO "OrderDetail"("orderId","productId","timeAddToCart","quantity") VALUES (65,25,'2023-08-01 03:15:00',3);
INSERT INTO "OrderDetail"("orderId","productId","timeAddToCart","quantity") VALUES (66,63,'2021-08-19 02:13:00',2);
INSERT INTO "OrderDetail"("orderId","productId","timeAddToCart","quantity") VALUES (66,28,'2021-08-16 01:51:00',3);
INSERT INTO "OrderDetail"("orderId","productId","timeAddToCart","quantity") VALUES (66,21,'2021-08-19 01:09:00',4);
INSERT INTO "OrderDetail"("orderId","productId","timeAddToCart","quantity") VALUES (66,9,'2021-08-17 08:47:00',2);
INSERT INTO "OrderDetail"("orderId","productId","timeAddToCart","quantity") VALUES (66,49,'2021-08-18 03:05:00',4);
INSERT INTO "OrderDetail"("orderId","productId","timeAddToCart","quantity") VALUES (67,63,'2021-04-10 07:04:00',2);
INSERT INTO "OrderDetail"("orderId","productId","timeAddToCart","quantity") VALUES (67,48,'2021-04-09 02:47:00',1);
INSERT INTO "OrderDetail"("orderId","productId","timeAddToCart","quantity") VALUES (67,52,'2021-04-09 02:36:00',3);
INSERT INTO "OrderDetail"("orderId","productId","timeAddToCart","quantity") VALUES (67,26,'2021-04-09 10:28:00',2);
INSERT INTO "OrderDetail"("orderId","productId","timeAddToCart","quantity") VALUES (67,61,'2021-04-09 06:51:00',1);
INSERT INTO "OrderDetail"("orderId","productId","timeAddToCart","quantity") VALUES (68,8,'2021-08-13 11:10:00',3);
INSERT INTO "OrderDetail"("orderId","productId","timeAddToCart","quantity") VALUES (68,46,'2021-08-14 10:03:00',2);
INSERT INTO "OrderDetail"("orderId","productId","timeAddToCart","quantity") VALUES (68,9,'2021-08-16 01:34:00',2);
INSERT INTO "OrderDetail"("orderId","productId","timeAddToCart","quantity") VALUES (68,60,'2021-08-15 09:21:00',4);
INSERT INTO "OrderDetail"("orderId","productId","timeAddToCart","quantity") VALUES (68,1,'2021-08-14 11:05:00',4);
INSERT INTO "OrderDetail"("orderId","productId","timeAddToCart","quantity") VALUES (69,51,'2023-04-20 02:37:00',3);
INSERT INTO "OrderDetail"("orderId","productId","timeAddToCart","quantity") VALUES (69,43,'2023-04-21 03:58:00',1);
INSERT INTO "OrderDetail"("orderId","productId","timeAddToCart","quantity") VALUES (69,57,'2023-04-22 01:03:00',1);
INSERT INTO "OrderDetail"("orderId","productId","timeAddToCart","quantity") VALUES (69,46,'2023-04-22 04:35:00',3);
INSERT INTO "OrderDetail"("orderId","productId","timeAddToCart","quantity") VALUES (69,54,'2023-04-22 06:58:00',1);
INSERT INTO "OrderDetail"("orderId","productId","timeAddToCart","quantity") VALUES (70,32,'2020-05-29 01:18:00',1);
INSERT INTO "OrderDetail"("orderId","productId","timeAddToCart","quantity") VALUES (70,42,'2020-05-28 01:57:00',1);
INSERT INTO "OrderDetail"("orderId","productId","timeAddToCart","quantity") VALUES (70,41,'2020-05-29 03:47:00',4);
INSERT INTO "OrderDetail"("orderId","productId","timeAddToCart","quantity") VALUES (71,64,'2019-05-21 02:17:00',4);
INSERT INTO "OrderDetail"("orderId","productId","timeAddToCart","quantity") VALUES (71,26,'2019-05-22 07:01:00',1);
INSERT INTO "OrderDetail"("orderId","productId","timeAddToCart","quantity") VALUES (71,57,'2019-05-21 05:23:00',2);
INSERT INTO "OrderDetail"("orderId","productId","timeAddToCart","quantity") VALUES (71,40,'2019-05-22 02:27:00',2);
INSERT INTO "OrderDetail"("orderId","productId","timeAddToCart","quantity") VALUES (72,61,'2022-01-10 03:58:00',3);
INSERT INTO "OrderDetail"("orderId","productId","timeAddToCart","quantity") VALUES (72,59,'2022-01-07 10:34:00',1);
INSERT INTO "OrderDetail"("orderId","productId","timeAddToCart","quantity") VALUES (72,47,'2022-01-08 10:57:00',4);
INSERT INTO "OrderDetail"("orderId","productId","timeAddToCart","quantity") VALUES (73,3,'2020-11-20 01:50:00',1);
INSERT INTO "OrderDetail"("orderId","productId","timeAddToCart","quantity") VALUES (73,49,'2020-11-20 10:47:00',2);
INSERT INTO "OrderDetail"("orderId","productId","timeAddToCart","quantity") VALUES (73,24,'2020-11-19 07:49:00',1);
INSERT INTO "OrderDetail"("orderId","productId","timeAddToCart","quantity") VALUES (73,21,'2020-11-21 02:03:00',2);
INSERT INTO "OrderDetail"("orderId","productId","timeAddToCart","quantity") VALUES (73,5,'2020-11-21 04:31:00',1);
INSERT INTO "OrderDetail"("orderId","productId","timeAddToCart","quantity") VALUES (74,44,'2020-05-02 07:15:00',2);
INSERT INTO "OrderDetail"("orderId","productId","timeAddToCart","quantity") VALUES (74,54,'2020-05-02 06:39:00',1);
INSERT INTO "OrderDetail"("orderId","productId","timeAddToCart","quantity") VALUES (74,48,'2020-05-02 06:06:00',4);
INSERT INTO "OrderDetail"("orderId","productId","timeAddToCart","quantity") VALUES (74,25,'2020-05-01 05:08:00',4);
INSERT INTO "OrderDetail"("orderId","productId","timeAddToCart","quantity") VALUES (74,24,'2020-04-30 02:30:00',3);
INSERT INTO "OrderDetail"("orderId","productId","timeAddToCart","quantity") VALUES (75,21,'2022-04-19 08:43:00',3);
INSERT INTO "OrderDetail"("orderId","productId","timeAddToCart","quantity") VALUES (75,51,'2022-04-19 07:38:00',3);
INSERT INTO "OrderDetail"("orderId","productId","timeAddToCart","quantity") VALUES (75,33,'2022-04-17 07:15:00',2);
INSERT INTO "OrderDetail"("orderId","productId","timeAddToCart","quantity") VALUES (75,15,'2022-04-19 04:49:00',2);
INSERT INTO "OrderDetail"("orderId","productId","timeAddToCart","quantity") VALUES (76,51,'2022-10-07 03:53:00',4);
INSERT INTO "OrderDetail"("orderId","productId","timeAddToCart","quantity") VALUES (76,8,'2022-10-08 04:12:00',3);
INSERT INTO "OrderDetail"("orderId","productId","timeAddToCart","quantity") VALUES (76,15,'2022-10-05 09:12:00',1);
INSERT INTO "OrderDetail"("orderId","productId","timeAddToCart","quantity") VALUES (76,39,'2022-10-08 06:44:00',4);
INSERT INTO "OrderDetail"("orderId","productId","timeAddToCart","quantity") VALUES (77,25,'2019-07-02 06:12:00',1);
INSERT INTO "OrderDetail"("orderId","productId","timeAddToCart","quantity") VALUES (77,53,'2019-06-30 11:10:00',2);
INSERT INTO "OrderDetail"("orderId","productId","timeAddToCart","quantity") VALUES (77,33,'2019-07-01 09:56:00',2);
INSERT INTO "OrderDetail"("orderId","productId","timeAddToCart","quantity") VALUES (77,30,'2019-07-01 06:40:00',2);
INSERT INTO "OrderDetail"("orderId","productId","timeAddToCart","quantity") VALUES (78,48,'2020-04-21 01:13:00',3);
INSERT INTO "OrderDetail"("orderId","productId","timeAddToCart","quantity") VALUES (78,21,'2020-04-22 08:29:00',4);
INSERT INTO "OrderDetail"("orderId","productId","timeAddToCart","quantity") VALUES (79,54,'2023-12-18 02:46:00',4);
INSERT INTO "OrderDetail"("orderId","productId","timeAddToCart","quantity") VALUES (79,10,'2023-12-20 06:44:00',4);
INSERT INTO "OrderDetail"("orderId","productId","timeAddToCart","quantity") VALUES (79,14,'2023-12-19 07:06:00',1);
INSERT INTO "OrderDetail"("orderId","productId","timeAddToCart","quantity") VALUES (80,32,'2019-09-15 02:39:00',1);
INSERT INTO "OrderDetail"("orderId","productId","timeAddToCart","quantity") VALUES (80,20,'2019-09-13 07:09:00',2);
INSERT INTO "OrderDetail"("orderId","productId","timeAddToCart","quantity") VALUES (81,33,'2019-12-23 06:19:00',4);
INSERT INTO "OrderDetail"("orderId","productId","timeAddToCart","quantity") VALUES (81,18,'2019-12-23 01:41:00',3);
INSERT INTO "OrderDetail"("orderId","productId","timeAddToCart","quantity") VALUES (81,52,'2019-12-22 07:14:00',2);
INSERT INTO "OrderDetail"("orderId","productId","timeAddToCart","quantity") VALUES (81,59,'2019-12-21 11:07:00',1);
INSERT INTO "OrderDetail"("orderId","productId","timeAddToCart","quantity") VALUES (82,56,'2020-10-19 03:58:00',1);
INSERT INTO "OrderDetail"("orderId","productId","timeAddToCart","quantity") VALUES (82,50,'2020-10-20 08:45:00',3);
INSERT INTO "OrderDetail"("orderId","productId","timeAddToCart","quantity") VALUES (83,16,'2021-01-11 07:23:00',2);
INSERT INTO "OrderDetail"("orderId","productId","timeAddToCart","quantity") VALUES (83,14,'2021-01-10 08:22:00',3);
INSERT INTO "OrderDetail"("orderId","productId","timeAddToCart","quantity") VALUES (83,59,'2021-01-11 05:17:00',4);
INSERT INTO "OrderDetail"("orderId","productId","timeAddToCart","quantity") VALUES (83,48,'2021-01-12 03:28:00',1);
INSERT INTO "OrderDetail"("orderId","productId","timeAddToCart","quantity") VALUES (84,24,'2020-06-07 12:14:00',3);
INSERT INTO "OrderDetail"("orderId","productId","timeAddToCart","quantity") VALUES (84,43,'2020-06-07 10:01:00',1);
INSERT INTO "OrderDetail"("orderId","productId","timeAddToCart","quantity") VALUES (84,13,'2020-06-07 10:00:00',1);
INSERT INTO "OrderDetail"("orderId","productId","timeAddToCart","quantity") VALUES (84,62,'2020-06-07 08:30:00',4);
INSERT INTO "OrderDetail"("orderId","productId","timeAddToCart","quantity") VALUES (84,26,'2020-06-05 02:31:00',4);
INSERT INTO "OrderDetail"("orderId","productId","timeAddToCart","quantity") VALUES (85,46,'2019-08-28 04:29:00',1);
INSERT INTO "OrderDetail"("orderId","productId","timeAddToCart","quantity") VALUES (85,47,'2019-08-29 06:30:00',1);
INSERT INTO "OrderDetail"("orderId","productId","timeAddToCart","quantity") VALUES (85,55,'2019-08-29 01:12:00',3);
INSERT INTO "OrderDetail"("orderId","productId","timeAddToCart","quantity") VALUES (85,7,'2019-08-26 09:24:00',1);
INSERT INTO "OrderDetail"("orderId","productId","timeAddToCart","quantity") VALUES (86,28,'2019-01-31 09:30:00',4);
INSERT INTO "OrderDetail"("orderId","productId","timeAddToCart","quantity") VALUES (86,7,'2019-01-31 09:27:00',3);
INSERT INTO "OrderDetail"("orderId","productId","timeAddToCart","quantity") VALUES (86,15,'2019-01-30 09:08:00',4);
INSERT INTO "OrderDetail"("orderId","productId","timeAddToCart","quantity") VALUES (86,32,'2019-02-01 02:42:00',3);
INSERT INTO "OrderDetail"("orderId","productId","timeAddToCart","quantity") VALUES (87,44,'2022-02-04 07:19:00',1);
INSERT INTO "OrderDetail"("orderId","productId","timeAddToCart","quantity") VALUES (87,35,'2022-02-05 02:52:00',3);
INSERT INTO "OrderDetail"("orderId","productId","timeAddToCart","quantity") VALUES (87,8,'2022-02-04 01:04:00',4);
INSERT INTO "OrderDetail"("orderId","productId","timeAddToCart","quantity") VALUES (87,48,'2022-02-04 06:47:00',3);
INSERT INTO "OrderDetail"("orderId","productId","timeAddToCart","quantity") VALUES (87,36,'2022-02-05 01:23:00',2);
INSERT INTO "OrderDetail"("orderId","productId","timeAddToCart","quantity") VALUES (88,20,'2022-07-03 08:29:00',2);
INSERT INTO "OrderDetail"("orderId","productId","timeAddToCart","quantity") VALUES (88,32,'2022-07-04 04:31:00',2);
INSERT INTO "OrderDetail"("orderId","productId","timeAddToCart","quantity") VALUES (88,47,'2022-07-04 05:09:00',1);
INSERT INTO "OrderDetail"("orderId","productId","timeAddToCart","quantity") VALUES (88,39,'2022-07-05 01:18:00',3);
INSERT INTO "OrderDetail"("orderId","productId","timeAddToCart","quantity") VALUES (89,62,'2023-06-26 01:48:00',1);
INSERT INTO "OrderDetail"("orderId","productId","timeAddToCart","quantity") VALUES (89,57,'2023-06-26 06:23:00',2);
INSERT INTO "OrderDetail"("orderId","productId","timeAddToCart","quantity") VALUES (90,5,'2021-02-01 09:42:00',1);
INSERT INTO "OrderDetail"("orderId","productId","timeAddToCart","quantity") VALUES (90,19,'2021-02-03 01:07:00',2);
INSERT INTO "OrderDetail"("orderId","productId","timeAddToCart","quantity") VALUES (91,15,'2019-02-01 12:46:00',2);
INSERT INTO "OrderDetail"("orderId","productId","timeAddToCart","quantity") VALUES (91,8,'2019-02-01 12:06:00',4);
INSERT INTO "OrderDetail"("orderId","productId","timeAddToCart","quantity") VALUES (91,57,'2019-01-30 12:04:00',3);
INSERT INTO "OrderDetail"("orderId","productId","timeAddToCart","quantity") VALUES (91,7,'2019-02-01 05:44:00',2);
INSERT INTO "OrderDetail"("orderId","productId","timeAddToCart","quantity") VALUES (92,56,'2021-12-23 07:01:00',2);
INSERT INTO "OrderDetail"("orderId","productId","timeAddToCart","quantity") VALUES (92,21,'2021-12-24 09:49:00',3);
INSERT INTO "OrderDetail"("orderId","productId","timeAddToCart","quantity") VALUES (92,7,'2021-12-24 08:12:00',1);
INSERT INTO "OrderDetail"("orderId","productId","timeAddToCart","quantity") VALUES (93,41,'2020-09-06 05:24:00',3);
INSERT INTO "OrderDetail"("orderId","productId","timeAddToCart","quantity") VALUES (93,18,'2020-09-04 08:06:00',4);
INSERT INTO "OrderDetail"("orderId","productId","timeAddToCart","quantity") VALUES (93,42,'2020-09-06 03:04:00',3);
INSERT INTO "OrderDetail"("orderId","productId","timeAddToCart","quantity") VALUES (93,44,'2020-09-06 01:48:00',1);
INSERT INTO "OrderDetail"("orderId","productId","timeAddToCart","quantity") VALUES (94,40,'2020-10-17 10:39:00',4);
INSERT INTO "OrderDetail"("orderId","productId","timeAddToCart","quantity") VALUES (94,5,'2020-10-20 06:39:00',4);
INSERT INTO "OrderDetail"("orderId","productId","timeAddToCart","quantity") VALUES (94,3,'2020-10-18 01:07:00',4);
INSERT INTO "OrderDetail"("orderId","productId","timeAddToCart","quantity") VALUES (94,44,'2020-10-19 07:43:00',4);
INSERT INTO "OrderDetail"("orderId","productId","timeAddToCart","quantity") VALUES (94,59,'2020-10-20 12:57:00',4);
INSERT INTO "OrderDetail"("orderId","productId","timeAddToCart","quantity") VALUES (95,5,'2023-03-06 04:21:00',2);
INSERT INTO "OrderDetail"("orderId","productId","timeAddToCart","quantity") VALUES (95,18,'2023-03-08 07:18:00',2);
INSERT INTO "OrderDetail"("orderId","productId","timeAddToCart","quantity") VALUES (95,10,'2023-03-08 08:59:00',4);
INSERT INTO "OrderDetail"("orderId","productId","timeAddToCart","quantity") VALUES (95,44,'2023-03-08 02:25:00',3);
INSERT INTO "OrderDetail"("orderId","productId","timeAddToCart","quantity") VALUES (96,23,'2019-01-30 06:08:00',4);
INSERT INTO "OrderDetail"("orderId","productId","timeAddToCart","quantity") VALUES (96,16,'2019-01-27 08:16:00',2);
INSERT INTO "OrderDetail"("orderId","productId","timeAddToCart","quantity") VALUES (97,59,'2022-04-01 10:09:00',4);
INSERT INTO "OrderDetail"("orderId","productId","timeAddToCart","quantity") VALUES (97,43,'2022-03-30 09:33:00',2);
INSERT INTO "OrderDetail"("orderId","productId","timeAddToCart","quantity") VALUES (97,5,'2022-04-02 06:57:00',1);
INSERT INTO "OrderDetail"("orderId","productId","timeAddToCart","quantity") VALUES (98,55,'2023-08-04 01:13:00',3);
INSERT INTO "OrderDetail"("orderId","productId","timeAddToCart","quantity") VALUES (98,40,'2023-08-01 07:14:00',3);
INSERT INTO "OrderDetail"("orderId","productId","timeAddToCart","quantity") VALUES (98,18,'2023-08-03 06:47:00',4);
INSERT INTO "OrderDetail"("orderId","productId","timeAddToCart","quantity") VALUES (99,40,'2019-10-26 03:10:00',2);
INSERT INTO "OrderDetail"("orderId","productId","timeAddToCart","quantity") VALUES (99,7,'2019-10-28 06:06:00',2);
INSERT INTO "OrderDetail"("orderId","productId","timeAddToCart","quantity") VALUES (99,9,'2019-10-28 07:19:00',2);
INSERT INTO "OrderDetail"("orderId","productId","timeAddToCart","quantity") VALUES (100,19,'2021-05-27 12:47:00',4);
INSERT INTO "OrderDetail"("orderId","productId","timeAddToCart","quantity") VALUES (100,9,'2021-05-27 05:52:00',2);
INSERT INTO "OrderDetail"("orderId","productId","timeAddToCart","quantity") VALUES (100,3,'2021-05-29 01:37:00',4);
INSERT INTO "OrderDetail"("orderId","productId","timeAddToCart","quantity") VALUES (100,2,'2021-05-27 08:18:00',4);
INSERT INTO "OrderDetail"("orderId","productId","timeAddToCart","quantity") VALUES (101,13,'2020-01-24 07:05:00',1);
INSERT INTO "OrderDetail"("orderId","productId","timeAddToCart","quantity") VALUES (101,50,'2020-01-27 12:39:00',3);
INSERT INTO "OrderDetail"("orderId","productId","timeAddToCart","quantity") VALUES (101,5,'2020-01-27 12:43:00',2);
INSERT INTO "OrderDetail"("orderId","productId","timeAddToCart","quantity") VALUES (102,12,'2021-02-01 04:59:00',3);
INSERT INTO "OrderDetail"("orderId","productId","timeAddToCart","quantity") VALUES (102,46,'2021-01-31 11:06:00',2);
INSERT INTO "OrderDetail"("orderId","productId","timeAddToCart","quantity") VALUES (102,25,'2021-01-30 10:56:00',2);
INSERT INTO "OrderDetail"("orderId","productId","timeAddToCart","quantity") VALUES (103,15,'2023-09-12 02:58:00',3);
INSERT INTO "OrderDetail"("orderId","productId","timeAddToCart","quantity") VALUES (103,42,'2023-09-14 01:50:00',4);
INSERT INTO "OrderDetail"("orderId","productId","timeAddToCart","quantity") VALUES (103,28,'2023-09-12 01:03:00',3);
INSERT INTO "OrderDetail"("orderId","productId","timeAddToCart","quantity") VALUES (103,10,'2023-09-14 04:37:00',4);
INSERT INTO "OrderDetail"("orderId","productId","timeAddToCart","quantity") VALUES (103,2,'2023-09-13 01:05:00',4);
INSERT INTO "OrderDetail"("orderId","productId","timeAddToCart","quantity") VALUES (104,44,'2020-09-01 12:20:00',4);
INSERT INTO "OrderDetail"("orderId","productId","timeAddToCart","quantity") VALUES (104,55,'2020-08-31 08:47:00',4);
INSERT INTO "OrderDetail"("orderId","productId","timeAddToCart","quantity") VALUES (104,31,'2020-08-31 05:06:00',1);
INSERT INTO "OrderDetail"("orderId","productId","timeAddToCart","quantity") VALUES (104,42,'2020-09-01 12:52:00',2);
INSERT INTO "OrderDetail"("orderId","productId","timeAddToCart","quantity") VALUES (105,43,'2022-09-20 07:48:00',4);
INSERT INTO "OrderDetail"("orderId","productId","timeAddToCart","quantity") VALUES (105,12,'2022-09-21 05:50:00',3);
INSERT INTO "OrderDetail"("orderId","productId","timeAddToCart","quantity") VALUES (106,44,'2023-11-04 06:32:00',1);
INSERT INTO "OrderDetail"("orderId","productId","timeAddToCart","quantity") VALUES (106,28,'2023-11-06 01:09:00',4);
INSERT INTO "OrderDetail"("orderId","productId","timeAddToCart","quantity") VALUES (107,46,'2019-10-09 04:17:00',4);
INSERT INTO "OrderDetail"("orderId","productId","timeAddToCart","quantity") VALUES (107,3,'2019-10-09 06:30:00',4);
INSERT INTO "OrderDetail"("orderId","productId","timeAddToCart","quantity") VALUES (107,55,'2019-10-08 11:29:00',1);
INSERT INTO "OrderDetail"("orderId","productId","timeAddToCart","quantity") VALUES (107,28,'2019-10-09 08:34:00',4);
INSERT INTO "OrderDetail"("orderId","productId","timeAddToCart","quantity") VALUES (108,50,'2021-01-30 02:30:00',4);
INSERT INTO "OrderDetail"("orderId","productId","timeAddToCart","quantity") VALUES (108,11,'2021-01-30 03:47:00',2);
INSERT INTO "OrderDetail"("orderId","productId","timeAddToCart","quantity") VALUES (108,37,'2021-01-29 09:19:00',4);
INSERT INTO "OrderDetail"("orderId","productId","timeAddToCart","quantity") VALUES (109,37,'2020-04-21 12:46:00',3);
INSERT INTO "OrderDetail"("orderId","productId","timeAddToCart","quantity") VALUES (109,2,'2020-04-21 03:23:00',2);
INSERT INTO "OrderDetail"("orderId","productId","timeAddToCart","quantity") VALUES (110,36,'2022-11-21 10:11:00',3);
INSERT INTO "OrderDetail"("orderId","productId","timeAddToCart","quantity") VALUES (110,25,'2022-11-22 09:53:00',2);
INSERT INTO "OrderDetail"("orderId","productId","timeAddToCart","quantity") VALUES (110,43,'2022-11-22 09:45:00',2);
INSERT INTO "OrderDetail"("orderId","productId","timeAddToCart","quantity") VALUES (111,33,'2021-11-04 04:46:00',4);
INSERT INTO "OrderDetail"("orderId","productId","timeAddToCart","quantity") VALUES (111,24,'2021-11-03 03:47:00',2);
INSERT INTO "OrderDetail"("orderId","productId","timeAddToCart","quantity") VALUES (111,28,'2021-11-03 03:28:00',3);
INSERT INTO "OrderDetail"("orderId","productId","timeAddToCart","quantity") VALUES (112,11,'2019-07-07 01:13:00',1);
INSERT INTO "OrderDetail"("orderId","productId","timeAddToCart","quantity") VALUES (112,14,'2019-07-06 02:00:00',3);
INSERT INTO "OrderDetail"("orderId","productId","timeAddToCart","quantity") VALUES (112,40,'2019-07-06 06:45:00',1);
INSERT INTO "OrderDetail"("orderId","productId","timeAddToCart","quantity") VALUES (112,3,'2019-07-05 09:23:00',3);
INSERT INTO "OrderDetail"("orderId","productId","timeAddToCart","quantity") VALUES (113,12,'2022-01-15 03:45:00',2);
INSERT INTO "OrderDetail"("orderId","productId","timeAddToCart","quantity") VALUES (113,2,'2022-01-12 12:34:00',3);
INSERT INTO "OrderDetail"("orderId","productId","timeAddToCart","quantity") VALUES (113,33,'2022-01-13 08:02:00',4);
INSERT INTO "OrderDetail"("orderId","productId","timeAddToCart","quantity") VALUES (114,31,'2022-04-22 04:35:00',1);
INSERT INTO "OrderDetail"("orderId","productId","timeAddToCart","quantity") VALUES (114,37,'2022-04-20 02:01:00',3);
INSERT INTO "OrderDetail"("orderId","productId","timeAddToCart","quantity") VALUES (114,61,'2022-04-22 04:27:00',3);
INSERT INTO "OrderDetail"("orderId","productId","timeAddToCart","quantity") VALUES (115,53,'2020-06-17 01:05:00',2);
INSERT INTO "OrderDetail"("orderId","productId","timeAddToCart","quantity") VALUES (115,8,'2020-06-16 04:03:00',2);
INSERT INTO "OrderDetail"("orderId","productId","timeAddToCart","quantity") VALUES (115,61,'2020-06-17 01:06:00',3);
INSERT INTO "OrderDetail"("orderId","productId","timeAddToCart","quantity") VALUES (115,60,'2020-06-17 05:23:00',2);
INSERT INTO "OrderDetail"("orderId","productId","timeAddToCart","quantity") VALUES (116,52,'2021-04-04 07:54:00',3);
INSERT INTO "OrderDetail"("orderId","productId","timeAddToCart","quantity") VALUES (116,12,'2021-04-04 07:37:00',2);
INSERT INTO "OrderDetail"("orderId","productId","timeAddToCart","quantity") VALUES (117,36,'2019-01-12 11:41:00',1);
INSERT INTO "OrderDetail"("orderId","productId","timeAddToCart","quantity") VALUES (117,25,'2019-01-13 02:42:00',2);
INSERT INTO "OrderDetail"("orderId","productId","timeAddToCart","quantity") VALUES (117,39,'2019-01-14 01:11:00',1);
INSERT INTO "OrderDetail"("orderId","productId","timeAddToCart","quantity") VALUES (117,34,'2019-01-12 03:20:00',4);
INSERT INTO "OrderDetail"("orderId","productId","timeAddToCart","quantity") VALUES (117,43,'2019-01-13 06:52:00',3);
INSERT INTO "OrderDetail"("orderId","productId","timeAddToCart","quantity") VALUES (118,33,'2020-02-03 12:39:00',2);
INSERT INTO "OrderDetail"("orderId","productId","timeAddToCart","quantity") VALUES (118,2,'2020-02-01 02:22:00',1);
INSERT INTO "OrderDetail"("orderId","productId","timeAddToCart","quantity") VALUES (118,3,'2020-02-02 05:21:00',1);
INSERT INTO "OrderDetail"("orderId","productId","timeAddToCart","quantity") VALUES (118,10,'2020-02-02 10:56:00',3);
INSERT INTO "OrderDetail"("orderId","productId","timeAddToCart","quantity") VALUES (118,37,'2020-02-03 06:59:00',3);
INSERT INTO "OrderDetail"("orderId","productId","timeAddToCart","quantity") VALUES (119,18,'2019-11-22 11:13:00',1);
INSERT INTO "OrderDetail"("orderId","productId","timeAddToCart","quantity") VALUES (119,48,'2019-11-25 12:52:00',2);
INSERT INTO "OrderDetail"("orderId","productId","timeAddToCart","quantity") VALUES (119,10,'2019-11-24 03:09:00',2);
INSERT INTO "OrderDetail"("orderId","productId","timeAddToCart","quantity") VALUES (120,21,'2019-01-29 10:14:00',4);
INSERT INTO "OrderDetail"("orderId","productId","timeAddToCart","quantity") VALUES (120,13,'2019-01-30 12:43:00',1);
INSERT INTO "OrderDetail"("orderId","productId","timeAddToCart","quantity") VALUES (120,34,'2019-01-28 03:24:00',2);
INSERT INTO "OrderDetail"("orderId","productId","timeAddToCart","quantity") VALUES (120,42,'2019-01-29 01:51:00',4);
INSERT INTO "OrderDetail"("orderId","productId","timeAddToCart","quantity") VALUES (121,53,'2021-10-16 03:24:00',3);
INSERT INTO "OrderDetail"("orderId","productId","timeAddToCart","quantity") VALUES (121,44,'2021-10-16 05:14:00',1);
INSERT INTO "OrderDetail"("orderId","productId","timeAddToCart","quantity") VALUES (121,34,'2021-10-15 11:42:00',3);
INSERT INTO "OrderDetail"("orderId","productId","timeAddToCart","quantity") VALUES (121,8,'2021-10-16 07:20:00',2);
INSERT INTO "OrderDetail"("orderId","productId","timeAddToCart","quantity") VALUES (121,64,'2021-10-17 01:54:00',2);
INSERT INTO "OrderDetail"("orderId","productId","timeAddToCart","quantity") VALUES (122,37,'2019-10-11 03:42:00',3);
INSERT INTO "OrderDetail"("orderId","productId","timeAddToCart","quantity") VALUES (122,1,'2019-10-10 07:08:00',1);
INSERT INTO "OrderDetail"("orderId","productId","timeAddToCart","quantity") VALUES (123,37,'2022-09-02 07:12:00',1);
INSERT INTO "OrderDetail"("orderId","productId","timeAddToCart","quantity") VALUES (123,55,'2022-09-04 12:35:00',1);
INSERT INTO "OrderDetail"("orderId","productId","timeAddToCart","quantity") VALUES (123,33,'2022-09-04 03:45:00',4);
INSERT INTO "OrderDetail"("orderId","productId","timeAddToCart","quantity") VALUES (124,23,'2021-08-22 03:16:00',1);
INSERT INTO "OrderDetail"("orderId","productId","timeAddToCart","quantity") VALUES (124,62,'2021-08-21 05:10:00',4);
INSERT INTO "OrderDetail"("orderId","productId","timeAddToCart","quantity") VALUES (125,37,'2023-05-11 06:56:00',3);
INSERT INTO "OrderDetail"("orderId","productId","timeAddToCart","quantity") VALUES (125,21,'2023-05-10 09:09:00',2);
INSERT INTO "OrderDetail"("orderId","productId","timeAddToCart","quantity") VALUES (125,35,'2023-05-11 05:47:00',1);
INSERT INTO "OrderDetail"("orderId","productId","timeAddToCart","quantity") VALUES (125,8,'2023-05-11 02:49:00',2);
INSERT INTO "OrderDetail"("orderId","productId","timeAddToCart","quantity") VALUES (126,54,'2023-02-21 12:37:00',3);
INSERT INTO "OrderDetail"("orderId","productId","timeAddToCart","quantity") VALUES (126,5,'2023-02-19 03:53:00',3);
INSERT INTO "OrderDetail"("orderId","productId","timeAddToCart","quantity") VALUES (126,20,'2023-02-21 08:59:00',1);
INSERT INTO "OrderDetail"("orderId","productId","timeAddToCart","quantity") VALUES (126,14,'2023-02-21 09:16:00',4);
INSERT INTO "OrderDetail"("orderId","productId","timeAddToCart","quantity") VALUES (127,15,'2020-10-15 02:47:00',4);
INSERT INTO "OrderDetail"("orderId","productId","timeAddToCart","quantity") VALUES (127,48,'2020-10-16 01:07:00',1);
INSERT INTO "OrderDetail"("orderId","productId","timeAddToCart","quantity") VALUES (127,50,'2020-10-13 09:15:00',2);
INSERT INTO "OrderDetail"("orderId","productId","timeAddToCart","quantity") VALUES (128,25,'2022-03-09 07:59:00',4);
INSERT INTO "OrderDetail"("orderId","productId","timeAddToCart","quantity") VALUES (128,18,'2022-03-10 02:37:00',2);
INSERT INTO "OrderDetail"("orderId","productId","timeAddToCart","quantity") VALUES (128,3,'2022-03-10 04:50:00',1);
INSERT INTO "OrderDetail"("orderId","productId","timeAddToCart","quantity") VALUES (128,8,'2022-03-08 03:53:00',1);
INSERT INTO "OrderDetail"("orderId","productId","timeAddToCart","quantity") VALUES (129,60,'2021-10-03 03:37:00',1);
INSERT INTO "OrderDetail"("orderId","productId","timeAddToCart","quantity") VALUES (129,7,'2021-10-02 07:06:00',4);
INSERT INTO "OrderDetail"("orderId","productId","timeAddToCart","quantity") VALUES (129,42,'2021-10-04 12:30:00',2);
INSERT INTO "OrderDetail"("orderId","productId","timeAddToCart","quantity") VALUES (129,9,'2021-10-02 04:56:00',1);
INSERT INTO "OrderDetail"("orderId","productId","timeAddToCart","quantity") VALUES (129,62,'2021-10-03 05:55:00',2);
INSERT INTO "OrderDetail"("orderId","productId","timeAddToCart","quantity") VALUES (130,49,'2023-05-14 09:19:00',3);
INSERT INTO "OrderDetail"("orderId","productId","timeAddToCart","quantity") VALUES (130,16,'2023-05-12 02:07:00',1);
INSERT INTO "OrderDetail"("orderId","productId","timeAddToCart","quantity") VALUES (130,44,'2023-05-13 09:53:00',1);
INSERT INTO "OrderDetail"("orderId","productId","timeAddToCart","quantity") VALUES (130,1,'2023-05-14 08:55:00',3);
INSERT INTO "OrderDetail"("orderId","productId","timeAddToCart","quantity") VALUES (131,26,'2022-04-05 01:50:00',2);
INSERT INTO "OrderDetail"("orderId","productId","timeAddToCart","quantity") VALUES (131,31,'2022-04-05 01:04:00',1);
INSERT INTO "OrderDetail"("orderId","productId","timeAddToCart","quantity") VALUES (131,2,'2022-04-04 11:50:00',4);
INSERT INTO "OrderDetail"("orderId","productId","timeAddToCart","quantity") VALUES (132,11,'2022-11-15 04:59:00',2);
INSERT INTO "OrderDetail"("orderId","productId","timeAddToCart","quantity") VALUES (132,60,'2022-11-14 06:14:00',1);
INSERT INTO "OrderDetail"("orderId","productId","timeAddToCart","quantity") VALUES (132,56,'2022-11-15 07:31:00',4);
INSERT INTO "OrderDetail"("orderId","productId","timeAddToCart","quantity") VALUES (133,61,'2019-05-26 05:01:00',1);
INSERT INTO "OrderDetail"("orderId","productId","timeAddToCart","quantity") VALUES (133,31,'2019-05-25 10:37:00',3);
INSERT INTO "OrderDetail"("orderId","productId","timeAddToCart","quantity") VALUES (134,18,'2022-04-13 01:21:00',3);
INSERT INTO "OrderDetail"("orderId","productId","timeAddToCart","quantity") VALUES (134,54,'2022-04-12 05:49:00',2);
INSERT INTO "OrderDetail"("orderId","productId","timeAddToCart","quantity") VALUES (135,37,'2020-08-28 08:49:00',4);
INSERT INTO "OrderDetail"("orderId","productId","timeAddToCart","quantity") VALUES (135,58,'2020-08-28 03:00:00',3);
INSERT INTO "OrderDetail"("orderId","productId","timeAddToCart","quantity") VALUES (135,41,'2020-08-28 04:11:00',4);
INSERT INTO "OrderDetail"("orderId","productId","timeAddToCart","quantity") VALUES (135,34,'2020-08-27 03:55:00',2);
INSERT INTO "OrderDetail"("orderId","productId","timeAddToCart","quantity") VALUES (135,51,'2020-08-28 03:47:00',2);
INSERT INTO "OrderDetail"("orderId","productId","timeAddToCart","quantity") VALUES (136,7,'2021-10-12 07:04:00',2);
INSERT INTO "OrderDetail"("orderId","productId","timeAddToCart","quantity") VALUES (136,20,'2021-10-15 01:21:00',4);
INSERT INTO "OrderDetail"("orderId","productId","timeAddToCart","quantity") VALUES (137,31,'2019-08-22 01:28:00',2);
INSERT INTO "OrderDetail"("orderId","productId","timeAddToCart","quantity") VALUES (137,11,'2019-08-20 02:39:00',2);
INSERT INTO "OrderDetail"("orderId","productId","timeAddToCart","quantity") VALUES (137,37,'2019-08-21 01:53:00',2);
INSERT INTO "OrderDetail"("orderId","productId","timeAddToCart","quantity") VALUES (137,30,'2019-08-21 02:23:00',3);
INSERT INTO "OrderDetail"("orderId","productId","timeAddToCart","quantity") VALUES (137,14,'2019-08-22 07:39:00',2);
INSERT INTO "OrderDetail"("orderId","productId","timeAddToCart","quantity") VALUES (138,56,'2021-09-28 07:19:00',3);
INSERT INTO "OrderDetail"("orderId","productId","timeAddToCart","quantity") VALUES (138,14,'2021-09-26 07:13:00',4);
INSERT INTO "OrderDetail"("orderId","productId","timeAddToCart","quantity") VALUES (138,64,'2021-09-28 01:44:00',2);
INSERT INTO "OrderDetail"("orderId","productId","timeAddToCart","quantity") VALUES (138,12,'2021-09-26 08:43:00',1);
INSERT INTO "OrderDetail"("orderId","productId","timeAddToCart","quantity") VALUES (138,52,'2021-09-27 07:29:00',4);
INSERT INTO "OrderDetail"("orderId","productId","timeAddToCart","quantity") VALUES (139,13,'2019-02-28 02:49:00',2);
INSERT INTO "OrderDetail"("orderId","productId","timeAddToCart","quantity") VALUES (139,58,'2019-03-02 01:15:00',3);
INSERT INTO "OrderDetail"("orderId","productId","timeAddToCart","quantity") VALUES (139,57,'2019-02-28 05:56:00',4);
INSERT INTO "OrderDetail"("orderId","productId","timeAddToCart","quantity") VALUES (139,36,'2019-03-02 01:35:00',2);
INSERT INTO "OrderDetail"("orderId","productId","timeAddToCart","quantity") VALUES (140,1,'2021-12-01 06:53:00',1);
INSERT INTO "OrderDetail"("orderId","productId","timeAddToCart","quantity") VALUES (140,25,'2021-11-29 02:02:00',4);
INSERT INTO "OrderDetail"("orderId","productId","timeAddToCart","quantity") VALUES (140,7,'2021-12-01 10:10:00',4);
INSERT INTO "OrderDetail"("orderId","productId","timeAddToCart","quantity") VALUES (140,16,'2021-11-30 01:00:00',2);
INSERT INTO "OrderDetail"("orderId","productId","timeAddToCart","quantity") VALUES (140,20,'2021-12-01 04:43:00',3);
INSERT INTO "OrderDetail"("orderId","productId","timeAddToCart","quantity") VALUES (141,55,'2022-08-23 11:50:00',4);
INSERT INTO "OrderDetail"("orderId","productId","timeAddToCart","quantity") VALUES (141,20,'2022-08-23 11:39:00',1);
INSERT INTO "OrderDetail"("orderId","productId","timeAddToCart","quantity") VALUES (141,48,'2022-08-22 11:29:00',4);
INSERT INTO "OrderDetail"("orderId","productId","timeAddToCart","quantity") VALUES (141,19,'2022-08-22 08:22:00',2);
INSERT INTO "OrderDetail"("orderId","productId","timeAddToCart","quantity") VALUES (142,59,'2019-07-02 10:03:00',3);
INSERT INTO "OrderDetail"("orderId","productId","timeAddToCart","quantity") VALUES (142,43,'2019-07-01 02:33:00',2);
INSERT INTO "OrderDetail"("orderId","productId","timeAddToCart","quantity") VALUES (142,1,'2019-07-02 08:25:00',2);
INSERT INTO "OrderDetail"("orderId","productId","timeAddToCart","quantity") VALUES (142,61,'2019-07-02 03:29:00',2);
INSERT INTO "OrderDetail"("orderId","productId","timeAddToCart","quantity") VALUES (142,7,'2019-07-02 07:55:00',4);
INSERT INTO "OrderDetail"("orderId","productId","timeAddToCart","quantity") VALUES (143,13,'2023-12-12 02:27:00',4);
INSERT INTO "OrderDetail"("orderId","productId","timeAddToCart","quantity") VALUES (143,4,'2023-12-09 12:55:00',1);
INSERT INTO "OrderDetail"("orderId","productId","timeAddToCart","quantity") VALUES (143,16,'2023-12-11 10:57:00',3);
INSERT INTO "OrderDetail"("orderId","productId","timeAddToCart","quantity") VALUES (143,9,'2023-12-11 05:26:00',2);
INSERT INTO "OrderDetail"("orderId","productId","timeAddToCart","quantity") VALUES (144,19,'2020-09-25 04:42:00',2);
INSERT INTO "OrderDetail"("orderId","productId","timeAddToCart","quantity") VALUES (144,33,'2020-09-25 02:40:00',2);
INSERT INTO "OrderDetail"("orderId","productId","timeAddToCart","quantity") VALUES (145,33,'2022-08-15 02:36:00',4);
INSERT INTO "OrderDetail"("orderId","productId","timeAddToCart","quantity") VALUES (145,60,'2022-08-15 05:39:00',2);
INSERT INTO "OrderDetail"("orderId","productId","timeAddToCart","quantity") VALUES (146,61,'2022-06-07 06:58:00',2);
INSERT INTO "OrderDetail"("orderId","productId","timeAddToCart","quantity") VALUES (146,25,'2022-06-08 01:56:00',3);
INSERT INTO "OrderDetail"("orderId","productId","timeAddToCart","quantity") VALUES (146,59,'2022-06-06 09:18:00',1);
INSERT INTO "OrderDetail"("orderId","productId","timeAddToCart","quantity") VALUES (147,32,'2020-04-01 09:04:00',4);
INSERT INTO "OrderDetail"("orderId","productId","timeAddToCart","quantity") VALUES (147,48,'2020-04-01 07:35:00',3);
INSERT INTO "OrderDetail"("orderId","productId","timeAddToCart","quantity") VALUES (147,14,'2020-04-01 05:56:00',2);
INSERT INTO "OrderDetail"("orderId","productId","timeAddToCart","quantity") VALUES (148,18,'2020-03-21 02:13:00',3);
INSERT INTO "OrderDetail"("orderId","productId","timeAddToCart","quantity") VALUES (148,9,'2020-03-23 02:13:00',4);
INSERT INTO "OrderDetail"("orderId","productId","timeAddToCart","quantity") VALUES (149,30,'2021-01-05 03:57:00',2);
INSERT INTO "OrderDetail"("orderId","productId","timeAddToCart","quantity") VALUES (149,5,'2021-01-07 12:41:00',4);
INSERT INTO "OrderDetail"("orderId","productId","timeAddToCart","quantity") VALUES (149,13,'2021-01-07 07:09:00',2);
INSERT INTO "OrderDetail"("orderId","productId","timeAddToCart","quantity") VALUES (149,37,'2021-01-08 03:17:00',1);
INSERT INTO "OrderDetail"("orderId","productId","timeAddToCart","quantity") VALUES (150,11,'2023-06-20 04:00:00',2);
INSERT INTO "OrderDetail"("orderId","productId","timeAddToCart","quantity") VALUES (150,57,'2023-06-19 06:10:00',1);
INSERT INTO "OrderDetail"("orderId","productId","timeAddToCart","quantity") VALUES (150,32,'2023-06-18 05:05:00',1);
INSERT INTO "OrderDetail"("orderId","productId","timeAddToCart","quantity") VALUES (150,48,'2023-06-19 04:41:00',2);
INSERT INTO "OrderDetail"("orderId","productId","timeAddToCart","quantity") VALUES (151,39,'2022-06-07 03:36:00',4);
INSERT INTO "OrderDetail"("orderId","productId","timeAddToCart","quantity") VALUES (151,25,'2022-06-06 02:55:00',2);
INSERT INTO "OrderDetail"("orderId","productId","timeAddToCart","quantity") VALUES (152,39,'2019-11-27 01:26:00',2);
INSERT INTO "OrderDetail"("orderId","productId","timeAddToCart","quantity") VALUES (152,26,'2019-11-26 07:27:00',2);
INSERT INTO "OrderDetail"("orderId","productId","timeAddToCart","quantity") VALUES (152,5,'2019-11-25 01:37:00',2);
INSERT INTO "OrderDetail"("orderId","productId","timeAddToCart","quantity") VALUES (152,7,'2019-11-27 02:46:00',4);
INSERT INTO "OrderDetail"("orderId","productId","timeAddToCart","quantity") VALUES (152,46,'2019-11-25 05:52:00',4);
INSERT INTO "OrderDetail"("orderId","productId","timeAddToCart","quantity") VALUES (153,24,'2019-10-14 07:06:00',1);
INSERT INTO "OrderDetail"("orderId","productId","timeAddToCart","quantity") VALUES (153,49,'2019-10-12 07:52:00',1);
INSERT INTO "OrderDetail"("orderId","productId","timeAddToCart","quantity") VALUES (153,50,'2019-10-14 11:13:00',4);
INSERT INTO "OrderDetail"("orderId","productId","timeAddToCart","quantity") VALUES (153,25,'2019-10-14 09:28:00',4);
INSERT INTO "OrderDetail"("orderId","productId","timeAddToCart","quantity") VALUES (153,3,'2019-10-12 10:05:00',1);
INSERT INTO "OrderDetail"("orderId","productId","timeAddToCart","quantity") VALUES (154,32,'2021-12-13 05:12:00',3);
INSERT INTO "OrderDetail"("orderId","productId","timeAddToCart","quantity") VALUES (154,63,'2021-12-16 01:31:00',2);
INSERT INTO "OrderDetail"("orderId","productId","timeAddToCart","quantity") VALUES (155,44,'2023-12-29 04:31:00',1);
INSERT INTO "OrderDetail"("orderId","productId","timeAddToCart","quantity") VALUES (155,56,'2023-12-27 03:15:00',4);
INSERT INTO "OrderDetail"("orderId","productId","timeAddToCart","quantity") VALUES (155,2,'2023-12-28 10:44:00',1);
INSERT INTO "OrderDetail"("orderId","productId","timeAddToCart","quantity") VALUES (156,31,'2019-08-20 01:37:00',4);
INSERT INTO "OrderDetail"("orderId","productId","timeAddToCart","quantity") VALUES (156,47,'2019-08-19 02:40:00',1);
INSERT INTO "OrderDetail"("orderId","productId","timeAddToCart","quantity") VALUES (156,10,'2019-08-19 10:56:00',4);
INSERT INTO "OrderDetail"("orderId","productId","timeAddToCart","quantity") VALUES (157,1,'2020-02-26 10:52:00',2);
INSERT INTO "OrderDetail"("orderId","productId","timeAddToCart","quantity") VALUES (157,4,'2020-02-27 06:52:00',2);
INSERT INTO "OrderDetail"("orderId","productId","timeAddToCart","quantity") VALUES (157,30,'2020-02-27 06:14:00',4);
INSERT INTO "OrderDetail"("orderId","productId","timeAddToCart","quantity") VALUES (157,35,'2020-02-26 11:57:00',1);
INSERT INTO "OrderDetail"("orderId","productId","timeAddToCart","quantity") VALUES (157,62,'2020-02-26 07:39:00',4);
INSERT INTO "OrderDetail"("orderId","productId","timeAddToCart","quantity") VALUES (158,34,'2019-08-23 01:52:00',1);
INSERT INTO "OrderDetail"("orderId","productId","timeAddToCart","quantity") VALUES (158,39,'2019-08-22 08:09:00',4);
INSERT INTO "OrderDetail"("orderId","productId","timeAddToCart","quantity") VALUES (158,16,'2019-08-21 08:42:00',4);
INSERT INTO "OrderDetail"("orderId","productId","timeAddToCart","quantity") VALUES (158,11,'2019-08-22 11:06:00',3);
INSERT INTO "OrderDetail"("orderId","productId","timeAddToCart","quantity") VALUES (159,19,'2021-07-28 05:16:00',3);
INSERT INTO "OrderDetail"("orderId","productId","timeAddToCart","quantity") VALUES (159,44,'2021-07-27 08:25:00',3);
INSERT INTO "OrderDetail"("orderId","productId","timeAddToCart","quantity") VALUES (159,10,'2021-07-29 06:54:00',4);
INSERT INTO "OrderDetail"("orderId","productId","timeAddToCart","quantity") VALUES (160,44,'2021-11-21 01:21:00',3);
INSERT INTO "OrderDetail"("orderId","productId","timeAddToCart","quantity") VALUES (160,26,'2021-11-20 10:11:00',2);
INSERT INTO "OrderDetail"("orderId","productId","timeAddToCart","quantity") VALUES (160,30,'2021-11-20 11:26:00',1);
INSERT INTO "OrderDetail"("orderId","productId","timeAddToCart","quantity") VALUES (160,62,'2021-11-20 04:35:00',1);
INSERT INTO "OrderDetail"("orderId","productId","timeAddToCart","quantity") VALUES (160,59,'2021-11-20 05:52:00',3);
INSERT INTO "OrderDetail"("orderId","productId","timeAddToCart","quantity") VALUES (161,36,'2019-11-01 04:33:00',3);
INSERT INTO "OrderDetail"("orderId","productId","timeAddToCart","quantity") VALUES (161,59,'2019-11-02 02:31:00',1);
INSERT INTO "OrderDetail"("orderId","productId","timeAddToCart","quantity") VALUES (161,7,'2019-11-01 06:39:00',2);
INSERT INTO "OrderDetail"("orderId","productId","timeAddToCart","quantity") VALUES (161,57,'2019-11-01 08:45:00',3);
INSERT INTO "OrderDetail"("orderId","productId","timeAddToCart","quantity") VALUES (161,5,'2019-11-02 02:14:00',3);
INSERT INTO "OrderDetail"("orderId","productId","timeAddToCart","quantity") VALUES (162,28,'2022-01-19 03:12:00',2);
INSERT INTO "OrderDetail"("orderId","productId","timeAddToCart","quantity") VALUES (162,2,'2022-01-18 01:48:00',3);
INSERT INTO "OrderDetail"("orderId","productId","timeAddToCart","quantity") VALUES (162,44,'2022-01-19 06:42:00',1);
INSERT INTO "OrderDetail"("orderId","productId","timeAddToCart","quantity") VALUES (162,31,'2022-01-18 09:29:00',3);
INSERT INTO "OrderDetail"("orderId","productId","timeAddToCart","quantity") VALUES (162,15,'2022-01-18 01:49:00',3);
INSERT INTO "OrderDetail"("orderId","productId","timeAddToCart","quantity") VALUES (163,11,'2023-02-01 05:57:00',4);
INSERT INTO "OrderDetail"("orderId","productId","timeAddToCart","quantity") VALUES (163,46,'2023-01-31 05:39:00',4);
INSERT INTO "OrderDetail"("orderId","productId","timeAddToCart","quantity") VALUES (163,7,'2023-02-03 01:34:00',2);
INSERT INTO "OrderDetail"("orderId","productId","timeAddToCart","quantity") VALUES (163,30,'2023-02-03 01:47:00',2);
INSERT INTO "OrderDetail"("orderId","productId","timeAddToCart","quantity") VALUES (163,50,'2023-02-03 01:21:00',2);
INSERT INTO "OrderDetail"("orderId","productId","timeAddToCart","quantity") VALUES (164,56,'2020-01-11 01:05:00',4);
INSERT INTO "OrderDetail"("orderId","productId","timeAddToCart","quantity") VALUES (164,59,'2020-01-10 03:36:00',4);
INSERT INTO "OrderDetail"("orderId","productId","timeAddToCart","quantity") VALUES (164,35,'2020-01-11 11:53:00',4);
INSERT INTO "OrderDetail"("orderId","productId","timeAddToCart","quantity") VALUES (164,64,'2020-01-12 03:01:00',2);
INSERT INTO "OrderDetail"("orderId","productId","timeAddToCart","quantity") VALUES (164,4,'2020-01-11 12:07:00',4);
INSERT INTO "OrderDetail"("orderId","productId","timeAddToCart","quantity") VALUES (165,59,'2022-12-18 05:29:00',1);
INSERT INTO "OrderDetail"("orderId","productId","timeAddToCart","quantity") VALUES (165,24,'2022-12-19 09:33:00',2);
INSERT INTO "OrderDetail"("orderId","productId","timeAddToCart","quantity") VALUES (165,2,'2022-12-20 11:16:00',4);
INSERT INTO "OrderDetail"("orderId","productId","timeAddToCart","quantity") VALUES (165,37,'2022-12-19 06:32:00',2);
INSERT INTO "OrderDetail"("orderId","productId","timeAddToCart","quantity") VALUES (165,55,'2022-12-20 09:40:00',1);
INSERT INTO "OrderDetail"("orderId","productId","timeAddToCart","quantity") VALUES (166,11,'2020-12-16 04:53:00',3);
INSERT INTO "OrderDetail"("orderId","productId","timeAddToCart","quantity") VALUES (166,30,'2020-12-15 03:45:00',2);
INSERT INTO "OrderDetail"("orderId","productId","timeAddToCart","quantity") VALUES (167,13,'2019-12-12 07:43:00',1);
INSERT INTO "OrderDetail"("orderId","productId","timeAddToCart","quantity") VALUES (167,21,'2019-12-14 03:54:00',1);
INSERT INTO "OrderDetail"("orderId","productId","timeAddToCart","quantity") VALUES (167,52,'2019-12-14 04:55:00',2);
INSERT INTO "OrderDetail"("orderId","productId","timeAddToCart","quantity") VALUES (167,2,'2019-12-14 05:44:00',3);
INSERT INTO "OrderDetail"("orderId","productId","timeAddToCart","quantity") VALUES (168,42,'2021-09-21 06:47:00',4);
INSERT INTO "OrderDetail"("orderId","productId","timeAddToCart","quantity") VALUES (168,9,'2021-09-21 07:38:00',3);
INSERT INTO "OrderDetail"("orderId","productId","timeAddToCart","quantity") VALUES (168,64,'2021-09-22 03:20:00',1);
INSERT INTO "OrderDetail"("orderId","productId","timeAddToCart","quantity") VALUES (169,11,'2022-12-21 02:02:00',1);
INSERT INTO "OrderDetail"("orderId","productId","timeAddToCart","quantity") VALUES (169,55,'2022-12-19 06:08:00',2);
INSERT INTO "OrderDetail"("orderId","productId","timeAddToCart","quantity") VALUES (170,54,'2023-04-18 08:23:00',4);
INSERT INTO "OrderDetail"("orderId","productId","timeAddToCart","quantity") VALUES (170,63,'2023-04-17 08:44:00',2);
INSERT INTO "OrderDetail"("orderId","productId","timeAddToCart","quantity") VALUES (170,48,'2023-04-19 03:47:00',2);
INSERT INTO "OrderDetail"("orderId","productId","timeAddToCart","quantity") VALUES (170,20,'2023-04-19 04:08:00',1);
INSERT INTO "OrderDetail"("orderId","productId","timeAddToCart","quantity") VALUES (170,61,'2023-04-18 06:21:00',1);
INSERT INTO "OrderDetail"("orderId","productId","timeAddToCart","quantity") VALUES (171,41,'2023-02-19 01:27:00',4);
INSERT INTO "OrderDetail"("orderId","productId","timeAddToCart","quantity") VALUES (171,40,'2023-02-17 10:11:00',4);
INSERT INTO "OrderDetail"("orderId","productId","timeAddToCart","quantity") VALUES (171,26,'2023-02-18 12:26:00',2);
INSERT INTO "OrderDetail"("orderId","productId","timeAddToCart","quantity") VALUES (171,15,'2023-02-16 09:05:00',2);
INSERT INTO "OrderDetail"("orderId","productId","timeAddToCart","quantity") VALUES (171,56,'2023-02-18 07:33:00',1);
INSERT INTO "OrderDetail"("orderId","productId","timeAddToCart","quantity") VALUES (172,49,'2020-10-20 12:16:00',3);
INSERT INTO "OrderDetail"("orderId","productId","timeAddToCart","quantity") VALUES (172,55,'2020-10-22 12:24:00',1);
INSERT INTO "OrderDetail"("orderId","productId","timeAddToCart","quantity") VALUES (172,4,'2020-10-22 11:17:00',1);
INSERT INTO "OrderDetail"("orderId","productId","timeAddToCart","quantity") VALUES (172,30,'2020-10-22 10:27:00',2);
INSERT INTO "OrderDetail"("orderId","productId","timeAddToCart","quantity") VALUES (173,25,'2023-08-20 11:01:00',3);
INSERT INTO "OrderDetail"("orderId","productId","timeAddToCart","quantity") VALUES (173,7,'2023-08-20 02:08:00',1);
INSERT INTO "OrderDetail"("orderId","productId","timeAddToCart","quantity") VALUES (173,54,'2023-08-19 04:18:00',4);
INSERT INTO "OrderDetail"("orderId","productId","timeAddToCart","quantity") VALUES (173,15,'2023-08-20 09:15:00',3);
INSERT INTO "OrderDetail"("orderId","productId","timeAddToCart","quantity") VALUES (173,47,'2023-08-20 08:00:00',3);
INSERT INTO "OrderDetail"("orderId","productId","timeAddToCart","quantity") VALUES (174,32,'2021-09-20 02:37:00',2);
INSERT INTO "OrderDetail"("orderId","productId","timeAddToCart","quantity") VALUES (174,59,'2021-09-20 06:47:00',3);
INSERT INTO "OrderDetail"("orderId","productId","timeAddToCart","quantity") VALUES (175,60,'2019-03-14 06:39:00',2);
INSERT INTO "OrderDetail"("orderId","productId","timeAddToCart","quantity") VALUES (175,4,'2019-03-15 08:29:00',2);
INSERT INTO "OrderDetail"("orderId","productId","timeAddToCart","quantity") VALUES (175,28,'2019-03-14 12:57:00',3);
INSERT INTO "OrderDetail"("orderId","productId","timeAddToCart","quantity") VALUES (175,55,'2019-03-15 10:30:00',1);
INSERT INTO "OrderDetail"("orderId","productId","timeAddToCart","quantity") VALUES (175,25,'2019-03-14 09:19:00',4);
INSERT INTO "OrderDetail"("orderId","productId","timeAddToCart","quantity") VALUES (176,40,'2020-01-16 02:14:00',2);
INSERT INTO "OrderDetail"("orderId","productId","timeAddToCart","quantity") VALUES (176,10,'2020-01-16 12:41:00',2);
INSERT INTO "OrderDetail"("orderId","productId","timeAddToCart","quantity") VALUES (176,33,'2020-01-15 06:27:00',2);
INSERT INTO "OrderDetail"("orderId","productId","timeAddToCart","quantity") VALUES (176,16,'2020-01-15 04:14:00',2);
INSERT INTO "OrderDetail"("orderId","productId","timeAddToCart","quantity") VALUES (177,8,'2022-12-14 12:33:00',2);
INSERT INTO "OrderDetail"("orderId","productId","timeAddToCart","quantity") VALUES (177,4,'2022-12-13 10:30:00',4);
INSERT INTO "OrderDetail"("orderId","productId","timeAddToCart","quantity") VALUES (178,25,'2019-02-13 09:43:00',1);
INSERT INTO "OrderDetail"("orderId","productId","timeAddToCart","quantity") VALUES (178,15,'2019-02-14 03:21:00',4);
INSERT INTO "OrderDetail"("orderId","productId","timeAddToCart","quantity") VALUES (179,56,'2022-06-17 07:12:00',1);
INSERT INTO "OrderDetail"("orderId","productId","timeAddToCart","quantity") VALUES (179,52,'2022-06-18 06:16:00',3);
INSERT INTO "OrderDetail"("orderId","productId","timeAddToCart","quantity") VALUES (179,11,'2022-06-17 04:29:00',3);
INSERT INTO "OrderDetail"("orderId","productId","timeAddToCart","quantity") VALUES (179,50,'2022-06-19 01:16:00',4);
INSERT INTO "OrderDetail"("orderId","productId","timeAddToCart","quantity") VALUES (179,12,'2022-06-19 01:08:00',4);
INSERT INTO "OrderDetail"("orderId","productId","timeAddToCart","quantity") VALUES (180,20,'2022-12-13 01:02:00',4);
INSERT INTO "OrderDetail"("orderId","productId","timeAddToCart","quantity") VALUES (180,31,'2022-12-11 03:44:00',1);
INSERT INTO "OrderDetail"("orderId","productId","timeAddToCart","quantity") VALUES (180,56,'2022-12-13 07:05:00',1);
INSERT INTO "OrderDetail"("orderId","productId","timeAddToCart","quantity") VALUES (181,11,'2019-08-03 01:48:00',1);
INSERT INTO "OrderDetail"("orderId","productId","timeAddToCart","quantity") VALUES (181,46,'2019-08-02 06:28:00',4);
INSERT INTO "OrderDetail"("orderId","productId","timeAddToCart","quantity") VALUES (181,43,'2019-08-02 06:37:00',4);
INSERT INTO "OrderDetail"("orderId","productId","timeAddToCart","quantity") VALUES (182,43,'2022-06-26 01:19:00',1);
INSERT INTO "OrderDetail"("orderId","productId","timeAddToCart","quantity") VALUES (182,21,'2022-06-26 01:20:00',2);
INSERT INTO "OrderDetail"("orderId","productId","timeAddToCart","quantity") VALUES (182,18,'2022-06-25 10:39:00',2);
INSERT INTO "OrderDetail"("orderId","productId","timeAddToCart","quantity") VALUES (183,26,'2023-01-04 09:04:00',1);
INSERT INTO "OrderDetail"("orderId","productId","timeAddToCart","quantity") VALUES (183,34,'2023-01-06 12:55:00',3);
INSERT INTO "OrderDetail"("orderId","productId","timeAddToCart","quantity") VALUES (183,24,'2023-01-05 06:45:00',3);
INSERT INTO "OrderDetail"("orderId","productId","timeAddToCart","quantity") VALUES (183,32,'2023-01-06 01:00:00',1);
INSERT INTO "OrderDetail"("orderId","productId","timeAddToCart","quantity") VALUES (183,60,'2023-01-04 12:26:00',4);
INSERT INTO "OrderDetail"("orderId","productId","timeAddToCart","quantity") VALUES (184,42,'2022-07-07 11:15:00',2);
INSERT INTO "OrderDetail"("orderId","productId","timeAddToCart","quantity") VALUES (184,63,'2022-07-06 03:58:00',2);
INSERT INTO "OrderDetail"("orderId","productId","timeAddToCart","quantity") VALUES (184,52,'2022-07-07 06:22:00',4);
INSERT INTO "OrderDetail"("orderId","productId","timeAddToCart","quantity") VALUES (184,34,'2022-07-08 10:33:00',3);
INSERT INTO "OrderDetail"("orderId","productId","timeAddToCart","quantity") VALUES (185,41,'2022-05-31 07:39:00',3);
INSERT INTO "OrderDetail"("orderId","productId","timeAddToCart","quantity") VALUES (185,46,'2022-05-30 09:43:00',2);
INSERT INTO "OrderDetail"("orderId","productId","timeAddToCart","quantity") VALUES (185,53,'2022-05-30 02:26:00',1);
INSERT INTO "OrderDetail"("orderId","productId","timeAddToCart","quantity") VALUES (186,61,'2022-10-31 01:30:00',4);
INSERT INTO "OrderDetail"("orderId","productId","timeAddToCart","quantity") VALUES (186,8,'2022-10-31 05:45:00',4);
INSERT INTO "OrderDetail"("orderId","productId","timeAddToCart","quantity") VALUES (187,55,'2023-11-18 03:32:00',2);
INSERT INTO "OrderDetail"("orderId","productId","timeAddToCart","quantity") VALUES (187,1,'2023-11-18 01:27:00',4);
INSERT INTO "OrderDetail"("orderId","productId","timeAddToCart","quantity") VALUES (187,56,'2023-11-17 12:38:00',1);
INSERT INTO "OrderDetail"("orderId","productId","timeAddToCart","quantity") VALUES (187,51,'2023-11-17 06:41:00',2);
INSERT INTO "OrderDetail"("orderId","productId","timeAddToCart","quantity") VALUES (187,2,'2023-11-18 08:01:00',2);
INSERT INTO "OrderDetail"("orderId","productId","timeAddToCart","quantity") VALUES (188,42,'2022-05-28 01:50:00',4);
INSERT INTO "OrderDetail"("orderId","productId","timeAddToCart","quantity") VALUES (188,56,'2022-05-28 05:21:00',3);
INSERT INTO "OrderDetail"("orderId","productId","timeAddToCart","quantity") VALUES (188,28,'2022-05-28 05:18:00',1);
INSERT INTO "OrderDetail"("orderId","productId","timeAddToCart","quantity") VALUES (189,59,'2023-10-08 06:13:00',3);
INSERT INTO "OrderDetail"("orderId","productId","timeAddToCart","quantity") VALUES (189,57,'2023-10-06 09:34:00',4);
INSERT INTO "OrderDetail"("orderId","productId","timeAddToCart","quantity") VALUES (190,8,'2023-03-13 04:15:00',3);
INSERT INTO "OrderDetail"("orderId","productId","timeAddToCart","quantity") VALUES (190,58,'2023-03-14 04:11:00',1);
INSERT INTO "OrderDetail"("orderId","productId","timeAddToCart","quantity") VALUES (190,47,'2023-03-12 10:51:00',4);
INSERT INTO "OrderDetail"("orderId","productId","timeAddToCart","quantity") VALUES (190,7,'2023-03-13 04:41:00',3);
INSERT INTO "OrderDetail"("orderId","productId","timeAddToCart","quantity") VALUES (190,1,'2023-03-14 03:41:00',2);
INSERT INTO "OrderDetail"("orderId","productId","timeAddToCart","quantity") VALUES (191,21,'2019-11-11 11:39:00',3);
INSERT INTO "OrderDetail"("orderId","productId","timeAddToCart","quantity") VALUES (191,8,'2019-11-11 04:47:00',1);
INSERT INTO "OrderDetail"("orderId","productId","timeAddToCart","quantity") VALUES (191,52,'2019-11-12 12:06:00',3);
INSERT INTO "OrderDetail"("orderId","productId","timeAddToCart","quantity") VALUES (191,34,'2019-11-10 05:03:00',3);
INSERT INTO "OrderDetail"("orderId","productId","timeAddToCart","quantity") VALUES (192,8,'2022-01-05 06:09:00',4);
INSERT INTO "OrderDetail"("orderId","productId","timeAddToCart","quantity") VALUES (192,34,'2022-01-04 02:14:00',2);
INSERT INTO "OrderDetail"("orderId","productId","timeAddToCart","quantity") VALUES (192,36,'2022-01-03 03:32:00',3);
INSERT INTO "OrderDetail"("orderId","productId","timeAddToCart","quantity") VALUES (193,37,'2020-08-28 01:15:00',3);
INSERT INTO "OrderDetail"("orderId","productId","timeAddToCart","quantity") VALUES (193,39,'2020-08-29 04:25:00',1);
INSERT INTO "OrderDetail"("orderId","productId","timeAddToCart","quantity") VALUES (194,37,'2023-11-19 12:00:00',3);
INSERT INTO "OrderDetail"("orderId","productId","timeAddToCart","quantity") VALUES (194,12,'2023-11-20 07:08:00',2);
INSERT INTO "OrderDetail"("orderId","productId","timeAddToCart","quantity") VALUES (194,44,'2023-11-21 02:55:00',3);
INSERT INTO "OrderDetail"("orderId","productId","timeAddToCart","quantity") VALUES (194,9,'2023-11-20 02:03:00',1);
INSERT INTO "OrderDetail"("orderId","productId","timeAddToCart","quantity") VALUES (195,1,'2020-06-02 02:03:00',4);
INSERT INTO "OrderDetail"("orderId","productId","timeAddToCart","quantity") VALUES (195,47,'2020-06-02 03:02:00',4);
INSERT INTO "OrderDetail"("orderId","productId","timeAddToCart","quantity") VALUES (195,61,'2020-06-02 03:31:00',3);
INSERT INTO "OrderDetail"("orderId","productId","timeAddToCart","quantity") VALUES (195,51,'2020-06-01 01:39:00',1);
INSERT INTO "OrderDetail"("orderId","productId","timeAddToCart","quantity") VALUES (196,12,'2022-11-06 12:32:00',2);
INSERT INTO "OrderDetail"("orderId","productId","timeAddToCart","quantity") VALUES (196,21,'2022-11-07 04:32:00',4);
INSERT INTO "OrderDetail"("orderId","productId","timeAddToCart","quantity") VALUES (196,30,'2022-11-06 05:33:00',4);
INSERT INTO "OrderDetail"("orderId","productId","timeAddToCart","quantity") VALUES (196,23,'2022-11-07 03:40:00',4);
INSERT INTO "OrderDetail"("orderId","productId","timeAddToCart","quantity") VALUES (196,13,'2022-11-07 05:24:00',2);
INSERT INTO "OrderDetail"("orderId","productId","timeAddToCart","quantity") VALUES (197,63,'2020-08-19 06:37:00',2);
INSERT INTO "OrderDetail"("orderId","productId","timeAddToCart","quantity") VALUES (197,1,'2020-08-19 05:55:00',3);
INSERT INTO "OrderDetail"("orderId","productId","timeAddToCart","quantity") VALUES (197,47,'2020-08-18 03:08:00',1);
INSERT INTO "OrderDetail"("orderId","productId","timeAddToCart","quantity") VALUES (197,28,'2020-08-17 06:11:00',4);
INSERT INTO "OrderDetail"("orderId","productId","timeAddToCart","quantity") VALUES (197,8,'2020-08-19 01:07:00',2);
INSERT INTO "OrderDetail"("orderId","productId","timeAddToCart","quantity") VALUES (198,41,'2021-11-29 09:58:00',3);
INSERT INTO "OrderDetail"("orderId","productId","timeAddToCart","quantity") VALUES (198,51,'2021-11-28 01:27:00',3);
INSERT INTO "OrderDetail"("orderId","productId","timeAddToCart","quantity") VALUES (198,48,'2021-11-30 08:59:00',3);
INSERT INTO "OrderDetail"("orderId","productId","timeAddToCart","quantity") VALUES (198,61,'2021-11-30 01:51:00',3);
INSERT INTO "OrderDetail"("orderId","productId","timeAddToCart","quantity") VALUES (199,9,'2023-09-06 03:30:00',4);
INSERT INTO "OrderDetail"("orderId","productId","timeAddToCart","quantity") VALUES (199,39,'2023-09-06 04:49:00',4);
INSERT INTO "OrderDetail"("orderId","productId","timeAddToCart","quantity") VALUES (199,63,'2023-09-06 01:53:00',3);
INSERT INTO "OrderDetail"("orderId","productId","timeAddToCart","quantity") VALUES (199,46,'2023-09-06 06:10:00',1);
INSERT INTO "OrderDetail"("orderId","productId","timeAddToCart","quantity") VALUES (200,5,'2021-12-31 02:35:00',2);
INSERT INTO "OrderDetail"("orderId","productId","timeAddToCart","quantity") VALUES (200,7,'2021-12-28 02:49:00',4);
INSERT INTO "OrderDetail"("orderId","productId","timeAddToCart","quantity") VALUES (200,56,'2021-12-31 01:13:00',4);
INSERT INTO "OrderDetail"("orderId","productId","timeAddToCart","quantity") VALUES (201,25,'2021-08-05 07:55:00',1);
INSERT INTO "OrderDetail"("orderId","productId","timeAddToCart","quantity") VALUES (201,7,'2021-08-05 11:57:00',1);
INSERT INTO "OrderDetail"("orderId","productId","timeAddToCart","quantity") VALUES (201,41,'2021-08-04 08:47:00',4);
INSERT INTO "OrderDetail"("orderId","productId","timeAddToCart","quantity") VALUES (201,30,'2021-08-05 04:02:00',1);
INSERT INTO "OrderDetail"("orderId","productId","timeAddToCart","quantity") VALUES (201,40,'2021-08-06 07:51:00',1);
INSERT INTO "OrderDetail"("orderId","productId","timeAddToCart","quantity") VALUES (202,14,'2021-03-22 05:59:00',1);
INSERT INTO "OrderDetail"("orderId","productId","timeAddToCart","quantity") VALUES (202,25,'2021-03-22 06:23:00',3);
INSERT INTO "OrderDetail"("orderId","productId","timeAddToCart","quantity") VALUES (203,62,'2020-06-23 09:16:00',4);
INSERT INTO "OrderDetail"("orderId","productId","timeAddToCart","quantity") VALUES (203,10,'2020-06-25 01:28:00',3);
INSERT INTO "OrderDetail"("orderId","productId","timeAddToCart","quantity") VALUES (203,25,'2020-06-24 07:07:00',4);
INSERT INTO "OrderDetail"("orderId","productId","timeAddToCart","quantity") VALUES (204,32,'2020-12-21 02:07:00',3);
INSERT INTO "OrderDetail"("orderId","productId","timeAddToCart","quantity") VALUES (204,39,'2020-12-18 08:26:00',4);
INSERT INTO "OrderDetail"("orderId","productId","timeAddToCart","quantity") VALUES (205,35,'2020-10-02 07:36:00',3);
INSERT INTO "OrderDetail"("orderId","productId","timeAddToCart","quantity") VALUES (205,25,'2020-09-30 10:42:00',4);
INSERT INTO "OrderDetail"("orderId","productId","timeAddToCart","quantity") VALUES (206,46,'2023-09-26 01:10:00',1);
INSERT INTO "OrderDetail"("orderId","productId","timeAddToCart","quantity") VALUES (206,39,'2023-09-26 02:31:00',3);
INSERT INTO "OrderDetail"("orderId","productId","timeAddToCart","quantity") VALUES (206,13,'2023-09-26 03:30:00',3);
INSERT INTO "OrderDetail"("orderId","productId","timeAddToCart","quantity") VALUES (206,57,'2023-09-25 08:17:00',4);
INSERT INTO "OrderDetail"("orderId","productId","timeAddToCart","quantity") VALUES (206,64,'2023-09-26 01:15:00',2);
INSERT INTO "OrderDetail"("orderId","productId","timeAddToCart","quantity") VALUES (207,7,'2020-09-13 02:23:00',4);
INSERT INTO "OrderDetail"("orderId","productId","timeAddToCart","quantity") VALUES (207,1,'2020-09-13 02:49:00',1);
INSERT INTO "OrderDetail"("orderId","productId","timeAddToCart","quantity") VALUES (207,37,'2020-09-13 08:35:00',1);
INSERT INTO "OrderDetail"("orderId","productId","timeAddToCart","quantity") VALUES (208,24,'2019-08-24 02:25:00',2);
INSERT INTO "OrderDetail"("orderId","productId","timeAddToCart","quantity") VALUES (208,40,'2019-08-25 03:50:00',4);
INSERT INTO "OrderDetail"("orderId","productId","timeAddToCart","quantity") VALUES (208,51,'2019-08-24 04:44:00',1);
INSERT INTO "OrderDetail"("orderId","productId","timeAddToCart","quantity") VALUES (208,16,'2019-08-24 07:05:00',2);
INSERT INTO "OrderDetail"("orderId","productId","timeAddToCart","quantity") VALUES (208,12,'2019-08-23 06:43:00',2);
INSERT INTO "OrderDetail"("orderId","productId","timeAddToCart","quantity") VALUES (209,44,'2023-04-08 07:42:00',4);
INSERT INTO "OrderDetail"("orderId","productId","timeAddToCart","quantity") VALUES (209,34,'2023-04-09 02:05:00',4);
INSERT INTO "OrderDetail"("orderId","productId","timeAddToCart","quantity") VALUES (210,60,'2021-10-08 09:01:00',2);
INSERT INTO "OrderDetail"("orderId","productId","timeAddToCart","quantity") VALUES (210,16,'2021-10-10 01:01:00',3);
INSERT INTO "OrderDetail"("orderId","productId","timeAddToCart","quantity") VALUES (210,52,'2021-10-08 10:15:00',2);
INSERT INTO "OrderDetail"("orderId","productId","timeAddToCart","quantity") VALUES (210,57,'2021-10-09 07:01:00',2);
INSERT INTO "OrderDetail"("orderId","productId","timeAddToCart","quantity") VALUES (211,50,'2023-11-16 06:35:00',2);
INSERT INTO "OrderDetail"("orderId","productId","timeAddToCart","quantity") VALUES (211,33,'2023-11-14 08:17:00',2);
INSERT INTO "OrderDetail"("orderId","productId","timeAddToCart","quantity") VALUES (212,64,'2020-12-05 06:29:00',1);
INSERT INTO "OrderDetail"("orderId","productId","timeAddToCart","quantity") VALUES (212,16,'2020-12-03 04:34:00',4);
INSERT INTO "OrderDetail"("orderId","productId","timeAddToCart","quantity") VALUES (212,31,'2020-12-05 10:48:00',3);
INSERT INTO "OrderDetail"("orderId","productId","timeAddToCart","quantity") VALUES (212,9,'2020-12-05 06:49:00',3);
INSERT INTO "OrderDetail"("orderId","productId","timeAddToCart","quantity") VALUES (212,35,'2020-12-04 03:56:00',3);
INSERT INTO "OrderDetail"("orderId","productId","timeAddToCart","quantity") VALUES (213,63,'2019-02-07 07:10:00',2);
INSERT INTO "OrderDetail"("orderId","productId","timeAddToCart","quantity") VALUES (213,50,'2019-02-08 08:05:00',2);
INSERT INTO "OrderDetail"("orderId","productId","timeAddToCart","quantity") VALUES (214,26,'2019-06-29 04:23:00',1);
INSERT INTO "OrderDetail"("orderId","productId","timeAddToCart","quantity") VALUES (214,52,'2019-06-30 01:42:00',4);
INSERT INTO "OrderDetail"("orderId","productId","timeAddToCart","quantity") VALUES (215,28,'2023-03-14 12:29:00',3);
INSERT INTO "OrderDetail"("orderId","productId","timeAddToCart","quantity") VALUES (215,1,'2023-03-14 12:33:00',4);
INSERT INTO "OrderDetail"("orderId","productId","timeAddToCart","quantity") VALUES (215,59,'2023-03-13 12:49:00',3);
INSERT INTO "OrderDetail"("orderId","productId","timeAddToCart","quantity") VALUES (215,57,'2023-03-14 12:36:00',1);
INSERT INTO "OrderDetail"("orderId","productId","timeAddToCart","quantity") VALUES (216,47,'2020-09-30 02:22:00',4);
INSERT INTO "OrderDetail"("orderId","productId","timeAddToCart","quantity") VALUES (216,34,'2020-09-29 10:07:00',2);
INSERT INTO "OrderDetail"("orderId","productId","timeAddToCart","quantity") VALUES (217,43,'2021-04-02 02:09:00',3);
INSERT INTO "OrderDetail"("orderId","productId","timeAddToCart","quantity") VALUES (217,57,'2021-04-02 09:19:00',3);
INSERT INTO "OrderDetail"("orderId","productId","timeAddToCart","quantity") VALUES (217,49,'2021-04-02 01:11:00',2);
INSERT INTO "OrderDetail"("orderId","productId","timeAddToCart","quantity") VALUES (218,9,'2021-10-10 02:40:00',2);
INSERT INTO "OrderDetail"("orderId","productId","timeAddToCart","quantity") VALUES (218,8,'2021-10-10 02:45:00',1);
INSERT INTO "OrderDetail"("orderId","productId","timeAddToCart","quantity") VALUES (219,42,'2020-12-12 08:16:00',3);
INSERT INTO "OrderDetail"("orderId","productId","timeAddToCart","quantity") VALUES (219,59,'2020-12-14 03:05:00',4);
INSERT INTO "OrderDetail"("orderId","productId","timeAddToCart","quantity") VALUES (219,57,'2020-12-14 01:18:00',2);
INSERT INTO "OrderDetail"("orderId","productId","timeAddToCart","quantity") VALUES (220,57,'2019-04-22 09:31:00',3);
INSERT INTO "OrderDetail"("orderId","productId","timeAddToCart","quantity") VALUES (220,20,'2019-04-21 12:51:00',1);
INSERT INTO "OrderDetail"("orderId","productId","timeAddToCart","quantity") VALUES (220,18,'2019-04-21 08:26:00',4);
INSERT INTO "OrderDetail"("orderId","productId","timeAddToCart","quantity") VALUES (220,19,'2019-04-22 07:39:00',4);
INSERT INTO "OrderDetail"("orderId","productId","timeAddToCart","quantity") VALUES (220,46,'2019-04-22 08:28:00',2);
INSERT INTO "OrderDetail"("orderId","productId","timeAddToCart","quantity") VALUES (221,19,'2023-06-09 11:27:00',3);
INSERT INTO "OrderDetail"("orderId","productId","timeAddToCart","quantity") VALUES (221,10,'2023-06-10 07:25:00',2);
INSERT INTO "OrderDetail"("orderId","productId","timeAddToCart","quantity") VALUES (221,7,'2023-06-10 08:52:00',2);
INSERT INTO "OrderDetail"("orderId","productId","timeAddToCart","quantity") VALUES (221,15,'2023-06-10 08:52:00',3);
INSERT INTO "OrderDetail"("orderId","productId","timeAddToCart","quantity") VALUES (222,33,'2023-05-03 05:06:00',1);
INSERT INTO "OrderDetail"("orderId","productId","timeAddToCart","quantity") VALUES (222,60,'2023-05-04 02:55:00',2);
INSERT INTO "OrderDetail"("orderId","productId","timeAddToCart","quantity") VALUES (222,44,'2023-05-03 08:37:00',4);
INSERT INTO "OrderDetail"("orderId","productId","timeAddToCart","quantity") VALUES (222,15,'2023-05-04 01:48:00',1);
INSERT INTO "OrderDetail"("orderId","productId","timeAddToCart","quantity") VALUES (222,24,'2023-05-03 10:17:00',3);
INSERT INTO "OrderDetail"("orderId","productId","timeAddToCart","quantity") VALUES (223,26,'2022-12-15 02:17:00',3);
INSERT INTO "OrderDetail"("orderId","productId","timeAddToCart","quantity") VALUES (223,47,'2022-12-14 10:36:00',1);
INSERT INTO "OrderDetail"("orderId","productId","timeAddToCart","quantity") VALUES (223,43,'2022-12-16 01:07:00',1);
INSERT INTO "OrderDetail"("orderId","productId","timeAddToCart","quantity") VALUES (224,46,'2021-10-25 03:19:00',1);
INSERT INTO "OrderDetail"("orderId","productId","timeAddToCart","quantity") VALUES (224,64,'2021-10-23 08:28:00',3);
INSERT INTO "OrderDetail"("orderId","productId","timeAddToCart","quantity") VALUES (224,40,'2021-10-24 01:47:00',3);
INSERT INTO "OrderDetail"("orderId","productId","timeAddToCart","quantity") VALUES (224,12,'2021-10-25 04:47:00',3);
INSERT INTO "OrderDetail"("orderId","productId","timeAddToCart","quantity") VALUES (224,52,'2021-10-25 04:07:00',2);
INSERT INTO "OrderDetail"("orderId","productId","timeAddToCart","quantity") VALUES (225,64,'2019-04-16 04:26:00',2);
INSERT INTO "OrderDetail"("orderId","productId","timeAddToCart","quantity") VALUES (225,62,'2019-04-18 01:06:00',1);
INSERT INTO "OrderDetail"("orderId","productId","timeAddToCart","quantity") VALUES (225,59,'2019-04-16 09:20:00',2);
INSERT INTO "OrderDetail"("orderId","productId","timeAddToCart","quantity") VALUES (225,20,'2019-04-18 01:12:00',4);
INSERT INTO "OrderDetail"("orderId","productId","timeAddToCart","quantity") VALUES (226,26,'2023-04-10 07:33:00',3);
INSERT INTO "OrderDetail"("orderId","productId","timeAddToCart","quantity") VALUES (226,37,'2023-04-09 07:48:00',4);
INSERT INTO "OrderDetail"("orderId","productId","timeAddToCart","quantity") VALUES (226,30,'2023-04-11 02:51:00',2);
INSERT INTO "OrderDetail"("orderId","productId","timeAddToCart","quantity") VALUES (227,43,'2020-03-08 07:27:00',1);
INSERT INTO "OrderDetail"("orderId","productId","timeAddToCart","quantity") VALUES (227,44,'2020-03-08 08:48:00',4);
INSERT INTO "OrderDetail"("orderId","productId","timeAddToCart","quantity") VALUES (227,37,'2020-03-08 10:32:00',3);
INSERT INTO "OrderDetail"("orderId","productId","timeAddToCart","quantity") VALUES (227,33,'2020-03-08 11:20:00',4);
INSERT INTO "OrderDetail"("orderId","productId","timeAddToCart","quantity") VALUES (228,62,'2023-04-19 12:29:00',4);
INSERT INTO "OrderDetail"("orderId","productId","timeAddToCart","quantity") VALUES (228,57,'2023-04-19 03:51:00',2);
INSERT INTO "OrderDetail"("orderId","productId","timeAddToCart","quantity") VALUES (228,56,'2023-04-18 02:49:00',2);
INSERT INTO "OrderDetail"("orderId","productId","timeAddToCart","quantity") VALUES (228,34,'2023-04-17 11:11:00',4);
INSERT INTO "OrderDetail"("orderId","productId","timeAddToCart","quantity") VALUES (228,64,'2023-04-19 04:57:00',1);
INSERT INTO "OrderDetail"("orderId","productId","timeAddToCart","quantity") VALUES (229,53,'2022-03-25 01:36:00',4);
INSERT INTO "OrderDetail"("orderId","productId","timeAddToCart","quantity") VALUES (229,25,'2022-03-25 03:49:00',4);
INSERT INTO "OrderDetail"("orderId","productId","timeAddToCart","quantity") VALUES (229,21,'2022-03-24 05:46:00',1);
INSERT INTO "OrderDetail"("orderId","productId","timeAddToCart","quantity") VALUES (229,13,'2022-03-25 06:19:00',2);
INSERT INTO "OrderDetail"("orderId","productId","timeAddToCart","quantity") VALUES (230,26,'2022-06-06 04:55:00',1);
INSERT INTO "OrderDetail"("orderId","productId","timeAddToCart","quantity") VALUES (230,57,'2022-06-08 02:44:00',2);
INSERT INTO "OrderDetail"("orderId","productId","timeAddToCart","quantity") VALUES (231,13,'2021-11-24 03:23:00',4);
INSERT INTO "OrderDetail"("orderId","productId","timeAddToCart","quantity") VALUES (231,15,'2021-11-25 02:58:00',2);
INSERT INTO "OrderDetail"("orderId","productId","timeAddToCart","quantity") VALUES (232,3,'2023-02-23 03:03:00',4);
INSERT INTO "OrderDetail"("orderId","productId","timeAddToCart","quantity") VALUES (232,43,'2023-02-22 11:24:00',4);
INSERT INTO "OrderDetail"("orderId","productId","timeAddToCart","quantity") VALUES (232,16,'2023-02-22 08:38:00',4);
INSERT INTO "OrderDetail"("orderId","productId","timeAddToCart","quantity") VALUES (232,26,'2023-02-25 02:59:00',3);
INSERT INTO "OrderDetail"("orderId","productId","timeAddToCart","quantity") VALUES (233,41,'2023-03-18 07:53:00',2);
INSERT INTO "OrderDetail"("orderId","productId","timeAddToCart","quantity") VALUES (233,12,'2023-03-19 12:40:00',3);
INSERT INTO "OrderDetail"("orderId","productId","timeAddToCart","quantity") VALUES (233,44,'2023-03-18 09:53:00',3);
INSERT INTO "OrderDetail"("orderId","productId","timeAddToCart","quantity") VALUES (233,4,'2023-03-18 04:04:00',3);
INSERT INTO "OrderDetail"("orderId","productId","timeAddToCart","quantity") VALUES (234,48,'2019-10-21 06:40:00',1);
INSERT INTO "OrderDetail"("orderId","productId","timeAddToCart","quantity") VALUES (234,44,'2019-10-21 03:46:00',2);
INSERT INTO "OrderDetail"("orderId","productId","timeAddToCart","quantity") VALUES (234,64,'2019-10-22 07:16:00',1);
INSERT INTO "OrderDetail"("orderId","productId","timeAddToCart","quantity") VALUES (235,28,'2022-05-24 08:23:00',3);
INSERT INTO "OrderDetail"("orderId","productId","timeAddToCart","quantity") VALUES (235,59,'2022-05-27 12:03:00',3);
INSERT INTO "OrderDetail"("orderId","productId","timeAddToCart","quantity") VALUES (235,58,'2022-05-27 01:44:00',1);
INSERT INTO "OrderDetail"("orderId","productId","timeAddToCart","quantity") VALUES (235,60,'2022-05-27 01:14:00',2);
INSERT INTO "OrderDetail"("orderId","productId","timeAddToCart","quantity") VALUES (235,18,'2022-05-25 04:42:00',2);
INSERT INTO "OrderDetail"("orderId","productId","timeAddToCart","quantity") VALUES (236,63,'2022-06-08 05:46:00',3);
INSERT INTO "OrderDetail"("orderId","productId","timeAddToCart","quantity") VALUES (236,55,'2022-06-08 03:46:00',1);
INSERT INTO "OrderDetail"("orderId","productId","timeAddToCart","quantity") VALUES (236,18,'2022-06-08 04:33:00',1);
INSERT INTO "OrderDetail"("orderId","productId","timeAddToCart","quantity") VALUES (236,31,'2022-06-07 03:55:00',1);
INSERT INTO "OrderDetail"("orderId","productId","timeAddToCart","quantity") VALUES (237,18,'2022-01-21 05:41:00',3);
INSERT INTO "OrderDetail"("orderId","productId","timeAddToCart","quantity") VALUES (237,46,'2022-01-24 01:58:00',2);
INSERT INTO "OrderDetail"("orderId","productId","timeAddToCart","quantity") VALUES (237,57,'2022-01-22 09:18:00',1);
INSERT INTO "OrderDetail"("orderId","productId","timeAddToCart","quantity") VALUES (238,55,'2022-10-19 04:05:00',4);
INSERT INTO "OrderDetail"("orderId","productId","timeAddToCart","quantity") VALUES (238,58,'2022-10-21 12:36:00',1);
INSERT INTO "OrderDetail"("orderId","productId","timeAddToCart","quantity") VALUES (238,40,'2022-10-21 12:53:00',1);
INSERT INTO "OrderDetail"("orderId","productId","timeAddToCart","quantity") VALUES (239,30,'2021-08-27 01:07:00',3);
INSERT INTO "OrderDetail"("orderId","productId","timeAddToCart","quantity") VALUES (239,28,'2021-08-26 11:57:00',3);
INSERT INTO "OrderDetail"("orderId","productId","timeAddToCart","quantity") VALUES (239,61,'2021-08-26 03:12:00',4);
INSERT INTO "OrderDetail"("orderId","productId","timeAddToCart","quantity") VALUES (239,16,'2021-08-27 02:36:00',2);
INSERT INTO "OrderDetail"("orderId","productId","timeAddToCart","quantity") VALUES (240,10,'2020-05-01 10:19:00',3);
INSERT INTO "OrderDetail"("orderId","productId","timeAddToCart","quantity") VALUES (240,51,'2020-05-01 05:56:00',4);
INSERT INTO "OrderDetail"("orderId","productId","timeAddToCart","quantity") VALUES (241,37,'2023-04-23 10:12:00',3);
INSERT INTO "OrderDetail"("orderId","productId","timeAddToCart","quantity") VALUES (241,47,'2023-04-23 10:57:00',1);
INSERT INTO "OrderDetail"("orderId","productId","timeAddToCart","quantity") VALUES (241,64,'2023-04-22 11:19:00',2);
INSERT INTO "OrderDetail"("orderId","productId","timeAddToCart","quantity") VALUES (241,32,'2023-04-22 11:29:00',3);
INSERT INTO "OrderDetail"("orderId","productId","timeAddToCart","quantity") VALUES (242,26,'2023-06-24 08:09:00',3);
INSERT INTO "OrderDetail"("orderId","productId","timeAddToCart","quantity") VALUES (242,43,'2023-06-24 10:59:00',2);
INSERT INTO "OrderDetail"("orderId","productId","timeAddToCart","quantity") VALUES (242,9,'2023-06-25 02:24:00',4);
INSERT INTO "OrderDetail"("orderId","productId","timeAddToCart","quantity") VALUES (242,30,'2023-06-24 01:21:00',1);
INSERT INTO "OrderDetail"("orderId","productId","timeAddToCart","quantity") VALUES (242,47,'2023-06-25 02:28:00',3);
INSERT INTO "OrderDetail"("orderId","productId","timeAddToCart","quantity") VALUES (243,26,'2021-02-28 10:18:00',4);
INSERT INTO "OrderDetail"("orderId","productId","timeAddToCart","quantity") VALUES (243,56,'2021-02-28 02:37:00',1);
INSERT INTO "OrderDetail"("orderId","productId","timeAddToCart","quantity") VALUES (243,4,'2021-02-28 09:43:00',2);
INSERT INTO "OrderDetail"("orderId","productId","timeAddToCart","quantity") VALUES (243,9,'2021-02-28 11:17:00',3);
INSERT INTO "OrderDetail"("orderId","productId","timeAddToCart","quantity") VALUES (244,18,'2023-01-04 12:54:00',2);
INSERT INTO "OrderDetail"("orderId","productId","timeAddToCart","quantity") VALUES (244,64,'2023-01-03 01:36:00',3);
INSERT INTO "OrderDetail"("orderId","productId","timeAddToCart","quantity") VALUES (244,61,'2023-01-03 09:00:00',4);
INSERT INTO "OrderDetail"("orderId","productId","timeAddToCart","quantity") VALUES (244,35,'2023-01-02 05:57:00',3);
INSERT INTO "OrderDetail"("orderId","productId","timeAddToCart","quantity") VALUES (245,39,'2021-12-08 02:07:00',1);
INSERT INTO "OrderDetail"("orderId","productId","timeAddToCart","quantity") VALUES (245,18,'2021-12-09 09:17:00',3);
INSERT INTO "OrderDetail"("orderId","productId","timeAddToCart","quantity") VALUES (246,12,'2021-01-31 06:46:00',3);
INSERT INTO "OrderDetail"("orderId","productId","timeAddToCart","quantity") VALUES (246,35,'2021-01-31 03:46:00',3);
INSERT INTO "OrderDetail"("orderId","productId","timeAddToCart","quantity") VALUES (246,4,'2021-01-31 01:15:00',4);
INSERT INTO "OrderDetail"("orderId","productId","timeAddToCart","quantity") VALUES (246,61,'2021-01-30 01:07:00',1);
INSERT INTO "OrderDetail"("orderId","productId","timeAddToCart","quantity") VALUES (247,31,'2019-02-20 07:16:00',2);
INSERT INTO "OrderDetail"("orderId","productId","timeAddToCart","quantity") VALUES (247,28,'2019-02-19 07:16:00',4);
INSERT INTO "OrderDetail"("orderId","productId","timeAddToCart","quantity") VALUES (247,21,'2019-02-20 07:52:00',3);
INSERT INTO "OrderDetail"("orderId","productId","timeAddToCart","quantity") VALUES (247,15,'2019-02-20 09:59:00',4);
INSERT INTO "OrderDetail"("orderId","productId","timeAddToCart","quantity") VALUES (247,44,'2019-02-19 02:55:00',3);
